site,date,water_temperature,ph_standard_units,Average_dissolved_oxygen_dis,conductivity,Nitrate,Phosphate,watershed,waterbody
241118180336,2025-01-04,8.9,7.81,11.07,253.2,2.8,1.4,Lyon Creek,McKinnon Creek
241118180336,2025-02-01,7.7,8.1,11.39,263.6,1.1,0.0,Lyon Creek,McKinnon Creek
241118180336,2025-03-01,8.53,7.9,11.12,265.7,1.0,0.23,Lyon Creek,McKinnon Creek
241118180336,2025-04-05,10.1,7.84,10.94,266.9,1.3,0.42,Lyon Creek,McKinnon Creek
241118180336,2025-05-03,10.3,7.9,10.86,273.8,1.5,0.19,Lyon Creek,McKinnon Creek
241118180336,2025-06-07,11.5,7.93,10.58,278.5,1.4,0.41,Lyon Creek,McKinnon Creek
241118180336,2025-10-04,11.3,8.12,10.42,286.6,1.7,0.16,Lyon Creek,McKinnon Creek
241118180336,2026-01-03,9.0,7.76,11.18,223.5,0.3,0.26,Lyon Creek,McKinnon Creek
241118180336,2026-01-31,9.5,7.81,11.09,254.5,1.8,0.31,Lyon Creek,McKinnon Creek
241118180336,2026-03-07,9.8,7.93,11.2,244.5,1.3,0.316,Lyon Creek,McKinnon Creek
241118181240,2025-01-04,8.7,7.92,11.3,252.5,2.9,1.8,Lyon Creek,Barnes
241118181240,2025-02-01,7.1,8.2,11.74,169.7,1.0,0.0,Lyon Creek,Barnes
241118181240,2025-03-01,9.13,8.06,11.14,265.3,0.96,0.36,Lyon Creek,Barnes
241118181240,2025-04-05,10.2,8.0,11.19,263.3,1.5,0.17,Lyon Creek,Barnes
241118181240,2025-05-03,10.3,8.1,11.13,177.5,1.2,0.145,Lyon Creek,Barnes
241118181240,2025-06-07,12.1,8.15,10.69,270.7,1.2,0.37,Lyon Creek,Barnes
241118181240,2025-10-03,11.7,8.2,10.46,284.8,1.6,0.14,Lyon Creek,Barnes
241118181240,2026-01-03,9.0,8.26,11.47,222.2,0.5,0.23,Lyon Creek,Barnes
241118181240,2026-01-31,9.5,7.99,11.39,254.1,2.1,0.4,Lyon Creek,Barnes
241118181240,2026-03-07,9.96,8.14,11.18,242.63,1.33,0.353,Lyon Creek,Barnes
241118181609,2025-01-04,7.9,7.43,11.32,187.2,3.0,1.1,Lyon Creek,Lower Ballinger
241118181609,2025-02-01,5.4,7.7,12.08,212.7,0.7,0.0,Lyon Creek,Lower Ballinger
241118181609,2025-03-01,7.7,7.61,11.35,229.8,0.96,0.23,Lyon Creek,Lower Ballinger
241118181609,2025-04-05,9.2,7.62,11.46,230.8,2.4,0.22,Lyon Creek,Lower Ballinger
241118181609,2025-05-03,10.9,7.6,10.61,223.0,1.6,0.127,Lyon Creek,Lower Ballinger
241118181609,2025-06-07,13.8,7.2,9.73,226.9,1.0,0.44,Lyon Creek,Lower Ballinger
241118181609,2025-07-12,16.3,7.7,9.34,227.1,1.3,0.243,Lyon Creek,Lower Ballinger
241118181609,2025-08-02,16.1,7.8,9.45,228.0,0.9,0.505,Lyon Creek,Lower Ballinger
241118181609,2025-09-13,15.7,6.73,9.34,237.8,0.9,0.11,Lyon Creek,Lower Ballinger
241118181609,2025-10-03,11.55,7.85,10.16,237.2,1.1,0.13,Lyon Creek,Lower Ballinger
241118181609,2026-01-03,7.7,6.76,11.54,90.9,0.9,0.39,Lyon Creek,Lower Ballinger
241118181609,2026-01-31,8.3,7.37,11.63,205.9,0.7,0.32,Lyon Creek,Lower Ballinger
241118181609,2026-03-07,9.63,7.63,11.17,183.4,1.16,0.33,Lyon Creek,Lower Ballinger
241118181741,2024-12-07,8.7,7.1,10.06,56.67,2.83,2.03,Lyon Creek,West Fork
241118181741,2025-01-04,8.0,6.89,9.66,195.3,3.3,1.6,Lyon Creek,West Fork
241118181741,2025-02-01,5.6,7.2,10.29,227.3,1.0,0.0,Lyon Creek,West Fork
241118181741,2025-03-01,8.2,7.06,9.68,243.3,0.9,0.13,Lyon Creek,West Fork
241118181741,2025-04-05,9.0,6.83,9.91,248.4,1.0,0.3,Lyon Creek,West Fork
241118181741,2025-05-03,11.2,7.0,8.51,234.8,1.3,0.21,Lyon Creek,West Fork
241118181741,2025-06-07,13.9,7.12,8.34,245.1,1.1,1.0,Lyon Creek,West Fork
241118181741,2025-10-03,11.9,7.63,8.88,252.6,1.1,0.15,Lyon Creek,West Fork
241118181741,2026-01-03,7.6,6.13,10.43,80.9,0.6,0.22,Lyon Creek,West Fork
241118181741,2026-01-31,8.3,6.5,9.58,210.0,0.8,0.25,Lyon Creek,West Fork
241118181741,2026-03-07,9.86,7.77,10.48,190.9,1.16,0.35,Lyon Creek,West Fork
241118181852,2025-01-04,8.7,7.17,10.51,155.0,2.7,1.0,Lyon Creek,Brugger's Bog
241118181852,2025-02-01,6.3,7.4,11.0,204.6,0.7,0.0,Lyon Creek,Brugger's Bog
241118181852,2025-03-01,8.43,7.36,10.56,204.63,0.83,0.16,Lyon Creek,Brugger's Bog
241118181852,2025-04-05,9.7,7.27,10.55,206.0,1.0,0.19,Lyon Creek,Brugger's Bog
241118181852,2025-05-03,11.2,7.3,9.15,138.5,1.2,0.197,Lyon Creek,Brugger's Bog
241118181852,2025-06-07,13.9,7.38,8.44,237.3,1.23,0.76,Lyon Creek,Brugger's Bog
241118181852,2025-10-03,13.1,7.67,9.07,255.6,1.2,0.33,Lyon Creek,Brugger's Bog
241118182046,2024-12-12,8.6,,11.14,,,,McAleer Creek,Perkins Way
241118182046,2025-01-05,9.4,7.8,11.08,207.8,1.9,0.8,McAleer Creek,Perkins Way
241118182046,2025-02-02,6.5,8.0,11.85,217.4,2.0,1.0,McAleer Creek,Perkins Way
241118182046,2025-03-02,8.8,7.8,11.23,218.9,1.1,0.4,McAleer Creek,Perkins Way
241118182046,2025-04-06,10.5,7.8,10.9,223.95,1.5,0.15,McAleer Creek,Perkins Way
241118182046,2025-05-04,11.1,7.98,10.94,272.2,1.5,0.08,McAleer Creek,Perkins Way
241118182150,2025-01-05,9.8,7.9,7.88,254.8,1.3,0.567,McAleer Creek,Spring Creek
241118182150,2025-02-02,7.5,8.1,11.61,262.9,1.6,1.1,McAleer Creek,Spring Creek
241118182150,2025-03-02,9.5,8.0,11.1,269.6,1.2,0.35,McAleer Creek,Spring Creek
241118182150,2025-04-06,10.9,8.0,10.83,271.5,1.6,0.113,McAleer Creek,Spring Creek
241118182150,2025-05-04,11.2,7.88,10.79,227.8,1.6,0.25,McAleer Creek,Spring Creek
241118182150,2025-06-12,12.3,8.03,10.48,275.4,1.3,0.27,McAleer Creek,Spring Creek
241118182150,2025-07-12,14.3,8.0,10.02,276.1,1.5,0.37,McAleer Creek,Spring Creek
241118182150,2025-08-02,13.7,8.0,9.97,271.0,1.5,0.087,McAleer Creek,Spring Creek
241118182150,2025-09-13,13.9,6.7,9.72,279.5,1.3,0.24,McAleer Creek,Spring Creek
241118182150,2025-10-03,12.8,8.21,10.18,281.3,1.7,0.21,McAleer Creek,Spring Creek
241118182150,2026-01-04,9.4,8.19,11.32,236.8,0.3,0.13,McAleer Creek,Spring Creek
241118182245,2025-01-05,10.4,7.8,10.86,,1.4,0.567,McAleer Creek,Sarah's Creek
241118182245,2025-02-02,9.0,8.0,11.12,259.1,1.9,1.267,McAleer Creek,Sarah's Creek
241118182245,2025-03-02,10.2,7.8,10.88,264.7,1.2,0.25,McAleer Creek,Sarah's Creek
241118182245,2025-04-06,11.0,7.8,10.7,268.5,1.6,0.09,McAleer Creek,Sarah's Creek
241118182245,2025-05-04,11.1,7.79,10.82,267.1,1.6,0.14,McAleer Creek,Sarah's Creek
241118182245,2025-06-12,11.9,7.84,10.57,266.7,1.7,0.67,McAleer Creek,Sarah's Creek
241118182245,2025-10-04,12.4,8.05,10.25,271.4,2.1,0.28,McAleer Creek,Sarah's Creek
241118182245,2026-01-04,10.3,8.11,11.04,243.0,0.2,0.14,McAleer Creek,Sarah's Creek
241118182245,2026-02-19,10.16,7.64,11.09,,2.03,0.14,McAleer Creek,Sarah's Creek
241118182407,2025-01-05,9.7,7.7,11.02,,1.6,0.533,McAleer Creek,Whisper Creek
241118182407,2025-02-02,7.7,8.0,11.48,264.0,1.6,1.167,McAleer Creek,Whisper Creek
241118182407,2025-03-02,9.5,7.9,10.97,270.4,1.5,0.25,McAleer Creek,Whisper Creek
241118182407,2025-04-06,10.8,7.9,10.76,273.9,1.5,0.163,McAleer Creek,Whisper Creek
241118182407,2025-05-04,11.0,7.9,10.84,269.2,0.83,0.15,McAleer Creek,Whisper Creek
241118182407,2025-06-13,12.3,7.96,10.42,277.2,1.4,0.34,McAleer Creek,Whisper Creek
241118182407,2025-10-03,12.8,8.13,10.12,283.5,1.7,0.29,McAleer Creek,Whisper Creek
241118182407,2026-01-04,9.5,8.02,11.15,238.1,0.1,0.17,McAleer Creek,Whisper Creek
241118182407,2026-02-19,9.3,7.69,11.19,,1.57,0.16,McAleer Creek,Whisper Creek
241118182520,2025-01-05,9.4,7.2,9.96,251.25,1.2,0.5,McAleer Creek,Cedarbrook
241118182520,2025-02-02,7.1,7.58,10.95,258.9,1.5,1.0,McAleer Creek,Cedarbrook
241118182520,2025-03-02,9.3,7.2,10.67,264.6,1.2,0.4,McAleer Creek,Cedarbrook
241118182520,2025-04-06,10.6,7.0,9.95,269.2,1.3,0.093,McAleer Creek,Cedarbrook
241118182520,2025-05-04,10.9,7.12,10.46,268.1,0.87,0.13,McAleer Creek,Cedarbrook
241118182520,2025-06-12,12.8,7.24,9.6,272.5,1.1,0.26,McAleer Creek,Cedarbrook
241118182520,2025-10-03,13.5,7.76,9.21,280.5,1.5,0.29,McAleer Creek,Cedarbrook
241118182520,2026-01-04,9.0,7.49,9.94,226.9,0.2,0.1,McAleer Creek,Cedarbrook
241118182520,2026-02-19,8.8,7.03,10.31,,0.76,0.11,McAleer Creek,Cedarbrook
241118182616,2025-01-03,7.3,7.17,11.36,123.23,5.53,1.86,McAleer Creek,Big Tree
241118182616,2025-01-31,6.59,7.53,11.67,206.66,0.9,0.3,McAleer Creek,Big Tree
241118182616,2025-02-28,8.9,7.51,11.26,214.33,1.03,0.33,McAleer Creek,Big Tree
241118182616,2025-04-04,9.8,7.6,10.87,191.3,1.6,0.37,McAleer Creek,Big Tree
241118182616,2025-05-02,11.7,7.63,10.34,229.83,1.96,0.25,McAleer Creek,Big Tree
241118182616,2025-06-06,13.4,7.65,9.85,232.6,1.7,0.27,McAleer Creek,Big Tree
241118182616,2025-07-12,14.7,7.5,9.47,235.5,1.9,0.583,McAleer Creek,Big Tree
241118182616,2025-08-02,14.9,7.8,9.72,235.0,1.4,0.207,McAleer Creek,Big Tree
241118182616,2025-09-13,14.8,6.7,9.43,239.0,,0.25,McAleer Creek,Big Tree
241118182616,2025-10-03,11.9,7.77,9.81,239.0,1.9,0.14,McAleer Creek,Big Tree
241118182616,2026-01-30,7.9,7.37,11.21,115.3,6.8,0.63,McAleer Creek,Big Tree
241118182616,2026-03-06,8.8,7.6,11.48,,1.53,0.263,McAleer Creek,Big Tree
241118183206,2025-01-22,6.7,7.08,11.53,102.4,4.3,1.7,McAleer Creek,Sheridan Creek
241118183206,2025-01-31,5.63,7.55,11.61,196.73,0.9,0.23,McAleer Creek,Sheridan Creek
241118183206,2025-02-28,8.77,7.48,11.23,199.23,1.13,0.27,McAleer Creek,Sheridan Creek
241118183206,2025-04-04,9.8,7.6,10.88,174.1,1.5,0.607,McAleer Creek,Sheridan Creek
241118183206,2025-05-02,12.3,7.5,10.21,217.96,1.6,0.17,McAleer Creek,Sheridan Creek
241118183206,2025-06-06,14.4,7.53,9.28,223.5,1.6,0.27,McAleer Creek,Sheridan Creek
241118183206,2025-07-12,16.6,7.5,8.84,230.1,1.3,0.31,McAleer Creek,Sheridan Creek
241118183206,2025-08-02,15.8,7.6,9.17,229.5,1.0,0.203,McAleer Creek,Sheridan Creek
241118183206,2025-09-13,15.5,,9.25,235.0,,0.35,McAleer Creek,Sheridan Creek
241118183206,2025-10-03,12.3,7.61,9.5,230.4,1.6,0.15,McAleer Creek,Sheridan Creek
241118183206,2025-12-05,8.9,7.51,10.36,191.7,1.1,0.16,McAleer Creek,Sheridan Creek
241118183206,2026-01-02,8.4,8.12,11.19,191.93,1.07,0.24,McAleer Creek,Sheridan Creek
241118183206,2026-01-26,8.9,7.51,10.36,191.7,1.1,0.16,McAleer Creek,Sheridan Creek
241118183206,2026-02-28,7.6,7.3,11.7,112.7,,,McAleer Creek,Sheridan Creek
241118183206,2026-03-06,8.9,7.4,,174.45,1.1,0.16,McAleer Creek,Sheridan Creek
241118183308,2025-01-03,7.1,6.95,11.35,121.1,5.0,1.9,McAleer Creek,Hillside Creek
241118183308,2025-01-31,5.915,7.46,11.475,205.915,0.6,0.265,McAleer Creek,Hillside Creek
241118183308,2025-02-28,9.07,7.31,10.64,211.9,0.93,0.3,McAleer Creek,Hillside Creek
241118183308,2025-04-04,9.8,7.6,10.9,184.8,1.4,0.837,McAleer Creek,Hillside Creek
241118183308,2025-05-02,11.16,7.64,10.56,233.23,1.7,0.19,McAleer Creek,Hillside Creek
241118183308,2025-06-06,12.5,7.74,10.12,235.4,1.9,0.34,McAleer Creek,Hillside Creek
241118183308,2025-07-12,15.0,7.7,9.72,234.4,1.6,0.283,McAleer Creek,Hillside Creek
241118183308,2025-08-02,13.8,7.8,9.94,236.1,1.4,0.27,McAleer Creek,Hillside Creek
241118183308,2025-09-13,14.1,6.73,9.75,238.5,,0.26,McAleer Creek,Hillside Creek
241118183308,2025-10-03,11.9,7.92,10.12,240.2,1.8,0.15,McAleer Creek,Hillside Creek
241118183308,2025-12-05,9.6,7.64,10.36,208.9,1.45,0.25,McAleer Creek,Hillside Creek
241118183308,2026-01-02,7.89,7.89,10.86,210.87,1.13,0.21,McAleer Creek,Hillside Creek
241118183308,2026-01-30,8.0,7.2,11.7,102.5,,,McAleer Creek,Hillside Creek
241118183308,2026-03-06,8.8,7.5,,195.2,1.0,0.155,McAleer Creek,Hillside Creek
241118183404,2025-01-03,6.5,7.57,11.79,119.27,7.0,2.8,McAleer Creek,Brookside Creek
241118183404,2025-01-31,5.2,7.9,11.84,214.03,0.4,0.33,McAleer Creek,Brookside Creek
241118183404,2025-02-28,7.73,7.83,11.51,214.4,1.1,0.43,McAleer Creek,Brookside Creek
241118183404,2025-04-04,8.7,7.9,11.35,221.3,1.8,0.34,McAleer Creek,Brookside Creek
241118183404,2025-05-03,11.8,7.91,10.33,233.2,1.76,0.22,McAleer Creek,Brookside Creek
241118183404,2025-06-06,13.8,7.98,10.14,236.8,1.77,0.34,McAleer Creek,Brookside Creek
241118183404,2025-07-12,15.9,8.0,9.77,240.3,2.3,0.273,McAleer Creek,Brookside Creek
241118183404,2025-08-02,15.7,7.9,9.76,238.0,1.3,0.243,McAleer Creek,Brookside Creek
241118183404,2025-09-13,14.75,6.74,9.74,240.5,,0.3,McAleer Creek,Brookside Creek
241118183404,2025-10-03,12.2,8.17,10.38,240.0,2.1,0.14,McAleer Creek,Brookside Creek
241118183404,2025-12-05,8.8,8.05,10.85,206.867,1.4,0.21,McAleer Creek,Brookside Creek
241118183404,2026-01-02,6.8,8.06,11.54,208.37,0.83,0.39,McAleer Creek,Brookside Creek
241118183404,2026-01-30,7.6,7.6,11.7,142.2,,,McAleer Creek,Brookside Creek
241118183404,2026-03-06,8.8,7.86,,195.0,1.0,0.2,McAleer Creek,Brookside Creek
241118183501,2025-01-03,6.7,7.1,11.38,148.7,3.3,0.7,McAleer Creek,Grace Cole
241118183501,2025-01-31,5.4,7.38,11.69,235.03,0.0,0.1,McAleer Creek,Grace Cole
241118183501,2025-02-28,8.6,7.31,10.45,236.4,0.73,0.07,McAleer Creek,Grace Cole
241118183501,2025-04-04,10.1,7.4,10.96,249.7,1.5,0.443,McAleer Creek,Grace Cole
241118183501,2025-05-02,12.1,7.35,9.64,256.8,0.83,0.42,McAleer Creek,Grace Cole
241118183501,2025-06-06,14.7,7.29,8.59,253.6,1.2,0.22,McAleer Creek,Grace Cole
241118183501,2025-10-03,12.6,7.63,9.43,257.9,1.7,0.22,McAleer Creek,Grace Cole
241118183501,2025-12-05,8.63,7.4167,9.76,227.867,2.0,0.19,McAleer Creek,Grace Cole
241118183501,2026-01-02,6.6,7.72,10.81,229.57,0.83,0.26,McAleer Creek,Grace Cole
241118183501,2026-01-30,7.6,7.1,11.2,191.4,1.5,0.27,McAleer Creek,Grace Cole
241118183501,2026-03-06,9.2,7.4,,214.7,0.9,0.09,McAleer Creek,Grace Cole
241118183629,2025-01-03,7.3,6.82,10.36,183.05,4.6,2.3,McAleer Creek,Meadow Creek
241118183629,2025-01-31,6.7,7.36,10.91,223.4,0.3,0.17,McAleer Creek,Meadow Creek
241118183629,2025-02-28,8.8,7.22,10.34,242.9,0.8,0.3,McAleer Creek,Meadow Creek
241118183629,2025-04-04,9.7,7.3,10.07,246.4,1.2,0.96,McAleer Creek,Meadow Creek
241118183629,2025-05-02,10.5,7.52,10.31,268.3,0.87,0.12,McAleer Creek,Meadow Creek
241118183629,2025-06-06,11.8,6.95,8.55,261.5,1.6,0.26,McAleer Creek,Meadow Creek
241118183629,2025-10-03,12.1,7.33,8.15,263.5,1.6,0.17,McAleer Creek,Meadow Creek
241118183629,2026-01-30,8.1,6.21,10.05,206.0,2.1,0.28,McAleer Creek,Meadow Creek
241118183629,2026-03-06,8.7,7.06,10.66,230.25,0.9,0.21,McAleer Creek,Meadow Creek
251204213047,2025-12-05,10.7,7.56,10.28,180.67,2.45,0.1,Lake Washington-Sammamish River,Gessner Site
251204213047,2026-01-02,8.7,8.14,10.4,176.77,0.67,0.28,Lake Washington-Sammamish River,Gessner Site
251204213047,2026-02-28,8.3,7.0,11.6,37.1,,,Lake Washington-Sammamish River,Gessner Site
251204213047,2026-03-06,9.6,7.5,,164.3,0.6,0.09,Lake Washington-Sammamish River,Gessner Site
251204215153,2026-01-30,8.2,7.62,11.53,110.9,8.9,0.96,Lake Washington-Sammamish River,Andersen Site
251204215153,2026-03-06,8.9,7.84,11.72,207.1,0.63,0.3,Lake Washington-Sammamish River,Andersen Site
251204215814,2026-01-30,8.1,7.0,11.63,56.7,3.4,0.53,McAleer Creek,W Hillside
251204215814,2026-03-06,9.46,7.55,11.55,193.0,0.6,0.2,McAleer Creek,W Hillside
251204220155,2026-01-30,8.2,7.48,11.57,165.8,6.4,1.01,McAleer Creek,S Meadow
251204220155,2026-03-06,8.93,7.83,11.64,212.53,1.2,0.263,McAleer Creek,S Meadow
251204220610,2026-01-04,9.0,7.86,10.77,254.9,0.9,0.14,McAleer Creek,Upper Cedarbrook
251204220610,2026-02-19,9.0,7.19,10.78,,0.83,0.17,McAleer Creek,Upper Cedarbrook
251221144813,2019-10-26,10.96,7.1,4.7,150.6,0.7,,Springbrook Creek,Springbrook Creek River Mile 1.4
251221144813,2019-12-22,,,,,,,Springbrook Creek,Springbrook Creek River Mile 1.4
251221144813,2020-01-25,8.5,7.0,6.2,136.0,1.25,,Springbrook Creek,Springbrook Creek River Mile 1.4
251221144813,2020-02-23,7.6,7.0,6.9,229.0,1.5,,Springbrook Creek,Springbrook Creek River Mile 1.4
251221144813,2020-03-30,9.7,7.1,8.4,128.6,1.6,,Springbrook Creek,Springbrook Creek River Mile 1.4
251221144813,2020-04-27,13.6,6.9,5.8,179.1,1.41,,Springbrook Creek,Springbrook Creek River Mile 1.4
251221144813,2020-05-29,19.2,7.1,4.2,300.3,1.78,,Springbrook Creek,Springbrook Creek River Mile 1.4
251221144813,2020-06-28,16.3,6.8,6.3,119.0,1.92,,Springbrook Creek,Springbrook Creek River Mile 1.4
251221144813,2020-07-26,17.1,7.1,5.0,306.7,1.66,,Springbrook Creek,Springbrook Creek River Mile 1.4
251221144813,2020-08-30,15.8,7.1,6.4,299.3,1.07,,Springbrook Creek,Springbrook Creek River Mile 1.4
251221144813,2020-09-27,15.4,7.1,3.5,183.6,0.8,,Springbrook Creek,Springbrook Creek River Mile 1.4
251221144813,2020-10-25,9.9,6.8,5.5,256.2,1.25,,Springbrook Creek,Springbrook Creek River Mile 1.4
251221144813,2020-11-22,8.0,6.9,5.6,164.0,1.6,,Springbrook Creek,Springbrook Creek River Mile 1.4
251221144813,2020-12-23,5.9,7.0,6.2,114.2,1.64,,Springbrook Creek,Springbrook Creek River Mile 1.4
251221144813,2021-01-29,6.8,7.0,6.7,213.9,1.12,,Springbrook Creek,Springbrook Creek River Mile 1.4
251221144813,2021-02-28,7.8,7.0,8.5,226.2,1.05,,Springbrook Creek,Springbrook Creek River Mile 1.4
251221144813,2021-03-28,9.3,7.2,6.7,261.5,1.12,,Springbrook Creek,Springbrook Creek River Mile 1.4
251221144813,2021-04-25,12.9,6.9,6.2,182.4,1.54,,Springbrook Creek,Springbrook Creek River Mile 1.4
251221144813,2021-05-23,13.9,7.02,3.9,316.7,1.31,,Springbrook Creek,Springbrook Creek River Mile 1.4
251221144813,2021-06-30,20.0,7.2,4.7,299.5,2.17,,Springbrook Creek,Springbrook Creek River Mile 1.4
251221144813,2021-07-25,19.2,7.4,8.2,306.5,0.42,,Springbrook Creek,Springbrook Creek River Mile 1.4
251221144813,2021-08-22,16.5,7.7,6.2,295.1,1.08,,Springbrook Creek,Springbrook Creek River Mile 1.4
251221144813,2021-09-26,15.3,7.1,3.9,273.3,1.25,,Springbrook Creek,Springbrook Creek River Mile 1.4
251221144813,2021-10-24,12.4,7.1,3.8,160.0,0.63,,Springbrook Creek,Springbrook Creek River Mile 1.4
251221144813,2022-01-23,7.2,6.9,5.0,288.0,2.29,,Springbrook Creek,Springbrook Creek River Mile 1.4
251221144813,2022-04-17,11.0,7.0,7.32,245.3,1.7,,Springbrook Creek,Springbrook Creek River Mile 1.4
251221144813,2022-07-21,20.3,7.08,6.8,331.4,,,Springbrook Creek,Springbrook Creek River Mile 1.4
251221144813,2022-08-16,,,,,,,Springbrook Creek,Springbrook Creek River Mile 1.4
251221144813,2022-10-30,11.0,6.9,4.88,253.1,0.03,,Springbrook Creek,Springbrook Creek River Mile 1.4
251221144813,2023-01-22,6.4,6.78,6.51,219.3,2.31,,Springbrook Creek,Springbrook Creek River MIle 1.4
251221144813,2023-04-16,11.0,6.89,7.42,170.3,,,Springbrook Creek,Springbrook Creek River MIle 1.4
251221144813,2023-07-25,18.6,7.16,6.89,306.2,,,Springbrook Creek,Springbrook Creek river mile 1.4
251221144813,2023-10-29,8.6,6.97,6.32,242.0,,,Springbrook Creek,Springbrook Creek river mile 1.4
251221144813,2024-01-21,4.8,7.04,8.88,165.0,,,Springbrook Creek,Springbrook Creek River MIle 1.4
251221144813,2024-05-05,12.2,7.07,6.19,153.8,,,Springbrook Creek,Springbrook Creek River MIle 1.4
251221144813,2024-07-25,18.3,7.18,6.63,319.7,,,Springbrook Creek,Springbrook Creek River MIle 1.4
251221144813,2024-10-26,12.3,7.1,4.94,249.3,,,Springbrook Creek,Springbrook Creek River MIle 1.4
251221144813,2025-02-16,5.6,6.99,8.82,381.5,,,Springbrook Creek,Springbrook Creek River MIle 1.4
251221144813,2025-06-16,17.3,6.93,7.43,319.1,,,Springbrook Creek,Springbrook Creek River MIle 1.4
251221144813,2025-08-21,18.8,7.05,4.76,282.3,,,Springbrook Creek,Springbrook Creek River MIle 1.4
251221144813,2025-11-23,10.8,6.67,5.0,130.4,,,Springbrook Creek,Springbrook Creek River MIle 1.4
251221145424,2019-09-28,13.6,7.0,5.0,110.3,,,Springbrook Creek,Springbrook Creek River Mile 3.0
251221145424,2019-10-26,10.9,7.0,5.2,129.9,0.44,,Springbrook Creek,Springbrook Creek River Mile 3.0
251221145424,2019-12-22,8.0,7.2,8.9,91.8,1.62,,Springbrook Creek,Springbrook Creek River Mile 3.0
251221145424,2020-01-25,8.6,7.0,9.3,108.0,1.28,,Springbrook Creek,Springbrook Creek River Mile 3.0
251221145424,2020-02-23,7.1,7.2,8.1,202.1,1.1,,Springbrook Creek,Springbrook Creek River Mile 3.0
251221145424,2020-03-30,9.4,7.4,9.6,98.7,1.3,,Springbrook Creek,Springbrook Creek River Mile 3.0
251221145424,2020-04-27,15.3,7.1,7.1,168.5,1.34,,Springbrook Creek,Springbrook Creek River Mile 3.0
251221145424,2020-05-29,17.7,7.11,5.8,260.3,1.5,,Springbrook Creek,Springbrook Creek River Mile 3.0
251221145424,2020-06-28,16.1,7.1,7.1,107.1,0.94,,Springbrook Creek,Springbrook Creek River Mile 3.0
251221145424,2020-07-26,16.8,7.2,6.4,264.6,1.63,,Springbrook Creek,Springbrook Creek River Mile 3.0
251221145424,2020-08-30,14.8,7.3,6.9,256.7,1.28,,Springbrook Creek,Springbrook Creek River Mile 3.0
251221145424,2020-09-27,15.7,7.2,4.9,191.2,1.35,,Springbrook Creek,Springbrook Creek River Mile 3.0
251221145617,2019-10-26,10.6,7.2,4.1,107.2,0.8,,Springbrook Creek,Springbrook Creek River Mile 4.3
251221145617,2019-11-02,8.3,7.3,5.7,248.4,0.51,,Springbrook Creek,Springbrook Creek River Mile 4.3
251221145617,2019-12-22,8.1,6.9,9.6,119.7,2.8,,Springbrook Creek,Springbrook Creek River Mile 4.3
251221145617,2020-01-25,8.6,6.0,10.0,108.4,1.58,,Springbrook Creek,Springbrook Creek River Mile 4.3
251221145617,2020-02-23,7.2,7.0,9.1,160.0,1.8,,Springbrook Creek,Springbrook Creek River Mile 4.3
251221145617,2020-03-30,8.3,7.0,10.6,90.3,1.7,,Springbrook Creek,Springbrook Creek River Mile 4.3
251221145617,2020-04-27,13.5,7.0,8.2,166.7,1.45,,Springbrook Creek,Springbrook Creek River Mile 4.3
251221145617,2020-05-29,15.9,7.3,8.0,235.8,1.84,,Springbrook Creek,Springbrook Creek River Mile 4.3
251221145617,2020-06-28,15.6,7.1,6.9,126.5,1.01,,Springbrook Creek,Springbrook Creek River Mile 4.3
251221145617,2020-07-26,14.9,7.2,7.2,248.1,1.52,,Springbrook Creek,Springbrook Creek River Mile 4.3
251221145617,2020-08-30,13.4,7.4,8.1,237.7,1.36,,Springbrook Creek,Springbrook Creek River Mile 4.3
251221145617,2020-09-27,13.7,7.2,6.1,194.5,1.09,,Springbrook Creek,Springbrook Creek River Mile 4.3
251221145854,2019-09-28,11.2,7.7,11.3,251.6,,,Springbrook Creek,Springbrook Creek River Mile 5.0
251221145854,2019-10-26,10.3,7.5,11.4,253.0,1.85,,Springbrook Creek,Springbrook Creek River Mile 5.0
251221145854,2019-12-22,9.1,7.2,11.9,200.5,4.13,,Springbrook Creek,Springbrook Creek River Mile 5.0
251221145854,2020-01-25,9.4,7.3,11.9,181.0,3.68,,Springbrook Creek,Springbrook Creek River Mile 5.0
251221145854,2020-02-23,8.6,7.5,12.2,228.9,3.2,,Springbrook Creek,Springbrook Creek River Mile 5.0
251221145854,2020-03-30,9.4,7.3,11.9,178.6,4.5,,Springbrook Creek,Springbrook Creek River Mile 5.0
251221145854,2020-04-27,12.0,7.8,11.3,243.0,2.9,,Springbrook Creek,Springbrook Creek River Mile 5.0
251221145854,2020-05-29,12.9,8.1,10.9,250.9,2.49,,Springbrook Creek,Springbrook Creek River Mile 5.0
251221145854,2020-06-28,12.4,7.9,11.0,244.3,1.98,,Springbrook Creek,Springbrook Creek River Mile 5.0
251221145854,2020-07-26,12.9,7.9,10.9,252.6,2.42,,Springbrook Creek,Springbrook Creek River Mile 5.0
251221145854,2020-08-30,12.1,7.9,11.5,254.1,1.71,,Springbrook Creek,Springbrook Creek River Mile 5.0
251221145854,2020-09-27,11.9,7.8,11.6,250.4,1.5,,Springbrook Creek,Springbrook Creek River Mile 5.0
251221145854,2020-10-25,9.2,7.9,10.2,252.2,3.93,,Springbrook Creek,Springbrook Creek River Mile 5.0
251221145854,2020-11-22,9.3,7.7,11.6,246.0,4.8,,Springbrook Creek,Springbrook Creek River Mile 5.0
251221145854,2020-12-23,8.1,7.7,12.5,223.1,5.85,,Springbrook Creek,Springbrook Creek River Mile 5.0
251221145854,2021-01-29,9.1,8.0,11.19,210.0,2.36,,Springbrook Creek,Springbrook Creek River Mile 5.0
251221145854,2021-02-28,9.5,8.1,12.2,232.3,1.93,,Springbrook Creek,Springbrook Creek River Mile 5.0
251221145854,2021-03-28,11.0,7.6,11.8,225.4,2.24,,Springbrook Creek,Springbrook Creek River Mile 5.0
251221145854,2021-04-25,11.0,7.5,10.4,241.0,1.03,,Springbrook Creek,Springbrook Creek River Mile 5.0
251221145854,2021-05-23,11.2,7.6,11.5,248.3,0.79,,Springbrook Creek,Springbrook Creek River Mile 5.0
251221145854,2021-06-30,13.0,7.5,10.8,250.6,1.36,,Springbrook Creek,Springbrook Creek River Mile 5.0
251221145854,2021-07-25,13.5,7.9,11.1,252.0,0.41,,Springbrook Creek,Springbrook Creek River Mile 5.0
251221145854,2021-08-22,12.4,7.3,11.5,251.9,0.62,,Springbrook Creek,Springbrook Creek River Mile 5.0
251221145854,2021-09-26,12.2,7.3,11.0,252.9,0.57,,Springbrook Creek,Springbrook Creek River Mile 5.0
251221145854,2021-10-24,11.5,7.3,10.1,203.7,0.75,,Springbrook Creek,Springbrook Creek River Mile 5.0
251221145854,2022-01-23,8.3,8.02,11.62,233.7,4.0,,Springbrook Creek,Springbrook Creek River Mile 5.0
251221145854,2022-04-17,10.7,8.1,11.25,235.8,1.34,,Springbrook Creek,Springbrook Creek River Mile 5.0
251221145854,2022-07-21,13.6,8.03,10.15,246.0,,,Springbrook Creek,Springbrook Creek River Mile 5.0
251221145854,2022-08-16,,,,,,,Springbrook Creek,Springbrook Creek River Mile 5.0
251221145854,2022-10-30,10.9,7.9,10.7,246.1,0.05,,Springbrook Creek,Springbrook Creek River Mile 5.0
251221145854,2023-01-22,8.7,7.69,11.54,233.7,3.63,,Springbrook Creek,Springbrook Creek River Mile 5.0
251221145854,2023-04-16,10.0,7.76,11.11,185.1,,,Springbrook Creek,Springbrook Creek River Mile 5.0
251221145854,2023-07-25,13.2,8.07,10.23,247.0,,,Springbrook Creek,Springbrook Creek River Mile 5.0
251221145854,2023-10-29,8.8,7.94,11.38,244.4,,,Springbrook Creek,Springbrook Creek River Mile 5.0
251221145854,2024-01-21,8.0,7.79,11.47,118.7,,,Springbrook Creek,Springbrook Creek River Mile 5.0
251221145854,2024-05-05,10.5,7.83,10.74,218.1,,,Springbrook Creek,Springbrook Creek River Mile 5.0
251221145854,2024-07-25,13.2,8.02,10.26,252.9,,,Springbrook Creek,Springbrook Creek River Mile 5.0
251221145854,2024-10-26,11.3,7.85,10.42,239.6,,,Springbrook Creek,Springbrook Creek River Mile 5.0
251221145854,2025-02-16,9.3,7.93,11.16,244.4,,,Springbrook Creek,Springbrook Creek River Mile 5.0
251221145854,2025-06-16,12.6,7.83,10.22,247.6,,,Springbrook Creek,Springbrook Creek River Mile 5.0
251221145854,2025-08-21,13.0,7.94,10.32,248.8,,,Springbrook Creek,Springbrook Creek River Mile 5.0
251221145854,2025-11-23,10.9,7.48,10.78,126.9,,,Springbrook Creek,Springbrook Creek River Mile 5.0
251221150008,2019-09-28,,7.0,4.0,,,,Springbroook Creek,Mill Creek River Mile 0.8
251221150008,2019-10-26,10.9,7.0,4.5,112.1,0.35,,Springbroook Creek,Mill Creek River Mile 0.8
251221150008,2019-12-22,8.0,7.1,7.7,65.5,0.61,,Springbroook Creek,Mill Creek River Mile 0.8
251221150008,2020-01-25,8.3,7.3,7.3,118.9,0.9,,Springbroook Creek,Mill Creek River Mile 0.8
251221150008,2020-02-23,7.3,7.1,6.2,226.7,1.1,,Springbroook Creek,Mill Creek River Mile 0.8
251221150008,2020-03-30,9.8,7.0,8.2,108.1,1.1,,Springbroook Creek,Mill Creek River Mile 0.8
251221150008,2020-04-27,16.5,7.1,5.9,161.6,1.34,,Springbroook Creek,Mill Creek River Mile 0.8
251221150008,2020-05-29,19.6,7.16,4.1,259.5,1.2,,Springbroook Creek,Mill Creek River Mile 0.8
251221150008,2020-06-28,17.4,6.9,4.2,103.9,0.57,,Springbroook Creek,Mill Creek River Mile 0.8
251221150008,2020-07-26,19.2,7.0,1.1,367.6,1.37,,Springbroook Creek,Mill Creek River Mile 0.8
251221150008,2020-08-30,16.2,7.3,1.9,366.1,1.05,,Springbroook Creek,Mill Creek River Mile 0.8
251221150008,2020-09-27,16.4,6.9,0.0,185.2,1.24,,Springbroook Creek,Mill Creek River Mile 0.8
251221150008,2021-10-24,12.6,6.8,4.9,93.1,0.58,,Springbroook Creek,Mill Creek River Mile 0.8
251221150008,2022-01-23,7.2,6.9,4.54,302.0,1.47,,Springbroook Creek,Mill Creek River Mile 0.8
251221150008,2022-04-17,10.5,7.1,6.26,238.2,1.51,,Springbroook Creek,Mill Creek River Mile 0.8
251221150008,2022-07-21,19.5,7.1,1.19,360.4,,,Springbroook Creek,Mill Creek River Mile 0.8
251221150008,2022-08-16,,,,,,,Springbroook Creek,Mill Creek River Mile 0.8
251221150008,2022-10-30,10.9,7.04,5.17,186.7,0.02,,Springbroook Creek,Mill Creek River Mile 0.8
251221150008,2023-01-22,6.4,6.78,5.51,189.2,1.57,,Springbroook Creek,Mill Creek River Mile 0.8
251221150008,2023-04-16,11.0,6.76,6.4,110.0,,,Springbroook Creek,Mill Creek River Mile 0.8
251221150008,2023-07-25,18.7,7.09,1.58,323.6,,,Springbroook Creek,Mill Creek River Mile 0.8
251221150008,2023-10-29,8.2,6.91,5.62,158.0,,,Springbroook Creek,Mill Creek River Mile 0.8
251221150008,2024-01-21,4.2,6.79,8.88,128.8,,,Springbroook Creek,Mill Creek River Mile 0.8
251221150008,2024-05-05,13.0,6.1,6.28,133.0,,,Springbroook Creek,Mill Creek River Mile 0.8
251221150008,2024-07-25,17.7,7.08,1.92,257.5,,,Springbroook Creek,Mill Creek River Mile 0.8
251221150008,2024-10-26,12.5,7.07,6.28,161.1,,,Springbroook Creek,Mill Creek River Mile 0.8
251221150008,2025-02-16,4.7,6.97,9.53,325.3,,,Springbroook Creek,Mill Creek River Mile 0.8
251221150008,2025-06-16,16.6,6.95,4.04,309.8,,,Springbroook Creek,Mill Creek River Mile 0.8
251221150008,2025-11-23,10.7,6.61,5.75,80.3,,,Springbroook Creek,Mill Creek River Mile 0.8
251221150125,2019-10-26,10.0,7.38,9.0,147.0,0.93,,Springbrook Creek,Mill Creek River Mile 4.2
251221150125,2019-12-22,8.0,6.9,11.6,96.6,3.18,,Springbrook Creek,Mill Creek River Mile 4.2
251221150125,2020-01-25,8.3,7.0,11.4,100.1,1.65,,Springbrook Creek,Mill Creek River Mile 4.2
251221150125,2020-02-23,7.0,7.2,11.7,140.3,2.13,,Springbrook Creek,Mill Creek River Mile 4.2
251221150125,2020-03-30,8.6,7.1,10.3,88.2,1.4,,Springbrook Creek,Mill Creek River Mile 4.2
251221150125,2020-04-27,13.6,7.4,10.3,127.3,1.57,,Springbrook Creek,Mill Creek River Mile 4.2
251221150125,2020-05-29,15.8,7.5,8.6,217.4,1.86,,Springbrook Creek,Mill Creek River Mile 4.2
251221150125,2020-06-28,14.8,7.4,8.7,100.3,1.18,,Springbrook Creek,Mill Creek River Mile 4.2
251221150125,2020-07-26,15.9,7.6,8.4,223.0,1.8,,Springbrook Creek,Mill Creek River Mile 4.2
251221150125,2020-08-30,14.3,7.5,8.6,231.1,1.77,,Springbrook Creek,Mill Creek River Mile 4.2
251221150125,2020-09-27,14.1,7.3,7.7,161.6,1.8,,Springbrook Creek,Mill Creek River Mile 4.2
251221150232,2019-09-28,12.0,7.4,11.2,97.3,,,Springbrook Creek,Mill Creek River Mile 5.3
251221150232,2019-10-26,9.5,7.47,11.2,168.8,1.03,,Springbrook Creek,Mill Creek River Mile 5.3
251221150232,2019-12-22,7.9,7.0,12.5,91.9,3.6,,Springbrook Creek,Mill Creek River Mile 5.3
251221150232,2020-01-25,8.2,7.0,12.3,99.5,2.3,,Springbrook Creek,Mill Creek River Mile 5.3
251221150232,2020-02-23,6.3,7.2,12.6,114.8,2.14,,Springbrook Creek,Mill Creek River Mile 5.3
251221150232,2020-03-30,8.6,7.2,12.1,95.8,1.9,,Springbrook Creek,Mill Creek River Mile 5.3
251221150232,2020-04-27,13.5,7.5,10.8,146.8,2.98,,Springbrook Creek,Mill Creek River Mile 5.3
251221150232,2020-05-29,14.4,7.8,10.1,221.6,2.98,,Springbrook Creek,Mill Creek River Mile 5.3
251221150232,2020-06-28,14.4,7.5,10.4,131.4,1.39,,Springbrook Creek,Mill Creek River Mile 5.3
251221150232,2020-07-26,14.8,7.7,10.0,200.2,2.48,,Springbrook Creek,Mill Creek River Mile 5.3
251221150232,2020-09-27,13.4,7.4,10.8,185.8,1.2,,Springbrook Creek,Mill Creek River Mile 5.3
251221150232,2020-10-25,7.8,7.7,12.1,196.0,5.09,,Springbrook Creek,Mill Creek River Mile 5.3
251221150232,2020-11-22,7.5,7.5,12.0,161.2,2.47,,Springbrook Creek,Mill Creek River Mile 5.3
251221150232,2020-12-23,5.7,7.4,13.9,123.0,4.68,,Springbrook Creek,Mill Creek River Mile 5.3
251221150232,2021-01-29,7.3,7.7,13.6,162.7,2.98,,Springbrook Creek,Mill Creek River Mile 5.3
251221150232,2021-02-28,7.2,7.7,13.3,159.0,1.78,,Springbrook Creek,Mill Creek River Mile 5.3
251221150232,2021-03-28,8.3,7.1,12.3,187.2,0.68,,Springbrook Creek,Mill Creek River Mile 5.3
251221150232,2021-04-25,10.7,7.5,11.6,161.5,3.22,,Springbrook Creek,Mill Creek River Mile 5.3
251221150232,2021-05-23,11.6,7.4,11.2,228.0,0.79,,Springbrook Creek,Mill Creek River Mile 5.3
251221150232,2021-06-30,15.7,7.1,9.8,231.3,0.6,,Springbrook Creek,Mill Creek River Mile 5.3
251221150232,2021-07-25,15.2,7.2,10.3,236.5,0.32,,Springbrook Creek,Mill Creek River Mile 5.3
251221150232,2021-08-22,14.6,7.0,10.4,243.6,0.59,,Springbrook Creek,Mill Creek River Mile 5.3
251221150232,2021-09-26,13.2,7.2,10.1,241.6,0.53,,Springbrook Creek,Mill Creek River Mile 5.3
251221150232,2021-10-24,11.6,7.3,10.0,152.4,0.79,,Springbrook Creek,Mill Creek River Mile 5.3
251221150232,2022-01-23,6.1,7.7,12.15,180.4,0.8,,Springbrook Creek,Mill Creek River Mile 5.3
251221150232,2022-04-17,7.9,7.8,12.24,189.0,1.14,,Springbrook Creek,Mill Creek River Mile 5.3
251221150232,2022-07-21,14.9,7.3,9.75,231.8,,,Springbrook Creek,Mill Creek River Mile 5.3
251221150232,2022-08-16,,,,,,,Springbrook Creek,Mill Creek River Mile 5.3
251221150232,2022-10-30,10.7,7.7,10.49,232.2,0.04,,Springbrook Creek,Mill Creek River Mile 5.3
251221150232,2023-01-22,6.2,7.6,12.29,166.8,3.96,,Springbroook Creek,Mill Creek River Mile 5.3
251221150232,2023-04-16,9.1,7.47,11.36,147.7,,,Springbroook Creek,Mill Creek River Mile 5.3
251221150232,2023-07-25,15.2,7.78,9.52,238.2,,,Springbrook Creek,Mill Creek River Mile 5.3
251221150232,2023-10-29,6.6,7.34,11.96,216.4,,,Springbrook Creek,Mill Creek River Mile 5.3
251221150232,2024-01-21,5.4,7.24,12.19,131.6,,,Springbroook Creek,Mill Creek River Mile 5.3
251221150232,2024-05-05,11.0,7.35,10.53,94.4,,,Springbroook Creek,Mill Creek River Mile 5.3
251221150232,2024-07-25,14.5,7.73,9.75,246.3,,,Springbroook Creek,Mill Creek River Mile 5.3
251221150232,2024-10-26,11.5,7.49,10.03,226.0,,,Springbrook Creek,Mill Creek River Mile 5.3
251221150232,2025-02-16,5.8,7.46,12.22,323.7,,,Springbrook Creek,Mill Creek River Mile 5.3
251221150232,2025-06-16,13.0,7.58,10.16,236.2,,,Springbrook Creek,Mill Creek River Mile 5.3
251221150232,2025-08-21,14.2,7.55,9.75,241.0,,,Springbroook Creek,Mill Creek River Mile 5.3
251221150232,2025-11-23,10.7,7.2,10.59,114.4,,,Springbrook Creek,Mill Creek River Mile 5.3
251221150343,2019-10-26,10.0,7.0,1.9,180.7,0.07,,Springbroook Creek,Panther Creek River Mile 0.0
251221150343,2019-12-22,,,,,,,Springbroook Creek,Panther Creek River Mile 0.0
251221150343,2020-01-25,8.4,6.9,4.7,148.2,1.17,,Springbroook Creek,Panther Creek River Mile 0.0
251221150343,2020-02-23,6.4,6.7,7.9,221.5,1.1,,Springbroook Creek,Panther Creek River Mile 0.0
251221150343,2020-03-30,9.5,6.9,6.9,198.3,1.8,,Springbroook Creek,Panther Creek River Mile 0.0
251221150343,2020-04-27,13.3,6.9,4.3,233.7,1.57,,Springbroook Creek,Panther Creek River Mile 0.0
251221150343,2020-05-29,17.3,6.94,0.8,281.9,1.33,,Springbroook Creek,Panther Creek River Mile 0.0
251221150343,2020-06-28,16.7,6.9,1.9,237.0,1.52,,Springbroook Creek,Panther Creek River Mile 0.0
251221150343,2020-07-26,16.5,6.7,0.6,325.9,0.99,,Springbroook Creek,Panther Creek River Mile 0.0
251221150343,2020-08-30,13.7,6.6,0.1,440.6,1.3,,Springbroook Creek,Panther Creek River Mile 0.0
251221150343,2020-09-27,14.6,6.1,1.0,236.2,1.78,,Springbroook Creek,Panther Creek River Mile 0.0
251221150343,2020-10-25,9.3,6.6,0.1,226.5,1.83,,Springbroook Creek,Panther Creek River Mile 0.0
251221150343,2020-11-22,7.7,6.5,3.5,176.4,1.63,,Springbroook Creek,Panther Creek River Mile 0.0
251221150343,2020-12-23,6.0,6.7,4.0,135.9,1.52,,Springbroook Creek,Panther Creek River Mile 0.0
251221150343,2021-01-29,5.8,7.0,6.65,188.1,1.35,,Springbroook Creek,Panther Creek River Mile 0.0
251221150343,2021-02-28,7.0,7.0,10.0,189.6,1.49,,Springbroook Creek,Panther Creek River Mile 0.0
251221150343,2021-03-28,9.3,6.9,6.9,227.0,0.86,,Springbroook Creek,Panther Creek River Mile 0.0
251221150343,2021-04-25,13.2,6.9,4.4,265.4,2.53,,Springbroook Creek,Panther Creek River Mile 0.0
251221150343,2021-05-23,14.4,6.8,1.5,300.6,0.8,,Springbroook Creek,Panther Creek River Mile 0.0
251221150343,2021-06-30,20.5,7.3,0.2,466.8,3.67,,Springbroook Creek,Panther Creek River Mile 0.0
251221150343,2021-07-25,17.7,7.3,1.1,506.0,1.16,,Springbroook Creek,Panther Creek River Mile 0.0
251221150343,2021-08-22,16.0,6.6,0.6,571.3,1.04,,Springbroook Creek,Panther Creek River Mile 0.0
251221150343,2021-09-26,15.3,6.6,0.4,271.4,0.58,,Springbroook Creek,Panther Creek River Mile 0.0
251221150343,2021-10-24,12.1,6.7,1.8,171.2,0.68,,Springbroook Creek,Panther Creek River Mile 0.0
251221150343,2022-01-23,6.2,6.9,6.4,191.8,1.97,,Springbroook Creek,Panther Creek River Mile 0.0
251221150343,2022-04-17,10.0,6.9,6.38,201.2,1.11,,Springbroook Creek,Panther Creek River Mile 0.0
251221150343,2022-07-21,19.6,6.7,1.2,337.8,,,Springbroook Creek,Panther Creek River Mile 0.0
251221150343,2022-08-16,,,,,,,Springbroook Creek,Panther Creek River Mile 0.0
251221150343,2022-10-30,11.1,6.8,1.07,229.8,0.02,,Springbroook Creek,Panther Creek River Mile 0.0
251221150343,2023-01-22,5.7,6.8,6.66,182.4,2.0,,Springbroook Creek,Panther Creek River Mile 0.0
251221150343,2023-04-16,10.8,6.84,7.17,146.8,,,Springbroook Creek,Panther Creek River Mile 0.0
251221150343,2023-07-25,17.6,6.67,0.74,363.1,,,Springbroook Creek,Panther Creek River Mile 0.0
251221150343,2023-10-29,8.6,6.64,1.4,207.7,,,Springbroook Creek,Panther Creek River Mile 0.0
251221150343,2024-01-21,3.9,6.8,6.86,192.4,,,Springbroook Creek,Panther Creek River Mile 0.0
251221150343,2024-05-05,12.6,6.84,4.02,219.9,,,Springbroook Creek,Panther Creek River Mile 0.0
251221150343,2024-07-25,17.7,6.81,0.34,381.7,,,Springbroook Creek,Panther Creek River Mile 0.0
251221150343,2024-10-26,12.4,6.7,1.0,261.3,,,Springbroook Creek,Panther Creek River Mile 0.0
251221150343,2025-02-16,4.7,6.78,7.1,410.1,,,Springbroook Creek,Panther Creek River Mile 0.0
251221150343,2025-06-16,16.4,6.99,0.42,528.0,,,Springbroook Creek,Panther Creek River Mile 0.0
251221150343,2025-08-21,18.1,7.39,0.82,297.0,,,Springbroook Creek,Panther Creek River Mile 0.0
251221150343,2025-11-23,10.6,6.66,4.0,162.6,,,Springbroook Creek,Panther Creek River Mile 0.0
251221150501,2020-09-27,13.0,7.7,9.9,192.7,1.27,,Springbroook Creek,Panther Creek River Mile 2.0
251221150501,2020-10-25,7.1,7.6,13.1,195.6,1.82,,Springbroook Creek,Panther Creek River Mile 2.0
251221150501,2020-11-22,7.3,7.4,11.5,126.9,2.71,,Springbroook Creek,Panther Creek River Mile 2.0
251221150501,2020-12-23,3.9,7.2,14.4,68.0,1.26,,Springbroook Creek,Panther Creek River Mile 2.0
251221150501,2021-01-29,5.9,7.8,13.17,100.5,2.2,,Springbroook Creek,Panther Creek River Mile 2.0
251221150501,2021-02-28,7.0,7.8,13.9,105.8,2.45,,Springbroook Creek,Panther Creek River Mile 2.0
251221150501,2021-03-28,7.8,7.4,12.5,113.0,0.51,,Springbroook Creek,Panther Creek River Mile 2.0
251221150501,2021-04-25,10.8,7.3,11.4,137.0,0.79,,Springbroook Creek,Panther Creek River Mile 2.0
251221150501,2021-05-23,11.1,7.7,11.2,188.3,0.57,,Springbroook Creek,Panther Creek River Mile 2.0
251221150501,2021-06-30,15.7,7.01,8.9,197.0,1.42,,Springbroook Creek,Panther Creek River Mile 2.0
251221150501,2021-07-25,15.9,7.8,9.1,203.0,0.41,,Springbroook Creek,Panther Creek River Mile 2.0
251221150501,2021-08-22,14.0,7.5,9.8,202.6,0.39,,Springbroook Creek,Panther Creek River Mile 2.0
251221150501,2021-09-26,13.2,7.4,9.8,204.5,0.37,,Springbroook Creek,Panther Creek River Mile 2.0
251221150501,2021-10-24,10.9,7.6,10.3,120.4,0.82,,Springbroook Creek,Panther Creek River Mile 2.0
251221150501,2022-01-23,5.2,7.7,12.7,103.1,2.89,,Springbroook Creek,Panther Creek River Mile 2.0
251221150501,2022-04-17,8.7,7.8,11.6,113.9,1.56,,Springbroook Creek,Panther Creek River Mile 2.0
251221150501,2022-07-21,16.1,7.8,9.55,192.0,,,Springbroook Creek,Panther Creek River Mile 2.0
251221150501,2022-08-16,,,,,,,Springbroook Creek,Panther Creek River Mile 2.0
251221150501,2022-10-30,10.5,7.8,10.67,200.7,0.02,,Springbroook Creek,Panther Creek River Mile 2.0
251221150501,2023-01-22,5.2,7.56,12.8,105.8,5.44,,Springbroook Creek,Panther Creek River Mile 2.0
251221150501,2023-04-16,9.3,7.75,11.48,92.3,,,Springbroook Creek,Panther Creek River Mile 2.0
251221150501,2023-07-25,15.1,7.87,9.56,209.9,,,Springbroook Creek,Panther Creek river mile 2.0
251221150501,2023-10-29,6.6,7.86,11.88,200.8,,,Springbroook Creek,Panther Creek river mile 2.0
251221150501,2024-01-21,4.0,7.71,12.83,96.9,,,Springbroook Creek,Panther Creek River Mile 2.0
251221150501,2024-05-05,10.5,7.75,10.92,122.3,,,Springbroook Creek,Panther Creek River Mile 2.0
251221150501,2024-07-25,15.1,7.84,9.44,216.6,,,Springbroook Creek,Panther Creek River Mile 2.0
251221150501,2024-10-26,11.3,7.83,10.33,216.5,,,Springbroook Creek,Panther Creek River Mile 2.0
251221150501,2025-02-16,4.9,7.8,12.55,188.1,,,Springbroook Creek,Panther Creek River Mile 2.0
251221150501,2025-06-16,13.9,7.43,9.01,199.0,,,Springbroook Creek,Panther Creek River Mile 2.0
251221150501,2025-08-21,15.2,7.84,9.42,209.3,,,Springbroook Creek,Panther Creek River Mile 2.0
251221150501,2025-11-23,10.3,7.39,11.11,90.4,,,Springbroook Creek,Panther Creek River Mile 2.0
251221150619,2020-10-25,8.5,6.7,0.8,153.3,1.12,,Springbroook Creek,Mill Creek River Mile 2.0
251221150619,2020-11-22,8.3,6.7,0.2,171.4,1.96,,Springbroook Creek,Mill Creek River Mile 2.0
251221150619,2020-12-23,5.7,6.7,6.2,134.2,0.97,,Springbroook Creek,Mill Creek River Mile 2.0
251221150619,2021-01-29,7.2,6.9,5.13,219.0,0.95,,Springbroook Creek,Mill Creek River Mile 2.0
251221150619,2021-02-28,7.8,6.9,5.7,231.4,0.92,,Springbroook Creek,Mill Creek River Mile 2.0
251221150619,2021-03-28,10.0,6.9,5.8,253.3,1.12,,Springbroook Creek,Mill Creek River Mile 2.0
251221150619,2021-04-25,12.2,6.4,3.5,128.8,0.6,,Springbroook Creek,Mill Creek River Mile 2.0
251221150619,2021-05-23,14.1,6.9,1.2,251.2,0.55,,Springbroook Creek,Mill Creek River Mile 2.0
251221150619,2021-06-30,20.4,6.9,0.3,307.0,1.48,,Springbroook Creek,Mill Creek River Mile 2.0
251221150619,2021-07-25,18.3,7.02,2.8,339.0,0.27,,Springbroook Creek,Mill Creek River Mile 2.0
251221150619,2021-08-22,16.5,6.5,0.8,318.1,0.58,,Springbroook Creek,Mill Creek River Mile 2.0
251221150619,2021-09-26,15.3,6.3,0.1,294.0,0.37,,Springbroook Creek,Mill Creek River Mile 2.0
251221150716,2020-10-25,8.1,7.1,5.7,148.0,1.02,,Springbroook Creek,Mill Creek River Mile 3.2
251221150716,2020-11-22,8.0,7.1,4.9,137.3,2.56,,Springbroook Creek,Mill Creek River Mile 3.2
251221150716,2020-12-23,5.7,6.9,9.7,115.6,1.5,,Springbroook Creek,Mill Creek River Mile 3.2
251221150716,2021-01-29,7.2,7.1,9.04,162.7,1.35,,Springbroook Creek,Mill Creek River Mile 3.2
251221150716,2021-02-28,7.4,7.2,10.3,170.7,1.2,,Springbroook Creek,Mill Creek River Mile 3.2
251221150716,2021-03-28,9.2,7.0,7.1,195.0,1.25,,Springbroook Creek,Mill Creek River Mile 3.2
251221150716,2021-04-25,12.3,7.1,5.6,146.3,1.32,,Springbroook Creek,Mill Creek River Mile 3.2
251221150716,2021-05-23,13.4,7.0,1.3,248.2,0.65,,Springbroook Creek,Mill Creek River Mile 3.2
251221150716,2021-06-30,20.7,7.4,0.1,360.1,2.41,,Springbroook Creek,Mill Creek River Mile 3.2
251221150716,2021-07-25,18.9,6.8,0.5,262.9,0.27,,Springbroook Creek,Mill Creek River Mile 3.2
251221150716,2021-08-22,17.3,7.0,1.4,247.2,0.79,,Springbroook Creek,Mill Creek River Mile 3.2
251221150716,2021-09-26,15.5,6.7,2.1,231.1,0.34,,Springbroook Creek,Mill Creek River Mile 3.2
251221150808,2020-10-25,8.4,7.4,9.8,189.1,1.27,,Springbrook Creek,Mill Creek River Mile 4.8
251221150808,2020-11-22,7.6,7.4,8.5,167.1,1.88,,Springbrook Creek,Mill Creek River Mile 4.8
251221150808,2020-12-23,6.0,7.3,11.3,130.0,4.07,,Springbrook Creek,Mill Creek River Mile 4.8
251221150808,2021-01-29,7.3,7.5,11.4,164.9,1.94,,Springbrook Creek,Mill Creek River Mile 4.8
251221150808,2021-02-28,7.2,7.5,12.3,161.9,1.5,,Springbrook Creek,Mill Creek River Mile 4.8
251221150808,2021-03-28,8.5,7.1,7.3,201.1,1.17,,Springbrook Creek,Mill Creek River Mile 4.8
251221150808,2021-04-25,11.0,7.3,9.6,150.0,2.33,,Springbrook Creek,Mill Creek River Mile 4.8
251221150808,2021-05-23,12.0,7.2,7.6,223.0,0.52,,Springbrook Creek,Mill Creek River Mile 4.8
251221150808,2021-06-30,16.7,7.2,5.1,233.5,1.85,,Springbrook Creek,Mill Creek River Mile 4.8
251221150808,2021-07-25,16.0,7.3,7.1,237.7,0.6,,Springbrook Creek,Mill Creek River Mile 4.8
251221150808,2021-08-22,15.1,7.4,9.0,240.2,1.24,,Springbrook Creek,Mill Creek River Mile 4.8
251221150808,2021-09-26,13.7,7.2,7.3,236.0,0.83,,Springbrook Creek,Mill Creek River Mile 4.8
251221150928,2021-10-24,12.4,7.1,4.2,125.1,0.46,,Springbrook Creek,Garrison Creek River Mile 0.0
251221150928,2022-01-23,6.8,7.03,6.34,252.4,2.18,,Springbrook Creek,Garrison Creek River Mile 0.0
251221150928,2022-04-17,9.0,6.4,6.18,237.7,1.08,,Springbrook Creek,Garrison Creek River Mile 0.0
251221150928,2022-07-21,17.7,6.8,3.58,254.7,,,Springbrook Creek,Garrison Creek River Mile 0.0
251221150928,2022-08-16,,,,,,,Springbrook Creek,Garrison Creek River Mile 0.0
251221150928,2022-10-30,11.0,6.8,2.81,195.8,0.02,,Springbrook Creek,Garrison Creek River Mile 0.0
251221150928,2023-01-22,6.4,7.03,8.0,199.5,2.78,,Springbrook Creek,Garrison Creek River Mile 0.0
251221150928,2023-04-16,10.4,6.78,6.33,233.5,,,Springbrook Creek,Garrison Creek River Mile 0.0
251221150928,2023-07-25,17.3,7.0,2.12,271.9,,,Springbrook Creek,Garrison Creek River Mile 0.0
251221150928,2023-10-29,7.5,7.03,4.41,229.1,,,Springbrook Creek,Garrison Creek River Mile 0.0
251221150928,2024-01-21,5.5,7.12,10.25,142.3,,,Springbroook Creek,Garrison Creek River Mile 0.0
251221150928,2024-05-05,11.5,7.0,7.43,116.5,,,Springbroook Creek,Garrison Creek River Mile 0.0
251221150928,2024-07-25,16.9,7.06,6.02,283.7,,,Springbroook Creek,Garrison Creek River Mile 0.0
251221150928,2024-10-26,12.9,7.1,4.42,278.5,,,Springbrook Creek,Garrison Creek River Mile 0.0
251221150928,2025-02-16,5.8,7.04,8.68,297.7,,,Springbrook Creek,Garrison Creek River Mile 0.0
251221150928,2025-06-16,15.2,6.85,4.42,265.4,,,Springbrook Creek,Garrison Creek River Mile 0.0
251221150928,2025-08-21,15.4,7.48,0.12,261.5,,,Springbrook Creek,Garrison Creek River Mile 0.0
251221150928,2025-11-23,11.1,6.84,7.03,121.9,,,Springbrook Creek,Garrison Creek River Mile 0.0
251221151121,2021-10-24,11.4,7.1,9.6,138.3,0.31,,Springbroook Creek,Garrison Creek River Mile 1.8
251221151121,2022-01-23,5.8,7.6,12.09,160.7,1.15,,Springbroook Creek,Garrison Creek River Mile 1.8
251221151121,2022-04-17,7.8,7.8,12.67,172.8,1.34,,Springbroook Creek,Garrison Creek River Mile 1.8
251221151121,2022-07-21,15.9,7.8,9.58,204.8,,,Springbroook Creek,Garrison Creek River Mile 1.8
251221151121,2022-08-16,,,,,,,Springbroook Creek,Garrison Creek River Mile 1.8
251221151121,2022-10-30,10.7,7.7,10.3,190.7,0.02,,Springbroook Creek,Garrison Creek River Mile 1.8
251221151121,2023-01-22,5.8,7.71,12.65,136.9,3.7,,Springbroook Creek,Garrison Creek River Mile 1.8
251221151121,2023-04-16,8.8,7.67,11.71,157.5,,,Springbroook Creek,Garrison Creek River Mile 1.8
251221151121,2023-07-25,15.8,7.87,9.52,208.6,,,Springbroook Creek,Garrison Creek River Mile 1.8
251221151121,2024-01-21,5.4,7.44,12.33,84.4,,,Springbroook Creek,Garrison Creek River Mile 1.8
251221151218,2023-10-29,5.0,7.49,12.47,200.0,,,Springbrook Creek,Garrison Creek River Mile 2.2
251221151218,2024-05-05,9.9,7.59,10.87,156.7,,,Springbrook Creek,Garrison Creek River Mile 2.2
251221151218,2024-07-25,14.7,7.82,9.71,225.8,,,Springbrook Creek,Garrison Creek River Mile 2.2
251221151218,2024-10-26,10.9,7.75,10.22,222.3,,,Springbrook Creek,Garrison Creek River Mile 2.2
251221151218,2025-02-16,4.3,7.81,12.82,194.1,,,Springbrook Creek,Garrison Creek River Mile 2.2
251221151218,2025-06-16,12.4,7.48,9.83,217.9,,,Springbrook Creek,Garrison Creek River Mile 2.2
251221151218,2025-11-23,9.9,7.48,10.66,164.8,,,Springbrook Creek,Garrison Creek River Mile 2.2
251221151317,2021-11-14,12.0,6.5,10.9,131.8,,,Longfellow Creek,Longfellow Creek River Mile 0.7
251221151317,2022-05-28,12.7,7.8,9.72,308.1,2.07,,Longfellow Creek,Longfellow Creek River Mile 0.7
251221151317,2022-08-25,17.9,7.6,8.2,291.5,,,Longfellow Creek,Longfellow Creek River Mile 0.7
251221151317,2023-11-19,9.1,9.1,10.76,222.6,,,Longfellow Creek,Longfellow Creek River Mile 0.7
251221151317,2024-02-18,7.4,7.69,11.59,281.8,,,Longfellow Creek,Longfellow Creek River Mile 0.7
251221151317,2024-06-16,13.4,7.4,9.65,302.9,,,Longfellow Creek,Longfellow Creek River Mile 0.7
251221151317,2024-08-22,16.3,7.6,8.74,293.9,,,Longfellow Creek,Longfellow Creek River Mile 0.7
251221151517,2022-08-25,17.7,7.7,8.7,303.6,,,Longfellow Creek,Longfellow Creek River Mile 1.5
251221151517,2023-11-19,9.6,9.19,10.28,181.3,,,Longfellow Creek,Longfellow Creek River Mile 1.5
251221151517,2024-02-18,7.9,7.71,11.38,290.8,,,Longfellow Creek,Longfellow Creek River Mile 1.5
251221151517,2024-06-16,12.8,7.73,9.76,286.2,,,Longfellow Creek,Longfellow Creek River Mile 1.5
251221151517,2024-08-22,15.5,7.7,9.08,297.9,,,Longfellow Creek,Longfellow Creek River Mile 1.5
251221151617,2022-05-28,13.1,7.4,7.55,310.8,1.84,,Longfellow Creek,Longfellow Creek River Mile 2.0
251221151617,2022-08-25,16.6,7.3,6.34,310.8,,,Longfellow Creek,Longfellow Creek River Mile 2.0
251221151617,2023-11-19,10.1,8.91,8.75,228.2,,,Longfellow Creek,Longfellow Creek River Mile 2.0
251221151617,2024-02-18,8.6,7.51,10.18,303.7,,,Longfellow Creek,Longfellow Creek River Mile 2.0
251221151617,2024-06-16,13.2,7.33,7.35,294.9,,,Longfellow Creek,Longfellow Creek River Mile 2.0
251221151617,2024-08-22,15.4,7.4,7.34,299.2,,,Longfellow Creek,Longfellow Creek River Mile 2.0
251221151814,2021-11-14,12.1,5.6,5.1,44.4,,,Longfellow Creek,Longfellow Creek River Mile 4.5
251221151814,2022-05-28,,,,,,,Longfellow Creek,Longfellow Creek River Mile 4.5
251221151814,2023-11-19,7.3,7.5,2.08,41.1,,,Longfellow Creek,Longfellow Creek River Mile 4.5
251221151814,2024-02-18,6.4,6.54,4.45,66.1,,,Longfellow Creek,Longfellow Creek River Mile 4.5
251221151814,2024-06-16,,,,,,,Longfellow Creek,Longfellow Creek River Mile 4.5
251221151814,2024-08-22,,,,,,,Longfellow Creek,Longfellow Creek River Mile 4.5
251221151903,2022-11-20,4.1,7.2,10.68,243.5,0.01,,May Creek,May Creek River Mile 7.7
251221151903,2023-02-18,6.2,7.26,11.6,157.9,0.0,,May Creek,May Creek River Mile 7.7
251221151903,2023-05-14,12.7,7.28,9.7,149.2,,,May Creek,May Creek River Mile 7.7
251221151903,2023-08-23,14.4,7.14,7.78,263.5,,,May Creek,May Creek River Mile 7.7
251221152037,2022-11-20,1.9,6.6,6.85,173.5,0.0,,May Creek,May Creek River Mile 4.2
251221152037,2023-02-18,4.9,6.8,8.15,125.8,0.0,,May Creek,May Creek River Mile 4.2
251221152037,2023-05-14,17.6,6.62,1.12,132.0,,,May Creek,May Creek River Mile 4.2
251221152037,2023-08-23,14.7,6.4,0.26,210.7,,,May Creek,May Creek River Mile 4.2
251221152129,2022-11-20,7.9,7.73,11.56,216.0,0.12,,May Creek,Honey Dew Creek River Mile 0.3
251221152129,2023-02-18,8.2,7.77,11.89,192.9,,,May Creek,Honey Dew Creek River Mile 0.3
251221152129,2023-05-14,14.3,7.77,10.19,207.9,,,May Creek,Honey Dew Creek River Mile 0.3
251221152129,2023-08-23,13.4,7.84,10.17,220.7,,,May Creek,Honey Dew Creek River Mile 0.3
251221152222,2022-11-20,2.6,7.75,13.37,173.5,0.08,,May Creek,May Creek River Mile 3.0
251221152222,2023-02-18,5.6,7.55,12.38,139.0,0.0,,May Creek,May Creek River Mile 3.0
251221152222,2023-05-14,19.0,7.72,9.11,154.6,,,May Creek,May Creek River Mile 3.0
251221152222,2023-08-23,15.1,8.03,10.01,177.5,,,May Creek,May Creek River Mile 3.0
251221152323,2022-11-20,3.1,7.8,13.35,189.8,0.01,,May Creek,Borren Creek River Mile 0.0
251221152323,2023-02-18,6.1,7.77,12.37,188.5,0.0,,May Creek,Borren Creek River Mile 0.0
251221152323,2023-05-14,20.2,7.89,8.94,195.4,,,May Creek,Borren Creek River Mile 0.0
251221152323,2023-08-23,15.9,7.91,9.17,280.4,,,May Creek,Borren Creek River Mile 0.0
251221152424,2022-11-20,4.3,7.75,12.75,157.6,0.02,,May Creek,May Creek River Mile 0.2
251221152424,2023-02-18,6.7,7.82,12.45,150.8,0.0,,May Creek,May Creek River Mile 0.2
251221152424,2023-05-14,18.4,7.78,9.27,177.7,,,May Creek,May Creek River Mile 0.2
251221152424,2023-08-23,16.2,8.26,10.4,215.9,,,May Creek,May Creek River Mile 0.2
251221152517,2021-08-12,8.7,6.3,11.9,156.0,0.62,,Des Moines Creek,Des Moines Creek River Mile 0.2
251221152517,2021-12-15,6.5,6.7,13.14,150.3,0.36,,Des Moines Creek,Des Moines Creek River Mile 0.2
251221152517,2022-02-20,7.8,7.8,11.39,208.3,1.92,,Des Moines Creek,Des Moines Creek River Mile 0.2
251221152517,2022-06-19,13.3,7.8,9.95,179.2,2.07,,Des Moines Creek,Des Moines Creek River Mile 0.2
251221152517,2022-09-25,13.3,7.8,10.01,261.0,0.16,,Des Moines Creek,Des Moines Creek River Mile 0.2
251221152517,2022-12-07,6.3,7.45,11.66,264.5,6.08,,Des Moines Creek,Des Moines Creek River Mile 0.2
251221152517,2022-12-14,6.2,7.5,11.81,262.5,2.83,,Des Moines Creek,Des Moines Creek River Mile 0.2
251221152517,2023-12-06,10.0,7.15,11.11,87.3,,,Des Moines Creek,Des Moines Creek River Mile 0.2
251221152517,2023-12-13,7.3,7.66,11.81,168.9,,,Des Moines Creek,Des Moines Creek River Mile 0.2
251221152605,2022-02-20,7.6,7.0,10.3,149.1,1.03,,Des Moines Creek,Des Moines Creek River Mile 2.0
251221152605,2022-06-19,13.9,7.0,8.5,131.4,2.14,,Des Moines Creek,Des Moines Creek River Mile 2.0
251221152605,2022-09-25,12.9,7.4,9.15,257.6,0.17,,Des Moines Creek,Des Moines Creek River Mile 2.0
251221152655,2021-12-08,9.2,7.8,11.7,260.4,6.31,,Des Moines Creek,Des Moines Creek Tributary River Mile 0.0
251221152655,2021-12-15,7.4,7.7,12.4,254.9,4.01,,Des Moines Creek,Des Moines Creek Tributary River Mile 0.0
251221152655,2022-02-20,8.0,7.8,11.26,249.2,6.17,,Des Moines Creek,Des Moines Creek Tributary River Mile 0.0
251221152655,2022-06-19,13.2,7.8,10.0,254.5,4.82,,Des Moines Creek,Des Moines Creek Tributary River Mile 0.0
251221152655,2022-09-25,,,,,,,Des Moines Creek,Des Moines Creek Tributary River Mile 0.0
251221152655,2022-12-07,7.4,7.55,11.77,284.7,19.5,,Des Moines Creek,Des Moines Creek Tributary River Mile 0.0
251221152655,2022-12-14,7.0,7.7,11.77,333.0,13.6,,Des Moines Creek,Des Moines Creek Tributary River Mile 0.0
251221152655,2023-12-06,10.2,7.42,10.84,233.9,,,Des Moines Creek,Des Moines Creek Tributary River Mile 0.0
251221152655,2023-12-13,8.4,7.74,11.4,271.3,,,Des Moines Creek,Des Moines Creek Tributary River Mile 0.0
251221152745,2022-02-20,7.2,7.6,11.44,272.4,1.9,,Barnes-Massey Creek,Barnes Creek River Mile 0.8
251221152745,2022-05-07,10.5,7.09,10.66,108.4,3.76,,Barnes-Massey Creek,Barnes Creek River Mile 0.8
251221152745,2022-06-19,12.6,7.7,9.76,193.6,2.63,,Barnes-Massey Creek,Barnes Creek River Mile 0.8
251221152839,2021-08-28,15.8,6.6,6.7,230.2,0.73,,Barnes-Massey Creek,Barnes Creek River Mile 0.6
251221152839,2022-05-07,12.0,6.85,9.57,135.6,1.84,,Barnes-Massey Creek,Barnes Creek River Mile 0.6
251221152839,2022-09-25,15.5,7.5,8.6,242.4,0.64,,Barnes-Massey Creek,Barnes Creek River Mile 0.6
251221152931,2022-06-19,14.2,7.8,9.53,211.3,2.69,,Massey Creek,Massey Creek River Mile 0.2
251221152931,2022-09-25,14.2,7.8,9.51,271.1,0.25,,Massey Creek,Massey Creek River Mile 0.2
251221153056,2022-02-20,7.7,8.4,12.95,197.6,1.85,,McSorley Creek,McSorley Creek River Mile 0.0
251221153056,2022-06-19,14.4,7.9,9.85,175.6,1.99,,McSorley Creek,McSorley Creek River Mile 0.0
251221153056,2022-09-25,14.1,7.98,9.89,270.0,0.14,,McSorley Creek,McSorley Creek River Mile 0.0
251221153156,2022-02-20,7.0,7.8,11.8,198.1,2.59,,McSorley Creek,"McSorley Creek, River Mile 0.6"
251221153156,2022-06-19,13.3,7.9,10.15,178.1,2.9,,McSorley Creek,"McSorley Creek, River Mile 0.6"
251221153641,2024-11-23,7.9,7.79,11.53,130.0,,,Soos Creek,Soos Creek River Mile 3.0
251221153641,2025-03-16,8.0,7.66,11.68,133.0,,,Soos Creek,Soos Creek River Mile 3.0
251221153641,2025-07-15,17.9,7.61,9.47,146.2,,,Soos Creek,Soos Creek River Mile 3.0
251221153641,2025-09-07,15.5,7.97,10.07,146.6,,,Soos Creek,Soos Creek River Mile 3.0
251221153821,2024-11-23,8.2,7.93,11.48,134.2,,,Soos Creek,Covington Creek River Mile 0.0
251221153821,2025-03-16,7.8,7.82,11.73,146.8,,,Soos Creek,Covington Creek River Mile 0.0
251221153821,2025-07-15,14.7,7.61,9.95,134.9,,,Soos Creek,Covington Creek River Mile 0.0
251221153821,2025-09-07,13.0,7.84,10.45,139.5,,,Soos Creek,Covington Creek River Mile 0.0
251221153909,2024-11-23,8.0,7.42,10.86,131.5,,,Soos Creek,Jenkins Creek River Mile 1.3
251221153909,2025-03-16,8.0,7.26,11.4,115.5,,,Soos Creek,Jenkins Creek River Mile 1.3
251221153909,2025-07-15,17.4,7.55,8.97,156.2,,,Soos Creek,Jenkins Creek River Mile 1.3
251221153909,2025-09-07,16.1,7.51,8.41,155.3,,,Soos Creek,Jenkins Creek River Mile 1.3
251221154015,2024-11-23,8.0,7.58,11.28,74.9,,,Soos Creek,Little Soos Creek River Mile 1.3
251221154015,2025-03-16,6.6,7.11,11.83,70.8,,,Soos Creek,Little Soos Creek River Mile 1.3
251221154015,2025-07-15,18.7,7.06,8.97,57.8,,,Soos Creek,Little Soos Creek River Mile 1.3
251221154015,2025-09-07,17.9,7.46,9.2,64.3,,,Soos Creek,Little Soos Creek River Mile 1.3
251221154202,2024-11-23,6.6,6.93,6.45,113.5,,,Soos Creek,Soos Creek River Mile 11.5
251221154202,2025-03-16,6.2,6.84,8.59,107.6,,,Soos Creek,Soos Creek River Mile 11.5
251221154202,2025-07-15,18.9,6.84,0.9,190.7,,,Soos Creek,Soos Creek River Mile 11.5
251221154202,2025-09-07,17.0,6.93,0.56,196.0,,,Soos Creek,Soos Creek River Mile 11.5
251221154334,2021-04-25,14.6,7.1,5.6,188.1,0.98,,Springbrook Creek,Boeing Channel River Mile 0.0
5303301,2015-09-06,13.0,8.0,8.8,,,,Bear Creek-Sammamish River,Little Bear Creek
5303301,2015-10-07,12.0,8.0,9.2,,,,Bear Creek-Sammamish River,Little Bear Creek
5303301,2015-11-09,9.5,7.0,9.5,,,,Bear Creek-Sammamish River,Little Bear Creek
5303301,2015-12-08,8.0,7.0,10.0,,,,Bear Creek-Sammamish River,Little Bear Creek
5303301,2016-01-06,4.0,7.0,10.8,,,,Bear Creek-Sammamish River,Little Bear Creek
5303301,2016-02-04,7.5,7.0,10.1,,,,Bear Creek-Sammamish River,Little Bear Creek
5303301,2016-03-07,10.0,7.0,10.0,,,,Bear Creek-Sammamish River,Little Bear Creek
5303301,2016-04-06,12.5,7.0,9.3,,,,Bear Creek-Sammamish River,Little Bear Creek
5303301,2016-05-10,12.0,7.5,9.2,,,,Bear Creek-Sammamish River,Little Bear Creek
5303301,2016-06-06,19.0,8.0,7.6,,,,Bear Creek-Sammamish River,Little Bear Creek
5303301,2016-07-06,13.5,8.0,8.9,,,,Bear Creek-Sammamish River,Little Bear Creek
5303301,2016-08-07,14.0,7.5,8.9,,,,Bear Creek-Sammamish River,Little Bear Creek
5303301,2016-08-20,17.0,7.5,7.9,,,,Bear Creek-Sammamish River,Little Bear Creek
5303301,2016-09-03,15.0,7.5,8.1,,,,Bear Creek-Sammamish River,Little Bear Creek
5303301,2016-10-02,12.0,7.5,9.4,,,,Bear Creek-Sammamish River,Little Bear Creek
5303301,2016-11-07,12.0,7.5,9.5,,,,Bear Creek-Sammamish River,Little Bear Creek
5303301,2016-12-06,5.5,7.0,11.0,,,,Bear Creek-Sammamish River,Little Bear Creek
5303301,2017-01-02,4.0,10.0,11.5,,,,Bear Creek-Sammamish River,Little Bear Creek
5303301,2017-02-07,4.0,7.0,11.2,,,,Bear Creek-Sammamish River,Little Bear Creek
5303301,2017-03-07,6.0,7.0,10.9,,,,Bear Creek-Sammamish River,Little Bear Creek
5303301,2017-04-04,9.0,7.5,10.0,,,,Bear Creek-Sammamish River,Little Bear Creek
5303301,2017-05-02,11.0,7.0,9.9,,,,Bear Creek-Sammamish River,Little Bear Creek
5303301,2017-06-07,17.0,7.0,9.0,,,,Bear Creek-Sammamish River,Little Bear Creek
5303301,2017-07-05,17.0,8.0,8.6,,,,Bear Creek-Sammamish River,Little Bear Creek
5303301,2017-08-07,18.5,7.0,8.4,,,,Bear Creek-Sammamish River,Little Bear Creek
5303301,2017-09-05,16.5,8.0,8.7,,,,Bear Creek-Sammamish River,Little Bear Creek
5303301,2017-09-20,12.0,8.0,9.4,,,,Bear Creek-Sammamish River,Little Bear Creek
5303301,2017-10-05,11.0,7.0,9.9,,,,Bear Creek-Sammamish River,Little Bear Creek
5303301,2017-11-06,7.0,7.0,12.9,,,,Bear Creek-Sammamish River,Little Bear Creek
5303301,2017-12-05,5.0,7.5,11.7,,,,Bear Creek-Sammamish River,Little Bear Creek
5303301,2018-01-02,4.0,7.0,11.9,,,,Bear Creek-Sammamish River,Little Bear Creek
5303301,2018-02-06,9.0,7.0,10.3,,,,Bear Creek-Sammamish River,Little Bear Creek
5303301,2018-03-06,7.0,7.0,10.0,,,,Bear Creek-Sammamish River,Little Bear Creek
5303301,2018-04-03,8.0,7.5,10.2,,,,Bear Creek-Sammamish River,Little Bear Creek
5303301,2018-05-01,11.0,7.5,10.0,,,,Bear Creek-Sammamish River,Little Bear Creek
5303301,2018-06-01,13.0,8.0,9.2,,,,Bear Creek-Sammamish River,Little Bear Creek
5303301,2018-07-09,16.5,8.0,8.4,,,,Bear Creek-Sammamish River,Little Bear Creek
5303301,2018-08-06,18.0,8.0,9.5,,,,Bear Creek-Sammamish River,Little Bear Creek
5303301,2018-09-04,14.5,8.0,9.5,,,,Bear Creek-Sammamish River,Little Bear Creek
5303301,2018-10-01,14.0,7.5,9.7,,,,Bear Creek-Sammamish River,Little Bear Creek
5303301,2018-11-02,12.5,7.0,9.2,,,,Bear Creek-Sammamish River,Little Bear Creek
5303301,2018-12-03,6.5,7.5,11.9,,,,Bear Creek-Sammamish River,Little Bear Creek
5303301,2019-04-01,10.0,7.5,10.4,,,,Bear Creek-Sammamish River,Little Bear Creek
5303301,2019-05-06,13.5,7.5,9.3,,,,Bear Creek-Sammamish River,Little Bear Creek
5303301,2019-06-05,13.5,7.5,9.3,,,,Bear Creek-Sammamish River,Little Bear Creek
5303301,2019-07-01,17.0,8.0,8.3,,,,Bear Creek-Sammamish River,Little Bear Creek
5303301,2019-08-08,16.0,8.0,9.1,,,,Bear Creek-Sammamish River,Little Bear Creek
5303301,2019-09-11,15.5,8.0,8.9,,,,Bear Creek-Sammamish River,Little Bear Creek
5303301,2019-10-09,9.0,7.5,9.7,,,,Bear Creek-Sammamish River,Little Bear Creek
5303301,2019-11-06,8.0,8.0,10.7,,,,Bear Creek-Sammamish River,Little Bear Creek
5303301,2019-11-12,7.5,7.5,10.3,,,,Bear Creek-Sammamish River,Little Bear Creek
5303301,2019-12-11,7.5,7.5,10.3,,,,Bear Creek-Sammamish River,Little Bear Creek
5303301,2020-01-08,7.5,7.0,10.0,,,,Bear Creek-Sammamish River,Little Bear Creek
5303301,2020-03-11,7.0,7.5,11.0,,,,Bear Creek-Sammamish River,Little Bear Creek
5303301,2020-09-07,18.0,7.5,8.9,,,,Bear Creek-Sammamish River,Little Bear Creek
5303301,2021-04-08,9.5,8.0,10.3,,,,Bear Creek-Sammamish River,Little Bear Creek
5303301,2021-05-21,12.0,8.0,10.0,,,,Bear Creek-Sammamish River,Little Bear Creek
5303301,2021-07-06,18.0,8.0,8.9,,,,Bear Creek-Sammamish River,Little Bear Creek
5303301,2021-08-05,18.0,8.0,9.3,,,,Bear Creek-Sammamish River,Little Bear Creek
5303301,2021-09-14,14.4,8.0,9.7,,,,Bear Creek-Sammamish River,Little Bear Creek
5303301,2022-03-16,9.0,7.5,9.8,,,,Bear Creek-Sammamish River,Little Bear Creek
5303301,2022-04-12,8.0,7.5,10.3,,,,Bear Creek-Sammamish River,Little Bear Creek
5303301,2022-08-16,17.5,8.0,8.7,,,,Bear Creek-Sammamish River,Little Bear Creek
5303301,2022-09-27,14.0,8.0,9.7,,,,Bear Creek-Sammamish River,Little Bear Creek
5303301,2023-05-02,7.0,8.0,10.8,,,,Bear Creek-Sammamish River,Little Bear Creek
5303301,2023-06-06,15.0,7.5,9.0,,,,Bear Creek-Sammamish River,Little Bear Creek
5303301,2023-07-03,7.0,7.5,10.5,,,,Bear Creek-Sammamish River,Little Bear Creek
5303301,2023-09-05,12.0,8.0,9.6,,,,Bear Creek-Sammamish River,Little Bear Creek
5303301,2023-12-04,9.0,8.0,10.2,,,,Bear Creek-Sammamish River,Little Bear Creek
5303302,2015-09-27,12.0,7.0,3.0,,,,North Creek,Parr Creek
5303302,2015-10-17,14.0,7.0,2.7,,,,North Creek,Parr Creek
5303302,2015-11-22,7.0,7.0,5.1,,,,North Creek,Parr Creek
5303302,2015-12-19,8.0,7.0,6.0,,,,North Creek,Parr Creek
5303302,2016-01-17,8.0,7.0,7.9,,,,North Creek,Parr Creek
5303302,2016-02-21,8.0,7.0,6.9,,,,North Creek,Parr Creek
5303302,2016-03-20,10.0,7.0,5.7,,,,North Creek,Parr Creek
5303302,2016-04-17,12.0,7.0,5.2,,,,North Creek,Parr Creek
5303302,2016-05-22,14.0,6.5,4.0,,,,North Creek,Parr Creek
5303302,2016-06-18,14.5,7.0,5.0,,,,North Creek,Parr Creek
5303302,2016-07-17,19.0,7.0,5.7,,,,North Creek,Parr Creek
5303302,2016-08-20,30.5,7.0,7.1,,,,North Creek,Parr Creek
5303302,2016-09-03,17.5,7.0,4.4,,,,North Creek,Parr Creek
5303302,2016-09-18,16.5,7.0,3.6,,,,North Creek,Parr Creek
5303302,2016-10-23,12.0,7.0,4.2,,,,North Creek,Parr Creek
5303302,2016-12-03,10.0,6.5,6.4,,,,North Creek,Parr Creek
5303302,2017-01-21,8.0,6.5,7.1,,,,North Creek,Parr Creek
5303302,2018-02-28,7.0,6.5,6.7,,,,North Creek,Parr Creek
5303302,2018-03-28,9.5,7.0,6.6,,,,North Creek,Parr Creek
5303302,2018-04-30,11.5,7.0,3.5,,,,North Creek,Parr Creek
5303302,2018-05-30,13.5,7.0,5.4,,,,North Creek,Parr Creek
5303302,2018-06-24,16.0,7.0,3.9,,,,North Creek,Parr Creek
5303302,2018-07-27,17.5,7.0,3.3,,,,North Creek,Parr Creek
5303302,2018-08-30,15.5,7.0,2.2,,,,North Creek,Parr Creek
5303302,2018-09-29,13.5,7.0,1.6,,,,North Creek,Parr Creek
5303302,2018-10-28,12.0,6.5,4.7,,,,North Creek,Parr Creek
5303302,2018-11-28,10.0,6.5,4.9,,,,North Creek,Parr Creek
5303302,2019-01-30,6.0,7.0,5.3,,,,North Creek,Parr Creek
5303302,2019-02-27,6.0,7.0,6.7,,,,North Creek,Parr Creek
5303302,2019-03-27,8.5,7.0,6.2,,,,North Creek,Parr Creek
5303302,2019-04-28,10.5,7.0,6.9,,,,North Creek,Parr Creek
5303302,2019-05-31,15.0,7.0,2.5,,,,North Creek,Parr Creek
5303302,2019-06-22,15.0,7.0,2.6,,,,North Creek,Parr Creek
5303302,2019-07-27,17.5,7.0,3.4,,,,North Creek,Parr Creek
5303302,2019-08-31,17.0,7.0,3.2,,,,North Creek,Parr Creek
5303302,2019-09-22,15.5,7.0,1.8,,,,North Creek,Parr Creek
5303302,2019-10-24,11.0,7.0,2.8,,,,North Creek,Parr Creek
5303302,2019-11-30,4.5,7.0,4.4,,,,North Creek,Parr Creek
5303302,2020-02-26,8.5,7.0,5.1,,,,North Creek,Parr Creek
5303302,2020-06-17,14.0,7.0,3.4,,,,North Creek,Parr Creek
5303304,2025-04-06,10.5,8.0,10.1,220.0,,,Bear Creek-Sammamish River,Horse Creek
5303305,2015-09-14,14.0,7.5,9.3,,,,Swamp Creek,Little Swamp Creek
5303305,2015-10-13,13.5,8.0,8.6,,,,Swamp Creek,Little Swamp Creek
5303305,2015-11-15,9.0,7.0,9.5,,,,Swamp Creek,Little Swamp Creek
5303305,2015-12-15,7.0,7.0,10.8,,,,Swamp Creek,Little Swamp Creek
5303305,2016-01-17,6.0,7.5,10.5,,,,Swamp Creek,Little Swamp Creek
5303305,2016-02-15,7.5,6.5,7.8,,,,Swamp Creek,Little Swamp Creek
5303305,2016-03-04,8.0,7.5,10.1,,,,Swamp Creek,Little Swamp Creek
5303305,2016-04-04,11.5,8.0,9.1,,,,Swamp Creek,Little Swamp Creek
5303305,2016-05-15,11.0,8.0,8.8,,,,Swamp Creek,Little Swamp Creek
5303305,2016-06-10,13.5,8.0,8.7,,,,Swamp Creek,Little Swamp Creek
5303305,2016-07-02,16.0,8.0,8.1,,,,Swamp Creek,Little Swamp Creek
5303305,2016-08-06,15.0,8.0,8.3,,,,Swamp Creek,Little Swamp Creek
5303305,2016-08-21,16.0,8.0,7.4,,,,Swamp Creek,Little Swamp Creek
5303305,2016-09-03,14.5,7.0,7.7,,,,Swamp Creek,Little Swamp Creek
5303305,2016-10-08,13.5,8.0,8.3,,,,Swamp Creek,Little Swamp Creek
5303305,2016-11-10,12.5,7.0,8.8,,,,Swamp Creek,Little Swamp Creek
5303305,2016-12-03,9.0,7.0,9.8,,,,Swamp Creek,Little Swamp Creek
5303305,2017-01-08,4.0,7.5,11.8,,,,Swamp Creek,Little Swamp Creek
5303305,2017-02-05,5.0,7.0,10.9,,,,Swamp Creek,Little Swamp Creek
5303305,2017-03-04,7.5,7.0,10.3,,,,Swamp Creek,Little Swamp Creek
5303305,2017-04-02,10.5,7.0,10.2,,,,Swamp Creek,Little Swamp Creek
5303305,2017-05-06,11.0,7.0,9.7,,,,Swamp Creek,Little Swamp Creek
5303305,2017-06-11,15.0,7.0,8.7,,,,Swamp Creek,Little Swamp Creek
5303305,2017-07-05,18.0,7.0,7.8,,,,Swamp Creek,Little Swamp Creek
5303305,2017-08-06,17.0,7.0,8.3,,,,Swamp Creek,Little Swamp Creek
5303305,2017-09-02,17.0,7.0,8.1,,,,Swamp Creek,Little Swamp Creek
5303305,2017-09-20,12.5,7.0,9.0,,,,Swamp Creek,Little Swamp Creek
5303305,2017-10-01,14.0,7.0,8.8,,,,Swamp Creek,Little Swamp Creek
5303305,2017-11-05,7.0,7.0,10.1,,,,Swamp Creek,Little Swamp Creek
5303305,2017-12-19,7.0,7.0,9.9,,,,Swamp Creek,Little Swamp Creek
5303305,2018-01-21,7.5,8.5,10.2,,,,Swamp Creek,Little Swamp Creek
5303305,2018-02-11,6.0,7.0,10.5,,,,Swamp Creek,Little Swamp Creek
5303305,2018-03-16,7.0,7.0,13.0,,,,Swamp Creek,Little Swamp Creek
5303305,2018-04-13,9.0,7.0,12.2,,,,Swamp Creek,Little Swamp Creek
5303305,2018-05-15,16.0,7.5,9.6,,,,Swamp Creek,Little Swamp Creek
5303305,2018-06-05,13.0,7.5,10.6,,,,Swamp Creek,Little Swamp Creek
5303305,2018-07-20,15.5,8.0,10.6,,,,Swamp Creek,Little Swamp Creek
5303305,2018-08-22,17.0,7.5,8.1,,,,Swamp Creek,Little Swamp Creek
5303305,2018-09-22,14.5,7.5,8.3,,,,Swamp Creek,Little Swamp Creek
5303305,2018-10-12,11.0,7.0,8.9,,,,Swamp Creek,Little Swamp Creek
5303305,2018-11-19,6.0,7.0,10.1,,,,Swamp Creek,Little Swamp Creek
5303305,2018-12-23,7.0,7.0,9.8,,,,Swamp Creek,Little Swamp Creek
5303305,2019-01-14,4.5,7.0,10.5,,,,Swamp Creek,Little Swamp Creek
5303305,2019-02-14,4.0,7.0,10.5,,,,Swamp Creek,Little Swamp Creek
5303305,2019-03-10,4.0,7.0,12.0,,,,Swamp Creek,Little Swamp Creek
5303305,2019-04-10,9.0,7.0,10.2,,,,Swamp Creek,Little Swamp Creek
5303305,2019-05-10,15.0,7.5,8.0,,,,Swamp Creek,Little Swamp Creek
5303305,2019-06-25,15.0,7.5,8.5,,,,Swamp Creek,Little Swamp Creek
5303305,2019-07-25,15.5,7.5,8.4,,,,Swamp Creek,Little Swamp Creek
5303305,2019-08-31,17.5,7.5,7.4,,,,Swamp Creek,Little Swamp Creek
5303305,2019-09-10,16.0,7.0,7.3,,,,Swamp Creek,Little Swamp Creek
5303305,2019-10-31,6.5,7.5,10.5,,,,Swamp Creek,Little Swamp Creek
5303305,2019-11-22,7.0,7.5,10.4,,,,Swamp Creek,Little Swamp Creek
5303305,2019-12-20,8.0,7.0,10.3,,,,Swamp Creek,Little Swamp Creek
5303305,2020-01-18,7.5,7.0,10.6,,,,Swamp Creek,Little Swamp Creek
5303305,2020-02-26,7.5,7.5,10.7,,,,Swamp Creek,Little Swamp Creek
5303305,2020-03-28,8.5,7.5,10.8,,,,Swamp Creek,Little Swamp Creek
5303305,2020-04-22,11.0,7.0,9.3,,,,Swamp Creek,Little Swamp Creek
5303305,2020-05-28,15.0,7.5,8.2,,,,Swamp Creek,Little Swamp Creek
5303305,2020-06-13,13.5,7.5,8.9,,,,Swamp Creek,Little Swamp Creek
5303305,2020-07-29,18.0,7.5,7.0,,,,Swamp Creek,Little Swamp Creek
5303305,2020-08-06,17.0,7.0,7.3,,,,Swamp Creek,Little Swamp Creek
5303305,2020-09-26,14.5,7.0,8.1,,,,Swamp Creek,Little Swamp Creek
5303305,2020-10-11,12.5,7.0,,,,,Swamp Creek,Little Swamp Creek
5303305,2020-11-30,8.0,7.0,10.0,,,,Swamp Creek,Little Swamp Creek
5303305,2020-12-22,7.0,7.0,10.5,,,,Swamp Creek,Little Swamp Creek
5303305,2021-01-29,7.0,7.0,10.7,,,,Swamp Creek,Little Swamp Creek
5303305,2021-02-28,7.5,7.5,11.2,,,,Swamp Creek,Little Swamp Creek
5303305,2021-03-26,8.0,7.0,11.2,,,,Swamp Creek,Little Swamp Creek
5303305,2021-04-19,11.5,7.5,10.0,,,,Swamp Creek,Little Swamp Creek
5303305,2021-05-27,12.5,7.5,8.8,,,,Swamp Creek,Little Swamp Creek
5303305,2021-06-24,19.0,7.5,7.5,,,,Swamp Creek,Little Swamp Creek
5303305,2021-07-22,15.0,7.5,8.6,,,,Swamp Creek,Little Swamp Creek
5303305,2021-08-27,15.0,7.5,9.2,,,,Swamp Creek,Little Swamp Creek
5303305,2021-11-10,10.0,7.0,7.7,,,,Swamp Creek,Little Swamp Creek
5303305,2022-01-03,3.5,7.0,11.6,,,,Swamp Creek,Little Swamp Creek
5303305,2022-02-03,6.5,7.5,10.7,,,,Swamp Creek,Little Swamp Creek
5303305,2022-03-10,7.5,7.0,10.6,,,,Swamp Creek,Little Swamp Creek
5303305,2022-04-03,8.0,7.5,11.2,,,,Swamp Creek,Little Swamp Creek
5303305,2022-05-26,14.0,7.5,8.6,,,,Swamp Creek,Little Swamp Creek
5303305,2022-07-27,17.5,7.5,8.0,,,,Swamp Creek,Little Swamp Creek
5303305,2022-08-16,16.5,7.5,7.7,,,,Swamp Creek,Little Swamp Creek
5303305,2022-08-25,18.5,7.5,6.8,,,,Swamp Creek,Little Swamp Creek
5303305,2022-09-29,14.5,7.5,8.1,,,,Swamp Creek,Little Swamp Creek
5303305,2022-10-31,12.0,7.0,8.8,,,,Swamp Creek,Little Swamp Creek
5303305,2022-12-12,7.0,7.0,10.6,,,,Swamp Creek,Little Swamp Creek
5303305,2023-01-05,7.5,7.0,10.2,,,,Swamp Creek,Little Swamp Creek
5303305,2023-03-28,10.0,7.5,11.0,,,,Swamp Creek,Little Swamp Creek
5303305,2023-05-01,7.5,7.0,10.2,,,,Swamp Creek,Little Swamp Creek
5303305,2023-05-23,13.0,7.5,8.9,,,,Swamp Creek,Little Swamp Creek
5303305,2023-07-25,16.5,7.5,7.6,,,,Swamp Creek,Little Swamp Creek
5303305,2023-08-25,17.0,7.5,7.8,,,,Swamp Creek,Little Swamp Creek
5303305,2023-09-15,14.5,7.5,8.3,,,,Swamp Creek,Little Swamp Creek
5303305,2023-10-23,13.0,8.0,8.7,,,,Swamp Creek,Little Swamp Creek
5303305,2023-11-30,4.0,7.5,10.3,,,,Swamp Creek,Little Swamp Creek
5303305,2024-04-29,10.0,7.0,9.3,,,,Swamp Creek,Little Swamp Creek
5303305,2024-05-31,12.5,7.0,8.5,,,,Swamp Creek,Little Swamp Creek
5303305,2024-06-18,12.5,7.0,8.7,247.0,,,Swamp Creek,Little Swamp Creek
5303305,2024-06-22,12.5,7.0,8.7,247.0,,,Swamp Creek,Little Swamp Creek
5303305,2024-07-20,16.5,7.0,7.5,283.0,,,Swamp Creek,Little Swamp Creek
5303305,2024-09-30,13.0,7.5,8.3,275.0,,,Swamp Creek,Little Swamp Creek
5303305,2024-10-23,11.0,7.5,8.9,266.0,,,Swamp Creek,Little Swamp Creek
5303305,2024-12-24,8.0,7.5,9.8,160.0,,,Swamp Creek,Little Swamp Creek
5303305,2025-01-21,3.0,7.5,11.8,240.0,,,Swamp Creek,Little Swamp Creek
5303305,2025-04-15,11.0,7.5,8.9,234.0,,,Swamp Creek,Little Swamp Creek
5303305,2025-05-27,17.5,7.5,7.7,237.0,,,Swamp Creek,Little Swamp Creek
5303305,2025-06-30,18.0,7.5,7.2,275.0,,,Swamp Creek,Little Swamp Creek
5303305,2025-07-28,17.0,7.5,7.5,277.0,,,Swamp Creek,Little Swamp Creek
5303305,2025-08-19,18.0,7.5,6.8,264.0,,,Swamp Creek,Little Swamp Creek
5303305,2025-09-19,16.0,7.5,7.6,291.0,,,Swamp Creek,Little Swamp Creek
5303305,2025-10-19,11.0,7.0,9.6,222.0,,,Swamp Creek,Little Swamp Creek
5303305,2025-11-24,8.0,7.0,9.5,227.0,,,Swamp Creek,Little Swamp Creek
5303305,2025-12-12,10.0,7.0,9.3,203.0,,,Swamp Creek,Little Swamp Creek
5303305,2026-01-24,3.0,7.0,11.6,254.0,,,Swamp Creek,Little Swamp Creek
5303305,2026-02-24,6.0,7.0,10.4,185.0,,,Swamp Creek,Little Swamp Creek
5303305,2026-03-29,8.5,7.5,9.6,,0.6,0.0,Swamp Creek,Little Swamp Creek
5303306,2016-01-14,3.0,7.5,12.3,,,,Lake Washington-Sammamish River,Stream 0056
5303306,2016-10-16,12.0,7.5,9.3,,,,Lake Washington-Sammamish River,Stream 0056
5303306,2016-11-12,12.5,7.5,9.2,,,,Lake Washington-Sammamish River,Stream 0056
5303306,2017-01-14,3.0,7.5,12.3,,,,Lake Washington-Sammamish River,Stream 0056
5303306,2017-02-12,5.5,7.0,11.6,,,,Lake Washington-Sammamish River,Stream 0056
5303306,2017-03-12,7.5,7.0,10.9,,,,Lake Washington-Sammamish River,Stream 0056
5303306,2017-04-07,10.0,7.5,10.5,,,,Lake Washington-Sammamish River,Stream 0056
5303306,2017-05-07,12.0,7.0,9.2,,,,Lake Washington-Sammamish River,Stream 0056
5303306,2017-06-11,13.0,7.5,9.6,,,,Lake Washington-Sammamish River,Stream 0056
5303306,2017-07-04,14.0,8.0,9.0,,,,Lake Washington-Sammamish River,Stream 0056
5303306,2017-08-20,13.0,7.5,9.1,,,,Lake Washington-Sammamish River,Stream 0056
5303306,2017-09-16,13.0,7.5,9.5,,,,Lake Washington-Sammamish River,Stream 0056
5303306,2017-11-19,9.0,7.0,10.6,,,,Lake Washington-Sammamish River,Stream 0056
5303306,2017-12-17,7.0,7.5,11.1,,,,Lake Washington-Sammamish River,Stream 0056
5303306,2018-01-13,8.0,7.0,11.6,,,,Lake Washington-Sammamish River,Stream 0056
5303306,2018-02-11,5.5,7.0,11.5,,,,Lake Washington-Sammamish River,Stream 0056
5303306,2018-03-11,5.0,7.0,11.2,,,,Lake Washington-Sammamish River,Stream 0056
5303306,2018-04-09,8.5,8.0,10.5,,,,Lake Washington-Sammamish River,Stream 0056
5303306,2018-05-12,12.5,7.5,9.4,,,,Lake Washington-Sammamish River,Stream 0056
5303306,2018-06-10,12.0,7.5,9.7,,,,Lake Washington-Sammamish River,Stream 0056
5303306,2018-07-08,16.0,7.5,8.4,,,,Lake Washington-Sammamish River,Stream 0056
5303306,2018-08-12,16.0,7.5,9.5,,,,Lake Washington-Sammamish River,Stream 0056
5303306,2018-09-15,14.0,7.5,9.9,,,,Lake Washington-Sammamish River,Stream 0056
5303306,2018-10-20,11.5,7.5,7.5,,,,Lake Washington-Sammamish River,Stream 0056
5303306,2018-11-18,8.0,7.0,11.5,,,,Lake Washington-Sammamish River,Stream 0056
5303306,2018-12-08,6.5,7.5,12.3,,,,Lake Washington-Sammamish River,Stream 0056
5303306,2019-01-20,6.5,7.5,10.9,,,,Lake Washington-Sammamish River,Stream 0056
5303306,2019-02-17,4.0,7.0,12.4,,,,Lake Washington-Sammamish River,Stream 0056
5303306,2019-03-17,6.0,7.5,11.0,,,,Lake Washington-Sammamish River,Stream 0056
5303306,2019-04-14,8.5,7.0,10.4,,,,Lake Washington-Sammamish River,Stream 0056
5303306,2019-05-20,12.5,7.5,9.7,,,,Lake Washington-Sammamish River,Stream 0056
5303306,2019-06-14,14.0,7.5,9.5,,,,Lake Washington-Sammamish River,Stream 0056
5303306,2019-07-07,14.5,8.0,9.1,,,,Lake Washington-Sammamish River,Stream 0056
5303306,2019-08-12,8.5,7.5,10.0,,,,Lake Washington-Sammamish River,Stream 0056
5303306,2019-08-27,17.5,7.5,7.4,,,,Lake Washington-Sammamish River,Stream 0056
5303306,2019-09-20,15.5,7.5,9.2,,,,Lake Washington-Sammamish River,Stream 0056
5303306,2019-10-13,12.0,7.5,9.7,,,,Lake Washington-Sammamish River,Stream 0056
5303306,2019-12-08,8.5,7.5,10.0,,,,Lake Washington-Sammamish River,Stream 0056
5303306,2020-01-26,8.0,7.0,10.4,,,,Lake Washington-Sammamish River,Stream 0056
5303306,2020-02-29,7.0,7.5,11.5,,,,Lake Washington-Sammamish River,Stream 0056
5303306,2021-04-11,8.5,8.0,10.4,,,,Lake Washington-Sammamish River,Stream 0056
5303306,2021-07-12,16.5,7.5,8.3,,,,Lake Washington-Sammamish River,Stream 0056
5303306,2022-01-09,5.0,7.5,11.6,,,,Lake Washington-Sammamish River,Stream 0056
5303306,2023-01-19,7.0,7.5,10.6,,,,Lake Washington-Sammamish River,Stream 0056
5303306,2023-09-12,7.5,7.5,10.5,,,,Lake Washington-Sammamish River,Stream 0056
5303306,2024-02-11,7.5,7.5,10.5,,,,Lake Washington-Sammamish River,Stream 0056
5303306,2024-03-03,6.0,7.5,10.9,,,,Lake Washington-Sammamish River,Stream 0056
5303306,2024-04-20,10.0,8.0,9.8,,,,Lake Washington-Sammamish River,Stream 0056
5303306,2024-05-18,11.0,8.0,10.3,,,,Lake Washington-Sammamish River,Stream 0056
5303306,2024-06-23,14.0,8.0,9.5,197.0,,,Lake Washington-Sammamish River,Stream 0056
5303306,2024-07-29,15.0,8.0,8.9,206.0,,,Lake Washington-Sammamish River,Stream 0056
5303306,2024-08-17,16.0,8.0,8.9,192.0,,,Lake Washington-Sammamish River,Stream 0056
5303306,2024-09-22,14.0,8.0,9.3,190.0,,,Lake Washington-Sammamish River,Stream 0056
5303306,2024-10-13,12.0,8.0,9.1,195.0,,,Lake Washington-Sammamish River,Stream 0056
5303306,2024-12-22,8.5,8.0,10.7,141.0,,,Lake Washington-Sammamish River,Stream 0056
5303306,2025-02-02,5.0,8.0,11.6,188.0,,,Lake Washington-Sammamish River,Stream 0056
5303306,2025-03-02,8.0,8.0,10.7,168.0,,,Lake Washington-Sammamish River,Stream 0056
5303306,2025-04-06,10.0,8.0,10.1,178.0,,,Lake Washington-Sammamish River,Stream 0056
5303306,2025-05-04,9.0,7.5,10.1,185.0,,,Lake Washington-Sammamish River,Stream 0056
5303306,2025-06-01,12.0,7.5,9.2,194.0,,,Lake Washington-Sammamish River,Stream 0056
5303306,2025-07-06,17.0,7.5,8.9,186.0,,,Lake Washington-Sammamish River,Stream 0056
5303306,2025-08-03,14.5,7.5,8.7,194.0,,,Lake Washington-Sammamish River,Stream 0056
5303306,2025-09-07,15.0,7.0,8.1,178.0,,,Lake Washington-Sammamish River,Stream 0056
5303306,2025-10-05,13.0,7.0,8.6,190.0,,,Lake Washington-Sammamish River,Stream 0056
5303306,2025-11-02,10.5,7.0,9.0,129.0,,,Lake Washington-Sammamish River,Stream 0056
5303306,2025-12-06,9.0,7.0,9.6,,,,Lake Washington-Sammamish River,Stream 0056
5303306,2026-01-04,7.5,7.0,10.1,89.0,,,Lake Washington-Sammamish River,Stream 0056
5303306,2026-02-01,8.0,7.0,10.7,65.0,,,Lake Washington-Sammamish River,Stream 0056
5303306,2026-03-01,6.5,7.0,10.1,178.0,,,Lake Washington-Sammamish River,Stream 0056
5303308,2015-09-11,14.0,8.0,9.0,,,,Lake Washington-Sammamish River,MacAleer Creek
5303308,2015-10-10,14.0,8.3,9.3,,,,Lake Washington-Sammamish River,MacAleer Creek
5303308,2015-11-16,8.0,8.0,9.9,,,,Lake Washington-Sammamish River,MacAleer Creek
5303308,2015-12-17,5.0,8.0,10.7,,,,Lake Washington-Sammamish River,MacAleer Creek
5303308,2016-01-23,6.0,7.0,10.5,,,,Lake Washington-Sammamish River,MacAleer Creek
5303308,2016-02-22,8.0,8.0,11.3,,,,Lake Washington-Sammamish River,MacAleer Creek
5303308,2016-03-22,9.5,8.0,10.0,,,,Lake Washington-Sammamish River,MacAleer Creek
5303308,2016-04-16,13.7,8.0,10.0,,,,Lake Washington-Sammamish River,MacAleer Creek
5303308,2016-05-19,11.0,8.0,9.2,,,,Lake Washington-Sammamish River,MacAleer Creek
5303308,2016-06-22,14.5,8.0,8.6,,,,Lake Washington-Sammamish River,MacAleer Creek
5303308,2016-07-16,14.0,8.0,8.6,,,,Lake Washington-Sammamish River,MacAleer Creek
5303308,2016-08-09,10.0,8.0,9.2,,,,Lake Washington-Sammamish River,MacAleer Creek
5303308,2016-09-03,13.5,7.5,8.6,,,,Lake Washington-Sammamish River,MacAleer Creek
5303308,2016-10-27,12.0,9.2,10.0,,,,Lake Washington-Sammamish River,MacAleer Creek
5303308,2016-11-29,9.5,7.5,10.1,,,,Lake Washington-Sammamish River,MacAleer Creek
5303308,2016-12-16,4.0,8.0,11.0,,,,Lake Washington-Sammamish River,MacAleer Creek
5303308,2017-01-21,5.0,7.5,11.0,,,,Lake Washington-Sammamish River,MacAleer Creek
5303308,2017-02-23,6.0,8.0,11.0,,,,Lake Washington-Sammamish River,MacAleer Creek
5303308,2017-03-10,8.0,7.5,10.0,,,,Lake Washington-Sammamish River,MacAleer Creek
5303308,2017-04-15,10.0,8.0,9.0,,,,Lake Washington-Sammamish River,MacAleer Creek
5303308,2017-05-22,14.0,7.5,9.0,,,,Lake Washington-Sammamish River,MacAleer Creek
5303308,2017-06-20,14.0,8.0,8.8,,,,Lake Washington-Sammamish River,MacAleer Creek
5303308,2017-07-15,14.0,8.0,9.4,,,,Lake Washington-Sammamish River,MacAleer Creek
5303308,2017-08-22,16.0,7.5,7.8,,,,Lake Washington-Sammamish River,MacAleer Creek
5303308,2017-09-20,12.5,8.0,9.9,,,,Lake Washington-Sammamish River,MacAleer Creek
5303308,2017-10-21,11.0,8.0,9.5,,,,Lake Washington-Sammamish River,MacAleer Creek
5303308,2017-11-16,8.5,7.5,10.1,,,,Lake Washington-Sammamish River,MacAleer Creek
5303308,2017-12-12,6.0,7.5,11.3,,,,Lake Washington-Sammamish River,MacAleer Creek
5303308,2018-01-20,6.0,7.5,10.7,,,,Lake Washington-Sammamish River,MacAleer Creek
5303308,2018-02-20,5.0,8.0,11.6,,,,Lake Washington-Sammamish River,MacAleer Creek
5303308,2018-03-19,9.0,7.5,10.0,,,,Lake Washington-Sammamish River,MacAleer Creek
5303308,2018-04-21,10.0,7.5,9.6,,,,Lake Washington-Sammamish River,MacAleer Creek
5303308,2018-05-22,13.0,7.5,8.3,,,,Lake Washington-Sammamish River,MacAleer Creek
5303308,2018-06-11,12.0,7.5,9.3,,,,Lake Washington-Sammamish River,MacAleer Creek
5303308,2018-07-21,,7.5,9.0,,,,Lake Washington-Sammamish River,MacAleer Creek
5303308,2018-08-28,5.5,7.5,9.1,,,,Lake Washington-Sammamish River,MacAleer Creek
5303308,2018-09-28,7.5,7.5,9.2,,,,Lake Washington-Sammamish River,MacAleer Creek
5303308,2018-10-20,5.0,8.0,10.1,,,,Lake Washington-Sammamish River,MacAleer Creek
5303308,2018-11-19,7.0,8.0,10.7,,,,Lake Washington-Sammamish River,MacAleer Creek
5303308,2018-12-14,7.5,8.0,10.4,,,,Lake Washington-Sammamish River,MacAleer Creek
5303308,2019-01-19,7.5,7.5,10.2,,,,Lake Washington-Sammamish River,MacAleer Creek
5303308,2019-02-21,4.0,7.5,11.8,,,,Lake Washington-Sammamish River,MacAleer Creek
5303308,2019-03-18,7.0,8.0,10.5,,,,Lake Washington-Sammamish River,MacAleer Creek
5303308,2019-04-20,10.5,8.0,10.1,,,,Lake Washington-Sammamish River,MacAleer Creek
5303308,2019-05-25,12.5,8.0,8.7,,,,Lake Washington-Sammamish River,MacAleer Creek
5303308,2019-06-21,13.0,7.5,9.4,,,,Lake Washington-Sammamish River,MacAleer Creek
5303308,2019-07-20,12.5,8.0,9.3,,,,Lake Washington-Sammamish River,MacAleer Creek
5303308,2019-08-16,14.0,8.0,8.9,,,,Lake Washington-Sammamish River,MacAleer Creek
5303308,2019-09-12,7.5,7.5,10.1,,,,Lake Washington-Sammamish River,MacAleer Creek
5303308,2019-09-24,15.0,8.0,8.7,,,,Lake Washington-Sammamish River,MacAleer Creek
5303308,2019-10-19,10.0,7.5,9.9,,,,Lake Washington-Sammamish River,MacAleer Creek
5303308,2019-11-22,7.0,8.0,10.7,,,,Lake Washington-Sammamish River,MacAleer Creek
5303308,2019-12-09,7.5,7.5,10.1,,,,Lake Washington-Sammamish River,MacAleer Creek
5303308,2020-01-30,7.0,8.0,10.2,,,,Lake Washington-Sammamish River,MacAleer Creek
5303308,2020-02-21,5.5,7.0,11.5,,,,Lake Washington-Sammamish River,MacAleer Creek
5303308,2020-03-22,9.0,7.5,9.8,,,,Lake Washington-Sammamish River,MacAleer Creek
5303308,2020-04-17,10.5,8.0,10.0,,,,Lake Washington-Sammamish River,MacAleer Creek
5303308,2020-05-19,14.0,8.0,8.9,,,,Lake Washington-Sammamish River,MacAleer Creek
5303308,2020-06-18,12.5,7.5,8.9,,,,Lake Washington-Sammamish River,MacAleer Creek
5303308,2020-07-20,14.0,7.5,8.9,,,,Lake Washington-Sammamish River,MacAleer Creek
5303308,2020-08-21,15.0,8.0,8.3,,,,Lake Washington-Sammamish River,MacAleer Creek
5303308,2020-09-22,15.0,8.0,8.8,,,,Lake Washington-Sammamish River,MacAleer Creek
5303308,2020-10-24,9.5,8.0,9.9,,,,Lake Washington-Sammamish River,MacAleer Creek
5303308,2020-11-20,9.0,7.5,10.3,,,,Lake Washington-Sammamish River,MacAleer Creek
5303308,2020-12-17,8.0,7.5,10.2,,,,Lake Washington-Sammamish River,MacAleer Creek
5303308,2021-01-16,7.0,7.5,11.2,,,,Lake Washington-Sammamish River,MacAleer Creek
5303308,2021-02-19,7.0,7.5,10.6,,,,Lake Washington-Sammamish River,MacAleer Creek
5303308,2021-03-23,8.5,7.5,10.5,,,,Lake Washington-Sammamish River,MacAleer Creek
5303308,2021-04-17,12.0,8.0,9.8,,,,Lake Washington-Sammamish River,MacAleer Creek
5303308,2021-05-22,11.0,8.0,10.1,,,,Lake Washington-Sammamish River,MacAleer Creek
5303308,2021-06-19,13.0,8.0,9.3,,,,Lake Washington-Sammamish River,MacAleer Creek
5303308,2021-07-24,15.0,8.0,8.4,,,,Lake Washington-Sammamish River,MacAleer Creek
5303308,2021-08-20,14.0,8.0,7.4,,,,Lake Washington-Sammamish River,MacAleer Creek
5303308,2021-09-22,13.5,8.0,10.4,,,,Lake Washington-Sammamish River,MacAleer Creek
5303308,2021-10-23,11.0,8.0,6.5,,,,Lake Washington-Sammamish River,MacAleer Creek
5303308,2021-11-21,8.5,7.5,8.6,,,,Lake Washington-Sammamish River,MacAleer Creek
5303308,2021-12-18,6.5,7.5,10.5,,,,Lake Washington-Sammamish River,MacAleer Creek
5303308,2022-01-22,6.0,7.5,11.1,,,,Lake Washington-Sammamish River,MacAleer Creek
5303308,2022-02-19,7.0,8.0,10.8,,,,Lake Washington-Sammamish River,MacAleer Creek
5303308,2022-03-27,10.0,8.0,10.2,,,,Lake Washington-Sammamish River,MacAleer Creek
5303308,2022-04-24,10.0,8.0,10.2,,,,Lake Washington-Sammamish River,MacAleer Creek
5303308,2022-05-22,12.5,7.5,9.6,,,,Lake Washington-Sammamish River,MacAleer Creek
5303308,2022-06-25,14.0,7.5,9.5,,,,Lake Washington-Sammamish River,MacAleer Creek
5303308,2022-08-20,15.0,8.0,8.4,,,,Lake Washington-Sammamish River,MacAleer Creek
5303308,2022-09-18,14.5,8.0,8.5,,,,Lake Washington-Sammamish River,MacAleer Creek
5303308,2022-10-15,12.0,7.5,9.2,,,,Lake Washington-Sammamish River,MacAleer Creek
5303308,2022-11-12,6.5,8.0,10.5,,,,Lake Washington-Sammamish River,MacAleer Creek
5303308,2022-11-20,5.0,7.0,11.1,,,,Lake Washington-Sammamish River,MacAleer Creek
5303308,2022-12-11,6.5,8.0,10.5,,,,Lake Washington-Sammamish River,MacAleer Creek
5303308,2023-08-04,9.0,8.0,10.2,,,,Lake Washington-Sammamish River,MacAleer Creek
5303308,2023-08-07,14.0,8.0,8.9,,,,Lake Washington-Sammamish River,MacAleer Creek
5303308,2023-08-10,14.0,8.0,8.4,,,,Lake Washington-Sammamish River,MacAleer Creek
5303308,2023-10-09,13.0,8.0,8.8,,,,Lake Washington-Sammamish River,MacAleer Creek
5303308,2023-10-12,8.3,8.0,10.1,,,,Lake Washington-Sammamish River,MacAleer Creek
5303308,2023-11-02,6.5,8.0,10.4,,,,Lake Washington-Sammamish River,MacAleer Creek
5303308,2023-11-03,6.5,8.0,10.8,,,,Lake Washington-Sammamish River,MacAleer Creek
5303308,2023-12-11,8.8,8.0,9.9,,,,Lake Washington-Sammamish River,MacAleer Creek
5303308,2024-01-13,4.0,8.0,12.2,,,,Lake Washington-Sammamish River,MacAleer Creek
5303308,2024-02-10,6.6,8.0,10.2,,,,Lake Washington-Sammamish River,MacAleer Creek
5303308,2024-03-09,7.5,8.0,10.0,,,,Lake Washington-Sammamish River,MacAleer Creek
5303308,2024-03-10,7.5,7.7,10.0,191.0,0.7,0.8,Lake Washington-Sammamish River,MacAleer Creek
5303308,2024-04-14,11.7,8.05,8.6,212.0,,,Lake Washington-Sammamish River,MacAleer Creek
5303308,2024-05-12,18.0,8.1,8.0,194.0,0.3,1.6,Lake Washington-Sammamish River,MacAleer Creek
5303308,2024-06-08,15.0,7.95,7.8,246.0,,,Lake Washington-Sammamish River,MacAleer Creek
5303308,2024-07-06,16.0,7.8,8.25,262.0,,,Lake Washington-Sammamish River,MacAleer Creek
5303308,2024-08-03,16.0,7.88,8.1,236.0,5.1,0.2,Lake Washington-Sammamish River,MacAleer Creek
5303308,2024-09-06,18.0,7.8,7.95,222.0,,,Lake Washington-Sammamish River,MacAleer Creek
5303308,2024-10-13,12.0,7.9,9.5,206.0,0.2,0.8,Lake Washington-Sammamish River,MacAleer Creek
5303308,2024-11-16,8.0,7.81,10.3,196.3,0.2,0.1,Lake Washington-Sammamish River,MacAleer Creek
5303308,2024-12-14,7.9,8.4,10.2,174.0,2.3,0.4,Lake Washington-Sammamish River,MacAleer Creek
5303308,2025-01-11,7.6,8.0,10.2,184.0,,0.4,Lake Washington-Sammamish River,MacAleer Creek
5303308,2025-02-08,5.7,7.8,12.21,536.0,0.93,0.4,Lake Washington-Sammamish River,MacAleer Creek
5303308,2025-03-08,8.9,7.7,11.35,221.1,1.4,0.45,Lake Washington-Sammamish River,MacAleer Creek
5303308,2025-04-12,10.7,7.7,10.95,218.7,1.3,0.108,Lake Washington-Sammamish River,MacAleer Creek
5303308,2025-05-10,11.0,7.8,10.35,248.8,1.0,0.09,Lake Washington-Sammamish River,MacAleer Creek
5303308,2025-06-15,12.3,7.9,10.35,260.1,1.4,1.523,Lake Washington-Sammamish River,MacAleer Creek
5303308,2025-07-19,14.1,7.9,9.7,262.7,2.3,0.457,Lake Washington-Sammamish River,MacAleer Creek
5303308,2025-08-16,15.4,7.8,9.35,260.7,1.5,0.277,Lake Washington-Sammamish River,MacAleer Creek
5303308,2025-09-19,12.5,7.9,9.9,273.0,1.8,0.65,Lake Washington-Sammamish River,MacAleer Creek
5303308,2025-10-11,12.5,7.6,9.9,259.9,2.3,0.377,Lake Washington-Sammamish River,MacAleer Creek
5303308,2025-11-09,10.3,7.7,10.6,212.3,1.2,0.173,Lake Washington-Sammamish River,MacAleer Creek
5303309,2016-01-23,6.0,7.0,11.0,,,,Lake Washington-Sammamish River,MacAleer Creek
5303309,2016-04-16,14.0,7.5,10.3,,,,Lake Washington-Sammamish River,MacAleer Creek
5303309,2016-07-16,14.0,8.0,8.8,,,,Lake Washington-Sammamish River,MacAleer Creek
5303309,2016-10-27,12.0,7.0,8.8,,,,Lake Washington-Sammamish River,MacAleer Creek
5303309,2017-04-15,9.5,8.0,8.8,,,,Lake Washington-Sammamish River,MacAleer Creek
5303309,2017-07-15,14.0,8.5,9.1,,,,Lake Washington-Sammamish River,MacAleer Creek
5303309,2017-10-21,11.0,7.5,9.0,,,,Lake Washington-Sammamish River,MacAleer Creek
5303309,2018-01-20,5.5,7.0,10.8,,,,Lake Washington-Sammamish River,MacAleer Creek
5303309,2018-07-02,,8.0,8.7,,,,Lake Washington-Sammamish River,MacAleer Creek
5303309,2018-10-20,6.0,8.0,9.4,,,,Lake Washington-Sammamish River,MacAleer Creek
5303309,2019-01-19,6.5,7.5,10.5,,,,Lake Washington-Sammamish River,MacAleer Creek
5303309,2019-04-20,11.5,7.5,10.0,,,,Lake Washington-Sammamish River,MacAleer Creek
5303309,2019-07-20,12.0,8.0,8.9,,,,Lake Washington-Sammamish River,MacAleer Creek
5303309,2019-10-19,10.5,7.5,9.7,,,,Lake Washington-Sammamish River,MacAleer Creek
5303309,2020-01-30,6.5,8.0,10.2,,,,Lake Washington-Sammamish River,MacAleer Creek
5303309,2020-04-17,11.5,7.5,10.2,,,,Lake Washington-Sammamish River,MacAleer Creek
5303309,2020-07-20,13.5,7.5,9.1,,,,Lake Washington-Sammamish River,MacAleer Creek
5303309,2020-10-24,10.5,7.5,9.8,,,,Lake Washington-Sammamish River,MacAleer Creek
5303309,2021-01-16,6.5,8.0,10.5,,,,Lake Washington-Sammamish River,MacAleer Creek
5303309,2021-04-17,11.0,8.0,7.9,,,,Lake Washington-Sammamish River,MacAleer Creek
5303309,2021-07-24,14.0,8.0,9.0,,,,Lake Washington-Sammamish River,MacAleer Creek
5303309,2021-10-23,8.0,7.5,9.5,,,,Lake Washington-Sammamish River,MacAleer Creek
5303309,2022-01-22,6.0,7.5,10.1,,,,Lake Washington-Sammamish River,MacAleer Creek
5303309,2022-04-24,11.0,7.5,10.2,,,,Lake Washington-Sammamish River,MacAleer Creek
5303309,2022-10-15,13.5,8.0,9.5,,,,Lake Washington-Sammamish River,MacAleer Creek
5303309,2023-08-04,9.0,8.0,10.2,,,,Lake Washington-Sammamish River,MacAleer Creek
5303309,2023-08-07,14.0,8.0,9.3,,,,Lake Washington-Sammamish River,MacAleer Creek
5303309,2023-10-17,15.0,8.0,8.4,,,,Lake Washington-Sammamish River,MacAleer Creek
5303309,2024-01-13,5.0,8.0,11.8,,,,Lake Washington-Sammamish River,MacAleer Creek
5303309,2024-04-14,12.0,7.95,8.7,202.0,,,Lake Washington-Sammamish River,MacAleer Creek
5303309,2024-07-06,16.0,7.76,7.8,270.0,,,Lake Washington-Sammamish River,MacAleer Creek
5303309,2024-10-13,13.0,7.8,9.3,203.0,0.3,0.7,Lake Washington-Sammamish River,MacAleer Creek
5303309,2025-01-11,6.8,7.7,11.15,164.7,,0.4,Lake Washington-Sammamish River,MacAleer Creek
5303309,2025-04-12,11.4,7.6,10.8,206.7,1.2,0.093,Lake Washington-Sammamish River,MacAleer Creek
5303309,2025-07-19,13.9,7.8,9.85,282.2,1.8,0.332,Lake Washington-Sammamish River,MacAleer Creek
5303309,2025-09-19,13.2,7.8,9.8,296.5,1.8,0.25,Lake Washington-Sammamish River,MacAleer Creek
5303310,2015-10-20,14.0,7.5,8.6,,,,Lake Washington-Sammamish River,Thornton Creek
5303310,2015-11-24,6.5,7.0,10.1,,,,Lake Washington-Sammamish River,Thornton Creek
5303310,2015-12-22,5.5,8.0,10.3,,,,Lake Washington-Sammamish River,Thornton Creek
5303310,2016-01-19,4.5,7.0,10.6,,,,Lake Washington-Sammamish River,Thornton Creek
5303310,2016-02-05,13.0,7.5,9.8,,,,Lake Washington-Sammamish River,Thornton Creek
5303310,2016-04-01,9.5,8.0,9.8,,,,Lake Washington-Sammamish River,Thornton Creek
5303310,2016-05-24,13.5,8.0,9.2,,,,Lake Washington-Sammamish River,Thornton Creek
5303310,2016-06-21,14.0,7.5,8.0,,,,Lake Washington-Sammamish River,Thornton Creek
5303310,2016-07-19,14.5,8.0,8.4,,,,Lake Washington-Sammamish River,Thornton Creek
5303310,2016-09-03,15.0,7.5,7.5,,,,Lake Washington-Sammamish River,Thornton Creek
5303310,2016-11-27,9.0,7.0,10.0,,,,Lake Washington-Sammamish River,Thornton Creek
5303310,2016-12-20,4.5,7.0,10.2,,,,Lake Washington-Sammamish River,Thornton Creek
5303310,2017-01-19,4.5,7.0,10.6,,,,Lake Washington-Sammamish River,Thornton Creek
5303310,2017-02-21,5.5,7.5,10.0,,,,Lake Washington-Sammamish River,Thornton Creek
5303310,2017-03-21,7.0,7.5,10.3,,,,Lake Washington-Sammamish River,Thornton Creek
5303310,2017-04-20,9.0,7.0,9.7,,,,Lake Washington-Sammamish River,Thornton Creek
5303310,2017-06-27,13.75,8.0,9.0,,,,Lake Washington-Sammamish River,Thornton Creek
5303310,2017-07-25,14.0,8.0,8.3,,,,Lake Washington-Sammamish River,Thornton Creek
5303310,2017-08-29,15.0,8.0,8.7,,,,Lake Washington-Sammamish River,Thornton Creek
5303310,2017-09-19,12.0,8.0,8.2,,,,Lake Washington-Sammamish River,Thornton Creek
5303310,2017-10-31,7.0,8.0,9.8,,,,Lake Washington-Sammamish River,Thornton Creek
5303310,2017-11-21,7.0,7.0,10.0,,,,Lake Washington-Sammamish River,Thornton Creek
5303310,2017-12-19,5.5,7.0,10.7,,,,Lake Washington-Sammamish River,Thornton Creek
5303310,2018-02-20,5.0,7.5,11.6,,,,Lake Washington-Sammamish River,Thornton Creek
5303310,2018-03-29,9.0,7.5,10.7,,,,Lake Washington-Sammamish River,Thornton Creek
5303310,2018-04-30,11.0,7.5,7.9,,,,Lake Washington-Sammamish River,Thornton Creek
5303310,2018-06-25,15.0,7.5,9.4,,,,Lake Washington-Sammamish River,Thornton Creek
5303310,2018-07-23,16.0,8.0,8.6,,,,Lake Washington-Sammamish River,Thornton Creek
5303310,2018-08-27,14.5,7.5,8.4,,,,Lake Washington-Sammamish River,Thornton Creek
5303310,2018-09-24,12.0,7.5,9.3,,,,Lake Washington-Sammamish River,Thornton Creek
5303310,2018-10-29,11.0,7.0,9.5,,,,Lake Washington-Sammamish River,Thornton Creek
5303310,2018-11-19,6.0,8.0,11.3,,,,Lake Washington-Sammamish River,Thornton Creek
5303310,2018-12-24,7.5,7.0,10.5,,,,Lake Washington-Sammamish River,Thornton Creek
5303310,2019-01-28,7.0,7.0,11.0,,,,Lake Washington-Sammamish River,Thornton Creek
5303310,2019-02-18,4.5,,11.3,,,,Lake Washington-Sammamish River,Thornton Creek
5303310,2019-03-18,7.5,7.5,11.3,,,,Lake Washington-Sammamish River,Thornton Creek
5303310,2019-04-15,7.0,7.5,10.3,,,,Lake Washington-Sammamish River,Thornton Creek
5303310,2019-05-22,12.5,7.5,8.6,,,,Lake Washington-Sammamish River,Thornton Creek
5303310,2019-06-17,14.0,,8.7,,,,Lake Washington-Sammamish River,Thornton Creek
5303310,2019-07-23,15.5,,8.5,,,,Lake Washington-Sammamish River,Thornton Creek
5303310,2019-08-20,15.5,8.0,8.3,,,,Lake Washington-Sammamish River,Thornton Creek
5303310,2019-09-23,14.5,7.5,8.3,,,,Lake Washington-Sammamish River,Thornton Creek
5303310,2019-10-23,11.0,7.5,9.0,,,,Lake Washington-Sammamish River,Thornton Creek
5303310,2019-11-25,7.5,7.5,9.9,,,,Lake Washington-Sammamish River,Thornton Creek
5303310,2020-01-22,6.0,7.0,10.6,,,,Lake Washington-Sammamish River,Thornton Creek
53033100,2024-11-20,8.0,7.5,7.8,164.0,,,Longfellow Creek Watershed,Longfellow Creek Beaver Pond
53033100,2024-11-26,9.0,7.0,9.2,99.0,,,Longfellow Creek Watershed,Longfellow Creek Beaver Pond
53033100,2025-01-29,8.5,8.0,9.55,273.0,,,Longfellow Creek Watershed,Longfellow Creek Beaver Pond
53033100,2025-03-03,10.2,7.5,9.2,316.0,,,Longfellow Creek Watershed,Longfellow Creek Beaver Pond
53033100,2025-04-15,10.0,8.0,7.05,343.0,,,Longfellow Creek Watershed,Longfellow Creek Beaver Pond
53033100,2025-04-16,10.0,8.0,7.05,343.0,,,Longfellow Creek Watershed,Longfellow Creek Beaver Pond
53033100,2025-05-04,12.0,8.0,8.15,325.0,,,Longfellow Creek Watershed,Longfellow Creek Beaver Pond
53033100,2025-06-07,15.0,7.5,4.6,326.0,,,Longfellow Creek Watershed,Longfellow Creek Beaver Pond
53033100,2025-07-14,17.0,8.0,3.7,320.0,,,Longfellow Creek Watershed,Longfellow Creek Beaver Pond
53033100,2025-08-13,20.0,8.0,5.5,307.0,,,Longfellow Creek Watershed,Longfellow Creek Beaver Pond
53033100,2025-09-09,13.0,7.5,6.2,313.0,,,Longfellow Creek Watershed,Longfellow Creek Beaver Pond
53033100,2025-10-16,10.0,,6.8,,,,Longfellow Creek Watershed,Longfellow Creek Beaver Pond
53033100,2025-12-20,8.0,7.0,6.7,,,,Longfellow Creek Watershed,Longfellow Creek Beaver Pond
53033100,2026-03-22,15.0,7.0,9.5,,,,Longfellow Creek Watershed,Longfellow Creek Beaver Pond
53033101,2024-11-02,10.0,7.75,9.3,167.0,,,Longfellow Creek Watershed,Longfellow Creek Dragonfly
53033101,2024-11-19,7.0,8.0,9.7,17.7,,,Longfellow Creek Watershed,Longfellow Creek Dragonfly
53033101,2024-12-06,5.0,7.5,10.75,288.0,,,Longfellow Creek Watershed,Longfellow Creek Dragonfly
53033101,2025-01-09,6.5,8.0,10.0,281.0,,,Longfellow Creek Watershed,Longfellow Creek Dragonfly
53033101,2025-02-11,0.5,8.5,11.9,,,,Longfellow Creek Watershed,Longfellow Creek Dragonfly
53033101,2025-03-06,7.5,8.0,10.3,253.0,,,Longfellow Creek Watershed,Longfellow Creek Dragonfly
53033101,2025-04-09,10.0,8.0,9.5,177.0,,,Longfellow Creek Watershed,Longfellow Creek Dragonfly
53033101,2025-05-09,12.5,8.5,8.75,334.0,,,Longfellow Creek Watershed,Longfellow Creek Dragonfly
53033101,2025-06-20,14.5,8.0,7.7,354.0,,,Longfellow Creek Watershed,Longfellow Creek Dragonfly
53033101,2025-07-25,17.0,8.0,7.0,354.0,,,Longfellow Creek Watershed,Longfellow Creek Dragonfly
53033101,2025-08-29,18.5,7.5,6.2,330.0,,,Longfellow Creek Watershed,Longfellow Creek Dragonfly
53033101,2025-09-20,15.5,8.0,7.5,328.0,,,Longfellow Creek Watershed,Longfellow Creek Dragonfly
53033101,2025-10-10,12.5,7.5,7.5,328.0,,,Longfellow Creek Watershed,Longfellow Creek Dragonfly
53033101,2025-11-14,11.0,7.0,8.9,74.0,,,Longfellow Creek Watershed,Longfellow Creek Dragonfly
53033101,2025-12-19,7.5,7.5,9.5,213.0,,,Longfellow Creek Watershed,Longfellow Creek Dragonfly
53033101,2026-01-09,8.0,7.5,10.1,253.0,,,Longfellow Creek Watershed,Longfellow Creek Dragonfly
53033101,2026-02-06,4.0,7.5,9.9,310.0,,,Longfellow Creek Watershed,Longfellow Creek Dragonfly
53033101,2026-03-14,9.0,7.5,10.2,205.0,,,Longfellow Creek Watershed,Longfellow Creek Dragonfly
53033102,2024-11-26,6.0,7.0,3.1,198.0,,,Longfellow Creek Watershed,Delridge Wetland Park Inlet
53033102,2024-12-18,11.0,7.0,10.8,145.0,,,Longfellow Creek Watershed,Delridge Wetland Park Inlet
53033102,2025-01-31,7.0,8.0,9.6,,,,Longfellow Creek Watershed,Delridge Wetland Park Inlet
53033102,2025-02-28,5.0,7.0,9.9,207.0,,,Longfellow Creek Watershed,Delridge Wetland Park Inlet
53033102,2025-04-04,9.0,7.0,8.7,185.0,,,Longfellow Creek Watershed,Delridge Wetland Park Inlet
53033102,2025-04-29,15.0,8.0,7.0,186.0,,,Longfellow Creek Watershed,Delridge Wetland Park Inlet
53033102,2026-02-18,8.5,7.5,10.5,157.0,,,Longfellow Creek Watershed,Delridge Wetland Park Inlet
53033102,2026-03-26,5.5,6.5,7.9,142.0,,,Longfellow Creek Watershed,Delridge Wetland Park Inlet
53033103,2024-11-26,6.0,7.0,3.25,198.0,,,Longfellow Creek Watershed,Delridge Wetland Park Outlet
53033103,2024-12-18,8.0,7.0,7.9,107.0,,,Longfellow Creek Watershed,Delridge Wetland Park Outlet
53033103,2024-12-19,8.0,7.0,7.9,107.0,,,Longfellow Creek Watershed,Delridge Wetland Park Outlet
53033103,2025-01-31,3.0,7.0,2.15,,,,Longfellow Creek Watershed,Delridge Wetland Park Outlet
53033103,2025-02-28,9.0,7.0,9.1,,,,Longfellow Creek Watershed,Delridge Wetland Park Outlet
53033103,2025-04-04,11.0,7.0,4.75,191.0,,,Longfellow Creek Watershed,Delridge Wetland Park Outlet
53033103,2025-04-29,16.0,6.5,1.1,287.0,,,Longfellow Creek Watershed,Delridge Wetland Park Outlet
53033103,2025-12-12,10.0,6.5,3.9,116.0,,,Longfellow Creek Watershed,Delridge Wetland Park Outlet
53033103,2026-02-18,7.0,7.0,7.1,173.0,,,Longfellow Creek Watershed,Delridge Wetland Park Outlet
53033103,2026-03-26,8.0,7.0,5.7,128.0,,,Longfellow Creek Watershed,Delridge Wetland Park Outlet
53033104,2024-11-15,8.0,8.0,,,,,Longfellow Creek Watershed,Longfellow Creek Greg Davis
53033104,2025-01-30,8.0,8.0,9.55,340.0,,,Longfellow Creek Watershed,Longfellow Creek Greg Davis
53033104,2025-03-02,9.0,8.0,9.85,,,,Longfellow Creek Watershed,Longfellow Creek Greg Davis
53033104,2025-04-01,10.9,8.0,,305.0,,,Longfellow Creek Watershed,Longfellow Creek Greg Davis
53033104,2025-05-04,10.1,8.5,9.35,330.0,,,Longfellow Creek Watershed,Longfellow Creek Greg Davis
53033104,2025-06-07,15.0,8.0,7.5,324.0,,,Longfellow Creek Watershed,Longfellow Creek Greg Davis
53033104,2025-07-11,17.0,8.0,7.7,301.0,,,Longfellow Creek Watershed,Longfellow Creek Greg Davis
53033104,2025-08-13,19.0,8.0,7.0,306.0,,,Longfellow Creek Watershed,Longfellow Creek Greg Davis
53033104,2025-08-19,19.0,8.0,6.95,306.0,,,Longfellow Creek Watershed,Longfellow Creek Greg Davis
53033104,2025-09-17,15.0,7.5,8.35,314.0,,,Longfellow Creek Watershed,Longfellow Creek Greg Davis
53033104,2025-10-14,12.4,8.0,9.1,,,,Longfellow Creek Watershed,Longfellow Creek Greg Davis
53033104,2026-01-30,10.9,8.0,,365.0,,,Longfellow Creek Watershed,Longfellow Creek Greg Davis
53033105,2024-11-23,10.0,7.0,7.1,116.0,,,Longfellow Creek Watershed,Longfellow Creek Thistle
53033105,2024-12-18,10.0,7.0,8.75,111.0,,,Longfellow Creek Watershed,Longfellow Creek Thistle
53033105,2025-01-19,6.5,7.0,7.3,385.0,,,Longfellow Creek Watershed,Longfellow Creek Thistle
53033105,2025-02-22,9.6,7.5,,220.0,,,Longfellow Creek Watershed,Longfellow Creek Thistle
53033105,2025-03-22,7.0,6.5,9.0,11.4,,,Longfellow Creek Watershed,Longfellow Creek Thistle
53033105,2025-04-15,10.5,7.0,6.5,14.5,,,Longfellow Creek Watershed,Longfellow Creek Thistle
53033105,2025-05-21,13.0,7.0,6.2,142.0,,,Longfellow Creek Watershed,Longfellow Creek Thistle
53033105,2025-06-11,12.0,7.0,7.8,57.9,,,Longfellow Creek Watershed,Longfellow Creek Thistle
53033105,2025-07-15,16.0,7.0,7.0,283.0,,,Longfellow Creek Watershed,Longfellow Creek Thistle
53033105,2025-08-19,16.2,7.0,5.4,18.8,,,Longfellow Creek Watershed,Longfellow Creek Thistle
53033105,2025-09-17,16.2,7.0,5.9,18.3,,,Longfellow Creek Watershed,Longfellow Creek Thistle
53033105,2025-10-22,14.0,7.0,4.4,15.3,,,Longfellow Creek Watershed,Longfellow Creek Thistle
53033105,2025-11-18,14.0,7.0,6.5,126.0,,,Longfellow Creek Watershed,Longfellow Creek Thistle
53033105,2025-12-16,12.0,7.0,7.2,187.0,,,Longfellow Creek Watershed,Longfellow Creek Thistle
53033105,2026-01-27,10.5,7.0,6.5,11.0,,,Longfellow Creek Watershed,Longfellow Creek Thistle
53033105,2026-03-21,12.5,7.0,7.15,247.0,,,Longfellow Creek Watershed,Longfellow Creek Thistle
5303311,2015-10-23,10.5,8.0,9.3,,,,Lake Washington-Sammamish River,Thornton Creek
5303311,2015-12-11,8.0,7.0,9.9,,,,Lake Washington-Sammamish River,Thornton Creek
5303311,2016-01-09,6.0,7.5,9.4,,,,Lake Washington-Sammamish River,Thornton Creek
5303311,2016-03-05,5.8,7.0,4.3,,,,Lake Washington-Sammamish River,Thornton Creek
5303311,2016-04-30,12.0,7.5,8.0,,,,Lake Washington-Sammamish River,Thornton Creek
5303311,2016-07-01,12.0,8.0,7.7,,,,Lake Washington-Sammamish River,Thornton Creek
5303311,2016-08-26,13.0,7.5,7.6,,,,Lake Washington-Sammamish River,Thornton Creek
5303311,2016-09-03,15.5,7.5,7.2,,,,Lake Washington-Sammamish River,Thornton Creek
5303311,2016-09-20,13.0,8.0,9.0,,,,Lake Washington-Sammamish River,Thornton Creek
5303312,2015-11-23,8.0,7.0,7.6,,,,Bear Creek-Sammamish River,Sammamish River
5303312,2016-01-24,7.0,7.0,10.1,,,,Bear Creek-Sammamish River,Sammamish River
5303312,2016-05-15,13.0,7.0,7.3,,,,Bear Creek-Sammamish River,Sammamish River
5303312,2016-06-12,17.0,7.5,7.3,,,,Bear Creek-Sammamish River,Sammamish River
5303312,2016-07-11,18.0,7.0,7.0,,,,Bear Creek-Sammamish River,Sammamish River
5303312,2016-08-14,22.5,7.0,7.4,,,,Bear Creek-Sammamish River,Sammamish River
5303312,2016-08-21,20.5,7.0,7.3,,,,Bear Creek-Sammamish River,Sammamish River
5303312,2016-09-10,17.0,7.0,6.9,,,,Bear Creek-Sammamish River,Sammamish River
5303312,2016-10-09,14.0,7.0,7.6,,,,Bear Creek-Sammamish River,Sammamish River
5303312,2016-12-03,10.0,7.0,9.0,,,,Bear Creek-Sammamish River,Sammamish River
5303312,2019-01-09,18.5,7.0,8.4,,,,Bear Creek-Sammamish River,Sammamish River
5303312,2019-07-30,18.5,7.5,7.3,,,,Bear Creek-Sammamish River,Sammamish River
5303312,2019-09-01,18.5,7.0,8.4,,,,Bear Creek-Sammamish River,Sammamish River
5303312,2019-09-29,13.5,7.0,7.85,,,,Bear Creek-Sammamish River,Sammamish River
5303313,2015-11-23,8.0,7.0,7.7,,,,Bear Creek-Sammamish River,Sammamish River
5303313,2016-01-24,7.0,7.0,9.7,,,,Bear Creek-Sammamish River,Sammamish River
5303313,2016-06-12,16.5,7.0,5.7,,,,Bear Creek-Sammamish River,Sammamish River
5303313,2016-07-11,19.0,7.5,10.3,,,,Bear Creek-Sammamish River,Sammamish River
5303313,2016-08-14,21.0,7.0,6.3,,,,Bear Creek-Sammamish River,Sammamish River
5303313,2016-08-21,20.0,7.0,7.3,,,,Bear Creek-Sammamish River,Sammamish River
5303313,2016-09-02,15.5,7.0,8.5,,,,Bear Creek-Sammamish River,Sammamish River
5303313,2016-10-09,14.5,7.0,7.6,,,,Bear Creek-Sammamish River,Sammamish River
5303313,2016-12-03,10.0,7.0,9.1,,,,Bear Creek-Sammamish River,Sammamish River
5303314,2016-01-06,6.0,7.5,10.7,,,,Lake Washington-Sammamish River,Thornton Creek
5303314,2016-10-21,13.0,8.0,9.1,,,,Lake Washington-Sammamish River,Thornton Creek
5303314,2016-12-02,10.0,7.0,9.9,,,,Lake Washington-Sammamish River,Thornton Creek
5303314,2017-02-03,8.0,8.5,10.2,,,,Lake Washington-Sammamish River,Thornton Creek
5303314,2017-03-17,10.0,8.5,9.9,,,,Lake Washington-Sammamish River,Thornton Creek
5303314,2017-04-17,11.0,8.0,10.1,,,,Lake Washington-Sammamish River,Thornton Creek
5303314,2017-05-05,14.0,8.0,9.3,,,,Lake Washington-Sammamish River,Thornton Creek
5303315,2015-09-27,12.0,8.0,9.1,,,,North Creek,North Creek
5303315,2015-11-05,12.0,8.0,8.5,,,,North Creek,North Creek
5303315,2015-12-05,7.0,7.5,9.2,,,,North Creek,North Creek
5303315,2016-01-30,8.0,8.0,9.5,,,,North Creek,North Creek
5303315,2016-02-21,8.0,8.0,9.6,,,,North Creek,North Creek
5303315,2016-03-30,9.0,8.0,9.7,,,,North Creek,North Creek
5303315,2016-04-21,9.0,7.5,8.9,,,,North Creek,North Creek
5303315,2016-05-26,10.0,7.5,9.2,,,,North Creek,North Creek
5303315,2016-06-24,17.0,,,,,,North Creek,North Creek
5303315,2016-07-22,14.0,7.0,8.3,,,,North Creek,North Creek
5303315,2016-09-03,17.0,7.0,6.8,,,,North Creek,North Creek
5303315,2016-10-10,14.0,8.0,8.7,,,,North Creek,North Creek
5303315,2016-11-21,12.0,8.0,9.7,,,,North Creek,North Creek
5303315,2016-12-16,7.0,8.0,9.9,,,,North Creek,North Creek
5303315,2017-01-30,9.0,8.0,8.1,,,,North Creek,North Creek
5303315,2017-02-24,7.0,8.0,9.5,,,,North Creek,North Creek
5303315,2017-03-25,9.0,8.0,9.4,,,,North Creek,North Creek
5303316,2015-09-27,13.0,8.0,8.1,,,,North Creek,North Creek
5303316,2015-11-05,11.5,7.5,8.5,,,,North Creek,North Creek
5303316,2015-12-05,8.0,7.5,9.6,,,,North Creek,North Creek
5303316,2016-01-30,8.0,7.5,9.8,,,,North Creek,North Creek
5303316,2016-02-21,8.0,8.0,9.8,,,,North Creek,North Creek
5303316,2016-03-30,9.0,8.0,9.3,,,,North Creek,North Creek
5303316,2016-04-21,8.0,7.5,7.8,,,,North Creek,North Creek
5303316,2016-05-26,10.0,8.0,9.8,,,,North Creek,North Creek
5303316,2016-06-24,15.0,7.5,7.9,,,,North Creek,North Creek
5303316,2016-07-22,16.0,8.0,7.5,,,,North Creek,North Creek
5303316,2016-09-03,15.0,7.0,9.0,,,,North Creek,North Creek
5303316,2016-10-10,14.0,8.0,8.8,,,,North Creek,North Creek
5303316,2016-11-21,12.0,8.0,9.0,,,,North Creek,North Creek
5303316,2016-12-16,7.0,7.5,9.7,,,,North Creek,North Creek
5303316,2017-01-30,8.0,8.0,10.1,,,,North Creek,North Creek
5303316,2017-02-24,7.0,7.5,9.9,,,,North Creek,North Creek
5303316,2017-03-25,10.0,7.5,9.3,,,,North Creek,North Creek
5303317,2015-09-27,10.2,8.5,8.2,,,,Lake Washington-Sammamish River,Juanita Creek
5303317,2015-10-27,12.0,8.0,8.6,,,,Lake Washington-Sammamish River,Juanita Creek
5303317,2015-12-31,4.0,8.0,12.0,,,,Lake Washington-Sammamish River,Juanita Creek
5303317,2016-02-21,7.0,8.0,11.0,,,,Lake Washington-Sammamish River,Juanita Creek
5303317,2016-03-20,11.0,8.0,10.0,,,,Lake Washington-Sammamish River,Juanita Creek
5303317,2016-04-18,16.0,8.0,8.0,,,,Lake Washington-Sammamish River,Juanita Creek
5303317,2016-05-22,12.0,8.0,8.0,,,,Lake Washington-Sammamish River,Juanita Creek
5303318,2015-09-11,15.0,7.0,8.3,,,,Lake Washington-Sammamish River,Lyon Creek
5303318,2015-10-10,15.0,7.0,9.3,,,,Lake Washington-Sammamish River,Lyon Creek
5303318,2015-11-16,6.0,8.0,11.0,,,,Lake Washington-Sammamish River,Lyon Creek
5303318,2015-12-17,5.0,8.0,10.8,,,,Lake Washington-Sammamish River,Lyon Creek
5303318,2016-01-23,8.0,7.0,10.7,,,,Lake Washington-Sammamish River,Lyon Creek
5303318,2016-02-22,8.0,7.5,11.5,,,,Lake Washington-Sammamish River,Lyon Creek
5303318,2016-03-22,9.0,8.0,10.5,,,,Lake Washington-Sammamish River,Lyon Creek
5303318,2016-04-16,10.0,8.0,10.0,,,,Lake Washington-Sammamish River,Lyon Creek
5303318,2016-05-19,10.5,7.5,9.9,,,,Lake Washington-Sammamish River,Lyon Creek
5303318,2016-06-22,14.0,8.0,9.0,,,,Lake Washington-Sammamish River,Lyon Creek
5303318,2016-07-16,15.0,8.0,8.8,,,,Lake Washington-Sammamish River,Lyon Creek
5303318,2016-08-09,11.5,8.0,9.0,,,,Lake Washington-Sammamish River,Lyon Creek
5303318,2016-09-03,14.0,7.5,8.3,,,,Lake Washington-Sammamish River,Lyon Creek
5303318,2016-10-27,9.0,7.5,9.4,,,,Lake Washington-Sammamish River,Lyon Creek
5303318,2016-11-29,9.0,7.5,10.0,,,,Lake Washington-Sammamish River,Lyon Creek
5303318,2016-12-16,3.0,8.0,11.5,,,,Lake Washington-Sammamish River,Lyon Creek
5303318,2017-01-21,6.0,8.0,10.1,,,,Lake Washington-Sammamish River,Lyon Creek
5303318,2017-02-23,6.0,8.0,11.0,,,,Lake Washington-Sammamish River,Lyon Creek
5303318,2017-03-10,8.0,7.5,9.9,,,,Lake Washington-Sammamish River,Lyon Creek
5303318,2017-04-15,9.5,7.5,9.9,,,,Lake Washington-Sammamish River,Lyon Creek
5303318,2017-05-22,12.0,7.5,10.0,,,,Lake Washington-Sammamish River,Lyon Creek
5303318,2017-06-20,14.0,7.5,9.6,,,,Lake Washington-Sammamish River,Lyon Creek
5303318,2017-07-05,14.0,8.0,8.2,,,,Lake Washington-Sammamish River,Lyon Creek
5303318,2017-08-22,16.0,8.0,7.9,,,,Lake Washington-Sammamish River,Lyon Creek
5303318,2017-09-20,13.0,7.5,8.7,,,,Lake Washington-Sammamish River,Lyon Creek
5303318,2017-10-21,10.0,7.5,9.9,,,,Lake Washington-Sammamish River,Lyon Creek
5303318,2017-12-02,4.0,8.0,11.2,,,,Lake Washington-Sammamish River,Lyon Creek
5303318,2017-12-12,4.0,8.0,11.2,,,,Lake Washington-Sammamish River,Lyon Creek
5303318,2018-01-20,7.0,7.5,10.0,,,,Lake Washington-Sammamish River,Lyon Creek
5303318,2018-02-20,4.0,7.5,11.2,,,,Lake Washington-Sammamish River,Lyon Creek
5303318,2018-03-19,9.0,7.5,10.6,,,,Lake Washington-Sammamish River,Lyon Creek
5303318,2018-04-21,9.0,7.5,9.9,,,,Lake Washington-Sammamish River,Lyon Creek
5303318,2018-05-22,12.5,8.0,8.8,,,,Lake Washington-Sammamish River,Lyon Creek
5303318,2018-06-11,11.0,8.0,9.4,,,,Lake Washington-Sammamish River,Lyon Creek
5303318,2018-07-21,15.0,8.0,9.1,,,,Lake Washington-Sammamish River,Lyon Creek
5303318,2018-08-28,7.0,8.0,8.8,,,,Lake Washington-Sammamish River,Lyon Creek
5303318,2018-09-28,7.0,7.5,9.2,,,,Lake Washington-Sammamish River,Lyon Creek
5303318,2018-10-20,2.5,7.5,10.2,,,,Lake Washington-Sammamish River,Lyon Creek
5303318,2018-11-19,6.0,8.0,10.7,,,,Lake Washington-Sammamish River,Lyon Creek
5303318,2018-12-14,7.5,8.0,10.1,,,,Lake Washington-Sammamish River,Lyon Creek
5303318,2019-01-19,8.0,8.0,10.4,,,,Lake Washington-Sammamish River,Lyon Creek
5303318,2019-02-21,4.0,7.5,11.1,,,,Lake Washington-Sammamish River,Lyon Creek
5303318,2019-03-18,6.0,8.0,11.1,,,,Lake Washington-Sammamish River,Lyon Creek
5303318,2019-04-20,10.0,8.0,10.1,,,,Lake Washington-Sammamish River,Lyon Creek
5303318,2019-05-25,12.0,8.0,9.4,,,,Lake Washington-Sammamish River,Lyon Creek
5303318,2019-06-21,13.0,8.0,9.0,,,,Lake Washington-Sammamish River,Lyon Creek
5303318,2019-07-20,15.0,8.0,8.9,,,,Lake Washington-Sammamish River,Lyon Creek
5303318,2019-08-16,15.0,7.5,8.3,,,,Lake Washington-Sammamish River,Lyon Creek
5303318,2019-09-12,8.0,7.5,9.7,,,,Lake Washington-Sammamish River,Lyon Creek
5303318,2019-09-24,13.5,7.5,8.8,,,,Lake Washington-Sammamish River,Lyon Creek
5303318,2019-10-19,10.0,7.5,9.8,,,,Lake Washington-Sammamish River,Lyon Creek
5303318,2019-11-22,6.0,8.0,10.2,,,,Lake Washington-Sammamish River,Lyon Creek
5303318,2019-12-09,8.0,7.5,9.7,,,,Lake Washington-Sammamish River,Lyon Creek
5303318,2020-01-18,5.0,7.5,11.2,,,,Lake Washington-Sammamish River,Lyon Creek
5303318,2020-02-21,5.0,7.5,10.8,,,,Lake Washington-Sammamish River,Lyon Creek
5303318,2020-03-22,8.0,7.5,10.1,,,,Lake Washington-Sammamish River,Lyon Creek
5303318,2020-04-17,9.5,7.5,10.2,,,,Lake Washington-Sammamish River,Lyon Creek
5303318,2020-05-19,12.5,8.0,9.0,,,,Lake Washington-Sammamish River,Lyon Creek
5303318,2020-06-18,12.0,7.5,9.2,,,,Lake Washington-Sammamish River,Lyon Creek
5303318,2020-07-20,15.5,7.5,8.3,,,,Lake Washington-Sammamish River,Lyon Creek
5303318,2020-08-21,16.5,8.0,8.0,,,,Lake Washington-Sammamish River,Lyon Creek
5303318,2020-09-22,14.0,8.0,8.4,,,,Lake Washington-Sammamish River,Lyon Creek
5303318,2020-10-24,8.5,7.5,9.8,,,,Lake Washington-Sammamish River,Lyon Creek
5303318,2020-11-20,9.0,7.5,9.8,,,,Lake Washington-Sammamish River,Lyon Creek
5303318,2020-12-17,8.0,7.5,9.8,,,,Lake Washington-Sammamish River,Lyon Creek
5303318,2021-01-16,7.5,8.0,10.4,,,,Lake Washington-Sammamish River,Lyon Creek
5303318,2021-02-19,7.0,7.5,10.3,,,,Lake Washington-Sammamish River,Lyon Creek
5303318,2021-03-23,7.0,8.0,10.4,,,,Lake Washington-Sammamish River,Lyon Creek
5303318,2021-04-17,10.5,7.5,10.1,,,,Lake Washington-Sammamish River,Lyon Creek
5303318,2021-05-22,12.0,8.0,10.2,,,,Lake Washington-Sammamish River,Lyon Creek
5303318,2021-06-19,14.0,7.5,9.1,,,,Lake Washington-Sammamish River,Lyon Creek
5303318,2021-07-24,16.0,8.0,9.0,,,,Lake Washington-Sammamish River,Lyon Creek
5303318,2021-08-20,15.0,8.0,8.2,,,,Lake Washington-Sammamish River,Lyon Creek
5303318,2021-09-22,12.5,8.0,10.2,,,,Lake Washington-Sammamish River,Lyon Creek
5303318,2021-10-23,11.0,8.0,9.2,,,,Lake Washington-Sammamish River,Lyon Creek
5303318,2021-11-21,8.0,8.0,7.9,,,,Lake Washington-Sammamish River,Lyon Creek
5303318,2021-12-18,6.5,7.5,10.8,,,,Lake Washington-Sammamish River,Lyon Creek
5303318,2022-01-22,7.0,7.5,10.8,,,,Lake Washington-Sammamish River,Lyon Creek
5303318,2022-02-19,5.5,8.0,10.1,,,,Lake Washington-Sammamish River,Lyon Creek
5303318,2022-03-27,9.0,8.0,9.2,,,,Lake Washington-Sammamish River,Lyon Creek
5303318,2022-04-24,10.0,7.5,10.3,,,,Lake Washington-Sammamish River,Lyon Creek
5303318,2022-05-22,10.5,7.5,10.2,,,,Lake Washington-Sammamish River,Lyon Creek
5303318,2022-06-25,13.5,7.5,9.2,,,,Lake Washington-Sammamish River,Lyon Creek
5303318,2022-08-20,17.0,8.0,7.7,,,,Lake Washington-Sammamish River,Lyon Creek
5303318,2022-09-18,13.5,8.0,8.3,,,,Lake Washington-Sammamish River,Lyon Creek
5303318,2022-10-15,12.0,8.0,9.3,,,,Lake Washington-Sammamish River,Lyon Creek
5303318,2022-11-12,7.0,8.0,11.0,,,,Lake Washington-Sammamish River,Lyon Creek
5303318,2022-11-20,4.5,7.5,11.3,,,,Lake Washington-Sammamish River,Lyon Creek
5303318,2022-12-11,7.0,8.0,11.0,,,,Lake Washington-Sammamish River,Lyon Creek
5303318,2023-08-07,14.6,8.0,8.4,,,,Lake Washington-Sammamish River,Lyon Creek
5303318,2023-08-10,13.5,8.0,8.9,,,,Lake Washington-Sammamish River,Lyon Creek
5303318,2023-09-04,9.5,8.0,9.7,,,,Lake Washington-Sammamish River,Lyon Creek
5303318,2023-10-09,13.0,8.0,8.7,,,,Lake Washington-Sammamish River,Lyon Creek
5303318,2023-10-12,8.0,7.5,10.5,,,,Lake Washington-Sammamish River,Lyon Creek
5303318,2023-11-02,7.0,7.5,10.8,,,,Lake Washington-Sammamish River,Lyon Creek
5303318,2023-11-03,6.5,8.0,10.3,,,,Lake Washington-Sammamish River,Lyon Creek
5303318,2023-12-11,8.9,8.0,9.8,,,,Lake Washington-Sammamish River,Lyon Creek
5303318,2024-01-13,1.1,8.0,12.4,,,,Lake Washington-Sammamish River,Lyon Creek
5303318,2024-02-10,5.6,8.0,10.2,,,,Lake Washington-Sammamish River,Lyon Creek
5303318,2024-03-09,7.0,7.85,10.2,204.0,0.4,0.0,Lake Washington-Sammamish River,Lyon Creek
5303318,2024-04-13,11.0,8.0,9.6,,,,Lake Washington-Sammamish River,Lyon Creek
5303318,2024-04-14,11.0,7.9,9.6,215.0,,,Lake Washington-Sammamish River,Lyon Creek
5303318,2024-05-12,14.0,8.0,8.5,231.0,0.5,1.2,Lake Washington-Sammamish River,Lyon Creek
5303318,2024-07-06,16.0,8.0,7.1,296.0,,,Lake Washington-Sammamish River,Lyon Creek
5303318,2024-08-03,17.0,7.68,8.2,247.0,2.9,0.2,Lake Washington-Sammamish River,Lyon Creek
5303318,2024-09-07,17.0,7.7,7.7,245.0,,,Lake Washington-Sammamish River,Lyon Creek
5303318,2024-10-13,13.0,7.7,9.1,217.0,0.3,2.5,Lake Washington-Sammamish River,Lyon Creek
5303318,2024-11-16,6.9,7.43,11.1,215.6,0.8,0.7,Lake Washington-Sammamish River,Lyon Creek
5303318,2024-12-14,7.4,8.4,10.1,99.0,1.8,0.6,Lake Washington-Sammamish River,Lyon Creek
5303318,2025-01-11,6.5,7.7,10.7,156.0,,0.4,Lake Washington-Sammamish River,Lyon Creek
5303318,2025-02-08,5.1,7.54,12.42,536.0,0.9,0.4,Lake Washington-Sammamish River,Lyon Creek
5303318,2025-03-08,8.3,8.0,11.4,235.1,1.4,0.757,Lake Washington-Sammamish River,Lyon Creek
5303318,2025-04-12,8.5,8.0,10.3,,1.1,0.11,Lake Washington-Sammamish River,Lyon Creek
5303318,2025-05-10,12.2,8.1,10.4,239.6,1.6,0.133,Lake Washington-Sammamish River,Lyon Creek
5303318,2025-06-15,12.2,7.7,10.15,253.6,1.0,0.603,Lake Washington-Sammamish River,Lyon Creek
5303318,2025-07-19,14.0,7.8,8.95,243.0,0.8,0.167,Lake Washington-Sammamish River,Lyon Creek
5303318,2025-08-16,16.3,7.4,8.85,204.7,1.0,1.163,Lake Washington-Sammamish River,Lyon Creek
5303318,2025-09-19,13.2,7.9,9.7,263.5,1.1,0.27,Lake Washington-Sammamish River,Lyon Creek
5303318,2025-10-11,12.5,7.5,9.75,217.3,2.7,0.6,Lake Washington-Sammamish River,Lyon Creek
5303318,2025-11-08,9.0,7.4,10.9,224.9,1.0,0.217,Lake Washington-Sammamish River,Lyon Creek
5303319,2016-01-23,7.5,7.0,10.2,,,,Lake Washington-Sammamish River,Lyon Creek
5303319,2016-04-16,9.0,8.0,10.0,,,,Lake Washington-Sammamish River,Lyon Creek
5303319,2016-07-16,14.0,8.0,8.2,,,,Lake Washington-Sammamish River,Lyon Creek
5303319,2016-10-27,8.0,7.5,9.5,,,,Lake Washington-Sammamish River,Lyon Creek
5303319,2017-04-15,8.1,7.5,10.3,,,,Lake Washington-Sammamish River,Lyon Creek
5303319,2017-07-15,12.5,7.5,8.7,,,,Lake Washington-Sammamish River,Lyon Creek
5303319,2017-10-21,9.0,7.5,9.7,,,,Lake Washington-Sammamish River,Lyon Creek
5303319,2018-01-20,7.0,7.5,10.1,,,,Lake Washington-Sammamish River,Lyon Creek
5303319,2018-07-21,12.5,8.0,9.2,,,,Lake Washington-Sammamish River,Lyon Creek
5303319,2018-10-20,2.75,7.5,10.25,,,,Lake Washington-Sammamish River,Lyon Creek
5303319,2019-01-19,7.0,8.0,10.4,,,,Lake Washington-Sammamish River,Lyon Creek
5303319,2019-04-20,9.0,8.0,9.8,,,,Lake Washington-Sammamish River,Lyon Creek
5303319,2019-07-20,13.0,7.5,9.0,,,,Lake Washington-Sammamish River,Lyon Creek
5303319,2019-10-19,9.5,7.5,9.6,,,,Lake Washington-Sammamish River,Lyon Creek
5303319,2020-01-18,4.0,7.5,11.3,,,,Lake Washington-Sammamish River,Lyon Creek
5303319,2020-04-17,8.0,7.5,10.0,,,,Lake Washington-Sammamish River,Lyon Creek
5303319,2020-07-20,14.0,7.5,8.3,,,,Lake Washington-Sammamish River,Lyon Creek
5303319,2020-10-24,8.0,8.0,9.9,,,,Lake Washington-Sammamish River,Lyon Creek
5303319,2021-01-16,7.0,7.5,10.4,,,,Lake Washington-Sammamish River,Lyon Creek
5303319,2021-04-17,9.0,7.5,10.0,,,,Lake Washington-Sammamish River,Lyon Creek
5303319,2021-07-24,15.0,8.0,8.0,,,,Lake Washington-Sammamish River,Lyon Creek
5303319,2021-10-23,11.0,8.0,8.8,,,,Lake Washington-Sammamish River,Lyon Creek
5303319,2022-01-22,6.5,8.0,10.7,,,,Lake Washington-Sammamish River,Lyon Creek
5303319,2022-04-24,9.0,8.0,10.1,,,,Lake Washington-Sammamish River,Lyon Creek
5303319,2022-10-15,12.0,7.5,9.4,,,,Lake Washington-Sammamish River,Lyon Creek
5303319,2023-08-07,14.0,8.0,9.3,,,,Lake Washington-Sammamish River,Lyon Creek
5303319,2023-08-10,13.0,7.5,8.6,,,,Lake Washington-Sammamish River,Lyon Creek
5303319,2023-09-04,9.5,7.5,10.6,,,,Lake Washington-Sammamish River,Lyon Creek
5303319,2024-01-13,0.6,8.0,12.3,,,,Lake Washington-Sammamish River,Lyon Creek
5303319,2024-04-13,9.0,8.0,10.1,,,,Lake Washington-Sammamish River,Lyon Creek
5303319,2024-04-14,9.0,7.9,10.1,225.0,,,Lake Washington-Sammamish River,Lyon Creek
5303319,2024-07-06,14.0,7.8,8.65,319.0,,,Lake Washington-Sammamish River,Lyon Creek
5303319,2024-10-13,10.0,7.85,9.65,240.0,1.5,2.6,Lake Washington-Sammamish River,Lyon Creek
5303319,2025-01-11,6.2,7.8,11.3,146.0,,0.3,Lake Washington-Sammamish River,Lyon Creek
5303319,2025-04-12,8.6,8.0,11.1,,1.2,0.09,Lake Washington-Sammamish River,Lyon Creek
5303319,2025-07-19,13.4,8.1,8.8,253.0,0.9,0.183,Lake Washington-Sammamish River,Lyon Creek
5303319,2025-09-19,13.4,7.9,9.6,260.9,1.1,0.22,Lake Washington-Sammamish River,Lyon Creek
5303320,2016-08-15,22.0,8.5,9.1,,,,Bear Creek-Sammamish River,Horse Creek
5303320,2016-08-21,20.0,8.5,10.0,,,,Bear Creek-Sammamish River,Horse Creek
5303320,2016-09-03,16.0,8.0,7.7,,,,Bear Creek-Sammamish River,Horse Creek
5303320,2016-09-18,17.0,8.0,8.3,,,,Bear Creek-Sammamish River,Horse Creek
5303320,2016-10-22,12.5,7.0,9.1,,,,Bear Creek-Sammamish River,Horse Creek
5303320,2016-12-29,7.0,7.5,10.9,,,,Bear Creek-Sammamish River,Horse Creek
5303320,2017-06-02,16.0,7.5,8.4,,,,Bear Creek-Sammamish River,Horse Creek
5303320,2017-07-21,17.0,7.5,8.4,,,,Bear Creek-Sammamish River,Horse Creek
5303320,2017-08-30,17.5,7.5,7.9,,,,Bear Creek-Sammamish River,Horse Creek
5303320,2017-09-23,14.0,7.5,8.8,,,,Bear Creek-Sammamish River,Horse Creek
5303320,2017-10-25,10.0,7.5,10.0,,,,Bear Creek-Sammamish River,Horse Creek
5303320,2017-11-29,9.0,7.0,10.7,,,,Bear Creek-Sammamish River,Horse Creek
5303320,2017-12-28,6.5,7.0,11.0,,,,Bear Creek-Sammamish River,Horse Creek
5303320,2018-01-26,7.0,7.0,11.1,,,,Bear Creek-Sammamish River,Horse Creek
5303320,2018-02-20,4.0,7.0,12.7,,,,Bear Creek-Sammamish River,Horse Creek
5303320,2018-03-18,7.0,7.5,11.8,,,,Bear Creek-Sammamish River,Horse Creek
5303320,2018-04-18,9.5,7.5,10.6,,,,Bear Creek-Sammamish River,Horse Creek
5303320,2018-05-23,14.0,7.5,9.1,,,,Bear Creek-Sammamish River,Horse Creek
5303320,2018-06-19,16.0,7.5,8.2,,,,Bear Creek-Sammamish River,Horse Creek
5303320,2018-07-18,17.5,8.0,9.0,,,,Bear Creek-Sammamish River,Horse Creek
5303320,2018-08-19,17.0,8.0,8.8,,,,Bear Creek-Sammamish River,Horse Creek
5303320,2018-09-26,12.5,8.0,9.8,,,,Bear Creek-Sammamish River,Horse Creek
5303320,2018-10-12,10.0,8.0,10.1,,,,Bear Creek-Sammamish River,Horse Creek
5303320,2018-11-25,7.0,7.5,11.2,,,,Bear Creek-Sammamish River,Horse Creek
5303320,2018-12-12,6.5,7.0,11.7,,,,Bear Creek-Sammamish River,Horse Creek
5303320,2019-01-26,6.0,7.0,11.3,,,,Bear Creek-Sammamish River,Horse Creek
5303320,2019-03-10,3.5,7.5,12.5,,,,Bear Creek-Sammamish River,Horse Creek
5303320,2019-04-22,10.5,7.5,10.1,,,,Bear Creek-Sammamish River,Horse Creek
5303320,2019-05-24,13.5,7.5,9.0,,,,Bear Creek-Sammamish River,Horse Creek
5303320,2019-06-12,15.5,7.0,8.6,,,,Bear Creek-Sammamish River,Horse Creek
5303320,2019-07-19,15.5,7.5,8.5,,,,Bear Creek-Sammamish River,Horse Creek
5303320,2019-08-28,18.0,8.0,7.9,,,,Bear Creek-Sammamish River,Horse Creek
5303320,2019-09-29,12.5,7.5,9.3,,,,Bear Creek-Sammamish River,Horse Creek
5303320,2019-10-24,10.5,7.5,10.0,,,,Bear Creek-Sammamish River,Horse Creek
5303320,2019-11-20,8.5,7.0,10.4,,,,Bear Creek-Sammamish River,Horse Creek
5303320,2019-12-28,7.0,7.5,10.4,,,,Bear Creek-Sammamish River,Horse Creek
5303320,2020-01-30,8.0,7.0,10.3,,,,Bear Creek-Sammamish River,Horse Creek
5303320,2020-02-22,7.0,7.5,10.2,,,,Bear Creek-Sammamish River,Horse Creek
5303320,2020-03-10,6.0,7.0,10.8,,,,Bear Creek-Sammamish River,Horse Creek
5303320,2020-06-17,13.0,7.5,9.3,,,,Bear Creek-Sammamish River,Horse Creek
5303320,2020-10-05,14.0,7.5,9.1,,,,Bear Creek-Sammamish River,Horse Creek
5303320,2021-06-18,14.0,7.0,9.5,,,,Bear Creek-Sammamish River,Horse Creek
5303320,2021-07-14,16.5,7.5,8.2,,,,Bear Creek-Sammamish River,Horse Creek
5303320,2021-08-11,17.5,8.0,10.0,,,,Bear Creek-Sammamish River,Horse Creek
5303320,2021-09-22,14.0,7.5,9.5,,,,Bear Creek-Sammamish River,Horse Creek
5303320,2022-07-10,14.0,8.0,9.3,,,,Bear Creek-Sammamish River,Horse Creek
5303320,2022-08-09,17.0,7.5,7.7,,,,Bear Creek-Sammamish River,Horse Creek
5303320,2022-09-08,17.0,7.5,7.7,,,,Bear Creek-Sammamish River,Horse Creek
5303320,2022-10-07,14.0,8.0,9.3,,,,Bear Creek-Sammamish River,Horse Creek
5303320,2023-04-14,8.0,7.5,10.9,,,,Bear Creek-Sammamish River,Horse Creek
5303320,2023-09-12,9.0,6.5,7.5,,,,Bear Creek-Sammamish River,Horse Creek
5303320,2024-02-11,7.5,7.5,10.2,,,,Bear Creek-Sammamish River,Horse Creek
5303320,2024-03-03,7.0,7.5,10.6,,,,Bear Creek-Sammamish River,Horse Creek
5303320,2024-04-20,10.0,8.0,9.8,,,,Bear Creek-Sammamish River,Horse Creek
5303320,2024-05-18,11.5,8.0,9.7,,,,Bear Creek-Sammamish River,Horse Creek
5303320,2024-06-23,15.0,7.5,8.9,230.0,,,Bear Creek-Sammamish River,Horse Creek
5303320,2024-07-29,17.0,7.0,8.7,228.0,,,Bear Creek-Sammamish River,Horse Creek
5303320,2024-08-30,16.5,7.5,8.5,195.0,,,Bear Creek-Sammamish River,Horse Creek
5303320,2024-09-22,14.5,7.5,8.8,195.0,,,Bear Creek-Sammamish River,Horse Creek
5303320,2024-10-13,13.0,7.5,9.6,233.0,,,Bear Creek-Sammamish River,Horse Creek
5303320,2024-11-10,11.0,8.0,10.1,200.0,,,Bear Creek-Sammamish River,Horse Creek
5303320,2024-12-22,9.0,7.5,10.6,190.0,,,Bear Creek-Sammamish River,Horse Creek
5303320,2025-02-04,11.5,8.0,9.4,240.0,,,Bear Creek-Sammamish River,Horse Creek
5303320,2025-03-02,9.0,8.0,10.8,214.0,,,Bear Creek-Sammamish River,Horse Creek
5303320,2025-04-06,10.5,8.0,10.1,220.0,,,Bear Creek-Sammamish River,Horse Creek
5303320,2025-05-04,10.0,8.0,9.9,218.0,,,Bear Creek-Sammamish River,Horse Creek
5303320,2025-06-01,12.0,7.5,8.8,235.0,,,Bear Creek-Sammamish River,Horse Creek
5303320,2025-07-06,14.0,8.0,8.7,259.0,,,Bear Creek-Sammamish River,Horse Creek
5303320,2025-08-03,15.0,8.0,8.5,270.0,,,Bear Creek-Sammamish River,Horse Creek
5303320,2025-09-07,16.0,7.0,7.8,249.0,,,Bear Creek-Sammamish River,Horse Creek
5303320,2025-10-05,13.0,7.0,8.5,268.0,,,Bear Creek-Sammamish River,Horse Creek
5303320,2025-11-02,10.5,7.0,9.4,209.0,,,Bear Creek-Sammamish River,Horse Creek
5303320,2025-12-06,9.0,7.0,9.9,77.0,,,Bear Creek-Sammamish River,Horse Creek
5303320,2026-01-05,8.0,7.0,10.0,126.0,,,Bear Creek-Sammamish River,Horse Creek
5303320,2026-02-02,8.0,7.0,10.9,100.0,,,Bear Creek-Sammamish River,Horse Creek
5303320,2026-03-02,7.0,7.0,10.5,208.0,,,Bear Creek-Sammamish River,Horse Creek
5303321,2016-08-20,16.0,7.5,4.8,,,,Swamp Creek,Swamp Creek
5303321,2016-09-09,14.0,7.0,6.7,,,,Swamp Creek,Swamp Creek
5303321,2016-10-08,13.0,7.5,7.5,,,,Swamp Creek,Swamp Creek
5303321,2016-11-04,9.5,7.0,8.6,,,,Swamp Creek,Swamp Creek
5303321,2016-12-10,4.0,7.0,10.4,,,,Swamp Creek,Swamp Creek
5303321,2017-01-10,3.0,7.5,10.4,,,,Swamp Creek,Swamp Creek
5303321,2017-02-09,6.5,7.0,10.4,,,,Swamp Creek,Swamp Creek
5303321,2017-03-07,6.0,7.0,10.5,,,,Swamp Creek,Swamp Creek
5303321,2017-04-11,10.0,7.0,9.6,,,,Swamp Creek,Swamp Creek
5303321,2017-05-08,12.0,7.0,8.4,,,,Swamp Creek,Swamp Creek
5303321,2017-06-08,13.0,7.0,7.2,,,,Swamp Creek,Swamp Creek
5303321,2017-07-14,15.5,7.0,7.0,,,,Swamp Creek,Swamp Creek
5303321,2017-08-10,16.0,7.0,5.7,,,,Swamp Creek,Swamp Creek
5303321,2017-09-11,14.0,7.0,6.1,,,,Swamp Creek,Swamp Creek
5303321,2017-10-16,9.0,7.0,8.2,,,,Swamp Creek,Swamp Creek
5303321,2017-11-10,7.5,6.5,8.5,,,,Swamp Creek,Swamp Creek
5303321,2017-12-11,3.5,6.5,10.6,,,,Swamp Creek,Swamp Creek
5303321,2018-01-15,8.0,7.0,9.3,,,,Swamp Creek,Swamp Creek
5303321,2018-02-22,2.5,7.0,11.4,,,,Swamp Creek,Swamp Creek
5303321,2018-05-25,13.0,7.0,8.6,,,,Swamp Creek,Swamp Creek
5303321,2018-06-28,14.0,7.0,6.6,,,,Swamp Creek,Swamp Creek
5303321,2018-07-26,16.0,7.0,6.6,,,,Swamp Creek,Swamp Creek
5303321,2018-08-31,15.5,7.0,5.6,,,,Swamp Creek,Swamp Creek
5303321,2018-09-26,12.0,7.0,6.6,,,,Swamp Creek,Swamp Creek
5303321,2018-11-05,11.0,7.0,7.0,,,,Swamp Creek,Swamp Creek
5303321,2019-01-31,5.0,7.0,9.2,,,,Swamp Creek,Swamp Creek
5303321,2019-02-21,4.0,7.0,10.4,,,,Swamp Creek,Swamp Creek
5303321,2019-03-22,9.5,7.5,9.5,,,,Swamp Creek,Swamp Creek
5303321,2019-04-15,9.0,7.0,9.5,,,,Swamp Creek,Swamp Creek
5303321,2019-05-14,14.0,7.0,6.4,,,,Swamp Creek,Swamp Creek
5303321,2019-06-19,14.0,7.0,6.3,,,,Swamp Creek,Swamp Creek
5303321,2019-07-18,16.0,7.0,5.5,,,,Swamp Creek,Swamp Creek
5303321,2019-08-16,17.0,7.0,4.2,,,,Swamp Creek,Swamp Creek
5303321,2019-09-30,10.0,7.0,7.6,,,,Swamp Creek,Swamp Creek
5303321,2019-10-21,10.0,7.0,7.5,,,,Swamp Creek,Swamp Creek
5303321,2019-11-19,10.0,7.0,8.0,,,,Swamp Creek,Swamp Creek
5303321,2019-12-19,7.0,7.0,7.7,,,,Swamp Creek,Swamp Creek
5303321,2020-01-23,8.5,7.0,10.1,,,,Swamp Creek,Swamp Creek
5303321,2020-02-20,5.0,7.0,9.9,,,,Swamp Creek,Swamp Creek
5303321,2020-10-05,14.0,7.0,3.7,,,,Swamp Creek,Swamp Creek
5303321,2020-11-19,8.5,7.0,8.6,,,,Swamp Creek,Swamp Creek
5303321,2020-12-17,7.0,7.0,9.4,,,,Swamp Creek,Swamp Creek
5303321,2021-01-19,6.0,7.0,9.9,,,,Swamp Creek,Swamp Creek
5303321,2021-02-23,6.0,7.5,10.4,,,,Swamp Creek,Swamp Creek
5303321,2021-03-22,6.5,7.0,9.6,,,,Swamp Creek,Swamp Creek
5303321,2021-04-22,11.0,7.0,6.2,,,,Swamp Creek,Swamp Creek
5303321,2021-05-14,13.0,7.0,4.3,,,,Swamp Creek,Swamp Creek
5303321,2021-06-29,21.0,7.0,2.2,,,,Swamp Creek,Swamp Creek
5303321,2021-07-24,15.5,6.5,1.3,,,,Swamp Creek,Swamp Creek
5303321,2021-08-19,16.0,7.0,8.5,,,,Swamp Creek,Swamp Creek
5303321,2021-09-23,13.0,7.0,10.7,,,,Swamp Creek,Swamp Creek
5303321,2021-10-20,10.5,7.0,7.3,,,,Swamp Creek,Swamp Creek
5303321,2021-11-23,7.0,7.0,7.3,,,,Swamp Creek,Swamp Creek
5303321,2022-02-26,4.0,7.0,10.4,,,,Swamp Creek,Swamp Creek
5303321,2022-03-29,10.0,7.0,8.7,,,,Swamp Creek,Swamp Creek
5303321,2022-05-23,13.0,7.0,6.5,,,,Swamp Creek,Swamp Creek
5303321,2022-06-20,14.0,7.0,5.0,,,,Swamp Creek,Swamp Creek
5303321,2022-07-20,16.5,6.5,2.4,,,,Swamp Creek,Swamp Creek
5303321,2022-08-25,17.0,7.0,1.7,,,,Swamp Creek,Swamp Creek
5303321,2022-09-28,13.5,7.0,1.7,,,,Swamp Creek,Swamp Creek
5303321,2022-10-25,10.5,7.0,3.4,,,,Swamp Creek,Swamp Creek
5303321,2022-11-28,5.5,7.5,9.4,,,,Swamp Creek,Swamp Creek
5303321,2022-12-19,3.0,7.5,10.6,,,,Swamp Creek,Swamp Creek
5303321,2023-01-17,6.0,7.5,9.7,,,,Swamp Creek,Swamp Creek
5303321,2023-04-17,6.0,7.0,9.6,,,,Swamp Creek,Swamp Creek
5303321,2023-04-19,9.0,7.5,9.3,,,,Swamp Creek,Swamp Creek
5303321,2023-05-30,13.0,7.0,1.5,,,,Swamp Creek,Swamp Creek
5303321,2023-06-26,15.5,7.0,1.6,,,,Swamp Creek,Swamp Creek
5303321,2023-07-27,16.0,7.0,0.9,,,,Swamp Creek,Swamp Creek
5303321,2023-08-17,17.0,7.0,0.6,,,,Swamp Creek,Swamp Creek
5303321,2023-09-14,13.5,6.5,1.1,,,,Swamp Creek,Swamp Creek
5303321,2023-10-18,12.5,7.0,4.4,,,,Swamp Creek,Swamp Creek
5303321,2023-11-20,6.0,7.0,9.1,,,,Swamp Creek,Swamp Creek
5303321,2023-12-20,6.5,7.0,7.5,,,,Swamp Creek,Swamp Creek
5303321,2024-01-19,3.5,7.5,9.8,,,,Swamp Creek,Swamp Creek
5303321,2024-03-02,5.5,7.0,9.5,,,,Swamp Creek,Swamp Creek
5303321,2024-03-25,9.5,7.0,5.5,,,,Swamp Creek,Swamp Creek
5303321,2024-04-24,10.0,7.0,2.6,,,,Swamp Creek,Swamp Creek
5303321,2024-05-27,12.0,7.0,3.0,,,,Swamp Creek,Swamp Creek
5303321,2024-07-26,6.0,6.5,2.6,285.0,,,Swamp Creek,Swamp Creek
5303321,2024-08-27,15.5,7.0,3.2,210.6,,,Swamp Creek,Swamp Creek
5303321,2024-09-24,14.0,6.75,0.7,283.6,,,Swamp Creek,Swamp Creek
5303321,2024-10-24,10.5,6.5,1.65,272.6,,,Swamp Creek,Swamp Creek
5303321,2024-11-26,8.5,7.5,7.9,178.0,,,Swamp Creek,Swamp Creek
5303321,2024-12-28,8.5,7.0,8.9,142.0,,,Swamp Creek,Swamp Creek
5303321,2025-01-30,2.0,7.0,7.0,237.0,,,Swamp Creek,Swamp Creek
5303321,2025-03-19,8.0,7.0,8.9,199.6,,,Swamp Creek,Swamp Creek
5303321,2025-04-18,9.5,6.5,3.75,229.0,,,Swamp Creek,Swamp Creek
5303321,2025-05-20,12.5,7.0,2.95,221.3,,,Swamp Creek,Swamp Creek
5303321,2025-06-21,14.5,7.0,0.55,288.0,,,Swamp Creek,Swamp Creek
5303321,2025-07-24,17.0,6.5,0.55,291.3,,,Swamp Creek,Swamp Creek
5303321,2025-08-25,16.5,7.0,0.75,284.0,,,Swamp Creek,Swamp Creek
5303321,2025-09-24,12.75,6.5,1.2,274.3,,,Swamp Creek,Swamp Creek
5303321,2025-10-27,9.0,6.5,5.9,226.6,,,Swamp Creek,Swamp Creek
5303321,2025-11-27,9.5,6.5,4.9,227.0,,,Swamp Creek,Swamp Creek
5303321,2025-12-29,6.0,7.0,9.7,195.6,,,Swamp Creek,Swamp Creek
5303321,2026-01-28,5.0,6.5,7.2,239.0,,,Swamp Creek,Swamp Creek
5303321,2026-02-23,7.0,7.0,9.35,194.6,,,Swamp Creek,Swamp Creek
5303321,2026-03-27,7.5,7.0,9.25,173.6,,,Swamp Creek,Swamp Creek
5303322,2018-07-21,14.0,8.0,8.3,,,,Swamp Creek,Swamp Creek
5303322,2018-08-25,16.0,8.0,8.4,,,,Swamp Creek,Swamp Creek
5303322,2018-09-15,13.5,8.0,8.9,,,,Swamp Creek,Swamp Creek
5303322,2018-10-20,8.5,8.0,10.0,,,,Swamp Creek,Swamp Creek
5303322,2018-11-24,7.0,8.0,10.5,,,,Swamp Creek,Swamp Creek
5303322,2019-01-05,7.0,7.5,10.6,,,,Swamp Creek,Swamp Creek
5303322,2019-03-10,3.0,7.5,12.2,,,,Swamp Creek,Swamp Creek
5303322,2019-04-09,10.0,7.5,9.8,,,,Swamp Creek,Swamp Creek
5303322,2019-05-11,14.0,7.5,8.5,,,,Swamp Creek,Swamp Creek
5303322,2019-06-22,14.0,8.0,9.1,,,,Swamp Creek,Swamp Creek
5303322,2019-07-13,16.0,8.0,8.5,,,,Swamp Creek,Swamp Creek
5303322,2019-08-18,16.0,8.0,8.6,,,,Swamp Creek,Swamp Creek
5303322,2019-09-21,14.0,8.0,8.6,,,,Swamp Creek,Swamp Creek
5303322,2019-10-26,9.5,7.5,10.0,,,,Swamp Creek,Swamp Creek
5303322,2019-11-23,6.0,7.5,11.0,,,,Swamp Creek,Swamp Creek
5303322,2019-12-28,5.5,7.5,11.3,,,,Swamp Creek,Swamp Creek
5303322,2020-01-25,8.5,7.5,10.1,,,,Swamp Creek,Swamp Creek
5303322,2020-02-23,7.0,7.5,10.5,,,,Swamp Creek,Swamp Creek
5303322,2021-02-07,6.0,7.5,10.9,,,,Swamp Creek,Swamp Creek
5303322,2021-03-14,6.5,8.0,10.8,,,,Swamp Creek,Swamp Creek
5303322,2021-05-16,13.5,7.5,9.1,,,,Swamp Creek,Swamp Creek
5303322,2021-06-20,18.0,7.5,7.9,,,,Swamp Creek,Swamp Creek
5303322,2021-07-25,17.0,7.5,8.9,,,,Swamp Creek,Swamp Creek
5303322,2021-10-10,10.0,7.5,9.3,,,,Swamp Creek,Swamp Creek
5303322,2021-11-20,9.0,7.0,9.35,,,,Swamp Creek,Swamp Creek
5303322,2022-03-27,10.0,7.5,9.9,,,,Swamp Creek,Swamp Creek
5303322,2022-04-23,10.5,7.5,9.9,,,,Swamp Creek,Swamp Creek
5303322,2022-06-04,14.0,7.5,7.6,,,,Swamp Creek,Swamp Creek
5303322,2022-06-08,15.0,7.5,8.3,,,,Swamp Creek,Swamp Creek
5303322,2022-08-06,15.0,7.5,8.3,,,,Swamp Creek,Swamp Creek
5303322,2022-10-25,10.0,8.0,9.4,,,,Swamp Creek,Swamp Creek
5303322,2023-03-26,5.0,7.5,10.2,,,,Swamp Creek,Swamp Creek
5303322,2023-05-29,13.0,7.5,9.0,,,,Swamp Creek,Swamp Creek
5303322,2023-10-21,13.0,8.0,9.2,,,,Swamp Creek,Swamp Creek
5303322,2023-12-11,9.0,8.0,9.5,,,,Swamp Creek,Swamp Creek
5303322,2023-12-17,6.0,7.5,10.3,,,,Swamp Creek,Swamp Creek
5303322,2024-01-21,4.5,7.5,11.0,,,,Swamp Creek,Swamp Creek
5303322,2024-02-18,7.0,7.5,10.8,,,,Swamp Creek,Swamp Creek
5303322,2024-03-24,9.5,7.5,10.0,,,,Swamp Creek,Swamp Creek
5303322,2024-04-14,12.5,8.0,10.0,,,,Swamp Creek,Swamp Creek
5303322,2024-05-26,11.0,8.0,9.9,201.0,,,Swamp Creek,Swamp Creek
5303322,2025-02-20,2.5,8.0,10.45,299.0,,,Swamp Creek,Swamp Creek
5303322,2025-09-22,15.0,7.5,8.7,248.0,,,Swamp Creek,Swamp Creek
5303322,2026-01-17,6.0,7.0,10.1,199.0,,,Swamp Creek,Swamp Creek
5303322,2026-02-22,5.0,7.0,10.5,215.0,,,Swamp Creek,Swamp Creek
5303323,2019-05-04,10.0,7.5,8.5,,,,Lake Washington-Sammamish River,Juanita Creek
5303323,2019-05-25,11.0,7.5,8.0,,,,Lake Washington-Sammamish River,Juanita Creek
5303323,2019-06-26,14.0,8.0,7.9,,,,Lake Washington-Sammamish River,Juanita Creek
5303323,2019-07-20,12.0,8.0,8.9,,,,Lake Washington-Sammamish River,Juanita Creek
5303323,2019-08-23,15.0,7.5,8.1,,,,Lake Washington-Sammamish River,Juanita Creek
5303323,2019-09-20,14.9,8.0,8.5,,,,Lake Washington-Sammamish River,Juanita Creek
5303323,2019-10-18,10.0,7.5,9.1,,,,Lake Washington-Sammamish River,Juanita Creek
5303323,2019-11-22,7.0,8.0,9.9,,,,Lake Washington-Sammamish River,Juanita Creek
5303323,2019-12-28,7.0,7.5,10.9,,,,Lake Washington-Sammamish River,Juanita Creek
5303323,2020-01-23,7.0,7.0,9.9,,,,Lake Washington-Sammamish River,Juanita Creek
5303323,2020-02-22,6.0,7.5,10.4,,,,Lake Washington-Sammamish River,Juanita Creek
5303324,2019-03-31,10.0,7.5,8.9,,,,Lake Washington-Sammamish River,Juanita Creek
5303324,2019-05-04,10.0,7.0,8.6,,,,Lake Washington-Sammamish River,Juanita Creek
5303324,2019-05-25,12.0,7.5,7.6,,,,Lake Washington-Sammamish River,Juanita Creek
5303324,2019-06-26,15.5,8.0,7.1,,,,Lake Washington-Sammamish River,Juanita Creek
5303324,2019-07-20,14.5,7.5,7.5,,,,Lake Washington-Sammamish River,Juanita Creek
5303324,2019-08-23,14.0,7.5,8.0,,,,Lake Washington-Sammamish River,Juanita Creek
5303324,2019-09-20,14.5,7.5,8.1,,,,Lake Washington-Sammamish River,Juanita Creek
5303324,2019-10-18,9.0,7.0,9.1,,,,Lake Washington-Sammamish River,Juanita Creek
5303324,2019-11-22,6.5,8.0,10.1,,,,Lake Washington-Sammamish River,Juanita Creek
5303324,2019-12-28,6.0,7.5,9.8,,,,Lake Washington-Sammamish River,Juanita Creek
5303324,2020-02-22,6.0,8.0,10.0,,,,Lake Washington-Sammamish River,Juanita Creek
5303324,2021-06-12,13.0,7.0,7.9,,,,Lake Washington-Sammamish River,Juanita Creek
5303325,2019-04-28,10.0,8.0,10.2,,,,Lake Washington-Sammamish River,Pipers Creek
5303325,2019-06-08,11.5,8.0,9.7,,,,Lake Washington-Sammamish River,Pipers Creek
5303327,2019-03-17,10.0,7.5,10.0,,,,Shell Creek-Frontal Puget Sound,Venema Creek
5303327,2019-05-10,13.0,8.0,9.3,,,,Shell Creek-Frontal Puget Sound,Venema Creek
5303328,2019-04-23,13.0,5.5,3.3,,,,Patterson Creek-Snoqualmie River,Kimball Slough
5303328,2019-04-24,13.0,5.5,2.4,,,,Patterson Creek-Snoqualmie River,Kimball Slough
5303328,2019-05-30,16.0,5.5,2.6,,,,Patterson Creek-Snoqualmie River,Kimball Slough
5303330,2019-10-15,11.5,7.0,9.2,,,,Green River,Gilliam Creek
5303330,2019-12-16,8.5,7.5,9.9,,,,Green River,Gilliam Creek
5303330,2020-01-15,5.0,7.5,9.9,,,,Green River,Gilliam Creek
5303331,2019-07-27,17.0,8.0,9.3,,,,Lake Washington-Sammamish River,Thornton Creek
5303331,2019-11-03,8.0,7.5,10.2,,,,Lake Washington-Sammamish River,Thornton Creek
5303331,2020-06-27,14.5,7.5,8.5,,,,Lake Washington-Sammamish River,Thornton Creek
5303332,2019-07-27,18.0,7.0,14.3,,,,Green River,Thornton Creek UT brook
5303332,2019-11-03,8.5,7.0,9.9,,,,Green River,Thornton Creek UT brook
5303332,2020-02-24,7.0,8.0,10.8,,,,Green River,Thornton Creek UT brook
5303332,2020-03-23,8.0,7.5,11.3,,,,Green River,Thornton Creek UT brook
5303332,2020-04-23,11.0,7.0,9.8,,,,Green River,Thornton Creek UT brook
5303332,2020-05-21,11.5,7.0,,,,,Green River,Thornton Creek UT brook
5303332,2020-06-27,14.5,7.5,8.5,,,,Green River,Thornton Creek UT brook
5303332,2020-07-25,14.0,8.0,8.7,,,,Green River,Thornton Creek UT brook
5303332,2020-08-22,16.0,8.0,7.9,,,,Green River,Thornton Creek UT brook
5303332,2020-09-27,13.5,7.0,8.7,,,,Green River,Thornton Creek UT brook
5303332,2020-10-26,7.0,7.5,10.6,,,,Green River,Thornton Creek UT brook
5303332,2020-11-29,7.5,7.0,10.6,,,,Green River,Thornton Creek UT brook
5303332,2020-12-31,8.0,7.0,10.2,,,,Green River,Thornton Creek UT brook
5303332,2021-01-29,7.5,7.0,10.4,,,,Green River,Thornton Creek UT brook
5303332,2021-02-26,8.0,7.5,10.8,,,,Green River,Thornton Creek UT brook
5303332,2021-03-29,6.5,7.0,10.4,,,,Green River,Thornton Creek UT brook
5303332,2021-05-30,11.5,7.0,9.3,,,,Green River,Thornton Creek UT brook
5303332,2021-06-29,18.5,8.0,8.1,,,,Green River,Thornton Creek UT brook
5303332,2021-07-31,17.0,8.0,7.9,,,,Green River,Thornton Creek UT brook
5303332,2021-08-31,16.0,8.0,9.8,,,,Green River,Thornton Creek UT brook
5303332,2021-09-29,14.0,7.0,11.5,,,,Green River,Thornton Creek UT brook
5303332,2021-12-05,7.5,7.5,10.6,,,,Green River,Thornton Creek UT brook
5303333,2019-11-13,9.5,6.5,2.9,,,,Green River,Johnson Creek
5303333,2019-12-16,5.0,7.0,4.4,,,,Green River,Johnson Creek
5303333,2020-01-15,2.5,6.5,3.1,,,,Green River,Johnson Creek
5303334,2019-07-14,20.0,7.0,5.0,,,,Bear Creek,Bear Creek
5303334,2019-08-17,17.0,7.0,5.8,,,,Bear Creek,Bear Creek
5303334,2019-09-25,15.5,7.0,5.4,,,,Bear Creek,Bear Creek
5303334,2019-10-19,9.5,7.0,7.1,,,,Bear Creek,Bear Creek
5303334,2019-11-16,8.0,7.0,,,,,Bear Creek,Bear Creek
5303334,2019-12-28,3.0,7.0,9.1,,,,Bear Creek,Bear Creek
5303334,2020-01-19,5.0,7.0,9.2,,,,Bear Creek,Bear Creek
5303334,2020-02-16,7.0,7.0,8.9,,,,Bear Creek,Bear Creek
5303334,2022-05-03,7.5,6.5,7.6,,,,Bear Creek,Bear Creek
5303335,2019-01-11,5.0,7.5,11.3,,,,Bear Creek,Bear Creek
5303335,2019-02-09,17.5,8.0,8.6,,,,Bear Creek,Bear Creek
5303335,2019-03-07,18.5,8.0,7.7,,,,Bear Creek,Bear Creek
5303335,2019-04-28,9.0,7.5,9.4,,,,Bear Creek,Bear Creek
5303335,2019-05-08,13.0,7.5,8.4,,,,Bear Creek,Bear Creek
5303335,2019-07-03,18.5,8.0,7.7,,,,Bear Creek,Bear Creek
5303335,2019-08-05,13.0,7.5,8.4,,,,Bear Creek,Bear Creek
5303335,2019-09-02,17.5,8.0,8.6,,,,Bear Creek,Bear Creek
5303335,2019-09-23,14.0,7.0,8.7,,,,Bear Creek,Bear Creek
5303335,2019-11-01,5.0,7.5,11.3,,,,Bear Creek,Bear Creek
5303335,2019-11-30,2.5,7.5,12.7,,,,Bear Creek,Bear Creek
5303335,2019-12-26,5.0,7.0,11.7,,,,Bear Creek,Bear Creek
5303335,2020-01-03,6.0,7.5,11.1,,,,Bear Creek,Bear Creek
5303335,2020-01-30,7.0,7.0,11.0,,,,Bear Creek,Bear Creek
5303335,2020-08-30,14.0,7.5,7.9,,,,Bear Creek,Bear Creek
5303335,2021-01-07,18.0,7.5,8.0,,,,Bear Creek,Bear Creek
5303335,2021-02-05,11.5,7.0,9.4,,,,Bear Creek,Bear Creek
5303335,2021-03-10,12.0,7.5,9.3,,,,Bear Creek,Bear Creek
5303335,2021-05-12,6.0,7.0,10.8,,,,Bear Creek,Bear Creek
5303335,2021-07-30,20.0,7.5,7.5,,,,Bear Creek,Bear Creek
5303335,2021-08-29,15.0,7.5,8.4,,,,Bear Creek,Bear Creek
5303335,2021-10-31,8.5,7.0,10.0,,,,Bear Creek,Bear Creek
5303335,2022-01-10,13.0,7.5,9.5,,,,Bear Creek,Bear Creek
5303335,2022-02-13,5.0,7.5,11.2,,,,Bear Creek,Bear Creek
5303335,2022-03-26,10.0,7.0,10.0,,,,Bear Creek,Bear Creek
5303335,2022-04-30,13.0,7.0,9.9,,,,Bear Creek,Bear Creek
5303335,2022-05-06,15.0,7.0,8.2,,,,Bear Creek,Bear Creek
5303335,2022-07-31,22.0,7.5,7.1,,,,Bear Creek,Bear Creek
5303335,2022-09-01,3.5,7.0,11.7,,,,Bear Creek,Bear Creek
5303335,2022-10-07,18.0,7.0,8.5,,,,Bear Creek,Bear Creek
5303335,2022-11-12,5.0,7.0,11.4,,,,Bear Creek,Bear Creek
5303335,2022-12-11,5.0,7.5,11.5,,,,Bear Creek,Bear Creek
5303335,2023-01-22,5.0,7.0,11.8,,,,Bear Creek,Bear Creek
5303335,2023-02-22,4.5,7.0,14.7,,,,Bear Creek,Bear Creek
5303335,2023-05-31,7.0,7.0,10.3,,,,Bear Creek,Bear Creek
5303335,2023-06-08,17.5,7.5,7.9,,,,Bear Creek,Bear Creek
5303335,2023-07-05,8.0,7.5,9.8,,,,Bear Creek,Bear Creek
5303335,2023-07-09,17.0,7.5,7.6,158.0,,,Bear Creek,Bear Creek
5303335,2023-08-05,19.0,8.0,7.5,166.0,,,Bear Creek,Bear Creek
5303335,2023-09-02,17.0,8.0,7.7,169.0,,,Bear Creek,Bear Creek
5303335,2023-10-01,11.0,7.5,8.2,142.0,,,Bear Creek,Bear Creek
5303335,2023-11-12,9.0,7.0,9.2,132.0,,,Bear Creek,Bear Creek
5303335,2023-12-16,5.0,7.0,10.9,115.0,,,Bear Creek,Bear Creek
5303335,2024-02-10,5.0,7.0,9.9,120.0,,,Bear Creek,Bear Creek
5303335,2024-03-09,6.0,7.0,10.1,124.0,,,Bear Creek,Bear Creek
5303335,2024-04-15,8.0,7.5,10.0,134.0,,,Bear Creek,Bear Creek
5303335,2024-06-12,15.0,7.5,9.4,145.0,,,Bear Creek,Bear Creek
5303335,2024-07-19,20.0,7.5,8.3,165.0,,,Bear Creek,Bear Creek
5303335,2024-09-08,,7.5,8.5,168.0,,,Bear Creek,Bear Creek
5303335,2024-10-12,12.0,7.0,9.2,163.0,,,Bear Creek,Bear Creek
5303335,2024-11-23,7.0,7.0,9.3,129.0,,,Bear Creek,Bear Creek
5303335,2024-12-28,5.0,7.5,9.3,101.0,,,Bear Creek,Bear Creek
5303335,2025-01-26,0.0,8.0,12.3,147.0,,,Bear Creek,Bear Creek
5303335,2025-03-09,6.0,8.0,10.1,140.0,,,Bear Creek,Bear Creek
5303335,2025-04-12,7.0,7.5,9.7,119.0,,,Bear Creek,Bear Creek
5303335,2025-05-24,10.0,7.5,9.0,,,,Bear Creek,Bear Creek
5303335,2025-07-12,15.0,8.0,8.1,,,,Bear Creek,Bear Creek
5303336,2020-02-20,9.0,8.5,9.0,,,,Green River,Riverton Creek
5303337,2020-02-20,7.0,6.5,8.8,,,,Green River,Duwamish River
5303338,2019-10-26,11.0,7.1,4.7,,,,Green River,Springbrook Creek
5303338,2019-12-22,,,,,,,Green River,Springbrook Creek
5303338,2020-01-25,8.5,7.0,6.2,,,,Green River,Springbrook Creek
5303338,2020-02-23,7.6,7.0,6.9,,,,Green River,Springbrook Creek
5303338,2020-03-30,9.7,7.1,8.4,,,,Green River,Springbrook Creek
5303339,2019-09-28,13.6,7.0,5.0,,,,Green River,Springbrook Creek
5303339,2019-10-26,10.9,7.0,5.2,,,,Green River,Springbrook Creek
5303339,2020-01-25,8.6,7.0,9.3,,,,Green River,Springbrook Creek
5303339,2020-02-23,7.1,7.2,8.1,,,,Green River,Springbrook Creek
5303339,2020-03-30,9.4,7.4,9.6,,,,Green River,Springbrook Creek
5303340,2019-10-26,10.6,7.2,4.1,,,,Green River,Springbrook Creek
5303340,2019-12-22,8.1,6.9,9.6,,,,Green River,Springbrook Creek
5303340,2020-01-25,8.6,6.0,10.0,,,,Green River,Springbrook Creek
5303340,2020-02-23,7.2,7.0,9.1,,,,Green River,Springbrook Creek
5303340,2020-03-30,8.3,7.0,10.6,,,,Green River,Springbrook Creek
5303341,2019-09-28,11.2,7.7,11.3,,,,Green River,Springbrook Creek
5303341,2019-10-26,10.3,7.5,11.4,,,,Green River,Springbrook Creek
5303341,2020-01-25,9.4,7.3,11.9,,,,Green River,Springbrook Creek
5303341,2020-02-23,8.6,7.5,12.2,,,,Green River,Springbrook Creek
5303341,2020-03-30,9.4,7.3,11.9,,,,Green River,Springbrook Creek
5303343,2019-10-26,10.0,7.4,9.0,,,,Green River,Mill Creek
5303343,2019-12-22,8.0,6.9,11.6,,,,Green River,Mill Creek
5303343,2020-01-25,8.3,7.0,11.4,,,,Green River,Mill Creek
5303343,2020-02-23,7.0,7.2,11.7,,,,Green River,Mill Creek
5303343,2020-03-30,8.6,7.1,10.3,,,,Green River,Mill Creek
5303344,2019-09-28,12.0,7.4,11.2,,,,Green River,Mill Creek
5303344,2019-10-26,9.5,7.5,11.2,,,,Green River,Mill Creek
5303344,2020-01-25,8.2,7.0,12.3,,,,Green River,Mill Creek
5303344,2020-02-23,6.3,7.2,12.6,,,,Green River,Mill Creek
5303344,2020-03-30,8.6,7.2,12.1,,,,Green River,Mill Creek
5303345,2019-10-26,10.0,7.0,1.9,,,,Green River,Panther Creek
5303345,2019-12-22,,,,,,,Green River,Panther Creek
5303345,2020-01-25,8.4,6.9,4.7,,,,Green River,Panther Creek
5303345,2020-02-23,6.4,6.7,7.9,,,,Green River,Panther Creek
5303345,2020-03-30,9.5,6.9,6.9,,,,Green River,Panther Creek
5303346,2020-03-03,8.0,8.5,10.8,,,,Miller Creek-Frontal East Passage,McSorley Creek
5303346,2020-04-07,9.8,7.5,10.0,,,,Miller Creek-Frontal East Passage,McSorley Creek
5303346,2020-05-07,16.0,6.5,9.7,,,,Miller Creek-Frontal East Passage,McSorley Creek
5303346,2020-06-10,18.0,8.0,9.1,,,,Miller Creek-Frontal East Passage,McSorley Creek
5303346,2020-07-10,18.0,7.5,8.2,,,,Miller Creek-Frontal East Passage,McSorley Creek
5303346,2020-08-04,19.5,8.0,7.7,,,,Miller Creek-Frontal East Passage,McSorley Creek
5303346,2020-09-01,18.0,7.5,8.2,,,,Miller Creek-Frontal East Passage,McSorley Creek
5303346,2020-09-10,18.0,7.5,8.2,,,,Miller Creek-Frontal East Passage,McSorley Creek
5303346,2020-09-15,19.0,8.0,5.6,,,,Miller Creek-Frontal East Passage,McSorley Creek
5303346,2020-10-06,15.0,7.5,8.1,,,,Miller Creek-Frontal East Passage,McSorley Creek
5303346,2020-10-16,15.0,7.5,8.1,,,,Miller Creek-Frontal East Passage,McSorley Creek
5303346,2020-11-06,10.0,7.5,9.4,,,,Miller Creek-Frontal East Passage,McSorley Creek
5303346,2020-11-22,8.0,7.5,10.2,,,,Miller Creek-Frontal East Passage,McSorley Creek
5303346,2020-12-04,7.25,8.0,10.2,,,,Miller Creek-Frontal East Passage,McSorley Creek
5303346,2020-12-22,7.0,7.5,10.6,,,,Miller Creek-Frontal East Passage,McSorley Creek
5303346,2021-01-04,8.0,7.0,10.0,,,,Miller Creek-Frontal East Passage,McSorley Creek
5303346,2021-01-19,7.0,7.5,10.7,,,,Miller Creek-Frontal East Passage,McSorley Creek
5303346,2021-02-02,8.0,7.5,10.3,,,,Miller Creek-Frontal East Passage,McSorley Creek
5303346,2021-02-17,4.0,7.5,13.0,,,,Miller Creek-Frontal East Passage,McSorley Creek
5303346,2021-03-03,7.0,8.0,11.3,,,,Miller Creek-Frontal East Passage,McSorley Creek
5303346,2021-03-04,12.0,7.5,9.1,,,,Miller Creek-Frontal East Passage,McSorley Creek
5303346,2021-03-15,5.0,8.5,12.8,,,,Miller Creek-Frontal East Passage,McSorley Creek
5303346,2021-03-16,5.0,8.5,12.8,,,,Miller Creek-Frontal East Passage,McSorley Creek
5303346,2021-04-06,11.0,8.5,10.9,,,,Miller Creek-Frontal East Passage,McSorley Creek
5303346,2021-04-20,14.0,8.5,10.45,,,,Miller Creek-Frontal East Passage,McSorley Creek
5303346,2021-05-04,12.0,7.5,9.1,,,,Miller Creek-Frontal East Passage,McSorley Creek
5303346,2021-05-18,12.0,8.0,8.95,,,,Miller Creek-Frontal East Passage,McSorley Creek
5303346,2021-06-01,14.0,8.0,8.35,,,,Miller Creek-Frontal East Passage,McSorley Creek
5303346,2021-06-16,15.0,8.0,8.3,,,,Miller Creek-Frontal East Passage,McSorley Creek
5303346,2021-07-07,16.0,8.0,7.8,,,,Miller Creek-Frontal East Passage,McSorley Creek
5303346,2021-08-02,17.0,8.0,7.85,,,,Miller Creek-Frontal East Passage,McSorley Creek
5303346,2021-08-18,16.0,8.5,7.699999999999999,,,,Miller Creek-Frontal East Passage,McSorley Creek
5303346,2021-09-05,15.0,8.0,8.55,,,,Miller Creek-Frontal East Passage,McSorley Creek
5303346,2021-10-06,14.0,8.0,9.7,,,,Miller Creek-Frontal East Passage,McSorley Creek
5303346,2021-10-20,12.0,7.5,9.3,,,,Miller Creek-Frontal East Passage,McSorley Creek
5303346,2021-11-02,10.0,7.0,8.850000000000001,,,,Miller Creek-Frontal East Passage,McSorley Creek
5303346,2021-11-16,9.0,7.0,10.4,,,,Miller Creek-Frontal East Passage,McSorley Creek
5303346,2021-11-30,10.0,7.5,9.6,,,,Miller Creek-Frontal East Passage,McSorley Creek
5303346,2021-12-07,8.0,7.5,10.0,,,,Miller Creek-Frontal East Passage,McSorley Creek
5303346,2021-12-21,5.0,7.0,11.5,,,,Miller Creek-Frontal East Passage,McSorley Creek
5303346,2022-01-04,4.0,7.5,11.6,,,,Miller Creek-Frontal East Passage,McSorley Creek
5303346,2022-02-01,5.0,8.0,11.4,,,,Miller Creek-Frontal East Passage,McSorley Creek
5303346,2022-02-15,7.0,8.5,12.1,,,,Miller Creek-Frontal East Passage,McSorley Creek
5303346,2022-03-01,,,,,,,Miller Creek-Frontal East Passage,McSorley Creek
5303346,2022-03-08,7.0,8.5,10.5,,,,Miller Creek-Frontal East Passage,McSorley Creek
5303346,2022-03-22,8.0,7.5,10.1,,,,Miller Creek-Frontal East Passage,McSorley Creek
5303346,2022-04-05,7.0,7.5,11.0,,,,Miller Creek-Frontal East Passage,McSorley Creek
5303346,2022-04-21,9.0,7.5,11.0,,,,Miller Creek-Frontal East Passage,McSorley Creek
5303346,2022-05-17,10.0,8.0,9.1,,,,Miller Creek-Frontal East Passage,McSorley Creek
5303346,2022-06-21,13.0,7.0,8.8,,,,Miller Creek-Frontal East Passage,McSorley Creek
5303346,2022-07-19,14.0,7.5,8.4,,,,Miller Creek-Frontal East Passage,McSorley Creek
5303346,2022-07-21,15.0,7.0,,,,,Miller Creek-Frontal East Passage,McSorley Creek
5303346,2022-08-08,15.0,7.5,8.5,,1.0,,Miller Creek-Frontal East Passage,McSorley Creek
5303346,2022-08-23,,8.0,8.6,,,,Miller Creek-Frontal East Passage,McSorley Creek
5303346,2022-09-06,13.0,8.0,8.7,,1.0,,Miller Creek-Frontal East Passage,McSorley Creek
5303346,2022-09-21,12.0,8.0,10.0,,1.0,,Miller Creek-Frontal East Passage,McSorley Creek
5303346,2022-10-07,11.0,8.0,9.1,,0.25,,Miller Creek-Frontal East Passage,McSorley Creek
5303346,2022-10-27,10.0,8.0,9.0,,0.25,,Miller Creek-Frontal East Passage,McSorley Creek
5303346,2022-11-10,6.0,8.0,10.1,,0.2,,Miller Creek-Frontal East Passage,McSorley Creek
5303346,2022-11-30,5.0,7.0,11.3,,2.0,0.2,Miller Creek-Frontal East Passage,McSorley Creek
5303346,2022-12-07,5.0,6.5,10.3,,0.25,,Miller Creek-Frontal East Passage,McSorley Creek
5303346,2022-12-30,6.0,7.0,11.1,,1.5,0.6,Miller Creek-Frontal East Passage,McSorley Creek
5303346,2023-01-12,6.0,7.5,9.1,,0.25,,Miller Creek-Frontal East Passage,McSorley Creek
5303346,2023-01-21,7.0,8.0,11.0,,0.6,0.2,Miller Creek-Frontal East Passage,McSorley Creek
5303346,2023-02-07,5.0,7.5,9.5,,0.25,,Miller Creek-Frontal East Passage,McSorley Creek
5303346,2023-02-22,5.0,8.5,12.5,,0.2,0.2,Miller Creek-Frontal East Passage,McSorley Creek
5303346,2023-03-05,5.0,7.5,10.4,,0.25,,Miller Creek-Frontal East Passage,McSorley Creek
5303346,2023-03-21,8.0,8.0,11.9,,0.4,0.2,Miller Creek-Frontal East Passage,McSorley Creek
5303346,2023-04-04,6.0,7.5,10.2,,0.25,,Miller Creek-Frontal East Passage,McSorley Creek
5303346,2023-04-18,8.0,8.0,11.3,,,,Miller Creek-Frontal East Passage,McSorley Creek
5303346,2023-05-07,11.0,7.5,8.7,,0.25,,Miller Creek-Frontal East Passage,McSorley Creek
5303346,2023-06-07,15.0,7.5,6.7,,0.5,,Miller Creek-Frontal East Passage,McSorley Creek
5303346,2023-06-20,12.0,8.0,8.9,,0.3,1.0,Miller Creek-Frontal East Passage,McSorley Creek
5303346,2023-07-03,14.0,8.0,7.3,,0.5,,Miller Creek-Frontal East Passage,McSorley Creek
5303346,2023-07-19,15.0,8.5,8.3,,0.2,0.2,Miller Creek-Frontal East Passage,McSorley Creek
5303346,2023-08-02,13.0,8.0,7.9,,0.5,,Miller Creek-Frontal East Passage,McSorley Creek
5303346,2023-08-16,17.0,8.0,8.0,,0.4,0.2,Miller Creek-Frontal East Passage,McSorley Creek
5303346,2023-09-08,14.0,8.0,7.4,,0.5,,Miller Creek-Frontal East Passage,McSorley Creek
5303346,2023-09-19,,8.0,8.9,,0.2,0.2,Miller Creek-Frontal East Passage,McSorley Creek
5303346,2023-10-05,12.0,8.0,7.4,,0.25,0.2,Miller Creek-Frontal East Passage,McSorley Creek
5303346,2023-10-18,13.0,8.0,8.6,,0.4,0.2,Miller Creek-Frontal East Passage,McSorley Creek
5303346,2023-11-07,10.0,7.0,7.6,,2.5,0.2,Miller Creek-Frontal East Passage,McSorley Creek
5303346,2023-11-24,5.0,7.0,10.4,,0.2,0.6,Miller Creek-Frontal East Passage,McSorley Creek
5303346,2023-12-07,8.0,7.0,9.3,,0.6,0.2,Miller Creek-Frontal East Passage,McSorley Creek
5303346,2023-12-19,7.0,7.0,9.3,,0.2,1.0,Miller Creek-Frontal East Passage,McSorley Creek
5303346,2024-01-06,5.0,7.0,9.5,,0.4,0.2,Miller Creek-Frontal East Passage,McSorley Creek
5303346,2024-01-22,5.5,7.0,10.5,,0.7,0.2,Miller Creek-Frontal East Passage,McSorley Creek
5303346,2024-02-08,7.0,7.5,9.2,,0.4,0.2,Miller Creek-Frontal East Passage,McSorley Creek
5303346,2024-02-21,8.0,8.0,11.1,,0.2,0.2,Miller Creek-Frontal East Passage,McSorley Creek
5303346,2024-03-06,5.0,7.5,10.3,,0.5,0.2,Miller Creek-Frontal East Passage,McSorley Creek
5303346,2024-03-19,9.0,8.0,10.4,,0.3,0.2,Miller Creek-Frontal East Passage,McSorley Creek
5303346,2024-04-08,9.0,7.5,10.9,,0.2,0.2,Miller Creek-Frontal East Passage,McSorley Creek
5303346,2024-04-21,11.0,8.5,9.0,,0.2,0.2,Miller Creek-Frontal East Passage,McSorley Creek
5303346,2024-05-04,10.0,8.0,8.5,,0.4,0.2,Miller Creek-Frontal East Passage,McSorley Creek
5303346,2024-06-04,12.0,8.0,8.6,,0.2,0.2,Miller Creek-Frontal East Passage,McSorley Creek
5303346,2024-06-20,13.0,7.5,8.7,,0.2,1.0,Miller Creek-Frontal East Passage,McSorley Creek
5303346,2024-07-03,15.0,7.5,6.8,,0.2,0.2,Miller Creek-Frontal East Passage,McSorley Creek
5303346,2024-07-18,15.0,8.0,8.4,,0.3,0.2,Miller Creek-Frontal East Passage,McSorley Creek
5303346,2024-08-02,16.0,8.0,7.1,,0.2,0.2,Miller Creek-Frontal East Passage,McSorley Creek
5303346,2024-08-23,14.5,8.0,8.5,,,,Miller Creek-Frontal East Passage,McSorley Creek
5303346,2024-09-05,15.0,8.0,7.5,,0.2,0.2,Miller Creek-Frontal East Passage,McSorley Creek
5303346,2024-09-24,13.0,8.0,8.6,,0.3,0.1,Miller Creek-Frontal East Passage,McSorley Creek
5303346,2024-10-03,10.0,7.5,9.1,,0.2,0.1,Miller Creek-Frontal East Passage,McSorley Creek
5303346,2024-10-15,11.0,8.0,8.3,,0.2,0.2,Miller Creek-Frontal East Passage,McSorley Creek
5303346,2024-11-03,9.0,8.0,7.9,,0.2,0.2,Miller Creek-Frontal East Passage,McSorley Creek
5303346,2024-11-19,7.0,7.0,10.0,,0.3,0.2,Miller Creek-Frontal East Passage,McSorley Creek
5303346,2024-12-06,5.0,7.5,9.0,,0.2,0.2,Miller Creek-Frontal East Passage,McSorley Creek
5303346,2024-12-18,8.0,7.0,10.1,,,,Miller Creek-Frontal East Passage,McSorley Creek
5303346,2025-01-02,6.0,7.5,8.9,,0.2,0.2,Miller Creek-Frontal East Passage,McSorley Creek
5303346,2025-01-21,2.0,8.0,12.2,,0.2,0.2,Miller Creek-Frontal East Passage,McSorley Creek
5303346,2025-02-02,3.0,7.5,10.5,,0.2,0.2,Miller Creek-Frontal East Passage,McSorley Creek
5303346,2025-02-18,5.5,8.0,11.6,,0.4,0.2,Miller Creek-Frontal East Passage,McSorley Creek
5303346,2025-03-02,7.0,7.5,9.9,,0.2,0.2,Miller Creek-Frontal East Passage,McSorley Creek
5303346,2025-03-25,10.0,6.5,9.7,,0.3,0.2,Miller Creek-Frontal East Passage,McSorley Creek
5303346,2025-05-05,11.0,7.5,8.5,,0.2,0.2,Miller Creek-Frontal East Passage,McSorley Creek
5303346,2025-05-14,9.0,7.5,9.4,,0.4,0.2,Miller Creek-Frontal East Passage,McSorley Creek
5303346,2025-05-20,11.0,7.5,8.8,,0.2,0.2,Miller Creek-Frontal East Passage,McSorley Creek
5303346,2025-08-03,14.0,7.0,8.1,,0.2,0.2,Miller Creek-Frontal East Passage,McSorley Creek
5303346,2025-08-27,16.0,8.14,7.8,,0.2,0.2,Miller Creek-Frontal East Passage,McSorley Creek
5303346,2025-10-15,12.0,8.0,9.9,,,,Miller Creek-Frontal East Passage,McSorley Creek
5303346,2025-10-25,10.0,7.8,9.3,,0.2,0.2,Miller Creek-Frontal East Passage,McSorley Creek
5303346,2025-11-19,8.5,7.95,8.5,,0.4,0.2,Miller Creek-Frontal East Passage,McSorley Creek
5303346,2026-01-04,7.0,7.0,8.5,,0.2,0.2,Miller Creek-Frontal East Passage,McSorley Creek
5303348,2020-11-01,,,,,,,Green River,Puget Creek
5303348,2020-12-17,9.5,7.0,4.3,,,,Green River,Puget Creek
5303348,2021-01-29,8.0,7.0,6.0,,,,Green River,Puget Creek
5303348,2021-02-28,8.0,7.0,8.5,,,,Green River,Puget Creek
5303348,2021-03-20,10.0,7.0,9.7,,,,Green River,Puget Creek
5303348,2021-04-03,9.0,7.0,6.7,,,,Green River,Puget Creek
5303348,2021-04-14,10.0,7.0,8.1,,,,Green River,Puget Creek
5303348,2021-05-01,,,,,,,Green River,Puget Creek
5303349,2020-11-14,10.0,8.0,9.7,,,,Green River,Puget Creek
5303349,2021-03-13,8.0,8.0,10.5,,,,Green River,Puget Creek
5303349,2021-11-21,9.0,8.0,10.5,,,,Green River,Puget Creek
5303350,2021-01-18,12.0,7.0,10.2,,,,Green River,Puget Creek Trib A
5303350,2021-02-27,6.0,8.0,10.5,,,,Green River,Puget Creek Trib A
5303350,2021-03-13,6.0,8.0,10.5,,,,Green River,Puget Creek Trib A
5303350,2021-03-27,8.0,8.0,10.4,,,,Green River,Puget Creek Trib A
5303350,2021-11-21,9.0,8.0,9.1,,,,Green River,Puget Creek Trib A
5303350,2022-01-22,6.0,8.0,10.6,,,,Green River,Puget Creek Trib A
5303351,2021-03-13,7.0,8.0,10.45,,,,Green River,Puget Creek
5303351,2021-11-21,9.0,8.0,9.1,,,,Green River,Puget Creek
5303352,2021-08-13,17.0,6.0,8.0,,,,Lake Washington-Sammamish River,Firwood Creek
5303352,2021-09-10,15.0,7.0,9.9,,,,Lake Washington-Sammamish River,Firwood Creek
5303352,2021-11-20,9.0,7.0,8.1,,,,Lake Washington-Sammamish River,Firwood Creek
5303352,2022-02-21,8.0,7.0,10.0,,,,Lake Washington-Sammamish River,Firwood Creek
5303352,2022-04-02,11.0,7.0,9.0,,,,Lake Washington-Sammamish River,Firwood Creek
5303352,2022-08-28,16.0,7.0,7.6,,,,Lake Washington-Sammamish River,Firwood Creek
5303353,2021-08-09,17.0,8.0,8.2,,,,Lake Washington-Sammamish River,Forbes Creek
5303353,2021-09-14,15.0,8.0,8.4,,,,Lake Washington-Sammamish River,Forbes Creek
5303353,2021-10-08,10.5,8.5,10.8,,,,Lake Washington-Sammamish River,Forbes Creek
5303353,2021-11-13,10.0,7.5,8.3,,,,Lake Washington-Sammamish River,Forbes Creek
5303353,2021-12-19,5.0,7.0,10.5,,,,Lake Washington-Sammamish River,Forbes Creek
5303353,2022-01-16,6.0,7.5,10.8,,,,Lake Washington-Sammamish River,Forbes Creek
5303353,2022-02-06,5.0,7.0,10.9,,,,Lake Washington-Sammamish River,Forbes Creek
5303353,2022-03-20,6.0,7.0,9.3,,,,Lake Washington-Sammamish River,Forbes Creek
5303353,2022-04-23,11.0,8.0,10.0,,,,Lake Washington-Sammamish River,Forbes Creek
5303353,2022-05-28,14.0,8.0,8.7,,,,Lake Washington-Sammamish River,Forbes Creek
5303353,2022-06-16,14.0,7.5,8.7,,,,Lake Washington-Sammamish River,Forbes Creek
5303353,2022-07-17,14.5,8.0,8.5,,,,Lake Washington-Sammamish River,Forbes Creek
5303353,2022-08-11,17.0,8.5,8.1,,,,Lake Washington-Sammamish River,Forbes Creek
5303353,2022-09-10,14.0,8.0,8.6,,,,Lake Washington-Sammamish River,Forbes Creek
5303353,2022-10-09,14.0,8.0,8.6,,,,Lake Washington-Sammamish River,Forbes Creek
5303353,2022-10-23,9.5,7.5,9.4,,,,Lake Washington-Sammamish River,Forbes Creek
5303353,2022-11-08,17.0,8.5,8.1,,,,Lake Washington-Sammamish River,Forbes Creek
5303353,2022-11-13,5.5,7.5,11.0,,,,Lake Washington-Sammamish River,Forbes Creek
5303353,2022-12-29,5.5,7.0,10.7,,,,Lake Washington-Sammamish River,Forbes Creek
5303353,2023-01-21,5.0,8.0,11.3,,,,Lake Washington-Sammamish River,Forbes Creek
5303353,2023-02-25,2.0,7.5,12.2,,,,Lake Washington-Sammamish River,Forbes Creek
5303353,2023-03-19,8.0,8.0,10.6,,,,Lake Washington-Sammamish River,Forbes Creek
5303353,2023-04-22,9.0,7.5,10.2,,,,Lake Washington-Sammamish River,Forbes Creek
5303353,2023-05-21,14.0,8.0,8.7,,,,Lake Washington-Sammamish River,Forbes Creek
5303353,2023-06-26,16.0,8.0,8.1,,,,Lake Washington-Sammamish River,Forbes Creek
5303354,2021-07-11,15.0,,7.7,,,,Lake Washington-Sammamish River,Juanita Creek Kingsgate Trib
5303354,2021-08-20,14.0,7.0,9.9,,,,Lake Washington-Sammamish River,Juanita Creek Kingsgate Trib
5303354,2021-09-16,14.0,7.0,7.3,,,,Lake Washington-Sammamish River,Juanita Creek Kingsgate Trib
5303354,2021-10-09,11.0,7.0,7.1,,,,Lake Washington-Sammamish River,Juanita Creek Kingsgate Trib
5303354,2021-11-14,13.0,7.0,7.9,,,,Lake Washington-Sammamish River,Juanita Creek Kingsgate Trib
5303354,2021-12-19,8.0,7.0,8.3,,,,Lake Washington-Sammamish River,Juanita Creek Kingsgate Trib
5303354,2022-01-16,9.0,7.0,9.1,,,,Lake Washington-Sammamish River,Juanita Creek Kingsgate Trib
5303354,2022-02-06,9.0,7.0,9.7,,,,Lake Washington-Sammamish River,Juanita Creek Kingsgate Trib
5303354,2022-03-20,9.0,7.0,9.0,,,,Lake Washington-Sammamish River,Juanita Creek Kingsgate Trib
5303354,2022-04-24,10.0,7.0,9.3,,,,Lake Washington-Sammamish River,Juanita Creek Kingsgate Trib
5303354,2022-05-28,11.0,7.0,7.9,,,,Lake Washington-Sammamish River,Juanita Creek Kingsgate Trib
5303354,2022-06-16,14.0,7.0,7.8,,,,Lake Washington-Sammamish River,Juanita Creek Kingsgate Trib
5303354,2022-07-17,13.0,7.0,8.1,,,,Lake Washington-Sammamish River,Juanita Creek Kingsgate Trib
5303354,2022-08-10,14.0,7.0,8.0,,,,Lake Washington-Sammamish River,Juanita Creek Kingsgate Trib
5303354,2022-09-10,14.0,7.5,7.9,,,,Lake Washington-Sammamish River,Juanita Creek Kingsgate Trib
5303354,2022-10-08,14.0,7.0,8.0,,,,Lake Washington-Sammamish River,Juanita Creek Kingsgate Trib
5303354,2022-10-09,14.0,7.5,7.9,,,,Lake Washington-Sammamish River,Juanita Creek Kingsgate Trib
5303354,2022-10-23,12.0,7.0,7.9,,,,Lake Washington-Sammamish River,Juanita Creek Kingsgate Trib
5303354,2022-11-13,10.0,7.0,8.8,,,,Lake Washington-Sammamish River,Juanita Creek Kingsgate Trib
5303354,2022-12-29,9.0,7.0,8.5,,,,Lake Washington-Sammamish River,Juanita Creek Kingsgate Trib
5303354,2023-01-21,7.5,7.5,9.2,,,,Lake Washington-Sammamish River,Juanita Creek Kingsgate Trib
5303354,2023-02-25,7.5,7.0,9.7,,,,Lake Washington-Sammamish River,Juanita Creek Kingsgate Trib
5303354,2023-03-19,9.0,7.5,9.2,,,,Lake Washington-Sammamish River,Juanita Creek Kingsgate Trib
5303354,2023-04-22,10.0,7.0,9.0,,,,Lake Washington-Sammamish River,Juanita Creek Kingsgate Trib
5303354,2023-05-21,12.0,7.5,8.0,,,,Lake Washington-Sammamish River,Juanita Creek Kingsgate Trib
5303354,2023-06-27,14.0,7.0,7.9,,,,Lake Washington-Sammamish River,Juanita Creek Kingsgate Trib
5303354,2023-12-13,10.0,7.0,8.6,,,,Lake Washington-Sammamish River,Juanita Creek Kingsgate Trib
5303354,2024-01-19,8.0,7.0,9.0,,,,Lake Washington-Sammamish River,Juanita Creek Kingsgate Trib
5303354,2024-02-14,8.0,7.0,9.1,,,,Lake Washington-Sammamish River,Juanita Creek Kingsgate Trib
5303354,2024-03-20,9.0,7.5,8.9,,,,Lake Washington-Sammamish River,Juanita Creek Kingsgate Trib
5303354,2024-04-17,9.5,7.0,8.8,,,,Lake Washington-Sammamish River,Juanita Creek Kingsgate Trib
5303354,2024-05-16,11.5,7.0,8.3,,,,Lake Washington-Sammamish River,Juanita Creek Kingsgate Trib
5303354,2024-06-19,17.0,7.0,8.0,,,,Lake Washington-Sammamish River,Juanita Creek Kingsgate Trib
5303354,2024-07-18,14.0,7.0,8.0,,,,Lake Washington-Sammamish River,Juanita Creek Kingsgate Trib
5303354,2024-08-24,14.0,7.0,8.3,,,,Lake Washington-Sammamish River,Juanita Creek Kingsgate Trib
5303354,2024-09-18,14.0,7.0,8.1,,,,Lake Washington-Sammamish River,Juanita Creek Kingsgate Trib
5303354,2024-10-16,13.0,7.0,8.1,,,,Lake Washington-Sammamish River,Juanita Creek Kingsgate Trib
5303354,2024-11-13,8.5,7.0,8.5,,,,Lake Washington-Sammamish River,Juanita Creek Kingsgate Trib
5303354,2024-12-18,8.0,7.0,9.4,,,,Lake Washington-Sammamish River,Juanita Creek Kingsgate Trib
5303354,2025-01-15,8.5,7.0,10.0,,,,Lake Washington-Sammamish River,Juanita Creek Kingsgate Trib
5303354,2025-02-20,8.0,7.0,9.5,,,,Lake Washington-Sammamish River,Juanita Creek Kingsgate Trib
5303354,2025-03-20,8.5,7.0,9.7,,,,Lake Washington-Sammamish River,Juanita Creek Kingsgate Trib
5303354,2025-04-19,10.0,7.0,8.3,,,,Lake Washington-Sammamish River,Juanita Creek Kingsgate Trib
5303354,2025-05-21,13.0,7.0,8.4,,,,Lake Washington-Sammamish River,Juanita Creek Kingsgate Trib
5303354,2025-06-18,13.5,7.0,7.4,,,,Lake Washington-Sammamish River,Juanita Creek Kingsgate Trib
5303354,2025-07-17,14.0,7.0,7.0,,,,Lake Washington-Sammamish River,Juanita Creek Kingsgate Trib
5303354,2025-08-20,14.0,7.0,7.3,,,,Lake Washington-Sammamish River,Juanita Creek Kingsgate Trib
5303354,2025-10-15,12.0,7.0,8.3,,,,Lake Washington-Sammamish River,Juanita Creek Kingsgate Trib
5303354,2025-11-19,12.0,7.0,7.9,,,,Lake Washington-Sammamish River,Juanita Creek Kingsgate Trib
5303354,2026-01-22,9.0,7.0,9.2,,,,Lake Washington-Sammamish River,Juanita Creek Kingsgate Trib
5303354,2026-02-18,8.0,7.0,9.3,,,,Lake Washington-Sammamish River,Juanita Creek Kingsgate Trib
5303354,2026-03-18,10.0,7.0,9.4,,,,Lake Washington-Sammamish River,Juanita Creek Kingsgate Trib
5303355,2021-07-23,4.0,7.0,7.05,,,,Lake Washington-Sammamish River,Juanita Creek
5303355,2021-08-22,14.0,7.5,9.4,,,,Lake Washington-Sammamish River,Juanita Creek
5303355,2021-09-26,13.5,7.5,8.5,,,,Lake Washington-Sammamish River,Juanita Creek
5303355,2021-10-25,10.5,7.5,7.4,,,,Lake Washington-Sammamish River,Juanita Creek
5303355,2022-01-31,6.5,7.5,12.7,,,,Lake Washington-Sammamish River,Juanita Creek
5303356,2021-07-15,21.0,8.0,8.7,,,,Green River,Puget Creek
5303356,2021-07-24,16.0,7.5,8.9,,,,Green River,Puget Creek
5303358,2021-11-10,9.0,7.0,9.3,,,,Swamp Creek,Swamp Creek
5303359,2021-11-10,12.5,6.5,7.6,,,,Swamp Creek,Swamp Creek lagoon
5303360,2022-01-23,5.0,7.0,7.9,,,,Bear Creek,Evans Creek
5303360,2022-03-05,7.5,6.5,7.6,,,,Bear Creek,Evans Creek
5303360,2022-04-24,13.0,7.0,7.6,,,,Bear Creek,Evans Creek
5303360,2022-05-03,7.5,6.5,7.6,,,,Bear Creek,Evans Creek
5303360,2022-06-22,15.0,7.0,4.95,,,,Bear Creek,Evans Creek
5303360,2022-08-08,18.0,7.0,7.1,,,,Bear Creek,Evans Creek
5303360,2022-11-06,15.0,7.0,5.0,,,,Bear Creek,Evans Creek
5303360,2022-11-20,3.5,7.0,10.4,,,,Bear Creek,Evans Creek
5303360,2022-11-22,3.5,7.0,10.1,,,,Bear Creek,Evans Creek
5303360,2023-02-07,6.5,7.0,7.6,,,,Bear Creek,Evans Creek
5303360,2023-04-14,9.0,7.0,8.0,,,,Bear Creek,Evans Creek
5303360,2023-06-21,14.0,7.0,6.7,176.0,,,Bear Creek,Evans Creek
5303360,2023-07-02,6.5,7.0,7.6,,,,Bear Creek,Evans Creek
5303360,2023-07-25,16.5,7.0,5.9,206.0,,,Bear Creek,Evans Creek
5303360,2023-08-24,17.7,7.0,6.05,201.0,,,Bear Creek,Evans Creek
5303360,2024-02-01,9.5,7.0,6.0,117.0,,,Bear Creek,Evans Creek
5303360,2024-02-24,7.0,7.0,7.8,140.0,,,Bear Creek,Evans Creek
5303360,2024-05-30,13.0,7.0,7.6,156.0,,,Bear Creek,Evans Creek
5303360,2024-08-11,15.0,7.0,5.8,205.0,,,Bear Creek,Evans Creek
5303360,2024-10-02,8.5,7.0,6.05,194.0,,,Bear Creek,Evans Creek
5303360,2024-11-30,3.0,7.5,7.7,148.0,,,Bear Creek,Evans Creek
5303360,2025-01-23,,7.0,10.0,156.0,,,Bear Creek,Evans Creek
5303360,2025-02-27,4.0,7.0,7.6,130.0,,,Bear Creek,Evans Creek
5303360,2025-03-20,5.0,7.0,8.0,125.0,,,Bear Creek,Evans Creek
5303360,2025-04-26,9.0,7.0,6.4,150.0,,,Bear Creek,Evans Creek
5303360,2025-05-19,9.0,7.0,5.3,120.0,,,Bear Creek,Evans Creek
5303360,2025-07-29,13.0,7.0,6.2,201.0,,,Bear Creek,Evans Creek
5303360,2025-08-14,15.0,7.0,5.2,216.0,,,Bear Creek,Evans Creek
5303360,2025-09-30,12.0,7.0,6.4,207.0,,,Bear Creek,Evans Creek
5303360,2025-10-14,6.0,7.0,7.95,209.0,,,Bear Creek,Evans Creek
5303360,2025-11-24,5.0,7.0,6.5,160.0,,,Bear Creek,Evans Creek
5303360,2026-01-20,1.0,7.0,8.2,141.0,,,Bear Creek,Evans Creek
5303361,2022-01-16,5.5,7.0,11.3,,,,Bear Creek,Bear Creek
5303361,2022-03-05,8.0,7.0,10.7,,,,Bear Creek,Bear Creek
5303361,2022-04-24,11.0,7.0,10.075,,,,Bear Creek,Bear Creek
5303361,2022-05-03,8.0,7.0,10.7,,,,Bear Creek,Bear Creek
5303361,2022-06-26,17.0,7.0,7.5,,,,Bear Creek,Bear Creek
5303361,2022-08-08,18.0,7.0,8.075,,,,Bear Creek,Bear Creek
5303361,2022-11-04,11.0,7.0,10.1,,,,Bear Creek,Bear Creek
5303361,2022-11-20,2.0,7.0,12.3,,,,Bear Creek,Bear Creek
5303361,2023-02-07,7.0,7.0,10.4,,,,Bear Creek,Bear Creek
5303361,2023-04-14,9.0,7.0,9.6,,,,Bear Creek,Bear Creek
5303361,2023-06-21,15.0,7.5,9.0,149.0,,,Bear Creek,Bear Creek
5303361,2023-07-25,18.5,8.0,9.55,172.0,,,Bear Creek,Bear Creek
5303361,2023-08-25,19.2,8.0,9.2,165.0,,,Bear Creek,Bear Creek
5303361,2024-02-02,9.0,7.0,9.65,103.0,,,Bear Creek,Bear Creek
5303361,2024-02-24,7.0,7.0,10.0,131.0,,,Bear Creek,Bear Creek
5303361,2024-05-30,11.0,7.0,8.45,134.0,,,Bear Creek,Bear Creek
5303361,2024-08-11,17.0,7.5,8.4,177.0,,,Bear Creek,Bear Creek
5303361,2024-10-02,9.0,7.0,9.8,172.0,,,Bear Creek,Bear Creek
5303361,2024-12-01,3.0,7.0,10.25,142.0,,,Bear Creek,Bear Creek
5303361,2025-01-23,0.0,8.0,12.3,145.0,,,Bear Creek,Bear Creek
5303361,2025-02-27,4.0,8.0,9.7,121.0,,,Bear Creek,Bear Creek
5303361,2025-03-20,5.5,7.5,10.0,125.0,,,Bear Creek,Bear Creek
5303361,2025-04-26,12.0,8.0,9.0,146.0,,,Bear Creek,Bear Creek
5303361,2025-05-19,11.0,7.5,9.2,136.0,,,Bear Creek,Bear Creek
5303361,2025-07-29,16.0,8.0,8.25,170.0,,,Bear Creek,Bear Creek
5303361,2025-08-14,17.5,8.0,7.2,175.0,,,Bear Creek,Bear Creek
5303361,2025-09-30,13.0,8.0,8.3,161.0,,,Bear Creek,Bear Creek
5303361,2025-10-14,7.0,7.0,9.8,175.0,,,Bear Creek,Bear Creek
5303361,2025-11-24,6.0,7.5,9.2,151.0,,,Bear Creek,Bear Creek
5303361,2026-01-20,2.0,8.0,10.5,140.0,,,Bear Creek,Bear Creek
5303363,2022-08-17,17.0,7.0,9.6,,,,Lake Washington-Sammamish River,Denny Creek West Trib
5303364,2021-01-11,7.0,7.5,11.2,,,,Lake Washington-Sammamish River,Denny Creek
5303364,2021-01-12,5.0,7.5,10.5,,,,Lake Washington-Sammamish River,Denny Creek
5303364,2021-11-01,7.0,7.5,11.2,,,,Lake Washington-Sammamish River,Denny Creek
5303364,2021-12-01,5.0,7.5,10.5,,,,Lake Washington-Sammamish River,Denny Creek
5303364,2022-01-04,7.0,7.0,11.3,,,,Lake Washington-Sammamish River,Denny Creek
5303364,2022-04-01,7.0,7.0,11.3,,,,Lake Washington-Sammamish River,Denny Creek
5303365,2022-01-29,6.0,8.5,10.9,,,,Miller Creek-Frontal East Passage,Fauntleroy Creek
5303366,2022-01-29,6.0,8.5,10.9,,,,Miller Creek-Frontal East Passage,Fauntleroy Creek
5303366,2022-02-19,8.5,8.0,10.2,,,,Miller Creek-Frontal East Passage,Fauntleroy Creek
5303368,2022-02-26,3.5,7.5,10.3,,,,Swamp Creek,Swamp
5303369,2022-02-26,6.0,8.0,11.6,,,,Lake Washington-Sammamish River,Taylor Creek
5303369,2022-03-26,11.0,8.0,10.3,,,,Lake Washington-Sammamish River,Taylor Creek
5303369,2022-05-21,12.5,8.0,9.2,,,,Lake Washington-Sammamish River,Taylor Creek
5303369,2022-06-27,16.0,8.0,8.6,,,,Lake Washington-Sammamish River,Taylor Creek
5303371,2022-01-09,15.0,7.0,8.2,,,,North Creek,Penny Creek
5303371,2022-03-29,12.0,7.0,9.2,,,,North Creek,Penny Creek
5303371,2022-04-10,12.0,7.5,9.3,,,,North Creek,Penny Creek
5303371,2022-05-08,9.8,7.0,9.3,,,,North Creek,Penny Creek
5303371,2022-05-30,12.0,7.0,9.2,,,,North Creek,Penny Creek
5303371,2022-06-28,17.5,8.0,7.6,,,,North Creek,Penny Creek
5303371,2022-07-12,5.0,7.5,11.2,,,,North Creek,Penny Creek
5303371,2022-08-05,9.8,7.0,9.3,,,,North Creek,Penny Creek
5303371,2022-09-08,16.0,7.0,8.4,,,,North Creek,Penny Creek
5303371,2022-11-11,5.5,8.0,11.0,,,,North Creek,Penny Creek
5303371,2023-01-03,4.5,7.0,11.7,,,,North Creek,Penny Creek
5303371,2023-03-01,4.5,7.0,11.2,,,,North Creek,Penny Creek
5303371,2023-05-16,15.0,7.5,8.2,,,,North Creek,Penny Creek
5303371,2023-06-22,16.5,8.0,9.0,,,,North Creek,Penny Creek
5303371,2023-07-04,11.5,7.0,10.2,,,,North Creek,Penny Creek
5303371,2023-09-19,12.5,7.5,9.5,,,,North Creek,Penny Creek
5303371,2023-10-08,15.0,7.5,8.5,,,,North Creek,Penny Creek
5303371,2023-10-19,11.5,7.5,9.1,,,,North Creek,Penny Creek
5303371,2023-11-19,7.0,7.0,10.2,,,,North Creek,Penny Creek
5303371,2023-12-12,6.0,6.5,10.7,,,,North Creek,Penny Creek
5303371,2024-01-22,4.0,6.5,11.1,,,,North Creek,Penny Creek
5303371,2024-02-22,7.5,6.5,10.3,,,,North Creek,Penny Creek
5303371,2024-03-14,6.0,7.0,10.7,,,,North Creek,Penny Creek
5303371,2024-04-19,8.6,6.5,10.0,,,,North Creek,Penny Creek
5303371,2024-06-05,13.0,7.0,9.6,,,,North Creek,Penny Creek
5303371,2024-07-14,16.4,7.0,8.6,212.0,2.64,,North Creek,Penny Creek
5303371,2024-08-29,13.3,7.0,9.1,191.0,1.76,0.0,North Creek,Penny Creek
5303371,2024-09-19,14.1,7.0,9.3,175.0,1.76,0.0,North Creek,Penny Creek
5303371,2024-10-23,10.8,7.0,10.0,200.0,2.64,0.0,North Creek,Penny Creek
5303371,2024-11-25,8.6,6.5,10.4,100.0,1.1,,North Creek,Penny Creek
5303371,2024-12-24,8.5,8.0,10.5,98.0,1.1,0.0,North Creek,Penny Creek
5303371,2025-01-15,3.7,8.0,11.6,119.0,1.1,0.0,North Creek,Penny Creek
5303371,2025-02-28,8.6,7.5,11.1,112.0,1.1,,North Creek,Penny Creek
5303371,2025-03-17,8.3,7.5,11.0,134.0,1.1,,North Creek,Penny Creek
5303371,2025-04-17,12.7,7.0,9.8,130.0,1.1,,North Creek,Penny Creek
5303371,2025-04-28,12.2,7.5,10.2,207.0,2.2,,North Creek,Penny Creek
5303371,2025-05-15,11.3,7.5,10.3,215.0,1.1,,North Creek,Penny Creek
5303371,2025-06-23,17.5,7.0,8.9,218.0,1.1,,North Creek,Penny Creek
5303371,2025-07-21,14.8,7.5,8.8,235.0,1.1,,North Creek,Penny Creek
5303371,2025-08-29,17.6,7.5,8.5,235.0,1.1,,North Creek,Penny Creek
5303371,2025-10-13,9.7,7.0,10.3,164.0,1.1,,North Creek,Penny Creek
5303371,2026-02-05,10.1,7.0,10.65,156.0,1.76,,North Creek,Penny Creek
5303372,2023-01-12,6.0,7.0,9.3,,,,Lake Washington-Sammamish River,Firwood Creek
5303372,2023-03-11,11.0,7.0,8.4,,,,Lake Washington-Sammamish River,Firwood Creek
5303372,2023-04-08,14.0,7.0,7.3,,,,Lake Washington-Sammamish River,Firwood Creek
5303372,2023-06-10,12.0,7.0,7.7,,,,Lake Washington-Sammamish River,Firwood Creek
5303372,2023-06-19,11.0,7.0,7.4,,,,Lake Washington-Sammamish River,Firwood Creek
5303372,2023-07-07,14.0,7.0,7.5,,,,Lake Washington-Sammamish River,Firwood Creek
5303372,2023-09-15,14.0,7.0,7.4,,,,Lake Washington-Sammamish River,Firwood Creek
5303372,2024-01-05,9.0,7.0,9.3,,,,Lake Washington-Sammamish River,Firwood Creek
5303372,2024-02-02,9.0,7.0,9.0,,,,Lake Washington-Sammamish River,Firwood Creek
5303372,2024-03-01,8.0,7.0,9.1,,,,Lake Washington-Sammamish River,Firwood Creek
5303372,2024-04-05,9.0,7.0,9.1,,,,Lake Washington-Sammamish River,Firwood Creek
5303372,2024-05-03,10.0,7.0,8.3,,,,Lake Washington-Sammamish River,Firwood Creek
5303377,2023-05-23,13.0,8.0,8.6,,,,Swamp Creek,Little Swamp Creek
5303378,2023-05-24,12.0,8.0,10.3,,,,Swamp Creek,Twin Springs # 1
5303379,2023-05-25,13.0,8.0,9.2,,,,Swamp Creek,Twin Springs # 2
5303380,2023-12-05,16.0,9.0,10.1,,,,Lake Washington-Sammamish River,Lake Washington
5303382,2023-07-13,16.0,7.0,8.1,,,,Lake Washington-Sammamish River,Juanita Creek
5303382,2023-08-09,16.0,7.0,7.4,,,,Lake Washington-Sammamish River,Juanita Creek
5303382,2023-09-14,14.0,7.0,8.2,,,,Lake Washington-Sammamish River,Juanita Creek
5303382,2023-10-12,12.0,7.0,8.2,,,,Lake Washington-Sammamish River,Juanita Creek
5303382,2023-11-09,8.5,7.0,8.6,,,,Lake Washington-Sammamish River,Juanita Creek
5303382,2023-12-16,7.0,7.0,9.1,,,,Lake Washington-Sammamish River,Juanita Creek
5303382,2024-01-11,6.0,7.0,10.0,,,,Lake Washington-Sammamish River,Juanita Creek
5303382,2024-02-08,7.0,7.0,9.6,,,,Lake Washington-Sammamish River,Juanita Creek
5303382,2024-03-13,7.0,7.0,9.4,,,,Lake Washington-Sammamish River,Juanita Creek
5303382,2024-04-11,9.0,7.5,9.6,,,,Lake Washington-Sammamish River,Juanita Creek
5303382,2024-05-09,10.0,7.0,8.6,,,,Lake Washington-Sammamish River,Juanita Creek
5303382,2024-06-13,12.0,7.0,8.35,,,,Lake Washington-Sammamish River,Juanita Creek
5303382,2024-07-11,15.0,7.0,7.7,,,,Lake Washington-Sammamish River,Juanita Creek
5303382,2024-08-08,16.0,7.0,7.4,,,,Lake Washington-Sammamish River,Juanita Creek
5303382,2024-09-13,14.0,7.0,7.15,,,,Lake Washington-Sammamish River,Juanita Creek
5303382,2024-10-11,11.5,7.0,8.7,,,,Lake Washington-Sammamish River,Juanita Creek
5303382,2024-11-07,9.0,7.0,9.1,,,,Lake Washington-Sammamish River,Juanita Creek
5303382,2024-12-12,6.0,7.5,9.9,,,,Lake Washington-Sammamish River,Juanita Creek
5303382,2025-01-08,8.0,7.0,9.95,,,,Lake Washington-Sammamish River,Juanita Creek
5303382,2025-02-12,2.0,7.0,11.0,,,,Lake Washington-Sammamish River,Juanita Creek
5303383,2023-06-26,15.0,8.0,8.975,206.0,,,Bear Creek,Stens Creek
5303383,2023-07-25,17.5,8.0,8.4,217.0,,,Bear Creek,Stens Creek
5303383,2023-08-25,19.0,8.0,8.1,215.0,,,Bear Creek,Stens Creek
5303383,2024-02-01,10.0,7.5,9.3,156.0,,,Bear Creek,Stens Creek
5303383,2024-02-24,7.5,7.5,10.4,185.0,,,Bear Creek,Stens Creek
5303383,2024-05-30,12.0,7.5,10.0,191.0,,,Bear Creek,Stens Creek
5303383,2024-08-11,16.0,7.0,8.1,217.0,,,Bear Creek,Stens Creek
5303383,2024-10-03,10.0,7.0,9.1,213.0,,,Bear Creek,Stens Creek
5303383,2024-11-30,4.0,8.0,10.9,194.0,,,Bear Creek,Stens Creek
5303383,2025-01-23,1.0,8.0,12.2,204.0,,,Bear Creek,Stens Creek
5303383,2025-02-27,6.5,8.0,10.2,216.0,,,Bear Creek,Stens Creek
5303383,2025-03-20,5.0,8.0,11.0,143.0,,,Bear Creek,Stens Creek
5303383,2025-04-26,9.5,8.0,9.45,199.0,,,Bear Creek,Stens Creek
5303383,2025-05-19,10.0,8.0,9.105,189.0,,,Bear Creek,Stens Creek
5303383,2025-07-29,14.0,8.0,8.7,224.0,,,Bear Creek,Stens Creek
5303383,2025-08-14,15.0,8.0,8.1,221.0,,,Bear Creek,Stens Creek
5303383,2025-09-30,12.5,8.0,9.1,219.0,,,Bear Creek,Stens Creek
5303383,2025-10-14,7.0,8.0,10.15,222.0,,,Bear Creek,Stens Creek
5303383,2025-11-24,6.0,8.0,9.4,193.0,,,Bear Creek,Stens Creek
5303383,2026-01-20,3.0,8.0,11.2,191.0,,,Bear Creek,Stens Creek
5303384,2023-06-26,20.5,7.5,8.075,203.0,,,Bear Creek,Stens Creek
5303384,2023-07-25,22.0,7.5,5.4,213.0,,,Bear Creek,Stens Creek
5303384,2023-08-25,23.5,7.0,6.8,217.0,,,Bear Creek,Stens Creek
5303384,2024-02-01,10.0,7.0,8.4,,,,Bear Creek,Stens Creek
5303384,2024-02-24,7.5,7.5,10.7,182.0,,,Bear Creek,Stens Creek
5303384,2024-05-30,13.0,7.0,8.0,185.0,,,Bear Creek,Stens Creek
5303384,2024-08-11,20.0,7.0,4.6,217.0,,,Bear Creek,Stens Creek
5303384,2024-10-03,12.0,7.0,5.7,204.0,,,Bear Creek,Stens Creek
5303384,2024-11-30,4.0,8.0,9.6,184.0,,,Bear Creek,Stens Creek
5303384,2025-01-24,1.0,8.0,11.15,200.0,,,Bear Creek,Stens Creek
5303384,2025-02-27,6.0,8.0,11.0,206.0,,,Bear Creek,Stens Creek
5303384,2025-03-20,5.5,8.0,10.2,181.0,,,Bear Creek,Stens Creek
5303384,2025-04-26,12.5,8.0,11.1,194.0,,,Bear Creek,Stens Creek
5303384,2025-05-19,12.0,7.0,7.3,173.0,,,Bear Creek,Stens Creek
5303384,2025-07-29,20.0,7.0,3.6,220.0,,,Bear Creek,Stens Creek
5303384,2025-08-14,20.0,7.0,5.4,219.0,,,Bear Creek,Stens Creek
5303384,2025-09-30,13.0,7.0,4.7,219.0,,,Bear Creek,Stens Creek
5303384,2025-10-14,9.0,7.0,6.1,213.0,,,Bear Creek,Stens Creek
5303384,2025-11-24,6.5,7.0,6.1,191.0,,,Bear Creek,Stens Creek
5303384,2026-01-20,2.5,8.0,10.2,188.0,,,Bear Creek,Stens Creek
5303386,2024-04-29,9.0,7.0,8.8,216.0,,,Swamp Creek,Blueberry Creek
5303386,2024-07-16,17.5,7.0,7.5,225.0,,,Swamp Creek,Blueberry Creek
5303386,2024-08-07,16.5,7.0,7.7,231.0,,,Swamp Creek,Blueberry Creek
5303386,2024-09-03,16.5,7.5,8.4,219.0,,,Swamp Creek,Blueberry Creek
5303386,2024-10-03,10.5,7.5,9.2,,,,Swamp Creek,Blueberry Creek
5303386,2024-11-05,9.0,7.5,10.0,221.0,,,Swamp Creek,Blueberry Creek
5303386,2024-12-12,5.0,7.5,10.4,236.0,,,Swamp Creek,Blueberry Creek
5303386,2025-01-30,4.0,7.5,11.6,241.0,,,Swamp Creek,Blueberry Creek
5303386,2025-03-09,8.0,8.0,9.8,214.0,,,Swamp Creek,Blueberry Creek
5303386,2025-04-16,10.0,8.0,9.6,208.0,,,Swamp Creek,Blueberry Creek
5303386,2025-05-06,12.0,7.0,8.6,207.0,,,Swamp Creek,Blueberry Creek
5303387,2024-04-29,9.0,7.0,8.8,,,,Bear Creek-Sammamish River,WGC Sammamish tributary
5303387,2024-06-28,14.0,6.0,4.9,,,,Bear Creek-Sammamish River,Forgotten Creek WGC
5303387,2024-08-27,17.0,7.0,4.3,,,,Bear Creek-Sammamish River,Forgotten Creek WGC
5303387,2024-10-16,14.0,7.0,5.75,476.0,,,Bear Creek-Sammamish River,Forgotten Creek WGC
5303387,2024-11-14,14.0,6.0,2.9,,,,Bear Creek-Sammamish River,Forgotten Creek WGC
5303387,2024-12-17,8.0,6.0,4.35,188.0,,,Bear Creek-Sammamish River,Forgotten Creek WGC
5303387,2025-01-29,7.0,6.5,8.6,,,,Bear Creek-Sammamish River,Forgotten Creek WGC
5303387,2025-02-28,8.5,6.0,6.05,,,,Bear Creek-Sammamish River,Forgotten Creek WGC
5303387,2025-05-03,12.0,7.0,5.5,255.0,,,Bear Creek-Sammamish River,Forgotten Creek WGC
5303387,2025-06-03,12.0,7.0,5.8,206.0,,,Bear Creek-Sammamish River,Forgotten Creek WGC
5303387,2025-06-25,14.5,7.0,5.85,225.0,,,Bear Creek-Sammamish River,Forgotten Creek WGC
5303387,2025-07-30,16.0,7.0,6.1,221.0,,,Bear Creek-Sammamish River,Forgotten Creek WGC
5303387,2025-10-29,12.5,6.0,4.5,,,,Bear Creek-Sammamish River,Forgotten Creek WGC
5303387,2026-01-28,7.0,6.0,7.55,,,,Bear Creek-Sammamish River,Forgotten Creek WGC
5303387,2026-02-27,8.5,6.0,7.2,202.0,,,Bear Creek-Sammamish River,Forgotten Creek WGC
5303389,2024-04-14,9.5,8.1,9.3,280.0,,,Bsche'tla Watershed,Lower Bsche'tla Creek
5303389,2024-08-04,17.0,8.2,9.5,277.0,3.4,0.2,Bsche'tla Watershed,Lower Bsche'tla Creek
5303390,2024-04-14,10.3,8.0,9.2,248.0,,,Bsche'tla Watershed,Upper Bsche'tla Creek
5303390,2024-08-04,14.0,8.0,9.2,287.0,4.2,0.2,Bsche'tla Watershed,Upper Bsche'tla Creek
5303391,2022-01-01,12.2,8.2,9.1,,,,Pipers Creek,Pipers
5303391,2022-11-06,8.0,8.0,9.75,,,,Pipers Creek,Pipers
5303391,2022-12-04,7.0,8.0,11.1,,,,Pipers Creek,Pipers
5303391,2023-01-02,7.0,8.0,10.8,,,,Pipers Creek,Pipers
5303391,2023-02-03,7.5,8.0,10.5,,,,Pipers Creek,Pipers
5303391,2023-02-26,6.5,8.0,10.8,,,,Pipers Creek,Pipers
5303391,2023-03-30,9.5,8.5,10.1,,,,Pipers Creek,Pipers
5303391,2023-04-27,12.0,8.5,9.5,,,,Pipers Creek,Pipers
5303391,2023-05-21,11.5,8.0,9.7,,,,Pipers Creek,Pipers
5303391,2023-06-19,10.5,8.0,9.7,,,,Pipers Creek,Pipers
5303391,2023-08-13,14.0,8.0,8.6,,,,Pipers Creek,Pipers
5303391,2023-09-04,8.5,8.0,8.8,,,,Pipers Creek,Pipers
5303391,2023-10-08,,8.5,8.6,,,,Pipers Creek,Pipers
5303391,2023-11-10,10.6,8.0,9.2,,,,Pipers Creek,Pipers
5303391,2023-12-02,8.3,7.5,9.9,,,,Pipers Creek,Pipers
5303391,2024-01-28,10.5,8.0,9.8,,,,Pipers Creek,Pipers
5303391,2024-02-19,8.7,8.0,11.8,,,,Pipers Creek,Pipers
5303391,2024-03-24,12.2,8.5,9.9,,,,Pipers Creek,Pipers
5303391,2024-04-14,10.6,8.0,10.0,,,,Pipers Creek,Pipers
5303391,2024-05-20,14.1,8.0,9.2,,,,Pipers Creek,Pipers
5303391,2024-06-19,15.7,8.0,8.5,,,,Pipers Creek,Pipers
5303391,2024-08-11,15.8,8.0,8.9,,,,Pipers Creek,Pipers
5303391,2024-09-07,15.3,8.0,8.7,,,,Pipers Creek,Pipers
5303391,2024-10-05,13.3,8.0,9.1,,,,Pipers Creek,Pipers
5303391,2024-11-23,9.8,8.0,9.0,292.0,,,Piper's Creek,Piper's Creek
5303391,2024-12-08,9.8,8.0,10.0,283.0,,,Piper's Creek,Piper's Creek
5303391,2025-01-04,8.4,8.0,10.0,5516.0,,,Piper's Creek,Piper's Creek
5303391,2025-02-08,6.8,8.0,11.2,829.0,,,Piper's Creek,Piper's Creek
5303391,2025-03-01,7.9,8.0,15.6,287.0,,,Piper's Creek,Piper's Creek
5303391,2025-03-29,9.0,8.0,10.3,277.0,,,Piper's Creek,Piper's Creek
5303391,2025-04-24,11.8,8.0,9.25,290.7,,,Piper's Creek,Piper's Creek
5303391,2025-05-24,12.2,8.0,,286.3,,,Piper's Creek,Piper's Creek
5303391,2025-06-07,15.8,7.5,8.1,283.0,,,Piper's Creek,Piper's Creek
5303391,2025-06-20,15.2,8.0,8.3,272.0,,,Piper's Creek,Piper's Creek
5303391,2025-07-18,15.0,8.0,8.6,295.0,,,Piper's Creek,Piper's Creek
5303391,2025-08-03,14.3,8.0,8.1,287.0,,,Piper's Creek,Piper's Creek
5303391,2025-08-12,15.2,7.5,7.8,292.0,,,Piper's Creek,Piper's Creek
5303391,2025-08-27,13.9,8.5,,239.0,,,Piper's Creek,Piper's Creek
5303391,2025-09-11,14.0,8.0,8.7,277.7,,,Piper's Creek,Piper's Creek
5303391,2025-10-04,12.0,8.5,9.4,250.0,,,Piper's Creek,Piper's Creek
5303391,2025-10-12,12.6,7.5,8.2,268.0,,,Piper's Creek,Piper's Creek
5303391,2025-11-08,9.6,8.0,9.6,287.0,,,Piper's Creek,Piper's Creek
5303391,2025-12-04,9.0,8.0,9.0,165.0,,,Piper's Creek,Piper's Creek
5303391,2026-01-04,8.6,7.5,9.2,289.0,,,Piper's Creek,Piper's Creek
5303391,2026-01-29,9.2,7.5,10.95,203.0,,,Piper's Creek,Piper's Creek
5303391,2026-02-26,9.8,8.0,10.55,277.0,,,Piper's Creek,Piper's Creek
5303391,2026-03-14,6.4,7.5,9.65,232.0,,,Piper's Creek,Piper's Creek
5303391,2026-03-29,9.0,7.5,11.3,287.0,,,Piper's Creek,Piper's Creek
5303392,2022-11-12,6.0,8.0,10.9,,,,Pipers Creek,Molendorph
5303392,2022-12-09,5.5,8.0,10.95,,,,Pipers Creek,Molendorph
5303392,2023-01-08,7.5,8.0,10.5,,,,Pipers Creek,Molendorph
5303392,2023-02-05,7.0,8.5,10.5,,,,Pipers Creek,Molendorph
5303392,2023-03-04,4.0,8.0,11.95,,,,Pipers Creek,Molendorph
5303392,2023-03-31,7.0,8.5,10.8,,,,Pipers Creek,Molendorph
5303392,2023-04-28,12.5,8.5,8.9,,,,Pipers Creek,Molendorph
5303392,2023-05-25,13.5,8.0,7.0,,,,Pipers Creek,Molendorph
5303392,2023-06-22,12.0,8.5,8.8,,,,Pipers Creek,Molendorph
5303392,2023-07-23,14.5,8.5,8.6,,,,Pipers Creek,Molendorph
5303392,2023-08-22,12.5,8.0,,,,,Pipers Creek,Molendorph
5303392,2023-09-17,11.5,8.0,9.2,,,,Pipers Creek,Molendorph
5303392,2023-12-10,9.0,8.0,10.0,,,,Pipers Creek,Molendorph
5303392,2024-01-13,3.8499999999999996,8.0,6.4,,,,Pipers Creek,Molendorph
5303392,2024-02-02,8.2,8.0,9.5,,,,Pipers Creek,Molendorph
5303392,2024-03-31,7.6,8.0,11.0,,,,Pipers Creek,Molendorph
5303392,2024-04-24,10.0,8.0,10.5,,,,Pipers Creek,Molendorph
5303392,2024-06-22,13.1,8.0,9.4,,,,Pipers Creek,Molendorph
5303392,2024-07-15,16.2,8.0,8.8,,,,Pipers Creek,Molendorph
5303392,2024-08-16,15.8,8.0,8.5,,,,Pipers Creek,Molendorph
5303392,2024-09-15,14.3,7.5,9.0,,,,Pipers Creek,Molendorph
5303392,2024-11-20,8.3,8.5,9.45,184.33,,,Piper's Creek,Mohlendorph Creek
5303392,2024-12-08,7.8,8.0,9.7,224.0,,,Piper's Creek,Mohlendorph Creek
5303392,2024-12-20,8.8,8.0,9.0,100.67,,,Piper's Creek,Mohlendorph Creek
5303392,2025-01-01,7.1,8.5,10.0,201.0,,,Piper's Creek,Mohlendorph Creek
5303392,2025-01-17,5.6,8.5,10.75,,,,Piper's Creek,Mohlendorph Creek
5303392,2025-02-02,4.1,8.5,11.1,239.0,,,Piper's Creek,Mohlendorph Creek
5303392,2025-02-13,2.1,8.0,11.7,329.66,,,Piper's Creek,Mohlendorph Creek
5303392,2025-03-13,7.0,8.5,10.3,205.33,,,Piper's Creek,Mohlendorph Creek
5303392,2025-03-29,10.15,8.25,9.8,235.0,,,Piper's Creek,Mohlendorph Creek
5303392,2025-04-11,10.5,8.5,9.6,194.33,,,Piper's Creek,Mohlendorph Creek
5303392,2025-05-09,10.5,8.0,9.7,283.0,,,Piper's Creek,Mohlendorph Creek
5303392,2025-05-29,13.2,8.0,8.5,262.0,,,Piper's Creek,Mohlendorph Creek
5303392,2025-06-06,13.7,8.5,8.2,282.66,,,Piper's Creek,Mohlendorph Creek
5303392,2025-06-23,13.2,8.0,8.1,284.0,,,Piper's Creek,Mohlendorph Creek
5303392,2025-07-03,13.0,8.5,9.1,304.0,,,Piper's Creek,Mohlendorph Creek
5303392,2025-07-17,16.1,8.0,7.8,280.0,,,Piper's Creek,Mohlendorph Creek
5303392,2025-08-02,14.2,8.0,8.6,305.33,,,Piper's Creek,Mohlendorph Creek
5303392,2025-08-17,16.0,8.5,8.0,260.0,,,Piper's Creek,Mohlendorph Creek
5303392,2025-08-30,15.3,8.0,7.9,291.67,,,Piper's Creek,Mohlendorph Creek
5303392,2025-09-24,13.0,8.5,8.5,280.67,,,Piper's Creek,Mohlendorph Creek
5303392,2025-10-23,10.6,8.5,8.9,297.0,,,Piper's Creek,Mohlendorph Creek
5303392,2025-11-21,8.1,8.5,9.9,258.0,,,Piper's Creek,Mohlendorph Creek
5303392,2026-01-04,8.2,8.0,10.1,178.0,,,Piper's Creek,Mohlendorph Creek
5303392,2026-01-16,7.5,8.0,10.8,247.0,,,Piper's Creek,Mohlendorph Creek
5303392,2026-02-06,9.0,8.0,10.0,219.0,,,Piper's Creek,Mohlendorph Creek
5303392,2026-02-14,6.9,8.0,10.3,213.0,,,Piper's Creek,Mohlendorph Creek
5303392,2026-03-11,5.5,7.5,10.7,169.7,,,Piper's Creek,Mohlendorph Creek
5303392,2026-03-26,11.2,8.0,10.95,,,,Piper's Creek,Mohlendorph Creek
5303392,2026-04-01,8.3,8.0,9.9,,,,Piper's Creek,Mohlendorph Creek
5303392,2026-04-11,8.9,8.0,10.0,272.0,,,Piper's Creek,Mohlendorph Creek
5303393,2022-11-13,9.0,8.5,9.65,,,,Pipers Creek,Venema
5303393,2022-12-09,8.0,8.0,11.1,,,,Pipers Creek,Venema
5303393,2023-01-08,9.0,8.0,9.4,,,,Pipers Creek,Venema
5303393,2023-02-05,9.0,8.5,10.7,,,,Pipers Creek,Venema
5303393,2023-03-04,7.0,8.0,10.9,,,,Pipers Creek,Venema
5303393,2023-04-29,12.0,8.0,9.25,,,,Pipers Creek,Venema
5303393,2023-05-27,11.0,8.5,9.1,,,,Pipers Creek,Venema
5303393,2023-06-25,12.0,8.0,9.7,,,,Pipers Creek,Venema
5303393,2023-08-20,8.0,8.0,9.55,,,,Pipers Creek,Venema
5303393,2023-09-09,,8.5,9.65,,,,Pipers Creek,Venema
5303393,2023-10-15,,8.5,9.95,,,,Pipers Creek,Venema
5303393,2023-11-12,10.6,8.5,9.8,,,,Pipers Creek,Venema
5303393,2023-12-09,8.3,8.5,10.7,,,,Pipers Creek,Venema
5303393,2024-01-07,8.4,8.5,10.9,,,,Pipers Creek,Venema
5303393,2024-02-08,9.3,8.5,10.3,,,,Pipers Creek,Venema
5303393,2024-03-03,8.3,8.0,10.4,,,,Pipers Creek,venema
5303393,2024-04-28,10.7,8.5,9.7,,,,Pipers Creek,Venema
5303393,2024-05-24,11.2,8.5,10.25,,,,Pipers Creek,Venema
5303393,2024-06-23,12.3,8.5,9.95,,,,Pipers Creek,Venema
5303393,2024-07-20,13.1,8.5,9.6,,,,Pipers Creek,Venema
5303393,2024-08-18,13.8,8.5,9.45,,,,Pipers Creek,Venema
5303393,2024-09-13,12.8,8.5,9.9,,,,Pipers Creek,Venema
5303393,2024-11-21,9.9,8.5,9.7,266.0,,,Piper's Creek,Venema Creek
5303393,2024-12-07,9.8,8.5,10.0,,,,Piper's Creek,Venema Creek
5303393,2024-12-16,9.22,8.5,12.2,253.0,,,Piper's Creek,Venema Creek
5303393,2025-01-03,8.72,8.0,10.0,,,,Piper's Creek,Venema Creek
5303393,2025-01-17,7.7,8.0,10.1,271.66,,,Piper's Creek,Venema Creek
5303393,2025-01-19,6.5,8.0,10.8,297.0,,,Piper's Creek,Venema Creek
5303393,2025-01-30,7.7,8.0,10.7,,,,Piper's Creek,Venema Creek
5303393,2025-02-13,6.5,8.5,10.5,285.0,,,Piper's Creek,Venema Creek
5303393,2025-02-17,7.7,8.0,10.0,,,,Piper's Creek,Venema Creek
5303393,2025-03-02,9.8,8.5,10.0,,,,Piper's Creek,Venema Creek
5303393,2025-03-13,8.9,8.5,,256.0,,,Piper's Creek,Venema Creek
5303393,2025-03-28,10.9,8.5,9.55,,,,Piper's Creek,Venema Creek
5303393,2025-04-11,11.6,8.0,10.1,270.0,,,Piper's Creek,Venema Creek
5303393,2025-04-26,12.2,8.0,9.6,,,,Piper's Creek,Venema Creek
5303393,2025-05-11,10.9,8.5,9.6,252.0,,,Piper's Creek,Venema Creek
5303393,2025-05-22,14.5,8.0,9.8,279.3,,,Piper's Creek,Venema Creek
5303393,2025-05-26,12.6,7.5,,,,,Piper's Creek,Venema Creek
5303393,2025-06-07,11.9,8.5,8.9,245.0,,,Piper's Creek,Venema Creek
5303393,2025-06-20,10.5,8.0,9.2,,,,Piper's Creek,Venema Creek
5303393,2025-07-04,13.4,7.7,8.0,281.0,,,Piper's Creek,Venema Creek
5303393,2025-07-17,14.7,8.5,9.5,,,,Piper's Creek,Venema Creek
5303393,2025-08-02,12.6,8.5,9.3,258.0,,,Piper's Creek,Venema Creek
5303393,2025-08-16,14.8,8.0,9.5,,,,Piper's Creek,Venema Creek
5303393,2025-09-13,13.5,8.0,9.45,,,,Piper's Creek,Venema Creek
5303393,2025-11-23,10.6,8.0,10.0,269.0,,,Piper's Creek,Venema Creek
5303393,2025-12-06,11.3,8.0,10.3,,,,Piper's Creek,Venema Creek
5303393,2026-01-03,10.3,7.5,10.0,,,,Piper's Creek,Venema Creek
5303393,2026-01-17,10.7,7.75,10.225,275.0,,,Piper's Creek,Venema Creek
5303393,2026-01-31,11.6,8.0,10.3,,,,Piper's Creek,Venema Creek
5303393,2026-02-25,8.0,8.0,11.15,,,,Piper's Creek,Venema Creek
5303393,2026-04-10,11.2,9.0,10.2,243.0,,,Piper's Creek,Venema Creek
5303394,2020-12-13,8.0,8.5,10.75,,,,Pipers Creek,North Creek
5303394,2022-11-18,9.0,8.5,9.7,,,,Pipers Creek,North Creek
5303394,2023-01-11,9.0,8.5,10.8,,,,Pipers Creek,North Creek
5303394,2023-02-09,9.0,8.0,9.7,,,,Pipers Creek,North Creek
5303394,2023-03-12,10.0,8.0,10.1,,,,Pipers Creek,North Creek
5303394,2023-04-01,8.0,8.5,10.5,,,,Pipers Creek,Venema
5303394,2023-04-09,10.0,8.5,,,,,Pipers Creek,North Creek
5303394,2023-05-03,12.0,8.5,9.0,,,,Pipers Creek,North Creek
5303394,2023-05-30,11.0,8.5,9.2,,,,Pipers Creek,North Creek
5303394,2023-06-27,12.0,8.5,9.2,,,,Pipers Creek,North Creek
5303394,2023-07-29,14.0,8.0,9.1,,,,Pipers Creek,North Creek
5303394,2023-08-24,11.0,8.0,9.5,,,,Pipers Creek,North Creek
5303394,2023-09-24,10.0,8.5,7.8,,,,Pipers Creek,North Creek
5303394,2023-10-22,13.3,8.5,9.0,,,,Pipers Creek,North Creek
5303394,2023-11-16,9.6,8.5,8.5,,,,Pipers Creek,North Creek
5303394,2023-12-15,10.2,8.5,10.2,,,,Pipers Creek,North Creek
5303394,2024-02-08,9.5,8.5,8.3,,,,Pipers Creek,North Creek
5303394,2024-03-09,10.1,8.0,9.8,,,,Pipers Creek,North Creek
5303394,2024-04-08,10.0,8.0,10.16,,,,Pipers Creek,North Creek
5303394,2024-05-05,11.1,8.0,10.2,,,,Pipers Creek,North Creek
5303394,2024-06-02,12.3,8.0,8.3,,,,Pipers Creek,North Creek
5303394,2024-06-26,13.7,8.5,9.5,,,,Pipers Creek,North Creek
5303394,2024-07-25,14.1,8.0,9.3,,,,Pipers Creek,North Creek
5303394,2024-08-24,14.1,8.0,8.2,,,,Pipers Creek,North Creek
5303394,2024-12-07,10.5,8.0,10.2,,,,Piper's Creek,Piper's Creek North Creek
5303394,2025-01-04,9.4,8.0,10.2,,,,Piper's Creek,Piper's Creek North Creek
5303394,2025-02-01,7.3,8.5,10.8,310.0,,,Piper's Creek,Piper's Creek North Creek
5303394,2025-03-02,9.1,8.0,10.3,292.0,,,Piper's Creek,Piper's Creek North Creek
5303394,2025-03-26,12.6,8.5,9.6,269.0,,,Piper's Creek,Piper's Creek North Creek
5303394,2025-04-24,12.2,8.0,9.9,258.0,,,Piper's Creek,Piper's Creek North Creek
5303394,2025-05-24,12.5,8.0,9.8,267.0,,,Piper's Creek,Piper's Creek North Creek
5303394,2025-06-13,11.8,8.0,9.0,277.7,,,Piper's Creek,Piper's Creek North Creek
5303394,2025-06-21,12.6,8.0,10.0,274.0,,,Piper's Creek,Piper's Creek North Creek
5303394,2025-07-08,13.7,8.0,9.0,278.7,,,Piper's Creek,Piper's Creek North Creek
5303394,2025-07-18,13.7,8.0,9.2,274.0,,,Piper's Creek,Piper's Creek North Creek
5303394,2025-08-10,13.7,8.5,9.9,831.0,,,Piper's Creek,Piper's Creek North Creek
5303394,2025-08-29,14.9,8.0,8.7,263.0,,,Piper's Creek,Piper's Creek North Creek
5303394,2025-09-02,14.2,8.0,9.3,273.6,,,Piper's Creek,Piper's Creek North Creek
5303394,2025-09-14,13.8,8.0,9.4,274.0,,,Piper's Creek,Piper's Creek North Creek
5303394,2025-10-03,12.8,8.5,9.6,279.0,,,Piper's Creek,Piper's Creek North Creek
5303394,2025-10-12,11.8,8.5,9.7,284.0,,,Piper's Creek,Piper's Creek North Creek
5303394,2025-11-23,11.6,8.0,10.1,,,,Piper's Creek,Piper's Creek North Creek
5303394,2025-11-28,10.2,8.5,10.2,289.3,,,Piper's Creek,Piper's Creek North Creek
5303394,2025-12-07,10.7,8.0,10.1,250.0,,,Piper's Creek,Piper's Creek North Creek
5303394,2025-12-27,7.8,8.0,10.1,302.0,,,Piper's Creek,Piper's Creek North Creek
5303394,2026-01-04,9.1,8.0,10.2,251.0,,,Piper's Creek,Piper's Creek North Creek
5303394,2026-01-17,9.7,8.0,10.8,284.0,,,Piper's Creek,Piper's Creek North Creek
5303394,2026-02-11,9.8,8.0,10.2,277.2,,,Piper's Creek,Piper's Creek North Creek
5303394,2026-03-02,9.6,8.0,10.2,296.0,,,Piper's Creek,Piper's Creek North Creek
5303394,2026-03-14,8.9,8.0,10.2,286.0,,,Piper's Creek,Piper's Creek North Creek
5303394,2026-03-28,11.2,8.0,10.1,270.0,,,Piper's Creek,Piper's Creek North Creek
5303395,2022-11-18,10.0,8.5,10.0,,,,Pipers Creek,Viewlands
5303395,2022-12-15,9.0,8.0,10.0,,,,Pipers Creek,Viewlands
5303395,2023-01-13,10.0,8.0,8.95,,,,Pipers Creek,Viewlands
5303395,2023-02-10,10.0,8.5,9.2,,,,Pipers Creek,Viewlands
5303395,2023-03-10,10.0,8.0,9.5,,,,Pipers Creek,Viewlands
5303395,2023-04-07,10.0,8.5,9.8,,,,Pipers Creek,Viewlands
5303395,2023-05-03,10.0,8.5,9.3,,,,Pipers Creek,Viewlands
5303395,2023-06-02,11.0,8.5,9.55,,,,Pipers Creek,Viewlands
5303395,2023-08-22,,8.0,9.2,,,,Pipers Creek,Viewlands
5303395,2023-09-21,10.0,8.5,9.4,,,,Pipers Creek,Viewlands
5303395,2023-10-19,10.0,8.0,9.5,,,,Pipers Creek,Viewlands
5303395,2024-11-29,10.3,7.5,10.3,303.0,,,Piper's Creek,Piper's Creek Viewlands
5303395,2025-01-24,9.3,8.0,10.1,272.0,,,Piper's Creek,Piper's Creek Viewlands
5303395,2025-02-20,10.5,7.5,10.2,270.0,,,Piper's Creek,Piper's Creek Viewlands
5303395,2025-03-20,10.7,8.0,10.0,270.0,,,Piper's Creek,Piper's Creek Viewlands
5303395,2025-04-18,11.9,7.5,,266.0,,,Piper's Creek,Piper's Creek Viewlands
5303395,2025-05-04,11.0,8.0,10.15,,,,Piper's Creek,Piper's Creek Viewlands
5303395,2025-05-31,12.0,8.0,,277.0,,,Piper's Creek,Piper's Creek Viewlands
5303395,2025-06-14,11.6,7.5,,274.0,,,Piper's Creek,Piper's Creek Viewlands
5303395,2025-06-29,12.3,8.0,,271.0,,,Piper's Creek,Piper's Creek Viewlands
5303395,2025-07-11,12.5,7.5,9.7,256.0,,,Piper's Creek,Piper's Creek Viewlands
5303395,2025-08-13,12.8,7.5,9.3,266.0,,,Piper's Creek,Piper's Creek Viewlands
5303395,2025-08-24,12.7,8.0,9.5,274.0,,,Piper's Creek,Piper's Creek Viewlands
5303395,2025-09-04,12.8,7.5,9.3,256.0,,,Piper's Creek,Piper's Creek Viewlands
5303395,2025-09-16,13.5,8.0,9.3,300.0,,,Piper's Creek,Piper's Creek Viewlands
5303395,2025-09-21,12.7,8.0,9.3,270.0,,,Piper's Creek,Piper's Creek Viewlands
5303395,2025-10-03,12.3,7.5,9.2,254.0,,,Piper's Creek,Piper's Creek Viewlands
5303395,2025-10-18,11.6,8.0,10.0,,,,Piper's Creek,Piper's Creek Viewlands
5303395,2025-11-15,11.8,8.0,9.6,,,,Piper's Creek,Piper's Creek Viewlands
5303395,2025-11-26,10.9,8.0,9.7,289.0,,,Piper's Creek,Piper's Creek Viewlands
5303395,2025-12-14,11.4,8.0,,288.0,,,Piper's Creek,Piper's Creek Viewlands
5303395,2025-12-27,9.2,7.5,9.5,315.0,,,Piper's Creek,Piper's Creek Viewlands
5303395,2026-02-07,10.6,7.5,9.8,257.0,,,Piper's Creek,Piper's Creek Viewlands
5303395,2026-02-22,9.9,7.5,10.0,278.0,,,Piper's Creek,Piper's Creek Viewlands
5303395,2026-03-07,11.1,8.0,10.3,288.0,,,Piper's Creek,Piper's Creek Viewlands
5303396,2022-10-29,13.0,8.5,9.7,,,,Pipers Creek,Pipers
5303396,2022-11-26,10.0,8.0,10.4,,,,Pipers Creek,Pipers
5303396,2022-12-24,3.5,7.0,11.4,,,,Pipers Creek,Pipers
5303396,2023-01-22,7.5,8.0,11.3,,,,Pipers Creek,Pipers
5303396,2023-02-18,10.0,8.5,9.7,,,,Pipers Creek,Pipers
5303396,2023-03-19,10.0,8.5,9.8,,,,Pipers Creek,Pipers
5303396,2023-04-11,9.0,8.5,10.4,,,,Pipers Creek,Pipers
5303396,2023-05-15,14.0,8.5,9.4,,,,Pipers Creek,Pipers
5303396,2023-06-12,13.0,8.5,9.0,,,,Pipers Creek,Pipers
5303396,2023-08-02,14.0,8.5,8.9,,,,Pipers Creek,Pipers
5303396,2023-08-31,13.5,8.5,8.9,,,,Pipers Creek,Pipers
5303396,2023-09-30,11.5,8.5,8.9,,,,Pipers Creek,Pipers
5303396,2023-10-30,12.8,8.5,9.5,,,,Pipers Creek,Pipers
5303396,2023-11-27,10.1,8.5,9.9,,,,Pipers Creek,Pipers
5303396,2023-12-23,10.2,8.5,10.4,,,,Pipers Creek,Pipers
5303396,2024-02-16,10.7,8.0,0.0,,,,Pipers Creek,Pipers
5303396,2024-03-18,11.5,8.5,10.2,,,,Pipers Creek,Pipers
5303396,2024-04-13,12.2,8.0,9.9,,,,Pipers Creek,Pipers
5303396,2024-06-09,14.2,8.5,9.2,,,,Pipers Creek,Pipers
5303396,2024-08-06,15.9,8.0,9.5,,,,Pipers Creek,Pipers
5303396,2024-09-03,15.8,8.0,9.2,,,,Pipers Creek,Pipers
5303396,2024-10-01,14.9,8.0,9.5,,,,Pipers Creek,Pipers
5303396,2024-12-15,10.5,8.0,9.5,330.0,,,Piper's Creek,Piper's Creek Below TP
5303396,2025-01-12,10.0,8.0,9.1,293.0,,,Piper's Creek,Piper's Creek Below TP
5303396,2025-02-08,8.5,8.0,10.4,525.0,,,Piper's Creek,Piper's Creek Below TP
5303396,2025-04-19,10.8,8.0,9.65,323.0,,,Piper's Creek,Piper's Creek Below TP
5303396,2025-05-13,11.9,8.0,9.4,318.0,,,Piper's Creek,Piper's Creek Below TP
5303396,2025-06-07,13.8,8.0,9.45,315.0,,,Piper's Creek,Piper's Creek Below TP
5303396,2025-07-13,14.9,8.0,8.85,303.33,,,Piper's Creek,Piper's Creek Below TP
5303396,2025-08-13,15.2,8.0,,290.0,,,Piper's Creek,Piper's Creek Below TP
5303396,2025-10-30,11.2,8.0,9.7,299.0,,,Piper's Creek,Piper's Creek Below TP
5303396,2025-11-30,8.0,8.0,9.9,320.0,,,Piper's Creek,Piper's Creek Below TP
5303396,2025-12-31,7.6,8.0,10.5,339.0,,,Piper's Creek,Piper's Creek Below TP
5303396,2026-01-26,5.8,8.0,11.1,343.0,,,Piper's Creek,Piper's Creek Below TP
5303396,2026-02-06,10.0,8.0,9.8,324.0,,,Piper's Creek,Piper's Creek Below TP
5303396,2026-03-01,7.9,8.0,10.5,324.0,,,Piper's Creek,Piper's Creek Below TP
5303396,2026-03-08,10.0,8.0,9.0,,,,Piper's Creek,Piper's Creek Below TP
5303396,2026-03-22,8.8,8.0,10.0,330.0,,,Piper's Creek,Piper's Creek Below TP
5303396,2026-04-05,11.5,8.0,9.7,,,,Piper's Creek,Piper's Creek Below TP
5303397,2022-10-29,10.5,7.5,9.9,,,,Pipers Creek,Pipers
5303397,2022-11-26,8.0,8.0,10.1,,,,Pipers Creek,Pipers
5303397,2022-12-24,5.0,7.0,11.5,,,,Pipers Creek,Pipers
5303397,2023-01-21,8.0,8.0,10.1,,,,Pipers Creek,Pipers
5303397,2023-02-18,8.0,8.0,10.1,,,,Pipers Creek,Pipers
5303397,2023-03-19,8.5,8.0,9.3,,,,Pipers Creek,Pipers
5303397,2023-04-11,11.0,8.0,9.7,,,,Pipers Creek,Pipers
5303397,2023-05-14,13.0,8.0,9.1,,,,Pipers Creek,Pipers
5303397,2023-06-11,15.0,8.0,8.9,,,,Pipers Creek,Pipers
5303397,2023-08-02,14.0,8.5,9.0,,,,Pipers Creek,Pipers
5303397,2023-08-30,,8.0,8.7,,,,Pipers Creek,Pipers
5303397,2023-10-01,,8.0,9.45,,,,Pipers Creek,Pipers
5303397,2023-10-28,8.6,8.0,10.6,,,,Pipers Creek,Pipers
5303397,2023-11-25,7.1,8.0,10.1,,,,Pipers Creek,Pipers
5303397,2024-01-22,7.6,8.0,10.4,,,,Pipers Creek,Pipers
5303397,2024-02-17,8.3,8.0,10.4,,,,Pipers Creek,Pipers
5303397,2024-03-18,11.4,8.0,9.6,,,,Pipers Creek,Pipers
5303397,2024-05-12,13.6,8.0,9.0,,,,Pipers Creek,Pipers
5303397,2024-06-10,13.2,8.5,9.8,,,,Pipers Creek,Pipers
5303397,2024-08-02,15.8,8.0,8.7,,,,Pipers Creek,Pipers
5303397,2024-08-31,14.6,8.0,9.25,,,,Pipers Creek,Pipers
5303397,2024-09-28,13.4,8.0,9.4,,,,Pipers Creek,Pipers
5303397,2024-12-15,8.5,8.0,9.5,300.0,,,Piper's Creek,Piper's Creek Above TP
5303397,2025-01-12,8.5,8.0,10.1,30.5,,,Piper's Creek,Piper's Creek Above TP
5303397,2025-01-23,6.0,8.0,10.8,310.67,,,Piper's Creek,Piper's Creek Above TP
5303397,2025-02-09,5.5,7.5,10.9,386.0,,,Piper's Creek,Piper's Creek Above TP
5303397,2025-02-20,9.1,8.0,10.0,282.0,,,Piper's Creek,Piper's Creek Above TP
5303397,2025-03-09,9.4,8.0,9.8,30.8,,,Piper's Creek,Piper's Creek Above TP
5303397,2025-03-18,8.9,8.0,,276.0,,,Piper's Creek,Piper's Creek Above TP
5303397,2025-04-06,10.6,8.0,9.2,284.0,,,Piper's Creek,Piper's Creek Above TP
5303397,2025-04-18,9.4,8.0,9.3,298.6,,,Piper's Creek,Piper's Creek Above TP
5303397,2025-05-04,9.9,8.0,9.8,302.0,,,Piper's Creek,Piper's Creek Above TP
5303397,2025-05-10,11.4,8.0,9.0,285.0,,,Piper's Creek,Piper's Creek Above TP
5303397,2025-06-01,11.5,8.0,9.6,285.0,,,Piper's Creek,Piper's Creek Above TP
5303397,2025-06-15,12.2,8.0,8.7,284.0,,,Piper's Creek,Piper's Creek Above TP
5303397,2025-06-29,12.6,8.0,9.1,0.3,,,Piper's Creek,Piper's Creek Above TP
5303397,2025-07-11,13.7,8.0,7.7,293.0,,,Piper's Creek,Piper's Creek Above TP
5303397,2025-07-26,13.2,8.0,9.1,288.0,,,Piper's Creek,Piper's Creek Above TP
5303397,2025-08-06,14.7,8.0,8.1,283.0,,,Piper's Creek,Piper's Creek Above TP
5303397,2025-08-24,13.8,8.0,,272.0,,,Piper's Creek,Piper's Creek Above TP
5303397,2025-09-21,14.7,8.0,8.0,208.0,,,Piper's Creek,Piper's Creek Above TP
5303397,2025-11-15,11.6,8.0,9.3,29.9,,,Piper's Creek,Piper's Creek Above TP
5303397,2025-11-28,9.5,8.0,9.3,289.0,,,Piper's Creek,Piper's Creek Above TP
5303397,2025-12-14,10.6,7.5,9.65,313.0,,,Piper's Creek,Piper's Creek Above TP
5303397,2026-01-10,8.8,7.5,10.0,309.0,,,Piper's Creek,Piper's Creek Above TP
5303397,2026-01-11,8.0,7.5,10.8,119.3,,,Piper's Creek,Piper's Creek Above TP
5303397,2026-01-24,5.8,8.0,,317.0,,,Piper's Creek,Piper's Creek Above TP
5303397,2026-02-07,9.5,7.0,10.1,115.0,,,Piper's Creek,Piper's Creek Above TP
5303397,2026-03-07,10.3,8.0,10.05,279.0,,,Piper's Creek,Piper's Creek Above TP
5303398,2022-11-06,10.0,8.0,12.0,,,,Pipers Creek,"Trib """"M"""""
5303398,2022-11-27,9.5,7.5,12.0,,,,Pipers Creek,"Trib """"M"""""
5303398,2023-01-02,8.5,8.0,14.5,,,,Pipers Creek,"Trib """"M"""""
5303398,2023-01-29,7.0,8.0,12.25,,,,Pipers Creek,Pipers
5303398,2023-02-26,8.0,8.0,13.0,,,,Pipers Creek,"Trib """"M"""""
5303398,2023-03-26,10.0,7.5,10.0,,,,Pipers Creek,Pipers
5303398,2023-04-21,11.0,7.5,10.0,,,,Pipers Creek,Pipers
5303398,2023-05-22,12.0,7.5,11.0,,,,Pipers Creek,Pipers
5303398,2023-06-21,13.0,8.0,10.0,,,,Pipers Creek,Pipers
5303398,2023-07-19,14.0,7.5,11.0,,,,Pipers Creek,Pipers
5303398,2023-08-16,7.0,8.5,10.0,,,,Pipers Creek,Pipers
5303398,2023-09-10,16.0,7.5,10.0,,,,Pipers Creek,Pipers
5303398,2023-10-11,,7.5,,,,,Pipers Creek,Pipers
5303398,2023-11-09,10.5,7.5,11.0,,,,Pipers Creek,
5303398,2023-12-08,9.7,0.0,10.0,,,,Pipers Creek,Pipers
5303398,2023-12-31,10.6,8.0,13.0,,,,Pipers Creek,Pipers
5303398,2024-01-22,8.1,8.0,10.4,,,,Pipers Creek,Pipers
5303398,2024-01-29,11.7,8.0,11.0,,,,Pipers Creek,Pipers
5303398,2024-02-25,10.3,7.5,0.0,,,,Pipers Creek,Pipers
5303398,2024-03-24,11.6,7.0,11.0,,,,Pipers Creek,Pipers
5303398,2024-04-22,12.2,7.0,11.0,,,,Pipers Creek,Pipers
5303398,2024-05-18,11.7,7.5,8.625,,,,Pipers Creek,Pipers
5303398,2024-06-20,13.7,8.0,15.0,,,,Pipers Creek,Pipers
5303398,2024-07-15,13.9,8.0,12.5,,,,Pipers Creek,
5303398,2024-08-15,14.8,8.0,13.0,,,,Pipers Creek,Pipers
5303398,2024-09-08,14.7,8.0,11.0,,,,Pipers Creek,Pipers
5303398,2024-12-02,9.0,8.0,,,,,Piper's Creek,Piper's Creek Trib M
5303398,2024-12-15,9.5,8.0,10.8,295.0,,,Piper's Creek,Piper's Creek Trib M
5303398,2025-01-11,9.8,8.0,10.2,,,,Piper's Creek,Piper's Creek Trib M
5303398,2025-01-26,6.8,8.5,11.75,0.3,,,Piper's Creek,Piper's Creek Trib M
5303398,2025-02-15,8.3,8.0,10.1,,,,Piper's Creek,Piper's Creek Trib M
5303398,2025-02-23,10.6,8.0,10.3,,,,Piper's Creek,Piper's Creek Trib M
5303398,2025-03-08,11.0,8.0,9.7,,,,Piper's Creek,Piper's Creek Trib M
5303398,2025-04-05,13.2,8.0,9.7,,,,Piper's Creek,Piper's Creek Trib M
5303398,2025-05-04,11.6,8.0,9.7,,,,Piper's Creek,Piper's Creek Trib M
5303398,2025-06-01,12.6,8.0,9.5,,,,Piper's Creek,Piper's Creek Trib M
5303398,2025-06-29,13.9,8.0,9.4,,,,Piper's Creek,Piper's Creek Trib M
5303398,2025-07-25,13.9,8.5,9.9,,,,Piper's Creek,Piper's Creek Trib M
5303398,2025-09-21,13.3,8.5,9.1,,,,Piper's Creek,Piper's Creek Trib M
5303398,2025-10-08,12.4,8.0,9.2,303.0,,,Piper's Creek,Piper's Creek Trib M
5303398,2025-10-19,12.1,8.5,9.6,,,,Piper's Creek,Piper's Creek Trib M
5303398,2025-11-16,12.5,8.0,9.4,,,,Piper's Creek,Piper's Creek Trib M
5303398,2025-12-13,12.0,8.0,9.3,,,,Piper's Creek,Piper's Creek Trib M
5303398,2026-01-10,10.1,7.5,9.9,,,,Piper's Creek,Piper's Creek Trib M
5303398,2026-02-08,10.1,8.0,9.7,,,,Piper's Creek,Piper's Creek Trib M
5303398,2026-02-22,9.2,8.0,9.81,,,,Piper's Creek,Piper's Creek Trib M
5303398,2026-03-09,9.6,8.5,10.1,,,,Piper's Creek,Piper's Creek Trib M
5303398,2026-03-22,9.4,8.0,9.4,,,,Piper's Creek,Piper's Creek Trib M
5306101,2015-08-22,14.0,8.0,9.0,,,,North Creek,North Creek
5306101,2015-09-06,13.0,8.0,7.6,,,,North Creek,North Creek
5306101,2015-09-27,13.0,8.0,8.1,,,,North Creek,North Creek
5306101,2015-10-07,12.0,8.0,7.8,,,,North Creek,North Creek
5306101,2015-11-05,8.0,7.0,8.2,,,,North Creek,North Creek
5306101,2015-12-05,6.0,7.5,9.3,,,,North Creek,North Creek
5306101,2016-01-30,6.5,7.5,9.3,,,,North Creek,North Creek
5306101,2016-02-21,4.0,7.5,10.0,,,,North Creek,North Creek
5306101,2016-03-30,11.0,8.0,9.5,,,,North Creek,North Creek
5306101,2016-04-21,11.0,8.0,9.1,,,,North Creek,North Creek
5306101,2016-05-26,10.0,7.5,9.9,,,,North Creek,North Creek
5306101,2016-06-24,12.0,8.0,9.3,,,,North Creek,North Creek
5306101,2016-07-21,15.0,8.0,8.2,,,,North Creek,North Creek
5306101,2016-08-21,15.0,8.0,9.2,,,,North Creek,North Creek
5306101,2016-09-03,15.0,7.0,7.2,,,,North Creek,North Creek
5306101,2016-10-10,11.0,8.0,9.4,,,,North Creek,North Creek
5306101,2016-10-16,2.0,7.5,9.2,,,,North Creek,North Creek
5306101,2016-11-18,8.0,7.0,10.1,,,,North Creek,North Creek
5306101,2016-12-16,2.0,7.5,9.2,,,,North Creek,North Creek
5306101,2017-01-30,5.0,7.5,10.5,,,,North Creek,North Creek
5306101,2017-02-24,7.0,7.0,9.9,,,,North Creek,North Creek
5306101,2017-03-25,10.0,7.5,9.5,,,,North Creek,North Creek
5306101,2017-06-27,14.5,7.5,9.2,,,,North Creek,North Creek
5306101,2017-07-27,15.0,7.5,9.2,,,,North Creek,North Creek
5306101,2017-08-27,14.0,7.0,8.8,,,,North Creek,North Creek
5306101,2017-09-30,12.0,8.0,9.4,,,,North Creek,North Creek
5306101,2017-10-24,8.5,7.5,10.2,,,,North Creek,North Creek
5306101,2017-12-30,6.0,7.0,10.9,,,,North Creek,North Creek
5306101,2018-02-25,4.0,7.0,10.7,,,,North Creek,North Creek
5306101,2018-03-25,5.0,7.0,12.9,,,,North Creek,North Creek
5306101,2018-04-29,10.5,7.5,10.7,,,,North Creek,North Creek
5306101,2018-05-31,11.0,8.0,8.5,,,,North Creek,North Creek
5306101,2018-06-24,14.0,7.5,11.1,,,,North Creek,North Creek
5306101,2018-07-29,15.0,7.5,9.0,,,,North Creek,North Creek
5306101,2018-08-26,13.0,7.5,9.1,,,,North Creek,North Creek
5306101,2018-10-28,10.5,7.0,7.9,,,,North Creek,North Creek
5306101,2018-11-25,6.0,7.0,10.2,,,,North Creek,North Creek
5306101,2020-11-10,7.0,7.5,10.4,,,,North Creek,North Creek
5306101,2020-12-14,6.0,7.5,10.8,,,,North Creek,North Creek
5306101,2021-01-04,7.0,7.0,10.0,,,,North Creek,North Creek
5306101,2021-02-08,6.0,7.0,10.2,,,,North Creek,North Creek
5306101,2021-04-04,8.0,8.0,11.0,,,,North Creek,North Creek
5306101,2022-01-09,15.0,8.5,8.8,,,,North Creek,North Creek
5306101,2022-03-29,10.5,7.0,9.8,,,,North Creek,North Creek
5306101,2022-05-07,9.7,7.0,9.3,,,,North Creek,North Creek
5306101,2022-06-01,12.0,7.0,9.3,,,,North Creek,North Creek
5306101,2022-06-11,7.5,7.0,9.6,,,,North Creek,North Creek
5306101,2022-06-28,16.0,8.0,8.3,,,,North Creek,North Creek
5306101,2022-08-09,15.0,8.0,8.4,,,,North Creek,North Creek
5306101,2022-08-10,11.0,8.5,9.5,,,,North Creek,North Creek
5306101,2022-08-12,4.5,7.0,10.8,,,,North Creek,North Creek
5306101,2022-09-01,15.0,8.5,8.8,,,,North Creek,North Creek
5306101,2022-09-08,15.0,8.0,8.4,,,,North Creek,North Creek
5306101,2022-10-08,11.0,8.5,9.5,,,,North Creek,North Creek
5306101,2022-11-06,7.5,7.0,9.6,,,,North Creek,North Creek
5306101,2022-12-08,4.5,7.0,10.8,,,,North Creek,North Creek
5306101,2023-02-04,6.0,7.0,10.4,,,,North Creek,North Creek
5306101,2023-02-05,11.0,7.5,9.4,,,,North Creek,North Creek
5306101,2023-06-03,4.5,7.0,,,,,North Creek,North Creek
5306101,2023-06-22,15.25,8.25,9.4,,,,North Creek,North Creek
5306101,2023-08-24,13.0,8.0,9.4,,,,North Creek,North Creek
5306101,2023-11-19,7.5,7.0,10.0,,,,North Creek,North Creek
5306101,2023-12-18,5.0,7.0,10.5,,,,North Creek,North Creek
5306101,2024-01-22,4.0,6.5,10.3,,,,North Creek,North Creek
5306101,2024-02-24,7.0,7.0,10.6,,,,North Creek,North Creek
5306101,2024-04-21,10.1,7.0,10.0,,,,North Creek,North Creek
5306101,2024-06-22,15.0,7.5,9.2,210.0,3.52,0.0,North Creek,North Creek
5306101,2024-07-19,15.0,7.5,9.0,243.0,2.64,0.0,North Creek,North Creek
5306101,2024-08-30,14.5,7.0,9.2,206.0,2.64,0.0,North Creek,North Creek
5306101,2024-11-11,11.0,6.5,8.2,133.0,1.1,0.0,North Creek,North Creek
5306101,2024-12-20,8.3,8.0,10.0,112.0,2.2,0.0,North Creek,North Creek
5306101,2025-01-30,2.5,8.0,12.0,211.0,2.2,,North Creek,North Creek
5306101,2025-02-23,9.2,7.0,9.9,144.0,1.1,,North Creek,North Creek
5306101,2025-03-30,8.6,8.0,10.75,171.0,1.1,,North Creek,North Creek
5306101,2025-05-17,12.6,8.0,9.8,219.0,2.2,,North Creek,North Creek
5306101,2025-06-28,15.2,8.0,9.2,236.0,2.2,,North Creek,North Creek
5306101,2025-07-21,15.6,7.5,9.9,243.0,4.4,,North Creek,North Creek
5306101,2025-09-06,16.5,8.0,9.15,245.0,2.2,,North Creek,North Creek
5306101,2026-02-08,8.2,7.0,10.5,146.0,1.76,,North Creek,North Creek
5306102,2015-09-12,15.0,7.0,2.0,,,,Swamp Creek,Swamp Creek
5306102,2015-10-10,13.0,6.5,2.1,,,,Swamp Creek,Swamp Creek
5306102,2015-11-14,7.0,6.5,6.4,,,,Swamp Creek,Swamp Creek
5306102,2015-12-12,6.0,6.5,8.2,,,,Swamp Creek,Swamp Creek
5306102,2016-01-09,2.0,6.5,8.6,,,,Swamp Creek,Swamp Creek
5306102,2016-02-13,7.0,7.0,8.2,,,,Swamp Creek,Swamp Creek
5306102,2016-04-16,8.0,7.0,7.0,,,,Swamp Creek,Swamp Creek
5306102,2016-05-14,6.0,7.0,4.3,,,,Swamp Creek,Swamp Creek
5306102,2016-06-12,13.0,8.0,5.1,,,,Swamp Creek,Swamp Creek
5306102,2016-07-09,14.0,7.0,8.1,,,,Swamp Creek,Swamp Creek
5306102,2016-08-13,16.0,7.0,3.8,,,,Swamp Creek,Swamp Creek
5306102,2016-09-17,15.0,7.0,4.2,,,,Swamp Creek,Swamp Creek
5306102,2016-10-22,11.5,6.5,5.8,,,,Swamp Creek,Swamp Creek
5306102,2016-11-12,12.5,7.0,5.0,,,,Swamp Creek,Swamp Creek
5306102,2017-01-22,5.0,7.0,8.7,,,,Swamp Creek,Swamp Creek
5306102,2017-02-18,6.5,7.0,8.5,,,,Swamp Creek,Swamp Creek
5306102,2017-03-25,8.0,7.0,8.7,,,,Swamp Creek,Swamp Creek
5306102,2017-04-29,10.0,7.0,8.0,,,,Swamp Creek,Swamp Creek
5306102,2017-07-22,27.0,7.0,4.1,,,,Swamp Creek,Swamp Creek
5306102,2017-09-16,12.0,7.0,2.8,,,,Swamp Creek,Swamp Creek
5306102,2017-10-21,10.0,7.0,5.8,,,,Swamp Creek,Swamp Creek
5306102,2017-11-26,9.0,7.0,6.2,,,,Swamp Creek,Swamp Creek
5306102,2017-12-16,4.0,7.0,8.3,,,,Swamp Creek,Swamp Creek
5306102,2018-01-20,6.5,7.0,8.7,,,,Swamp Creek,Swamp Creek
5306102,2018-02-10,7.0,7.0,8.3,,,,Swamp Creek,Swamp Creek
5306102,2018-03-10,5.0,7.0,9.4,,,,Swamp Creek,Swamp Creek
5306102,2018-06-02,13.0,7.0,4.0,,,,Swamp Creek,Swamp Creek
5306103,2015-09-22,13.0,7.5,8.0,,,,North Creek,Little Swamp Creek
5306103,2015-10-16,12.0,8.0,7.7,,,,North Creek,Little Swamp Creek
5306103,2015-11-20,7.0,7.0,8.2,,,,North Creek,Little Swamp Creek
5306103,2015-12-19,7.0,7.0,8.1,,,,North Creek,Little Swamp Creek
5306103,2016-01-19,6.5,7.0,8.6,,,,North Creek,Little Swamp Creek
5306103,2016-02-09,7.0,7.5,10.3,,,,North Creek,Little Swamp Creek
5306103,2016-03-10,8.0,7.0,7.8,,,,North Creek,Little Swamp Creek
5306103,2016-04-13,8.0,7.0,8.0,,,,North Creek,Little Swamp Creek
5306103,2016-05-20,10.0,7.0,8.0,,,,North Creek,Little Swamp Creek
5306103,2016-06-10,12.0,7.5,8.2,,,,North Creek,Little Swamp Creek
5306103,2016-07-12,14.0,7.5,8.0,,,,North Creek,Little Swamp Creek
5306103,2016-08-20,15.0,8.0,6.8,,,,North Creek,Little Swamp Creek
5306103,2016-09-09,13.0,7.5,8.2,,,,North Creek,Little Swamp Creek
5306103,2016-10-08,13.5,7.5,8.3,,,,North Creek,Little Swamp Creek
5306103,2016-11-04,9.5,7.0,7.3,,,,North Creek,Little Swamp Creek
5306103,2016-12-10,6.0,6.5,8.8,,,,North Creek,Little Swamp Creek
5306103,2017-01-10,4.0,6.5,9.7,,,,North Creek,Little Swamp Creek
5306103,2017-02-09,7.5,6.5,8.5,,,,North Creek,Little Swamp Creek
5306103,2017-03-07,5.5,6.5,9.7,,,,North Creek,Little Swamp Creek
5306103,2017-04-11,10.0,6.5,8.4,,,,North Creek,Little Swamp Creek
5306103,2017-05-08,10.0,6.5,8.6,,,,North Creek,Little Swamp Creek
5306103,2017-06-05,12.0,7.0,8.5,,,,North Creek,Little Swamp Creek
5306103,2017-07-14,14.5,8.0,8.3,,,,North Creek,Little Swamp Creek
5306103,2017-08-10,15.5,7.0,8.0,,,,North Creek,Little Swamp Creek
5306103,2017-09-11,13.5,7.0,7.7,,,,North Creek,Little Swamp Creek
5306103,2017-11-10,9.0,6.5,8.2,,,,North Creek,Little Swamp Creek
5306103,2017-12-11,5.0,6.0,9.4,,,,North Creek,Little Swamp Creek
5306103,2018-01-15,8.5,6.5,8.5,,,,North Creek,Little Swamp Creek
5306103,2018-04-06,9.0,6.5,9.5,,,,North Creek,Little Swamp Creek
5306103,2018-05-25,12.0,7.0,9.8,,,,North Creek,Little Swamp Creek
5306103,2018-07-26,14.5,7.0,8.8,,,,North Creek,Little Swamp Creek
5306103,2018-08-31,13.5,7.5,7.3,,,,North Creek,Little Swamp Creek
5306103,2018-09-26,12.0,7.0,7.8,,,,North Creek,Little Swamp Creek
5306103,2018-11-05,11.0,7.0,6.5,,,,North Creek,Little Swamp Creek
5306103,2019-02-21,5.0,6.5,8.4,,,,North Creek,Little Swamp Creek
5306103,2019-03-22,9.0,7.0,8.3,,,,North Creek,Little Swamp Creek
5306103,2019-04-15,9.0,6.5,7.7,,,,North Creek,Little Swamp Creek
5306103,2019-05-14,12.0,7.0,7.6,,,,North Creek,Little Swamp Creek
5306103,2019-06-19,13.0,7.0,8.0,,,,North Creek,Little Swamp Creek
5306103,2019-07-18,14.0,7.0,7.6,,,,North Creek,Little Swamp Creek
5306103,2019-08-16,15.0,9.0,7.1,,,,North Creek,Little Swamp Creek
5306103,2019-09-30,10.1,7.0,7.6,,,,North Creek,Little Swamp Creek
5306103,2019-10-21,12.0,6.5,7.3,,,,North Creek,Little Swamp Creek
5306103,2019-11-19,10.0,6.5,7.2,,,,North Creek,Little Swamp Creek
5306103,2019-12-19,7.0,7.0,8.2,,,,North Creek,Little Swamp Creek
5306103,2020-01-23,8.0,7.0,7.8,,,,North Creek,Little Swamp Creek
5306103,2020-02-20,5.0,6.5,9.1,,,,North Creek,Little Swamp Creek
5306103,2020-10-05,14.0,7.0,7.3,,,,North Creek,Little Swamp Creek
5306103,2020-11-19,9.0,7.0,6.9,,,,North Creek,Little Swamp Creek
5306103,2020-12-17,8.0,7.0,7.3,,,,North Creek,Little Swamp Creek
5306103,2021-01-19,6.5,7.0,8.4,,,,North Creek,Little Swamp Creek
5306103,2021-02-23,7.0,6.5,9.5,,,,North Creek,Little Swamp Creek
5306103,2021-03-22,7.0,7.0,8.5,,,,North Creek,Little Swamp Creek
5306103,2021-04-22,10.5,7.0,7.7,,,,North Creek,Little Swamp Creek
5306103,2021-05-14,12.0,7.5,7.4,,,,North Creek,Little Swamp Creek
5306103,2021-06-29,16.0,7.0,5.8,,,,North Creek,Little Swamp Creek
5306103,2021-07-24,15.0,7.5,6.7,,,,North Creek,Little Swamp Creek
5306103,2021-08-19,14.0,7.5,8.0,,,,North Creek,Little Swamp Creek
5306103,2021-09-23,13.5,7.0,8.7,,,,North Creek,Little Swamp Creek
5306103,2021-10-20,11.0,7.0,7.5,,,,North Creek,Little Swamp Creek
5306103,2021-11-23,8.0,6.5,2.9,,,,North Creek,Little Swamp Creek
5306103,2021-12-21,5.0,7.5,10.5,,,,North Creek,Little Swamp Creek
5306103,2022-01-17,6.75,6.75,8.4,,,,North Creek,Little Swamp Creek
5306103,2022-02-26,4.0,7.0,,,,,North Creek,Little Swamp Creek
5306103,2022-03-29,9.0,7.0,8.2,,,,North Creek,Little Swamp Creek
5306103,2022-05-23,10.0,6.5,7.9,,,,North Creek,Little Swamp Creek
5306103,2022-06-20,7.4,7.0,7.5,,,,North Creek,Little Swamp Creek
5306103,2022-07-20,15.0,7.0,7.1,,,,North Creek,Little Swamp Creek
5306103,2022-08-25,16.5,7.0,7.4,,,,North Creek,Little Swamp Creek
5306103,2022-09-28,13.0,7.5,8.2,,,,North Creek,Little Swamp Creek
5306103,2022-10-25,10.0,7.0,8.7,,,,North Creek,Little Swamp Creek
5306103,2022-11-17,6.0,6.5,8.2,,,,North Creek,Little Swamp Creek
5306103,2022-12-19,4.0,7.0,9.2,,,,North Creek,Little Swamp Creek
5306103,2023-02-14,4.5,7.0,9.4,,,,North Creek,Little Swamp Creek
5306103,2023-03-22,9.0,7.0,8.1,,,,North Creek,Little Swamp Creek
5306103,2023-04-19,9.0,7.0,8.7,,,,North Creek,Little Swamp Creek
5306103,2023-05-30,10.5,7.5,8.5,,,,North Creek,Little Swamp Creek
5306103,2023-06-27,14.5,7.5,7.6,,,,North Creek,Little Swamp Creek
5306103,2023-07-27,15.5,8.0,7.9,,,,North Creek,Little Swamp Creek
5306103,2023-08-17,16.0,7.5,7.1,,,,North Creek,Little Swamp Creek
5306103,2023-09-14,15.0,8.0,6.7,,,,North Creek,Little Swamp Creek
5306103,2023-10-18,13.5,7.0,7.7,,,,North Creek,Little Swamp Creek
5306103,2023-11-20,8.5,7.0,7.9,,,,North Creek,Little Swamp Creek
5306103,2023-12-20,7.0,6.5,8.3,,,,North Creek,Little Swamp Creek
5306103,2024-01-18,3.5,7.0,9.8,,,,North Creek,Little Swamp Creek
5306103,2024-03-02,6.5,6.5,8.8,,,,North Creek,Little Swamp Creek
5306103,2024-03-25,8.5,7.0,8.5,,,,North Creek,Little Swamp Creek
5306103,2024-04-24,9.5,7.0,8.5,,,,North Creek,Little Swamp Creek
5306103,2024-05-27,12.0,7.0,7.9,,,,North Creek,Little Swamp Creek
5306103,2024-07-26,4.0,7.0,8.2,266.0,,,Swamp Creek,Little Swamp Creek
5306103,2024-08-27,14.0,7.0,7.3,224.6,,,Swamp Creek,Little Swamp Creek
5306103,2024-09-24,14.0,7.5,7.7,260.3,,,Swamp Creek,Little Swamp Creek
5306103,2024-10-23,10.5,8.0,8.6,275.3,,,Swamp Creek,Little Swamp Creek
5306103,2024-11-26,9.0,7.0,7.3,197.0,,,Swamp Creek,Little Swamp Creek
5306103,2024-12-28,8.5,6.5,7.8,144.0,,,Swamp Creek,Little Swamp Creek
5306103,2025-01-30,2.0,7.0,10.3,243.6,,,Swamp Creek,Little Swamp Creek
5306103,2025-03-19,8.0,7.5,7.1,198.3,,,Swamp Creek,Little Swamp Creek
5306103,2025-04-17,9.0,7.0,8.55,225.3,,,Swamp Creek,Little Swamp Creek
5306103,2025-05-20,11.0,7.5,8.4,237.0,,,Swamp Creek,Little Swamp Creek
5306103,2025-06-22,11.5,8.0,8.8,265.0,,,Swamp Creek,Little Swamp Creek
5306103,2025-07-24,15.0,7.0,7.6,265.3,,,Swamp Creek,Little Swamp Creek
5306103,2025-08-25,15.5,8.0,7.0,268.3,,,Swamp Creek,Little Swamp Creek
5306103,2025-09-24,13.0,7.0,8.1,275.0,,,Swamp Creek,Little Swamp Creek
5306103,2025-10-27,10.0,7.0,8.1,271.6,,,Swamp Creek,Little Swamp Creek
5306103,2025-11-27,9.5,6.5,7.8,212.3,,,Swamp Creek,Little Swamp Creek
5306103,2025-12-29,6.0,6.75,10.0,222.6,,,Swamp Creek,Little Swamp Creek
5306103,2026-01-28,7.0,6.5,9.4,238.0,,,Swamp Creek,Little Swamp Creek
5306103,2026-02-23,7.0,6.5,8.45,180.3,,,Swamp Creek,Little Swamp Creek
5306103,2026-03-27,8.0,7.0,8.65,186.0,,,Swamp Creek,Little Swamp Creek
5306105,2015-09-21,21.0,8.5,7.5,,,,Quilceda Creek,Snohomish River
5306105,2015-10-23,14.0,7.5,7.6,,,,Quilceda Creek,Snohomish River
5306105,2015-12-01,7.0,7.0,8.5,,,,Quilceda Creek,Snohomish River
5306105,2015-12-28,5.5,7.0,8.3,,,,Quilceda Creek,Snohomish River
5306105,2016-01-30,12.0,6.5,8.3,,,,Quilceda Creek,Snohomish River
5306105,2016-02-28,9.0,7.5,9.5,,,,Quilceda Creek,Snohomish River
5306105,2016-04-24,16.0,7.5,8.8,,,,Quilceda Creek,Snohomish River
5306106,2015-09-10,18.0,7.5,9.5,,,,Elwell Creek-Skykomish River,Woods Creek
5306106,2015-10-01,11.0,7.0,9.0,,,,Elwell Creek-Skykomish River,Woods Creek
5306106,2015-11-05,8.0,6.5,12.1,,,,Elwell Creek-Skykomish River,Woods Creek
5306106,2016-01-01,7.0,6.0,11.4,,,,Elwell Creek-Skykomish River,Woods Creek
5306106,2016-02-11,7.5,6.0,10.7,,,,Elwell Creek-Skykomish River,Woods Creek
5306106,2016-03-04,7.5,6.5,10.1,,,,Elwell Creek-Skykomish River,Woods Creek
5306106,2018-03-10,5.0,7.0,10.4,,,,Elwell Creek-Skykomish River,Woods Creek
5306106,2018-04-07,9.0,6.0,10.1,,,,Elwell Creek-Skykomish River,Woods Creek
5306106,2018-05-05,9.0,7.0,10.2,,,,Elwell Creek-Skykomish River,Woods Creek
5306106,2018-06-02,12.0,7.0,9.5,,,,Elwell Creek-Skykomish River,Woods Creek
5306106,2018-07-07,16.0,7.0,8.8,,,,Elwell Creek-Skykomish River,Woods Creek
5306106,2018-08-19,15.0,7.5,9.6,,,,Elwell Creek-Skykomish River,Woods Creek
5306106,2018-09-22,14.0,7.0,8.3,,,,Elwell Creek-Skykomish River,Woods Creek
5306107,2015-09-21,14.5,7.5,7.6,,,,Little Pilchuck River,Catherine Creek
5306107,2015-10-23,10.0,7.0,7.7,,,,Little Pilchuck River,Catherine Creek
5306107,2015-12-01,4.0,6.5,10.0,,,,Little Pilchuck River,Catherine Creek
5306107,2015-12-28,4.0,6.5,9.8,,,,Little Pilchuck River,Catherine Creek
5306107,2016-02-28,4.0,7.0,9.5,,,,Little Pilchuck River,Catherine Creek
5306107,2016-04-24,12.0,7.0,8.0,,,,Little Pilchuck River,Catherine Creek
5306107,2016-06-17,12.0,7.5,7.9,,,,Little Pilchuck River,Catherine Creek
5306108,2015-12-04,7.0,6.0,12.0,,,,French Creek,Cripple Creek
5306108,2016-01-01,1.0,6.5,13.2,,,,French Creek,Cripple Creek
5306108,2016-02-11,6.5,6.0,10.0,,,,French Creek,Cripple Creek
5306108,2016-03-04,7.5,6.0,10.0,,,,French Creek,Cripple Creek
5306108,2022-04-01,5.0,7.0,10.0,,,,French Creek,Cripple Creek
5306108,2022-07-28,13.0,7.0,7.9,,,,French Creek,Cripple Creek
5306108,2022-08-21,10.0,7.0,8.0,,,,French Creek,Cripple Creek
5306109,2015-09-26,12.0,7.5,9.6,,,,Shell Creek-Frontal Puget Sound,Big Gulch
5306109,2015-10-25,11.0,8.0,8.7,,,,Shell Creek-Frontal Puget Sound,Big Gulch
5306109,2015-11-22,5.0,7.5,11.1,,,,Shell Creek-Frontal Puget Sound,Big Gulch
5306109,2015-12-16,6.0,8.0,10.9,,,,Shell Creek-Frontal Puget Sound,Big Gulch
5306109,2016-01-24,7.0,7.5,10.2,,,,Shell Creek-Frontal Puget Sound,Big Gulch
5306109,2016-02-21,7.0,8.0,10.7,,,,Shell Creek-Frontal Puget Sound,Big Gulch
5306109,2016-03-13,7.5,7.0,9.8,,,,Shell Creek-Frontal Puget Sound,Big Gulch
5306109,2016-04-16,10.0,8.0,10.4,,,,Shell Creek-Frontal Puget Sound,Big Gulch
5306109,2016-05-15,12.0,8.0,8.9,,,,Shell Creek-Frontal Puget Sound,Big Gulch
5306109,2016-06-11,14.0,7.5,8.3,,,,Shell Creek-Frontal Puget Sound,Big Gulch
5306109,2016-07-10,14.5,8.0,8.1,,,,Shell Creek-Frontal Puget Sound,Big Gulch
5306109,2016-08-21,15.5,8.0,8.6,,,,Shell Creek-Frontal Puget Sound,Big Gulch
5306109,2016-09-25,14.5,8.0,9.0,,,,Shell Creek-Frontal Puget Sound,Big Gulch
5306109,2016-12-21,4.0,8.0,12.5,,,,Shell Creek-Frontal Puget Sound,Big Gulch
5306109,2017-01-22,5.0,8.0,12.1,,,,Shell Creek-Frontal Puget Sound,Big Gulch
5306109,2017-02-25,5.5,8.0,11.6,,,,Shell Creek-Frontal Puget Sound,Big Gulch
5306109,2017-02-26,5.5,7.5,12.2,,,,Shell Creek-Frontal Puget Sound,Big Gulch
5306109,2017-03-18,8.0,7.0,10.7,,,,Shell Creek-Frontal Puget Sound,Big Gulch
5306109,2017-04-23,10.0,8.0,10.1,,,,Shell Creek-Frontal Puget Sound,Big Gulch
5306109,2017-05-28,14.5,8.0,8.3,,,,Shell Creek-Frontal Puget Sound,Big Gulch
5306109,2017-06-17,12.5,8.0,9.8,,,,Shell Creek-Frontal Puget Sound,Big Gulch
5306109,2017-07-16,15.0,8.0,8.3,,,,Shell Creek-Frontal Puget Sound,Big Gulch
5306109,2017-08-06,16.0,8.5,9.3,,,,Shell Creek-Frontal Puget Sound,Big Gulch
5306109,2017-09-24,12.0,8.0,10.0,,,,Shell Creek-Frontal Puget Sound,Big Gulch
5306109,2017-10-15,9.0,8.0,10.5,,,,Shell Creek-Frontal Puget Sound,Big Gulch
5306109,2017-11-12,9.0,7.5,10.1,,,,Shell Creek-Frontal Puget Sound,Big Gulch
5306109,2017-12-10,4.0,8.0,12.7,,,,Shell Creek-Frontal Puget Sound,Big Gulch
5306109,2020-11-27,8.0,8.0,10.2,,,,Shell Creek-Frontal Puget Sound,Big Gulch
5306109,2020-12-20,8.0,8.0,10.8,,,,Shell Creek-Frontal Puget Sound,Big Gulch
5306109,2021-01-30,6.0,8.0,11.6,,,,Shell Creek-Frontal Puget Sound,Big Gulch
5306109,2021-02-27,5.5,8.0,12.8,,,,Shell Creek-Frontal Puget Sound,Big Gulch
5306109,2021-03-29,7.0,8.5,12.0,,,,Shell Creek-Frontal Puget Sound,Big Gulch
5306109,2021-04-25,10.0,8.0,10.8,,,,Shell Creek-Frontal Puget Sound,Big Gulch
5306109,2021-05-22,12.0,8.0,10.2,,,,Shell Creek-Frontal Puget Sound,Big Gulch
5306109,2021-06-25,16.5,8.0,8.8,,,,Shell Creek-Frontal Puget Sound,Big Gulch
5306109,2021-07-26,14.0,8.0,8.5,,,,Shell Creek-Frontal Puget Sound,Big Gulch
5306109,2021-08-21,14.0,8.0,8.7,,,,Shell Creek-Frontal Puget Sound,Big Gulch
5306109,2021-09-28,14.0,8.0,9.6,,,,Shell Creek-Frontal Puget Sound,Big Gulch
5306109,2021-11-18,8.0,8.0,8.0,,,,Shell Creek-Frontal Puget Sound,Big Gulch
5306109,2021-12-21,5.0,8.0,11.4,,,,Shell Creek-Frontal Puget Sound,Big Gulch
5306109,2022-01-14,7.0,8.0,11.7,,,,Shell Creek-Frontal Puget Sound,Big Gulch
5306110,2015-08-30,15.0,7.5,8.8,,,,Powder Mill Gulch-Frontal Possession Sound,Japanese Gulch
5306110,2015-09-27,11.5,8.0,9.6,,,,Powder Mill Gulch-Frontal Possession Sound,Japanese Gulch
5306110,2015-10-21,12.0,8.0,9.9,,,,Powder Mill Gulch-Frontal Possession Sound,Japanese Gulch
5306110,2015-11-21,5.0,7.0,11.0,,,,Powder Mill Gulch-Frontal Possession Sound,Japanese Gulch
5306110,2015-12-15,6.0,8.0,11.2,,,,Powder Mill Gulch-Frontal Possession Sound,Japanese Gulch
5306110,2016-01-23,7.0,7.0,10.7,,,,Powder Mill Gulch-Frontal Possession Sound,Japanese Gulch
5306110,2016-02-20,8.0,8.0,10.5,,,,Powder Mill Gulch-Frontal Possession Sound,Japanese Gulch
5306110,2016-03-12,9.0,7.5,10.0,,,,Powder Mill Gulch-Frontal Possession Sound,Japanese Gulch
5306110,2016-04-15,10.0,8.0,9.8,,,,Powder Mill Gulch-Frontal Possession Sound,Japanese Gulch
5306110,2016-05-13,12.0,8.0,8.4,,,,Powder Mill Gulch-Frontal Possession Sound,Japanese Gulch
5306110,2016-06-10,12.0,8.0,9.3,,,,Powder Mill Gulch-Frontal Possession Sound,Japanese Gulch
5306110,2016-07-26,14.5,8.0,,,,,Powder Mill Gulch-Frontal Possession Sound,Japanese Gulch
5306110,2016-08-20,15.0,8.0,8.3,,,,Powder Mill Gulch-Frontal Possession Sound,Japanese Gulch
5306110,2016-09-24,12.5,7.5,9.3,,,,Powder Mill Gulch-Frontal Possession Sound,Japanese Gulch
5306110,2016-10-29,11.0,3.0,10.4,,,,Powder Mill Gulch-Frontal Possession Sound,Japanese Gulch
5306110,2016-11-19,7.0,8.0,10.7,,,,Powder Mill Gulch-Frontal Possession Sound,Japanese Gulch
5306110,2016-12-19,4.0,8.0,12.1,,,,Powder Mill Gulch-Frontal Possession Sound,Japanese Gulch
5306110,2017-01-21,5.5,8.0,11.9,,,,Powder Mill Gulch-Frontal Possession Sound,Japanese Gulch
5306110,2017-02-25,5.5,8.0,11.6,,,,Powder Mill Gulch-Frontal Possession Sound,Japanese Gulch
5306110,2017-03-05,5.5,8.0,11.1,,,,Powder Mill Gulch-Frontal Possession Sound,Japanese Gulch
5306110,2017-04-16,9.5,8.0,10.9,,,,Powder Mill Gulch-Frontal Possession Sound,Japanese Gulch
5306110,2017-05-27,14.0,8.0,8.6,,,,Powder Mill Gulch-Frontal Possession Sound,Japanese Gulch
5306110,2017-06-11,13.0,8.0,9.3,,,,Powder Mill Gulch-Frontal Possession Sound,Japanese Gulch
5306110,2017-07-16,13.0,8.5,10.0,,,,Powder Mill Gulch-Frontal Possession Sound,Japanese Gulch
5306110,2017-08-05,15.0,8.5,9.4,,,,Powder Mill Gulch-Frontal Possession Sound,Japanese Gulch
5306110,2020-11-20,8.0,8.0,10.6,,,,Powder Mill Gulch-Frontal Possession Sound,Japanese Gulch
5306110,2020-12-19,7.0,8.0,11.2,,,,Powder Mill Gulch-Frontal Possession Sound,Japanese Gulch
5306110,2021-01-30,6.0,8.0,11.2,,,,Powder Mill Gulch-Frontal Possession Sound,Japanese Gulch
5306110,2021-02-27,5.0,8.0,11.5,,,,Powder Mill Gulch-Frontal Possession Sound,Japanese Gulch
5306110,2021-03-29,8.0,8.0,11.3,,,,Powder Mill Gulch-Frontal Possession Sound,Japanese Gulch
5306110,2021-04-25,10.0,8.0,10.5,,,,Powder Mill Gulch-Frontal Possession Sound,Japanese Gulch
5306110,2021-05-22,10.0,8.0,10.1,,,,Powder Mill Gulch-Frontal Possession Sound,Japanese Gulch
5306110,2021-06-26,14.5,8.0,8.9,,,,Powder Mill Gulch-Frontal Possession Sound,Japanese Gulch
5306110,2021-07-26,14.0,8.0,7.1,,,,Powder Mill Gulch-Frontal Possession Sound,Japanese Gulch
5306110,2021-08-21,14.0,8.0,9.5,,,,Powder Mill Gulch-Frontal Possession Sound,Japanese Gulch
5306110,2021-09-28,14.0,7.5,9.9,,,,Powder Mill Gulch-Frontal Possession Sound,Japanese Gulch
5306110,2021-11-20,8.0,8.0,8.1,,,,Powder Mill Gulch-Frontal Possession Sound,Japanese Gulch
5306110,2021-12-21,5.0,8.0,11.7,,,,Powder Mill Gulch-Frontal Possession Sound,Japanese Gulch
5306110,2022-01-14,7.0,8.0,11.9,,,,Powder Mill Gulch-Frontal Possession Sound,Japanese Gulch
5306111,2016-06-12,14.5,7.0,6.7,,,,Lake Washington-Sammamish River,Hall Creek
5306113,2018-12-22,5.5,7.0,10.6,,,,Woods Creek,Woods Creek
5306113,2019-01-27,5.5,7.0,11.1,,,,Woods Creek,Woods Creek
5306113,2019-02-18,3.0,7.0,12.2,,,,Woods Creek,Woods Creek
5306113,2019-03-31,11.0,7.0,10.8,,,,Woods Creek,Woods Creek
5306113,2019-05-04,11.5,7.0,10.0,,,,Woods Creek,Woods Creek
5306113,2019-06-09,12.0,7.0,9.7,,,,Woods Creek,Woods Creek
5306113,2019-07-28,16.0,8.0,8.7,,,,Woods Creek,Woods Creek
5306113,2019-08-24,14.5,7.5,9.0,,,,Woods Creek,Woods Creek
5306113,2019-09-28,11.0,7.0,9.2,,,,Woods Creek,Woods Creek
5306113,2019-10-26,10.0,7.0,10.0,,,,Woods Creek,Woods Creek
5306113,2019-11-24,7.0,7.0,11.3,,,,Woods Creek,Woods Creek
5306113,2019-12-21,7.5,6.5,10.1,,,,Woods Creek,Woods Creek
5306113,2020-01-25,7.0,6.5,10.6,,,,Woods Creek,Woods Creek
5306113,2020-02-29,7.0,7.0,10.9,,,,Woods Creek,Woods Creek
5306113,2020-03-21,6.0,7.0,11.0,,,,Woods Creek,Woods Creek
5306113,2020-10-10,13.0,7.0,8.0,,,,Woods Creek,Woods Creek
5306114,2018-06-02,14.0,7.5,7.4,,,,Swamp Creek,Scriber Creek
5306114,2018-07-07,17.0,7.5,6.4,,,,Swamp Creek,Scriber Creek
5306114,2018-08-25,14.5,7.5,7.2,,,,Swamp Creek,Scriber Creek
5306114,2018-09-15,14.5,7.0,6.7,,,,Swamp Creek,Scriber Creek
5306114,2018-10-20,9.0,7.5,9.1,,,,Swamp Creek,Scriber Creek
5306114,2018-11-24,6.0,7.0,9.2,,,,Swamp Creek,Scriber Creek
5306114,2019-01-05,7.0,7.0,9.6,,,,Swamp Creek,Scriber Creek
5306114,2019-03-10,3.0,7.5,11.2,,,,Swamp Creek,Scriber Creek
5306114,2019-04-09,10.0,7.0,7.9,,,,Swamp Creek,Scriber Creek
5306114,2019-05-11,16.0,7.5,6.8,,,,Swamp Creek,Scriber Creek
5306114,2019-06-22,15.0,7.0,7.3,,,,Swamp Creek,Scriber Creek
5306114,2019-07-13,16.0,7.5,6.7,,,,Swamp Creek,Scriber Creek
5306114,2019-08-18,17.0,7.5,6.1,,,,Swamp Creek,Scriber Creek
5306114,2019-09-21,15.0,7.0,6.3,,,,Swamp Creek,Scriber Creek
5306114,2019-10-26,10.0,7.0,8.2,,,,Swamp Creek,Scriber Creek
5306114,2019-11-23,5.5,7.5,9.6,,,,Swamp Creek,Scriber Creek
5306114,2019-12-28,5.0,7.0,10.0,,,,Swamp Creek,Scriber Creek
5306114,2020-01-25,9.0,7.0,9.5,,,,Swamp Creek,Scriber Creek
5306114,2020-02-23,7.0,7.0,9.9,,,,Swamp Creek,Scriber Creek
5306114,2021-02-07,6.0,7.0,9.5,,,,Swamp Creek,Scriber Creek
5306114,2021-03-14,6.5,7.0,9.8,,,,Swamp Creek,Scriber Creek
5306114,2021-05-16,16.0,7.0,6.8,,,,Swamp Creek,Scriber Creek
5306114,2021-06-20,19.0,7.0,6.3,,,,Swamp Creek,Scriber Creek
5306114,2021-07-25,18.0,7.0,9.4,,,,Swamp Creek,Scriber Creek
5306114,2021-11-20,7.0,7.5,8.8,,,,Swamp Creek,Scriber Creek
5306114,2022-01-10,17.0,,6.1,,,,Swamp Creek,Scriber Creek
5306114,2022-03-27,10.0,7.0,8.6,,,,Swamp Creek,Scriber Creek
5306114,2022-06-04,14.5,7.0,6.3,,,,Swamp Creek,Scriber Creek
5306114,2022-10-01,17.0,,6.1,,,,Swamp Creek,Scriber Creek
5306114,2022-10-22,10.5,7.0,6.3,,,,Swamp Creek,Scriber Creek
5306114,2023-03-25,6.0,7.0,9.8,,,,Swamp Creek,Scriber Creek
5306114,2023-05-29,15.0,7.0,6.2,,,,Swamp Creek,Scriber Creek
5306114,2023-11-19,7.0,7.0,7.9,,,,Swamp Creek,Scriber Creek
5306114,2023-12-17,4.5,7.0,9.3,,,,Swamp Creek,Scriber Creek
5306121,2020-07-13,14.5,8.0,8.5,,,,Swamp Creek,Crystal Creek - Upper
5306121,2020-08-11,15.0,8.0,8.5,,,,Swamp Creek,Crystal Creek - Upper
5306121,2020-09-16,15.0,8.0,8.1,,,,Swamp Creek,Crystal Creek - Upper
5306121,2020-10-17,13.0,8.0,8.7,,,,Swamp Creek,Crystal Creek - Upper
5306121,2020-11-09,7.0,8.0,11.5,,,,Swamp Creek,Crystal Creek - Upper
5306121,2020-12-22,7.0,7.5,10.4,,,,Swamp Creek,Crystal Creek - Upper
5306121,2021-01-13,8.5,8.0,9.8,,,,Swamp Creek,Crystal Creek - Upper
5306121,2021-02-12,5.0,8.0,10.8,,,,Swamp Creek,Crystal Creek - Upper
5306121,2021-03-13,6.0,8.0,11.4,,,,Swamp Creek,Crystal Creek - Upper
5306121,2021-05-20,16.6,8.5,9.7,,,,Swamp Creek,Crystal Creek - Upper
5306121,2021-06-13,15.0,7.5,8.4,,,,Swamp Creek,Crystal Creek - Upper
5306121,2021-07-17,15.0,8.0,8.6,,,,Swamp Creek,Crystal Creek - Upper
5306121,2021-08-14,17.0,8.0,9.8,,,,Swamp Creek,Crystal Creek - Upper
5306121,2021-09-19,14.0,7.5,3.9,,,,Swamp Creek,Crystal Creek - Upper
5306121,2021-11-14,11.5,7.0,9.0,,,,Swamp Creek,Crystal Creek - Upper
5306121,2022-02-12,8.0,7.0,10.2,,,,Swamp Creek,Crystal Creek - Upper
5306121,2022-03-25,11.0,8.0,9.7,,,,Swamp Creek,Crystal Creek - Upper
5306121,2022-04-15,9.0,8.0,10.3,,,,Swamp Creek,Crystal Creek - Upper
5306121,2022-05-16,13.0,8.0,8.6,,,,Swamp Creek,Crystal Creek - Upper
5306121,2022-06-17,13.0,8.5,8.9,,,,Swamp Creek,Crystal Creek - Upper
5306121,2022-07-13,15.0,8.5,8.9,,,,Swamp Creek,Crystal Creek - Upper
5306121,2022-08-19,16.5,8.0,8.1,,,,Swamp Creek,Crystal Creek - Upper
5306121,2022-09-18,14.0,8.0,9.0,,,,Swamp Creek,Crystal Creek - Upper
5306121,2022-10-22,13.0,8.0,9.6,,,,Swamp Creek,Crystal Creek - Upper
5306121,2022-11-20,5.5,8.0,10.7,,,,Swamp Creek,Crystal Creek - Upper
5306121,2022-12-17,5.0,8.0,11.0,,,,Swamp Creek,Crystal Creek - Upper
5306121,2023-01-15,8.0,8.0,9.7,,,,Swamp Creek,Crystal Creek - Upper
5306121,2023-03-18,9.5,8.0,11.5,,,,Swamp Creek,Crystal Creek - Upper
5306121,2023-04-16,9.0,8.0,10.0,,,,Swamp Creek,Crystal Creek - Upper
5306121,2023-05-14,14.0,8.5,8.8,,,,Swamp Creek,Crystal Creek - Upper
5306121,2023-06-24,12.0,8.5,9.5,,,,Swamp Creek,Crystal Creek - Upper
5306121,2023-07-20,14.0,8.0,8.5,,,,Swamp Creek,Crystal Creek - Upper
5306121,2023-09-16,14.0,8.0,9.1,,,,Swamp Creek,Crystal Creek - Upper
5306121,2023-10-14,13.0,8.0,8.9,,,,Swamp Creek,Crystal Creek - Upper
5306121,2023-11-02,7.5,8.0,10.7,,,,Swamp Creek,Crystal Creek - Upper
5306121,2023-11-08,15.0,8.5,8.5,,,,Swamp Creek,Crystal Creek - Upper
5306121,2023-11-18,6.5,8.0,10.3,,,,Swamp Creek,Crystal Creek - Upper
5306121,2023-12-15,7.0,8.0,9.4,,,,Swamp Creek,Crystal Creek - Upper
5306121,2024-01-16,3.0,8.0,11.1,,,,Swamp Creek,Crystal Creek - Upper
5306121,2024-03-17,12.0,8.0,9.4,,,,Swamp Creek,Crystal Creek - Upper
5306122,2020-07-18,15.0,7.5,8.2,,,,Swamp Creek,No Name Creek
5306122,2020-08-13,18.0,7.5,7.4,,,,Swamp Creek,No Name Creek
5306122,2020-09-16,16.0,8.0,8.0,,,,Swamp Creek,No Name Creek
5306122,2020-10-17,14.0,8.0,8.3,,,,Swamp Creek,No Name Creek
5306122,2020-11-09,10.0,8.0,9.1,,,,Swamp Creek,No Name Creek
5306122,2020-12-22,9.0,7.0,9.6,,,,Swamp Creek,No Name Creek
5306122,2021-01-13,10.5,7.0,9.1,,,,Swamp Creek,No Name Creek
5306122,2021-02-12,8.0,7.5,10.3,,,,Swamp Creek,No Name Creek
5306122,2021-03-13,9.0,8.0,10.5,,,,Swamp Creek,No Name Creek
5306122,2021-05-20,13.0,8.0,8.8,,,,Swamp Creek,No Name Creek
5306122,2021-06-13,16.0,7.5,8.2,,,,Swamp Creek,No Name Creek
5306122,2021-08-14,18.0,8.0,9.2,,,,Swamp Creek,No Name Creek
5306122,2021-09-19,14.0,7.0,8.6,,,,Swamp Creek,No Name Creek
5306122,2021-10-06,11.5,8.0,8.4,,,,Swamp Creek,No Name Creek
5306122,2021-11-14,13.0,7.5,8.4,,,,Swamp Creek,No Name Creek
5306122,2021-12-16,9.0,8.0,9.7,,,,Swamp Creek,No Name Creek
5306122,2022-01-21,10.0,8.0,9.6,,,,Swamp Creek,No Name Creek
5306122,2022-02-12,10.0,7.0,9.7,,,,Swamp Creek,No Name Creek
5306122,2022-03-25,12.0,8.0,9.3,,,,Swamp Creek,No Name Creek
5306122,2022-04-15,12.0,8.0,11.0,,,,Swamp Creek,No Name Creek
5306122,2022-05-16,15.0,8.0,8.5,,,,Swamp Creek,No Name Creek
5306122,2022-06-17,12.0,7.5,8.2,,,,Swamp Creek,No Name Creek
5306122,2022-07-13,15.5,8.0,7.6,,,,Swamp Creek,No Name Creek
5306122,2022-08-19,17.0,7.5,7.1,,,,Swamp Creek,No Name Creek
5306122,2022-09-18,14.0,8.0,8.6,,,,Swamp Creek,No Name Creek
5306122,2022-10-22,12.0,8.0,8.6,,,,Swamp Creek,No Name Creek
5306122,2022-11-20,8.0,8.0,9.5,,,,Swamp Creek,No Name Creek
5306122,2022-12-17,12.0,8.0,9.6,,,,Swamp Creek,No Name Creek
5306122,2023-01-15,10.0,8.0,8.8,,,,Swamp Creek,No Name Creek
5306122,2023-03-18,8.0,8.0,10.2,,,,Swamp Creek,No Name Creek
5306122,2023-04-16,10.0,7.0,10.3,,,,Swamp Creek,No Name Creek
5306122,2023-05-14,14.0,8.0,8.1,,,,Swamp Creek,No Name Creek
5306122,2023-06-24,13.0,8.0,9.6,,,,Swamp Creek,No Name Creek
5306122,2023-07-20,18.0,8.0,8.4,,,,Swamp Creek,No Name Creek
5306122,2023-09-16,17.0,8.5,7.6,,,,Swamp Creek,No Name Creek
5306122,2023-10-14,14.0,8.0,8.4,,,,Swamp Creek,No Name Creek
5306122,2023-11-02,9.0,7.5,10.0,,,,Swamp Creek,No Name Creek
5306122,2023-11-08,16.0,8.0,8.0,,,,Swamp Creek,No Name Creek
5306122,2023-11-18,10.0,8.0,19.4,,,,Swamp Creek,No Name Creek
5306122,2023-12-15,10.0,7.5,9.1,,,,Swamp Creek,No Name Creek
5306122,2024-01-16,5.0,8.0,11.2,,,,Swamp Creek,No Name Creek
5306122,2024-03-17,13.0,7.5,10.0,,,,Swamp Creek,No Name Creek
5306123,2020-07-16,23.0,8.5,8.2,,,,Swamp Creek,Crystal Creek -Lower
5306123,2020-08-12,21.0,8.0,7.6,,,,Swamp Creek,Crystal Creek -Lower
5306123,2020-09-16,19.0,8.0,5.4,,,,Swamp Creek,Crystal Creek -Lower
5306123,2020-10-17,14.5,8.0,7.5,,,,Swamp Creek,Crystal Creek -Lower
5306123,2020-11-09,8.0,8.0,8.3,,,,Swamp Creek,Crystal Creek -Lower
5306123,2020-12-22,7.0,8.0,9.6,,,,Swamp Creek,Crystal Creek -Lower
5306123,2021-01-13,9.0,7.5,9.7,,,,Swamp Creek,Crystal Creek -Lower
5306123,2021-02-12,6.0,8.0,11.3,,,,Swamp Creek,Crystal Creek -Lower
5306123,2021-03-13,8.0,8.0,11.7,,,,Swamp Creek,Crystal Creek -Lower
5306123,2021-05-20,12.0,8.0,9.1,,,,Swamp Creek,Crystal Creek -Lower
5306123,2021-06-13,19.5,8.5,9.8,,,,Swamp Creek,Crystal Creek -Lower
5306123,2021-08-14,24.5,8.5,8.75,,,,Swamp Creek,Crystal Creek -Lower
5306123,2021-09-19,15.0,7.0,6.2,,,,Swamp Creek,Crystal Creek -Lower
5306123,2021-10-16,13.0,7.5,8.6,,,,Swamp Creek,Crystal Creek -Lower
5306123,2021-11-14,10.0,7.5,7.8,,,,Swamp Creek,Crystal Creek -Lower
5306123,2021-12-16,6.0,8.0,8.7,,,,Swamp Creek,Crystal Creek -Lower
5306123,2022-01-21,8.5,8.0,10.2,,,,Swamp Creek,Crystal Creek -Lower
5306123,2022-02-12,8.0,8.0,11.2,,,,Swamp Creek,Crystal Creek -Lower
5306123,2022-03-25,11.0,9.0,15.9,,,,Swamp Creek,Crystal Creek -Lower
5306123,2022-04-15,10.0,8.5,14.1,,,,Swamp Creek,Crystal Creek -Lower
5306123,2022-05-16,16.0,8.0,9.9,,,,Swamp Creek,Crystal Creek -Lower
5306123,2022-07-13,22.0,8.5,8.4,,,,Swamp Creek,Crystal Creek -Lower
5306123,2022-08-19,19.0,9.0,8.9,,,,Swamp Creek,Crystal Creek -Lower
5306123,2022-09-18,17.0,8.0,6.1,,,,Swamp Creek,Crystal Creek -Lower
5306123,2022-10-22,13.0,8.0,7.7,,,,Swamp Creek,Crystal Creek -Lower
5306123,2022-11-20,5.0,8.0,8.7,,,,Swamp Creek,Crystal Creek -Lower
5306123,2022-12-17,5.0,8.0,9.3,,,,Swamp Creek,Crystal Creek -Lower
5306123,2023-01-15,8.0,7.5,9.5,,,,Swamp Creek,Crystal Creek -Lower
5306123,2023-03-18,11.0,8.0,10.6,,,,Swamp Creek,Crystal Creek -Lower
5306123,2023-04-16,10.0,8.0,11.8,,,,Swamp Creek,Crystal Creek -Lower
5306123,2023-05-14,20.0,8.5,8.4,,,,Swamp Creek,Crystal Creek -Lower
5306123,2023-06-24,19.0,8.5,9.0,,,,Swamp Creek,Crystal Creek -Lower
5306123,2023-07-20,24.0,9.0,8.2,,,,Swamp Creek,Crystal Creek -Lower
5306123,2023-09-16,12.5,8.0,8.2,,,,Swamp Creek,Crystal Creek -Lower
5306123,2023-10-14,15.0,8.0,8.6,,,,Swamp Creek,Crystal Creek -Lower
5306123,2023-11-02,8.0,8.0,10.4,,,,Swamp Creek,Crystal Creek -Lower
5306123,2023-11-08,22.0,8.5,8.0,,,,Swamp Creek,Crystal Creek -Lower
5306123,2023-11-18,6.0,8.0,8.6,,,,Swamp Creek,Crystal Creek -Lower
5306123,2023-12-15,7.0,7.5,8.9,,,,Swamp Creek,Crystal Creek -Lower
5306123,2024-03-17,14.0,9.0,13.7,,,,Swamp Creek,Crystal Creek -Lower
