site,month_sin,month_cos,history_count,bacteria_age_days,last_log_ecoli,mean_last3_log_ecoli,median_history_log_ecoli,last_air_temp,last_water_temp,trend_log_ecoli,chem_water_temperature,chem_ph_standard_units,chem_Average_dissolved_oxygen_dis,chem_conductivity,chem_Nitrate,chem_Phosphate,chem_age_days,date,issue_date,actual_ecoli,waterbody
241118180336,1.0,6.123233995736766e-17,2,28,0.0,2.1073214751220672,2.1073214751220672,6.0,5.4,-4.2146429502441345,7.7,8.1,11.39,263.6,1.1,0.0,28.0,2025-03-01,2025-02-22,100.0,McKinnon Creek
241118180336,0.8660254037844387,-0.49999999999999983,3,35,4.61512051684126,2.943254489028465,4.2146429502441345,11.3,8.5,4.61512051684126,8.53,7.9,11.12,265.7,1.0,0.23,35.0,2025-04-05,2025-03-29,0.0,McKinnon Creek
241118180336,0.49999999999999994,-0.8660254037844387,4,28,0.0,1.5383735056137533,2.1073214751220672,14.6,10.2,-4.61512051684126,10.1,7.84,10.94,266.9,1.3,0.42,28.0,2025-05-03,2025-04-26,0.0,McKinnon Creek
241118180336,1.2246467991473532e-16,-1.0,5,35,0.0,1.5383735056137533,0.0,10.3,,0.0,10.3,7.9,10.86,273.8,1.5,0.19,35.0,2025-06-07,2025-05-31,200.0,McKinnon Creek
241118180336,0.49999999999999994,0.8660254037844387,7,88,0.0,1.7677683026863587,0.0,16.1,11.3,-5.303304908059076,11.3,8.12,10.42,286.6,1.7,0.16,91.0,2026-01-03,2025-12-27,0.0,McKinnon Creek
241118180336,0.49999999999999994,0.8660254037844387,8,28,0.0,1.7677683026863587,0.0,9.9,9.0,0.0,9.0,7.76,11.18,223.5,0.3,0.26,28.0,2026-01-31,2026-01-24,233.33,McKinnon Creek
241118180336,1.0,6.123233995736766e-17,9,35,5.456730378290316,1.818910126096772,0.0,10.5,9.5,5.456730378290316,9.5,7.81,11.09,254.5,1.8,0.31,35.0,2026-03-07,2026-02-28,0.0,McKinnon Creek
241118181240,1.0,6.123233995736766e-17,2,28,0.0,0.0,0.0,6.6,7.1,0.0,7.1,8.2,11.74,169.7,1.0,0.0,28.0,2025-03-01,2025-02-22,166.67,Barnes
241118181240,0.8660254037844387,-0.49999999999999983,3,35,5.121997761949716,1.7073325873165721,0.0,13.1,9.1,5.121997761949716,9.13,8.06,11.14,265.3,0.96,0.36,35.0,2025-04-05,2025-03-29,0.0,Barnes
241118181240,0.49999999999999994,-0.8660254037844387,4,28,0.0,1.7073325873165721,0.0,12.7,10.3,-5.121997761949716,10.2,8.0,11.19,263.3,1.5,0.17,28.0,2025-05-03,2025-04-26,0.0,Barnes
241118181240,1.2246467991473532e-16,-1.0,5,35,0.0,1.7073325873165721,0.0,10.3,,0.0,10.3,8.1,11.13,177.5,1.2,0.145,35.0,2025-06-07,2025-05-31,100.0,Barnes
241118181240,0.49999999999999994,0.8660254037844387,7,88,0.0,1.5383735056137533,0.0,18.7,11.7,-4.61512051684126,11.7,8.2,10.46,284.8,1.6,0.14,92.0,2026-01-03,2025-12-27,33.33,Barnes
241118181240,0.49999999999999994,0.8660254037844387,8,28,3.5360196074696004,2.71704670810362,0.0,10.1,9.0,3.5360196074696004,9.0,8.26,11.47,222.2,0.5,0.23,28.0,2026-01-31,2026-01-24,400.0,Barnes
241118181240,1.0,6.123233995736766e-17,9,35,5.993961427306569,3.17666034492539,0.0,11.5,9.5,2.457941819836969,9.5,7.99,11.39,254.1,2.1,0.4,35.0,2026-03-07,2026-02-28,0.0,Barnes
241118181609,1.0,6.123233995736766e-17,2,28,4.61512051684126,4.07557006215543,4.07557006215543,6.0,5.4,1.0791009093716593,5.4,7.7,12.08,212.7,0.7,0.0,28.0,2025-03-01,2025-02-22,0.0,Lower Ballinger
241118181609,0.8660254037844387,-0.49999999999999983,3,35,0.0,2.71704670810362,3.5360196074696004,11.0,7.7,-4.61512051684126,7.7,7.61,11.35,229.8,0.96,0.23,35.0,2025-04-05,2025-03-29,166.67,Lower Ballinger
241118181609,0.49999999999999994,-0.8660254037844387,4,28,5.121997761949716,3.2457060929303254,4.07557006215543,14.6,9.2,5.121997761949716,9.2,7.62,11.46,230.8,2.4,0.22,28.0,2025-05-03,2025-04-26,0.0,Lower Ballinger
241118181609,1.2246467991473532e-16,-1.0,5,35,0.0,1.7073325873165721,3.5360196074696004,10.9,,-5.121997761949716,10.9,7.6,10.61,223.0,1.6,0.127,35.0,2025-06-07,2025-05-31,500.0,Lower Ballinger
241118181609,-0.4999999999999998,-0.8660254037844388,6,35,6.2166061010848646,3.779534621011527,4.07557006215543,16.8,13.8,6.2166061010848646,13.8,7.2,9.73,226.9,1.0,0.44,35.0,2025-07-12,2025-07-05,1666.67,Lower Ballinger
241118181609,-0.8660254037844384,-0.5000000000000004,7,21,7.419182721618817,4.545262940901227,4.61512051684126,20.4,16.3,1.2025766205339528,16.3,7.7,9.34,227.1,1.3,0.243,21.0,2025-08-02,2025-07-26,400.0,Lower Ballinger
241118181609,-1.0,-1.8369701987210297e-16,8,42,5.993961427306569,6.54325008333675,4.868559139395488,17.4,16.1,-1.425221294312248,16.1,7.8,9.45,228.0,0.9,0.505,42.0,2025-09-13,2025-09-06,333.33,Lower Ballinger
241118181609,-0.8660254037844386,0.5000000000000001,9,24,5.812128529154394,6.408424226026593,5.121997761949716,18.7,15.7,-0.18183289815217574,15.7,6.73,9.34,237.8,0.9,0.11,24.0,2025-10-07,2025-09-30,0.0,Lower Ballinger
241118181609,0.49999999999999994,0.8660254037844387,10,88,0.0,3.9353633188203205,4.868559139395488,16.1,11.6,-5.812128529154394,11.55,7.85,10.16,237.2,1.1,0.13,92.0,2026-01-03,2025-12-27,266.67,Lower Ballinger
241118181609,0.49999999999999994,0.8660254037844387,11,28,5.5897548785012345,3.800627802551876,5.121997761949716,10.5,7.7,5.5897548785012345,7.7,6.76,11.54,90.9,0.9,0.39,28.0,2026-01-31,2026-01-24,666.67,Lower Ballinger
241118181609,1.0,6.123233995736766e-17,12,35,6.503794039496479,4.0311829726659045,5.355876320225475,10.6,8.3,0.9140391609952445,8.3,7.37,11.63,205.9,0.7,0.32,35.0,2026-03-07,2026-02-28,133.33,Lower Ballinger
241118181741,1.0,6.123233995736766e-17,2,28,4.2146429502441345,2.1073214751220672,2.1073214751220672,9.7,5.6,4.2146429502441345,5.6,7.2,10.29,227.3,1.0,0.0,28.0,2025-03-01,2025-02-22,66.67,West Fork
241118181741,0.8660254037844387,-0.49999999999999983,3,35,4.2146429502441345,2.809761966829423,4.2146429502441345,11.2,8.2,0.0,8.2,7.06,9.68,243.3,0.9,0.13,35.0,2025-04-05,2025-03-29,366.67,West Fork
241118181741,0.49999999999999994,-0.8660254037844387,4,28,5.907185796727432,4.7788238990719,4.2146429502441345,14.8,9.0,1.6925428464832972,9.0,6.83,9.91,248.4,1.0,0.3,28.0,2025-05-03,2025-04-26,100.0,West Fork
241118181741,1.2246467991473532e-16,-1.0,5,35,4.61512051684126,4.912316421270941,4.2146429502441345,11.2,,-1.292065279886172,11.2,7.0,8.51,234.8,1.3,0.21,35.0,2025-06-07,2025-05-31,300.0,West Fork
241118181741,-0.8660254037844386,0.5000000000000001,6,118,5.707110264748875,5.409805526105856,4.414881733542697,17.5,13.9,1.0919897479076157,13.9,7.12,8.34,245.1,1.1,1.0,118.0,2025-10-03,2025-09-26,200.0,West Fork
241118181741,0.49999999999999994,0.8660254037844387,7,92,5.303304908059076,5.208511896549737,4.61512051684126,16.5,11.9,-0.40380535668979967,11.9,7.63,8.88,252.6,1.1,0.15,92.0,2026-01-03,2025-12-27,266.67,West Fork
241118181741,0.49999999999999994,0.8660254037844387,8,28,5.5897548785012345,5.533390017103062,4.959212712450167,13.2,7.6,0.2864499704421588,7.6,6.13,10.43,80.9,0.6,0.22,28.0,2026-01-31,2026-01-24,133.33,West Fork
241118181741,1.0,6.123233995736766e-17,9,35,4.900299459074922,5.264453081878411,4.900299459074922,15.1,8.3,-0.6894554194263129,8.3,6.5,9.58,210.0,0.8,0.25,35.0,2026-03-07,2026-02-28,33.33,West Fork
241118181852,1.0,6.123233995736766e-17,2,28,0.0,0.0,0.0,4.6,6.3,0.0,6.3,7.4,11.0,204.6,0.7,0.0,28.0,2025-03-01,2025-02-22,0.0,Brugger's Bog
241118181852,0.8660254037844387,-0.49999999999999983,3,35,0.0,0.0,0.0,9.7,8.4,0.0,8.43,7.36,10.56,204.63,0.83,0.16,35.0,2025-04-05,2025-03-29,0.0,Brugger's Bog
241118181852,0.49999999999999994,-0.8660254037844387,4,28,0.0,0.0,0.0,12.1,9.7,0.0,9.7,7.27,10.55,206.0,1.0,0.19,28.0,2025-05-03,2025-04-26,33.33,Brugger's Bog
241118181852,1.2246467991473532e-16,-1.0,5,35,3.5360196074696004,1.1786732024898667,0.0,11.4,,3.5360196074696004,11.2,7.3,9.15,138.5,1.2,0.197,35.0,2025-06-07,2025-05-31,100.0,Brugger's Bog
241118182046,1.0,6.123233995736766e-17,2,28,0.0,0.0,0.0,5.6,6.5,0.0,6.5,8.0,11.85,217.4,2.0,1.0,28.0,2025-03-02,2025-02-23,133.33,Perkins Way
241118182046,0.8660254037844387,-0.49999999999999983,3,35,4.900299459074922,1.633433153024974,0.0,10.1,8.8,4.900299459074922,8.8,7.8,11.23,218.9,1.1,0.4,35.0,2025-04-06,2025-03-30,33.33,Perkins Way
241118182046,0.49999999999999994,-0.8660254037844387,4,28,3.5360196074696004,2.8121063555148407,1.7680098037348002,12.8,10.5,-1.3642798516053212,10.5,7.8,10.9,223.95,1.5,0.15,28.0,2025-05-04,2025-04-27,333.33,Perkins Way
241118182150,1.0,6.123233995736766e-17,2,28,4.900299459074922,4.900299459074922,4.900299459074922,5.2,7.5,0.0,7.5,8.1,11.61,262.9,1.6,1.1,28.0,2025-03-02,2025-02-23,0.0,Spring Creek
241118182150,0.8660254037844387,-0.49999999999999983,3,35,0.0,3.266866306049948,4.900299459074922,10.0,9.5,-4.900299459074922,9.5,8.0,11.1,269.6,1.2,0.35,35.0,2025-04-06,2025-03-30,666.67,Spring Creek
241118182150,0.49999999999999994,-0.8660254037844387,4,28,6.503794039496479,3.8013644995238,4.900299459074922,12.4,10.9,6.503794039496479,10.9,8.0,10.83,271.5,1.6,0.113,28.0,2025-05-04,2025-04-27,633.33,Spring Creek
241118182150,1.2246467991473532e-16,-1.0,5,39,6.452569323753487,4.318787787749989,4.900299459074922,11.1,11.1,-0.051224715742992366,11.2,7.88,10.79,227.8,1.6,0.25,39.0,2025-06-12,2025-06-05,1133.33,Spring Creek
241118182150,-0.4999999999999998,-0.8660254037844388,6,30,7.033797447244876,6.663386936831614,5.676434391414205,16.0,12.3,0.581228123491389,12.3,8.03,10.48,275.4,1.3,0.27,30.0,2025-07-12,2025-07-05,2200.0,Spring Creek
241118182150,-0.8660254037844384,-0.5000000000000004,7,21,7.696667081526462,7.061011284174941,6.452569323753487,22.0,14.3,0.6628696342815861,14.3,8.0,10.02,276.1,1.5,0.37,21.0,2025-08-02,2025-07-26,300.0,Spring Creek
241118182150,-1.0,-1.8369701987210297e-16,8,42,5.707110264748875,6.812524931173404,6.079839794251181,17.8,13.7,-1.9895568167775863,13.7,8.0,9.97,271.0,1.5,0.087,42.0,2025-09-13,2025-09-06,366.67,Spring Creek
241118182150,-0.8660254037844386,0.5000000000000001,9,20,5.907185796727432,6.436987714334257,5.907185796727432,18.2,13.9,0.20007553197855632,13.9,6.7,9.72,279.5,1.3,0.24,20.0,2025-10-03,2025-09-26,100.0,Spring Creek
241118182150,0.49999999999999994,0.8660254037844387,10,93,4.61512051684126,5.409805526105855,5.807148030738153,16.5,12.8,-1.292065279886172,12.8,8.21,10.18,281.3,1.7,0.21,93.0,2026-01-04,2025-12-28,33.33,Spring Creek
241118182150,1.0,6.123233995736766e-17,11,63,3.5360196074696004,4.686108640346098,5.707110264748875,11.6,9.4,-1.0791009093716593,9.4,8.19,11.32,236.8,0.3,0.13,63.0,2026-03-08,2026-03-01,0.0,Spring Creek
241118182245,1.0,6.123233995736766e-17,2,28,3.5360196074696004,3.5360196074696004,3.5360196074696004,5.5,9.0,0.0,9.0,8.0,11.12,259.1,1.9,1.267,28.0,2025-03-02,2025-02-23,33.33,Sarah's Creek
241118182245,0.8660254037844387,-0.49999999999999983,3,35,3.5360196074696004,3.5360196074696,3.5360196074696004,10.3,10.2,0.0,10.2,7.8,10.88,264.7,1.2,0.25,35.0,2025-04-06,2025-03-30,0.0,Sarah's Creek
241118182245,0.49999999999999994,-0.8660254037844387,4,28,0.0,2.3573464049797335,3.5360196074696004,12.9,11.0,-3.5360196074696004,11.0,7.8,10.7,268.5,1.6,0.09,28.0,2025-05-04,2025-04-27,133.33,Sarah's Creek
241118182245,1.2246467991473532e-16,-1.0,5,39,4.900299459074922,2.8121063555148407,3.5360196074696004,11.1,11.1,4.900299459074922,11.1,7.79,10.82,267.1,1.6,0.14,39.0,2025-06-12,2025-06-05,0.0,Sarah's Creek
241118182245,-0.8660254037844386,0.5000000000000001,6,113,0.0,1.633433153024974,3.5360196074696004,16.0,11.9,-4.900299459074922,11.9,7.84,10.57,266.7,1.7,0.67,113.0,2025-10-03,2025-09-26,0.0,Sarah's Creek
241118182245,0.49999999999999994,0.8660254037844387,7,93,0.0,1.633433153024974,3.5360196074696004,16.5,12.4,0.0,12.4,8.05,10.25,271.4,2.1,0.28,92.0,2026-01-04,2025-12-28,0.0,Sarah's Creek
241118182245,1.0,6.123233995736766e-17,8,63,0.0,0.0,1.7680098037348002,11.6,10.3,0.0,10.16,7.64,11.09,,2.03,0.14,17.0,2026-03-08,2026-03-01,0.0,Sarah's Creek
241118182407,1.0,6.123233995736766e-17,2,28,4.61512051684126,4.61512051684126,4.61512051684126,6.2,7.7,0.0,7.7,8.0,11.48,264.0,1.6,1.167,28.0,2025-03-02,2025-02-23,33.33,Whisper Creek
241118182407,0.8660254037844387,-0.49999999999999983,3,35,3.5360196074696004,4.255420213717373,4.61512051684126,9.3,9.5,-1.0791009093716593,9.5,7.9,10.97,270.4,1.5,0.25,35.0,2025-04-06,2025-03-30,566.67,Whisper Creek
241118182407,0.49999999999999994,-0.8660254037844387,4,28,6.341540263967944,4.830893462759601,4.61512051684126,11.8,10.8,2.8055206564983433,10.8,7.9,10.76,273.9,1.5,0.163,28.0,2025-05-04,2025-04-27,333.33,Whisper Creek
241118182407,1.2246467991473532e-16,-1.0,5,39,5.812128529154394,5.229896133530645,4.61512051684126,10.8,11.0,-0.5294117348135501,11.0,7.9,10.84,269.2,0.83,0.15,39.0,2025-06-12,2025-06-05,1100.0,Whisper Creek
241118182407,-0.8660254037844386,0.5000000000000001,6,113,7.00397413672268,6.385880976615006,5.213624522997827,16.0,12.3,1.1918456075682862,12.3,7.96,10.42,277.2,1.4,0.34,112.0,2025-10-03,2025-09-26,200.0,Whisper Creek
241118182407,0.49999999999999994,0.8660254037844387,7,93,5.303304908059076,6.039802524645384,5.303304908059076,16.5,12.8,-1.700669228663604,12.8,8.13,10.12,283.5,1.7,0.29,93.0,2026-01-04,2025-12-28,33.33,Whisper Creek
241118182407,1.0,6.123233995736766e-17,8,63,3.5360196074696004,5.281099550750452,4.959212712450167,11.6,9.4,-1.7672853005894753,9.3,7.69,11.19,,1.57,0.16,17.0,2026-03-08,2026-03-01,33.33,Whisper Creek
241118182520,1.0,6.123233995736766e-17,2,28,4.61512051684126,4.61512051684126,4.61512051684126,6.7,7.1,0.0,7.1,7.58,10.95,258.9,1.5,1.0,28.0,2025-03-02,2025-02-23,300.0,Cedarbrook
241118182520,0.8660254037844387,-0.49999999999999983,3,35,5.707110264748875,4.979117099477132,4.61512051684126,12.4,9.3,1.0919897479076157,9.3,7.2,10.67,264.6,1.2,0.4,35.0,2025-04-06,2025-03-30,1166.67,Cedarbrook
241118182520,0.49999999999999994,-0.8660254037844387,4,28,7.062765589221278,5.794998790270472,5.161115390795068,15.9,10.6,1.3556553244724023,10.6,7.0,9.95,269.2,1.3,0.093,28.0,2025-05-04,2025-04-27,1133.33,Cedarbrook
241118182520,1.2246467991473532e-16,-1.0,5,39,7.033797447244876,6.601224433738342,5.707110264748875,12.2,10.93,-0.028968141976402073,10.9,7.12,10.46,268.1,0.87,0.13,39.0,2025-06-12,2025-06-05,5733.33,Cedarbrook
241118182520,-0.8660254037844386,0.5000000000000001,6,113,8.6542261962348,7.583596410900317,6.3704538559968755,15.4,12.8,1.6204287489899247,12.8,7.24,9.6,272.5,1.1,0.26,113.0,2025-10-03,2025-09-26,500.0,Cedarbrook
241118182520,0.49999999999999994,0.8660254037844387,7,93,6.2166061010848646,7.301543248188181,6.2166061010848646,16.5,13.5,-2.437620095149936,13.5,7.76,9.21,280.5,1.5,0.29,93.0,2026-01-04,2025-12-28,233.33,Cedarbrook
241118182520,1.0,6.123233995736766e-17,8,63,5.456730378290316,6.775854225203328,5.96185818291687,11.6,9.0,-0.7598757227945487,8.8,7.03,10.31,,0.76,0.11,17.0,2026-03-08,2026-03-01,100.0,Cedarbrook
241118182616,0.8660254037844386,0.5000000000000001,2,28,5.812128529154394,5.356213994114658,5.356213994114658,8.4,6.6,0.911829070079472,6.59,7.53,11.67,206.66,0.9,0.3,28.0,2025-02-28,2025-02-21,166.67,Big Tree
241118182616,0.8660254037844387,-0.49999999999999983,3,35,5.121997761949716,5.2781419167263435,5.121997761949716,8.4,8.9,-0.6901307672046775,8.9,7.51,11.26,214.33,1.03,0.33,35.0,2025-04-04,2025-03-28,66.67,Big Tree
241118182616,0.49999999999999994,-0.8660254037844387,4,28,4.2146429502441345,5.049589747116081,5.011148610512318,14.2,9.8,-0.9073548117055816,9.8,7.6,10.87,191.3,1.6,0.37,28.0,2025-05-02,2025-04-25,100.0,Big Tree
241118182616,1.2246467991473532e-16,-1.0,5,35,4.61512051684126,4.650587076345037,4.900299459074922,17.1,11.6,0.4004775665971252,11.7,7.63,10.34,229.83,1.96,0.25,35.0,2025-06-06,2025-05-30,133.33,Big Tree
241118182616,-0.4999999999999998,-0.8660254037844388,6,36,4.900299459074922,4.576687642053439,4.900299459074922,20.4,13.4,0.2851789422336619,13.4,7.65,9.85,232.6,1.7,0.27,36.0,2025-07-12,2025-07-05,183.33499999999998,Big Tree
241118182616,-0.8660254037844384,-0.5000000000000004,7,21,5.21675475440467,4.910724910106951,4.900299459074922,19.6,14.7,0.3164552953297486,14.7,7.5,9.47,235.5,1.9,0.583,21.0,2025-08-02,2025-07-26,300.0,Big Tree
241118182616,-1.0,-1.8369701987210297e-16,8,42,5.707110264748875,5.274721492742822,5.011148610512318,17.6,14.9,0.4903555103442052,14.9,7.8,9.72,235.0,1.4,0.207,42.0,2025-09-13,2025-09-06,266.67,Big Tree
241118182616,-0.8660254037844386,0.5000000000000001,9,20,5.5897548785012345,5.504539965884927,5.121997761949716,21.5,14.8,-0.11735538624764086,14.8,6.7,9.43,239.0,,0.25,20.0,2025-10-03,2025-09-26,600.0,Big Tree
241118182616,0.49999999999999994,0.8660254037844387,10,91,6.398594934535208,5.898486692595106,5.169376258177193,16.5,11.9,0.808840056033973,11.9,7.77,9.81,239.0,1.9,0.14,91.0,2026-01-02,2025-12-26,33.33,Big Tree
241118182616,0.49999999999999994,0.8660254037844387,11,28,3.5360196074696004,5.174789806835348,5.121997761949716,13.2,7.8,-2.862575327065607,11.9,7.77,9.81,239.0,1.9,0.14,119.0,2026-01-30,2026-01-23,1366.67,Big Tree
241118182616,1.0,6.123233995736766e-17,12,35,7.220863841012149,5.718492794338986,5.169376258177193,10.7,7.0,3.684844233542549,7.9,7.37,11.21,115.3,6.8,0.63,35.0,2026-03-06,2026-02-27,2333.33,Big Tree
241118183206,0.8660254037844387,-0.49999999999999983,2,35,4.61512051684126,5.709312887224799,5.709312887224799,8.5,8.8,-2.188384740767078,8.77,7.48,11.23,199.23,1.13,0.27,35.0,2025-04-04,2025-03-28,133.33,Sheridan Creek
241118183206,0.49999999999999994,-0.8660254037844387,3,28,4.900299459074922,5.439641744508173,4.900299459074922,11.7,9.8,0.2851789422336619,9.8,7.6,10.88,174.1,1.5,0.607,28.0,2025-05-02,2025-04-25,0.0,Sheridan Creek
241118183206,1.2246467991473532e-16,-1.0,4,35,0.0,3.1718066586387272,4.757709987958091,14.9,12.3,-4.900299459074922,12.3,7.5,10.21,217.96,1.6,0.17,35.0,2025-06-06,2025-05-30,166.67,Sheridan Creek
241118183206,-0.4999999999999998,-0.8660254037844388,5,36,5.121997761949716,3.3407657403415456,4.900299459074922,20.7,14.4,5.121997761949716,14.4,7.53,9.28,223.5,1.6,0.27,36.0,2025-07-12,2025-07-05,183.33499999999998,Sheridan Creek
241118183206,-0.8660254037844384,-0.5000000000000004,6,21,5.21675475440467,3.4462508387847954,5.011148610512318,19.9,16.6,0.09475699245495406,16.6,7.5,8.84,230.1,1.3,0.31,21.0,2025-08-02,2025-07-26,200.0,Sheridan Creek
241118183206,-1.0,-1.8369701987210297e-16,7,42,5.303304908059076,5.214019141471154,5.121997761949716,17.4,15.8,0.08655015365440555,15.8,7.6,9.17,229.5,1.0,0.203,42.0,2025-09-13,2025-09-06,366.67,Sheridan Creek
241118183206,-0.8660254037844386,0.5000000000000001,8,20,5.907185796727432,5.475748486397059,5.169376258177193,19.3,15.5,0.603880888668356,15.5,,9.25,235.0,,0.35,20.0,2025-10-03,2025-09-26,200.0,Sheridan Creek
241118183206,0.49999999999999994,0.8660254037844387,9,91,5.303304908059076,5.504598537615195,5.21675475440467,16.5,12.3,-0.603880888668356,8.9,7.51,10.36,191.7,1.1,0.16,28.0,2026-01-02,2025-12-26,66.67,Sheridan Creek
241118183308,0.8660254037844386,0.5000000000000001,2,28,0.0,3.0738814594963495,3.0738814594963495,8.3,6.2,-6.147762918992699,5.915,7.46,11.475,205.915,0.6,0.265,28.0,2025-02-28,2025-02-21,100.0,Hillside Creek
241118183308,0.8660254037844387,-0.49999999999999983,3,35,4.61512051684126,3.587627811944653,4.61512051684126,8.4,8.95,4.61512051684126,9.07,7.31,10.64,211.9,0.93,0.3,35.0,2025-04-04,2025-03-28,166.67,Hillside Creek
241118183308,0.49999999999999994,-0.8660254037844387,4,28,5.121997761949716,3.2457060929303254,4.868559139395488,11.7,9.8,0.5068772451084564,9.8,7.6,10.9,184.8,1.4,0.837,28.0,2025-05-02,2025-04-25,100.0,Hillside Creek
241118183308,1.2246467991473532e-16,-1.0,5,35,4.61512051684126,4.7840795985440785,4.61512051684126,12.4,11.2,-0.5068772451084564,11.16,7.64,10.56,233.23,1.7,0.19,35.0,2025-06-06,2025-05-30,100.0,Hillside Creek
241118183308,-0.4999999999999998,-0.8660254037844388,6,36,4.61512051684126,4.7840795985440785,4.61512051684126,15.2,12.5,0.0,12.5,7.74,10.12,235.4,1.9,0.34,36.0,2025-07-12,2025-07-05,700.0,Hillside Creek
241118183308,-0.8660254037844384,-0.5000000000000004,7,21,6.55250788703459,5.260916306905703,4.61512051684126,19.9,15.015,1.9373873701933304,15.0,7.7,9.72,234.4,1.6,0.283,21.0,2025-08-02,2025-07-26,266.67,Hillside Creek
241118183308,-1.0,-1.8369701987210297e-16,8,42,5.5897548785012345,5.585794427459028,4.868559139395488,16.6,13.8,-0.9627530085333555,13.8,7.8,9.94,236.1,1.4,0.27,42.0,2025-09-13,2025-09-06,233.33,Hillside Creek
241118183308,-0.8660254037844386,0.5000000000000001,9,20,5.456730378290316,5.866331047942047,5.121997761949716,17.7,14.1,-0.13302450021091872,14.1,6.73,9.75,238.5,,0.26,20.0,2025-10-03,2025-09-26,400.0,Hillside Creek
241118183308,0.49999999999999994,0.8660254037844387,10,91,5.993961427306569,5.680148894699374,5.2893640701200155,16.5,11.9,0.5372310490162535,9.6,7.64,10.36,208.9,1.45,0.25,28.0,2026-01-02,2025-12-26,66.67,Hillside Creek
241118183404,0.8660254037844386,0.5000000000000001,2,28,0.0,3.5454549110399918,3.5454549110399918,6.2,5.2,-7.0909098220799835,5.2,7.9,11.84,214.03,0.4,0.33,28.0,2025-02-28,2025-02-21,33.33,Brookside Creek
241118183404,0.8660254037844387,-0.49999999999999983,3,35,3.5360196074696004,3.5423098098498613,3.5360196074696004,8.95,8.0,3.5360196074696004,7.73,7.83,11.51,214.4,1.1,0.43,35.0,2025-04-04,2025-03-28,66.67,Brookside Creek
241118183404,0.49999999999999994,-0.8660254037844387,4,28,4.2146429502441345,2.5835541859045783,3.8753312788568675,12.4,8.7,0.6786233427745341,8.7,7.9,11.35,221.3,1.8,0.34,28.0,2025-05-02,2025-04-25,0.0,Brookside Creek
241118183404,1.2246467991473532e-16,-1.0,5,35,0.0,2.5835541859045783,3.5360196074696004,13.9,11.8,-4.2146429502441345,11.8,7.91,10.33,233.2,1.76,0.22,34.0,2025-06-06,2025-05-30,33.33,Brookside Creek
241118183404,-0.4999999999999998,-0.8660254037844388,6,36,3.5360196074696004,2.5835541859045783,3.5360196074696004,17.9,13.8,3.5360196074696004,13.8,7.98,10.14,236.8,1.77,0.34,36.0,2025-07-12,2025-07-05,66.67,Brookside Creek
241118183404,-0.4999999999999998,-0.8660254037844388,7,10,4.2146429502441345,2.5835541859045783,3.5360196074696004,20.0,15.9,0.6786233427745341,15.9,8.0,9.77,240.3,2.3,0.273,10.0,2025-07-22,2025-07-15,100.0,Brookside Creek
241118183404,-0.8660254037844384,-0.5000000000000004,8,11,4.61512051684126,4.121927691518331,3.8753312788568675,20.0,16.5,0.4004775665971252,15.9,8.0,9.77,240.3,2.3,0.273,21.0,2025-08-02,2025-07-26,233.33,Brookside Creek
241118183404,-1.0,-1.8369701987210297e-16,9,42,5.456730378290316,4.762164615125236,4.2146429502441345,19.4,15.7,0.8416098614490561,15.7,7.9,9.76,238.0,1.3,0.243,42.0,2025-09-13,2025-09-06,300.0,Brookside Creek
241118183404,-0.8660254037844386,0.5000000000000001,10,20,5.707110264748875,5.25965371996015,4.2146429502441345,16.0,14.75,0.2503798864585596,14.75,6.74,9.74,240.5,,0.3,20.0,2025-10-03,2025-09-26,200.0,Brookside Creek
241118183404,0.49999999999999994,0.8660254037844387,11,91,5.303304908059076,5.489048517032756,4.2146429502441345,16.5,12.2,-0.40380535668979967,8.8,8.05,10.85,206.867,1.4,0.21,28.0,2026-01-02,2025-12-26,0.0,Brookside Creek
241118183501,0.8660254037844386,0.5000000000000001,2,28,0.0,3.036902306915101,3.036902306915101,11.8,5.4,-6.073804613830202,5.4,7.38,11.69,235.03,0.0,0.1,28.0,2025-02-28,2025-02-21,66.67,Grace Cole
241118183501,0.8660254037844387,-0.49999999999999983,3,35,4.2146429502441345,3.429482521358112,4.2146429502441345,11.8,8.7,4.2146429502441345,8.6,7.31,10.45,236.4,0.73,0.07,35.0,2025-04-04,2025-03-28,0.0,Grace Cole
241118183501,0.49999999999999994,-0.8660254037844387,4,28,0.0,1.4048809834147116,2.1073214751220672,13.5,10.1,-4.2146429502441345,10.1,7.4,10.96,249.7,1.5,0.443,28.0,2025-05-02,2025-04-25,100.0,Grace Cole
241118183501,1.2246467991473532e-16,-1.0,5,35,4.61512051684126,2.943254489028465,4.2146429502441345,12.8,12.1,4.61512051684126,12.1,7.35,9.64,256.8,0.83,0.42,35.0,2025-06-06,2025-05-30,33.33,Grace Cole
241118183501,-0.8660254037844386,0.5000000000000001,6,119,3.5360196074696004,2.71704670810362,3.8753312788568675,15.8,14.7,-1.0791009093716593,14.7,7.29,8.59,253.6,1.2,0.22,119.0,2025-10-03,2025-09-26,100.0,Grace Cole
241118183501,0.49999999999999994,0.8660254037844387,7,91,4.61512051684126,4.255420213717373,4.2146429502441345,16.5,12.6,1.0791009093716593,8.63,7.4167,9.76,227.867,2.0,0.19,28.0,2026-01-02,2025-12-26,0.0,Grace Cole
241118183629,0.8660254037844386,0.5000000000000001,2,28,4.61512051684126,5.035925447565788,5.035925447565788,11.8,6.7,-0.8416098614490561,6.7,7.36,10.91,223.4,0.3,0.17,28.0,2025-02-28,2025-02-21,0.0,Meadow Creek
241118183629,0.8660254037844387,-0.49999999999999983,3,35,0.0,3.357283631710525,4.61512051684126,11.8,8.8,-4.61512051684126,8.8,7.22,10.34,242.9,0.8,0.3,35.0,2025-04-04,2025-03-28,33.33,Meadow Creek
241118183629,0.49999999999999994,-0.8660254037844387,4,28,3.5360196074696004,2.71704670810362,4.07557006215543,16.5,9.6,3.5360196074696004,9.7,7.3,10.07,246.4,1.2,0.96,28.0,2025-05-02,2025-04-25,0.0,Meadow Creek
241118183629,1.2246467991473532e-16,-1.0,5,35,0.0,1.1786732024898667,3.5360196074696004,15.5,10.5,-3.5360196074696004,10.5,7.52,10.31,268.3,0.87,0.12,35.0,2025-06-06,2025-05-30,166.67,Meadow Creek
241118183629,-0.8660254037844386,0.5000000000000001,6,119,5.121997761949716,2.8860057898064384,4.07557006215543,18.0,12.0,5.121997761949716,11.8,6.95,8.55,261.5,1.6,0.26,119.0,2025-10-03,2025-09-26,100.0,Meadow Creek
241118183629,0.49999999999999994,0.8660254037844387,7,91,4.61512051684126,3.2457060929303254,4.61512051684126,16.5,12.1,-0.5068772451084564,12.1,7.33,8.15,263.5,1.6,0.17,91.0,2026-01-02,2025-12-26,33.33,Meadow Creek
241118183629,0.49999999999999994,0.8660254037844387,8,28,3.5360196074696004,4.424379295420192,4.07557006215543,13.2,7.8,-1.0791009093716593,12.1,7.33,8.15,263.5,1.6,0.17,119.0,2026-01-30,2026-01-23,1300.0,Meadow Creek
241118183629,1.0,6.123233995736766e-17,9,35,7.170888478512505,5.107342867607788,4.61512051684126,13.8,8.1,3.6348688710429045,8.1,6.21,10.05,206.0,2.1,0.28,35.0,2026-03-06,2026-02-27,133.33,Meadow Creek
251204215153,1.0,6.123233995736766e-17,2,35,6.874891120062954,5.205455363766277,5.205455363766277,10.4,8.2,3.3388715125933537,8.2,7.62,11.53,110.9,8.9,0.96,35.0,2026-03-06,2026-02-27,2033.33,Andersen Site
251204215814,1.0,6.123233995736766e-17,2,35,7.584605380625016,5.560312494047308,5.560312494047308,10.1,8.1,4.048585773155415,8.1,7.0,11.63,56.7,3.4,0.53,35.0,2026-03-06,2026-02-27,233.33,W Hillside
251204220155,1.0,6.123233995736766e-17,2,35,5.907185796727432,5.060914373485783,5.060914373485783,9.0,8.2,1.6925428464832972,8.2,7.48,11.57,165.8,6.4,1.01,35.0,2026-03-06,2026-02-27,1333.33,S Meadow
5303301,-0.5000000000000004,0.8660254037844384,2,33,6.073812288379989,5.831777356891587,5.831777356891587,13.5,12.0,0.48406986297680454,12.0,8.0,9.2,,,,33.0,2015-11-09,2015-11-02,366.6666667,Little Bear Creek
5303301,0.49999999999999994,0.8660254037844387,3,58,5.9071767306760545,5.856910481486409,5.9071767306760545,9.0,9.5,-0.1666355577039349,8.0,7.0,10.0,,,,29.0,2016-01-06,2015-12-30,0.0,Little Bear Creek
5303301,0.8660254037844386,0.5000000000000001,4,29,0.0,3.993663006352014,5.74845957803962,6.5,4.0,-5.9071767306760545,4.0,7.0,10.8,,,,29.0,2016-02-04,2016-01-28,33.33333333,Little Bear Creek
5303301,1.0,6.123233995736766e-17,5,32,3.5361166994644386,3.1477644767134976,5.589742425403185,7.5,7.5,3.5361166994644386,7.5,7.0,10.1,,,,32.0,2016-03-07,2016-02-29,300.0,Little Bear Creek
5303301,0.8660254037844387,-0.49999999999999983,6,30,5.707110264748875,3.0810756547377713,5.648426345076031,8.0,10.0,2.1709935652844368,10.0,7.0,10.0,,,,30.0,2016-04-06,2016-03-30,33.33333333,Little Bear Creek
5303301,0.49999999999999994,-0.8660254037844387,7,39,3.5361166994644386,4.259781221225917,5.589742425403185,18.5,12.5,-2.1709935652844368,12.5,7.0,9.3,,,,39.0,2016-05-15,2016-05-08,33.33333333,Little Bear Creek
5303301,1.2246467991473532e-16,-1.0,8,22,3.5361166994644386,4.259781221225917,4.562929562433812,14.0,12.0,0.0,12.0,7.5,9.2,,,,27.0,2016-06-06,2016-05-30,166.6666667,Little Bear Creek
5303301,-0.4999999999999998,-0.8660254037844388,9,30,5.121977881630436,4.0647370935197715,5.121977881630436,25.0,19.0,1.5858611821659978,19.0,8.0,7.6,,,,30.0,2016-07-06,2016-06-29,100.0,Little Bear Creek
5303301,-0.8660254037844384,-0.5000000000000004,10,32,4.61512051684126,4.424405032645378,4.868549199235848,20.0,13.0,-0.5068573647891768,13.5,8.0,8.9,,,,32.0,2016-08-07,2016-07-31,300.0,Little Bear Creek
5303301,-0.8660254037844384,-0.5000000000000004,11,13,5.707110264748875,5.148069554406857,5.121977881630436,17.5,15.0,1.0919897479076157,14.0,7.5,8.9,,,,13.0,2016-08-20,2016-08-13,33.33333333,Little Bear Creek
5303301,-1.0,-1.8369701987210297e-16,12,14,3.5361166994644386,4.619449160351524,4.868549199235848,26.0,17.0,-2.1709935652844368,17.0,7.5,7.9,,,,14.0,2016-09-03,2016-08-27,1033.333333,Little Bear Creek
5303301,-0.8660254037844386,0.5000000000000001,13,29,6.941512375458002,5.394913113223772,5.121977881630436,15.5,15.0,3.4053956759935633,15.0,7.5,8.1,,,,29.0,2016-10-02,2016-09-25,33.33333333,Little Bear Creek
5303301,-0.8660254037844386,0.5000000000000001,14,21,3.5361166994644386,4.671248591462293,4.868549199235848,16.0,12.0,-3.4053956759935633,12.0,7.5,9.4,,,,21.0,2016-10-23,2016-10-16,33.33333333,Little Bear Creek
5303301,-0.5000000000000004,0.8660254037844384,15,15,3.5361166994644386,4.671248591462293,4.61512051684126,13.0,11.5,0.0,12.0,7.5,9.4,,,,36.0,2016-11-07,2016-10-31,33.33333333,Little Bear Creek
5303301,-2.4492935982947064e-16,1.0,16,29,3.5361166994644386,3.5361166994644386,4.075618608152849,16.0,12.0,0.0,12.0,7.5,9.5,,,,29.0,2016-12-06,2016-11-29,0.0,Little Bear Creek
5303301,-2.4492935982947064e-16,1.0,16,33,3.5361166994644386,3.5361166994644386,4.075618608152849,16.0,12.0,0.0,12.0,7.5,9.5,,,,33.0,2016-12-10,2016-12-03,400.0,Little Bear Creek
5303301,0.49999999999999994,0.8660254037844387,18,23,5.993961427306569,3.176692708923669,4.075618608152849,9.0,8.0,5.993961427306569,5.5,7.0,11.0,,,,27.0,2017-01-02,2016-12-26,33.33333333,Little Bear Creek
5303301,0.8660254037844386,0.5000000000000001,19,36,3.5361166994644386,3.176692708923669,3.5361166994644386,2.5,4.0,-2.4578447278421307,4.0,10.0,11.5,,,,36.0,2017-02-07,2017-01-31,0.0,Little Bear Creek
5303301,1.0,6.123233995736766e-17,20,28,0.0,3.176692708923669,3.5361166994644386,4.0,4.0,-3.5361166994644386,4.0,7.0,11.2,,,,28.0,2017-03-07,2017-02-28,66.66666667,Little Bear Creek
5303301,0.8660254037844387,-0.49999999999999983,21,28,4.214593690422939,2.583570129962459,3.5361166994644386,5.0,6.0,4.214593690422939,6.0,7.0,10.9,,,,28.0,2017-04-04,2017-03-28,0.0,Little Bear Creek
5303301,0.49999999999999994,-0.8660254037844387,22,28,0.0,1.404864563474313,3.5361166994644386,16.5,9.0,-4.214593690422939,9.0,7.5,10.0,,,,28.0,2017-05-02,2017-04-25,0.0,Little Bear Creek
5303301,1.2246467991473532e-16,-1.0,23,36,0.0,1.404864563474313,3.5361166994644386,16.0,11.0,0.0,11.0,7.0,9.9,,,,36.0,2017-06-07,2017-05-31,133.3333333,Little Bear Creek
5303301,-0.4999999999999998,-0.8660254037844388,24,28,4.900324273030434,1.633441424343478,3.5361166994644386,24.5,17.0,4.900324273030434,17.0,7.0,9.0,,,,28.0,2017-07-05,2017-06-28,266.6666667,Little Bear Creek
5303301,-0.8660254037844384,-0.5000000000000004,25,33,5.589742425403185,3.496688899477873,3.5361166994644386,25.0,17.0,0.6894181523727507,17.0,8.0,8.6,,,,33.0,2017-08-07,2017-07-31,300.0,Little Bear Creek
5303301,-1.0,-1.8369701987210297e-16,26,29,5.707110264748875,5.399058987727497,3.8753551949436886,28.5,18.5,0.1173678393456905,18.5,7.0,8.4,,,,29.0,2017-09-05,2017-08-29,133.3333333,Little Bear Creek
5303301,-1.0,-1.8369701987210297e-16,27,15,4.900324273030434,5.399058987727499,4.214593690422939,28.0,16.5,-0.8067859917184412,16.5,8.0,8.7,,,,15.0,2017-09-20,2017-09-13,900.0,Little Bear Creek
5303301,-0.8660254037844386,0.5000000000000001,28,15,6.803505257608338,5.803646598462549,4.4148571036321,13.0,12.0,1.9031809845779035,12.0,8.0,9.4,,,,15.0,2017-10-05,2017-09-28,33.33333333,Little Bear Creek
5303301,-0.5000000000000004,0.8660254037844384,29,32,3.5361166994644386,5.07998207670107,4.214593690422939,20.0,11.0,-3.267388558143899,11.0,7.0,9.9,,,,32.0,2017-11-06,2017-10-30,366.6666667,Little Bear Creek
5303301,-2.4492935982947064e-16,1.0,30,29,5.9071767306760545,5.415599562582943,4.4148571036321,7.0,7.0,2.371060031211616,7.0,7.0,12.9,,,,29.0,2017-12-05,2017-11-28,0.0,Little Bear Creek
5303301,0.49999999999999994,0.8660254037844387,31,28,0.0,3.1477644767134976,4.214593690422939,5.5,5.0,-5.9071767306760545,5.0,7.5,11.7,,,,28.0,2018-01-02,2017-12-26,0.0,Little Bear Creek
5303301,0.8660254037844386,0.5000000000000001,32,35,0.0,1.9690589102253515,3.8753551949436886,6.0,4.0,0.0,4.0,7.0,11.9,,,,35.0,2018-02-06,2018-01-30,33.33333333,Little Bear Creek
5303301,1.0,6.123233995736766e-17,33,28,3.5361166994644386,1.1787055664881463,3.5361166994644386,9.0,9.0,3.5361166994644386,9.0,7.0,10.3,,,,28.0,2018-03-06,2018-02-27,0.0,Little Bear Creek
5303301,0.8660254037844387,-0.49999999999999983,34,28,0.0,1.1787055664881463,3.5361166994644386,12.0,7.0,-3.5361166994644386,7.0,7.0,10.0,,,,28.0,2018-04-03,2018-03-27,0.0,Little Bear Creek
5303301,0.49999999999999994,-0.8660254037844387,35,28,0.0,1.1787055664881463,3.5361166994644386,10.7,8.0,0.0,8.0,7.5,10.2,,,,28.0,2018-05-01,2018-04-24,0.0,Little Bear Creek
5303301,1.2246467991473532e-16,-1.0,36,60,0.0,0.0,3.5361166994644386,14.0,11.0,0.0,13.0,8.0,9.2,,,,29.0,2018-06-30,2018-06-23,133.3333333,Little Bear Creek
5303301,-0.4999999999999998,-0.8660254037844388,36,69,0.0,0.0,3.5361166994644386,14.0,11.0,0.0,13.0,8.0,9.2,,,,38.0,2018-07-09,2018-07-02,100.0,Little Bear Creek
5303301,-0.8660254037844384,-0.5000000000000004,38,28,4.61512051684126,3.171814929957231,3.5361166994644386,21.5,16.5,-0.2852037561891745,16.5,8.0,8.4,,,,28.0,2018-08-06,2018-07-30,350.0,Little Bear Creek
5303301,-1.0,-1.8369701987210297e-16,39,29,5.860786223465865,5.125410337779186,3.5361166994644386,28.0,18.0,1.2456657066246057,18.0,8.0,9.5,,,,29.0,2018-09-04,2018-08-28,83.33333333,Little Bear Creek
5303301,-0.8660254037844386,0.5000000000000001,40,27,4.434777200019885,4.970227980109002,3.8753551949436886,22.0,19.5,-1.4260090234459808,14.5,8.0,9.5,,,,27.0,2018-10-01,2018-09-24,283.3333333,Little Bear Creek
5303301,-0.5000000000000004,0.8660254037844384,41,32,5.650147258706336,5.315236894064029,4.214593690422939,16.0,14.0,1.2153700586864513,14.0,7.5,9.7,,,,32.0,2018-11-02,2018-10-26,316.6666667,Little Bear Creek
5303301,-2.4492935982947064e-16,1.0,42,31,5.761002615091024,5.2819756912724145,4.324685445221412,16.0,12.5,0.11085535638468791,12.5,7.0,9.2,,,,31.0,2018-12-03,2018-11-26,0.0,Little Bear Creek
5303301,0.8660254037844387,-0.49999999999999983,43,119,0.0,3.80371662459912,4.214593690422939,7.0,6.5,-5.761002615091024,6.5,7.5,11.9,,,,119.0,2019-04-01,2019-03-25,16.66666667,Little Bear Creek
5303301,0.49999999999999994,-0.8660254037844387,44,35,2.8716796250726913,2.8775607467212385,3.8753551949436886,19.5,10.0,2.8716796250726913,10.0,7.5,10.4,,,,35.0,2019-05-06,2019-04-29,66.66666667,Little Bear Creek
5303301,1.2246467991473532e-16,-1.0,45,30,4.214593690422939,2.36209110516521,4.214593690422939,21.5,13.5,1.3429140653502478,13.5,7.5,9.3,,,,30.0,2019-06-05,2019-05-29,400.0,Little Bear Creek
5303301,-0.4999999999999998,-0.8660254037844388,46,26,5.993961427306569,4.360078247600733,4.214593690422939,17.0,13.5,1.7793677368836303,13.5,7.5,9.3,,,,26.0,2019-07-01,2019-06-24,200.0,Little Bear Creek
5303301,-0.8660254037844384,-0.5000000000000004,47,38,5.303304908059076,5.170620008596194,4.214593690422939,25.0,17.0,-0.6906565192474936,17.0,8.0,8.3,,,,38.0,2019-08-08,2019-08-01,116.6666667,Little Bear Creek
5303301,-1.0,-1.8369701987210297e-16,48,34,4.767855768548473,5.355040701304706,4.324685445221412,20.0,6.0,-0.5354491395106029,16.0,8.0,9.1,,,,34.0,2019-09-11,2019-09-04,133.3333333,Little Bear Creek
5303301,-0.8660254037844386,0.5000000000000001,49,28,4.900324273030434,4.990494983212661,4.434777200019885,20.5,15.5,0.13246850448196135,15.5,8.0,8.9,,,,28.0,2019-10-09,2019-10-02,66.66666667,Little Bear Creek
5303301,-0.5000000000000004,0.8660254037844384,50,28,4.214593690422939,4.627591244000615,4.324685445221412,9.0,9.0,-0.6857305826074951,9.0,7.5,9.7,,,,28.0,2019-11-06,2019-10-30,0.0,Little Bear Creek
5303301,-0.5000000000000004,0.8660254037844384,50,34,4.214593690422939,4.627591244000615,4.324685445221412,9.0,9.0,-0.6857305826074951,9.0,7.5,9.7,,,,34.0,2019-11-12,2019-11-05,266.6666667,Little Bear Creek
5303301,-2.4492935982947064e-16,1.0,52,29,5.589742425403185,3.268112038608708,4.324685445221412,8.5,7.5,5.589742425403185,7.5,7.5,10.3,,,,29.0,2019-12-11,2019-12-04,266.6666667,Little Bear Creek
5303301,1.0,6.123233995736766e-17,53,91,5.589742425403185,3.72649495026879,4.434777200019885,8.5,7.5,0.0,7.5,7.0,10.0,,,,63.0,2020-03-11,2020-03-04,16.66666667,Little Bear Creek
5303301,-0.4999999999999998,-0.8660254037844388,56,89,4.214593690422939,3.766955668639523,4.214593690422939,14.0,9.5,0.0,12.0,8.0,10.0,,,,46.0,2021-07-06,2021-06-29,150.0,Little Bear Creek
5303301,-0.8660254037844384,-0.5000000000000004,57,30,5.017279836814924,4.482155739220268,4.214593690422939,25.0,18.0,0.8026861463919852,18.0,8.0,8.9,,,,30.0,2021-08-05,2021-07-29,400.0,Little Bear Creek
5303301,-1.0,-1.8369701987210297e-16,58,40,5.993961427306569,5.075278318181478,4.324685445221412,26.5,18.0,0.976681590491645,18.0,8.0,9.3,,,,40.0,2021-09-14,2021-09-07,266.6666667,Little Bear Creek
5303301,0.8660254037844387,-0.49999999999999983,60,27,5.5254529391317835,5.703052263947178,4.524948858430572,13.0,9.0,-0.06428948627140141,9.0,7.5,9.8,,,,27.0,2022-04-12,2022-04-05,0.0,Little Bear Creek
5303301,-1.0,-1.8369701987210297e-16,62,42,5.121977881630436,3.5491436069207403,4.524948858430572,26.0,17.5,5.121977881630436,17.5,8.0,8.7,,,,42.0,2022-09-27,2022-09-20,250.0,Little Bear Creek
5303301,1.0,6.123233995736766e-17,64,30,4.61512051684126,5.087517112534493,4.61512051684126,0.0,0.0,-0.9103324222905238,,,,,,,,2023-03-07,2023-02-28,66.66666667,Little Bear Creek
5303301,0.8660254037844387,-0.49999999999999983,65,36,4.214593690422939,4.785055715465328,4.61512051684126,11.0,7.0,-0.4005268264183206,,,,,,,,2023-04-12,2023-04-05,66.66666667,Little Bear Creek
5303301,0.49999999999999994,-0.8660254037844387,66,27,4.214593690422939,4.348102632562379,4.524948858430572,12.0,9.0,0.0,,,,,,,,2023-05-09,2023-05-02,300.0,Little Bear Creek
5303301,1.2246467991473532e-16,-1.0,67,28,5.707110264748875,4.7120992151982515,4.61512051684126,0.0,0.0,1.4925165743259363,7.0,8.0,10.8,,,,35.0,2023-06-06,2023-05-30,433.3333333,Little Bear Creek
5303303,-0.8660254037844386,0.5000000000000001,2,20,4.61512051684126,5.44807019036016,5.44807019036016,11.0,10.0,-1.6658993470378007,,,,,,,,2015-10-17,2015-10-10,66.66666667,North Creek
5303303,-0.5000000000000004,0.8660254037844384,3,36,4.214593690422939,5.036911357047753,4.61512051684126,16.0,13.0,-0.4005268264183206,,,,,,,,2015-11-22,2015-11-15,0.0,North Creek
5303303,-2.4492935982947064e-16,1.0,4,27,0.0,2.9432380690880664,4.4148571036321,9.0,,-4.214593690422939,,,,,,,,2015-12-19,2015-12-12,1066.666667,North Creek
5303303,0.49999999999999994,0.8660254037844387,5,29,6.973230861253255,3.729274850558731,4.61512051684126,8.0,6.0,6.973230861253255,,,,,,,,2016-01-17,2016-01-10,0.0,North Creek
5303303,0.8660254037844386,0.5000000000000001,6,35,0.0,2.3244102870844183,4.4148571036321,8.0,6.0,-6.973230861253255,,,,,,,,2016-02-21,2016-02-14,300.0,North Creek
5303303,1.0,6.123233995736766e-17,7,28,5.707110264748875,4.226780375334044,4.61512051684126,8.0,6.5,5.707110264748875,,,,,,,,2016-03-20,2016-03-13,0.0,North Creek
5303303,0.8660254037844387,-0.49999999999999983,8,28,0.0,1.902370088249625,4.4148571036321,11.0,9.0,-5.707110264748875,,,,,,,,2016-04-17,2016-04-10,33.33333333,North Creek
5303303,0.49999999999999994,-0.8660254037844387,9,35,3.5361166994644386,3.0810756547377713,4.214593690422939,19.0,11.5,3.5361166994644386,,,,,,,,2016-05-22,2016-05-15,0.0,North Creek
5303303,1.2246467991473532e-16,-1.0,10,27,0.0,1.1787055664881463,3.8753551949436886,15.0,13.0,-3.5361166994644386,,,,,,,,2016-06-18,2016-06-11,66.66666667,North Creek
5303303,-0.4999999999999998,-0.8660254037844388,11,29,4.214593690422939,2.583570129962459,4.214593690422939,13.0,13.0,4.214593690422939,,,,,,,,2016-07-17,2016-07-10,266.6666667,North Creek
5303303,-1.0,-1.8369701987210297e-16,12,63,5.589742425403185,3.268112038608708,4.214593690422939,22.0,18.0,1.3751487349802458,,,,,,,,2016-09-18,2016-09-11,133.3333333,North Creek
5303303,-0.8660254037844386,0.5000000000000001,13,35,4.900324273030434,4.901553462952187,4.214593690422939,16.5,14.0,-0.6894181523727507,,,,,,,,2016-10-23,2016-10-16,0.0,North Creek
5303303,-2.4492935982947064e-16,1.0,14,41,0.0,3.496688899477873,4.214593690422939,13.0,11.0,-4.900324273030434,,,,,,,,2016-12-03,2016-11-26,0.0,North Creek
5303303,0.8660254037844386,0.5000000000000001,17,28,0.0,1.633441424343478,4.214593690422939,7.0,7.0,-4.900324273030434,,,,,,,,2018-02-28,2018-02-21,0.0,North Creek
5303303,1.0,6.123233995736766e-17,18,28,0.0,1.633441424343478,3.8753551949436886,7.5,5.0,0.0,,,,,,,,2018-03-28,2018-03-21,0.0,North Creek
5303303,0.8660254037844387,-0.49999999999999983,19,33,0.0,0.0,3.5361166994644386,8.5,7.5,0.0,,,,,,,,2018-04-30,2018-04-23,33.33333333,North Creek
5303303,0.49999999999999994,-0.8660254037844387,20,30,3.5361166994644386,1.1787055664881463,3.5361166994644386,10.0,11.0,3.5361166994644386,,,,,,,,2018-05-30,2018-05-23,33.33333333,North Creek
5303303,1.2246467991473532e-16,-1.0,21,25,3.5361166994644386,2.3574111329762926,3.5361166994644386,11.0,12.0,0.0,,,,,,,,2018-06-24,2018-06-17,83.33333333,North Creek
5303303,-0.4999999999999998,-0.8660254037844388,22,33,4.434777200019885,3.8356701996495874,3.5361166994644386,17.0,14.5,0.898660500555446,,,,,,,,2018-07-27,2018-07-20,66.66666667,North Creek
5303303,-0.8660254037844384,-0.5000000000000004,23,34,4.214593690422939,4.061829196635754,3.5361166994644386,19.5,16.5,-0.22018350959694555,,,,,,,,2018-08-30,2018-08-23,166.6666667,North Creek
5303303,-1.0,-1.8369701987210297e-16,24,30,5.121977881630436,4.590449590691087,3.8753551949436886,17.5,15.0,0.9073841912074974,,,,,,,,2018-09-29,2018-09-22,50.0,North Creek
5303303,-0.8660254037844386,0.5000000000000001,25,29,3.9318256327243257,4.422799068259234,3.9318256327243257,12.5,12.0,-1.1901522489061107,,,,,,,,2018-10-28,2018-10-21,666.6666667,North Creek
5303303,-0.5000000000000004,0.8660254037844384,26,31,6.503789047047634,5.185864187134132,4.073209661573633,12.0,11.0,2.571963414323308,,,,,,,,2018-11-28,2018-11-21,0.0,North Creek
5303303,-2.4492935982947064e-16,1.0,27,18,0.0,3.478538226590653,3.9318256327243257,9.0,9.0,-6.503789047047634,,,,,,,,2018-12-16,2018-12-09,16.66666667,North Creek
5303303,0.49999999999999994,0.8660254037844387,28,45,2.8716796250726913,3.1251562240401083,3.733971166094382,12.5,7.5,2.8716796250726913,,,,,,,,2019-01-30,2019-01-23,0.0,North Creek
5303303,0.8660254037844386,0.5000000000000001,29,28,0.0,0.957226541690897,3.5361166994644386,2.5,3.5,-2.8716796250726913,,,,,,,,2019-02-27,2019-02-20,16.66666667,North Creek
5303303,1.0,6.123233995736766e-17,30,28,2.8716796250726913,1.914453083381794,3.5361166994644386,3.0,3.0,2.8716796250726913,,,,,,,,2019-03-27,2019-03-20,0.0,North Creek
5303303,0.8660254037844387,-0.49999999999999983,31,32,0.0,0.957226541690897,3.5361166994644386,10.0,7.0,-2.8716796250726913,,,,,,,,2019-04-28,2019-04-21,0.0,North Creek
5303303,0.49999999999999994,-0.8660254037844387,32,33,0.0,0.957226541690897,3.5361166994644386,9.5,9.0,0.0,,,,,,,,2019-05-31,2019-05-24,83.33333333,North Creek
5303303,1.2246467991473532e-16,-1.0,33,22,4.434777200019885,1.4782590666732949,3.5361166994644386,14.5,14.0,4.434777200019885,,,,,,,,2019-06-22,2019-06-15,16.66666667,North Creek
5303303,-0.4999999999999998,-0.8660254037844388,34,35,2.8716796250726913,2.4354856083641923,3.5361166994644386,14.0,14.0,-1.5630975749471934,,,,,,,,2019-07-27,2019-07-20,300.0,North Creek
5303303,-0.8660254037844384,-0.5000000000000004,35,35,5.707110264748875,4.3378556966138175,3.5361166994644386,16.0,16.5,2.835430639676184,,,,,,,,2019-08-31,2019-08-24,150.0,North Creek
5303303,-0.8660254037844386,0.5000000000000001,36,54,5.017279836814924,4.532023242212163,3.5361166994644386,18.5,15.5,-0.6898304279339511,,,,,,,,2019-10-24,2019-10-17,166.6666667,North Creek
5303303,-0.5000000000000004,0.8660254037844384,37,37,5.121977881630436,5.2821226610647445,3.5361166994644386,8.5,9.5,0.10469804481551215,,,,,,,,2019-11-30,2019-11-23,0.0,North Creek
5303303,-2.4492935982947064e-16,1.0,38,28,0.0,3.37975257281512,3.5361166994644386,-3.5,1.8,-5.121977881630436,,,,,,,,2019-12-28,2019-12-21,0.0,North Creek
5303303,0.8660254037844386,0.5000000000000001,39,60,0.0,1.7073259605434787,3.5361166994644386,4.5,5.0,0.0,,,,,,,,2020-02-26,2020-02-19,0.0,North Creek
5303303,1.2246467991473532e-16,-1.0,40,112,0.0,0.0,3.5361166994644386,8.5,7.0,0.0,,,,,,,,2020-06-17,2020-06-10,33.33333333,North Creek
5303303,-0.8660254037844384,-0.5000000000000004,43,37,5.121977881630436,4.290896090505938,3.5361166994644386,16.7,16.0,0.9073841912074974,,,,,,,,2021-08-20,2021-08-13,83.33333333,North Creek
5303303,-1.0,-1.8369701987210297e-16,44,33,4.434777200019885,4.590449590691087,3.5361166994644386,16.5,16.0,-0.6872006816105518,,,,,,,,2021-09-22,2021-09-15,150.0,North Creek
5303303,-0.8660254037844386,0.5000000000000001,46,48,5.5254529391317835,4.992503325322198,3.733971166094382,19.0,16.0,0.5081731023168592,,,,,,,,2022-10-12,2022-10-05,33.33333333,North Creek
5303305,-0.5000000000000004,0.8660254037844384,2,36,8.900321797966583,6.900323035498509,6.900323035498509,13.0,14.0,3.9999975249361492,13.5,8.0,8.6,,,,33.0,2015-11-15,2015-11-08,166.6666667,Little Swamp Creek
5303305,-2.4492935982947064e-16,1.0,3,30,5.121977881630436,6.307541317542484,5.121977881630436,6.0,9.0,-3.778343916336147,9.0,7.0,9.5,,,,30.0,2015-12-15,2015-12-08,0.0,Little Swamp Creek
5303305,0.49999999999999994,0.8660254037844387,4,33,0.0,4.674099893199006,5.011151077330435,4.0,7.0,-5.121977881630436,7.0,7.0,10.8,,,,33.0,2016-01-17,2016-01-10,33.33333333,Little Swamp Creek
5303305,0.8660254037844386,0.5000000000000001,5,29,3.5361166994644386,2.886031527031625,4.900324273030434,8.0,7.0,3.5361166994644386,6.0,7.5,10.5,,,,29.0,2016-02-15,2016-02-08,800.0,Little Swamp Creek
5303305,1.0,6.123233995736766e-17,6,18,6.68586094706836,3.407325882177599,5.011151077330435,8.5,7.0,3.149744247603921,7.5,6.5,7.8,,,,18.0,2016-03-04,2016-02-26,100.0,Little Swamp Creek
5303305,0.8660254037844387,-0.49999999999999983,7,31,4.61512051684126,4.945699387791353,4.900324273030434,10.0,8.0,-2.0707404302271,8.0,7.5,10.1,,,,31.0,2016-04-04,2016-03-28,300.0,Little Swamp Creek
5303305,0.49999999999999994,-0.8660254037844387,8,41,5.707110264748875,5.669363909552831,5.011151077330435,10.5,11.5,1.0919897479076157,11.5,8.0,9.1,,,,41.0,2016-05-15,2016-05-08,33.33333333,Little Swamp Creek
5303305,1.2246467991473532e-16,-1.0,9,22,3.5361166994644386,4.619449160351524,4.900324273030434,10.5,10.5,-2.1709935652844368,11.0,8.0,8.8,,,,22.0,2016-06-06,2016-05-30,66.66666667,Little Swamp Creek
5303305,-0.4999999999999998,-0.8660254037844388,10,26,4.214593690422939,4.485940218212084,4.757722394935847,25.0,,0.6784769909585004,13.5,8.0,8.7,,,,22.0,2016-07-02,2016-06-25,66.66666667,Little Swamp Creek
5303305,-0.8660254037844384,-0.5000000000000004,11,35,4.214593690422939,3.9884346934367723,4.61512051684126,20.0,16.0,0.0,16.0,8.0,8.1,,,,35.0,2016-08-06,2016-07-30,1466.666667,Little Swamp Creek
5303305,-0.8660254037844384,-0.5000000000000004,12,15,7.291429117314762,5.240205499386881,4.757722394935847,15.5,15.0,3.076835426891823,15.0,8.0,8.3,,,,15.0,2016-08-21,2016-08-14,66.66666667,Little Swamp Creek
5303305,-1.0,-1.8369701987210297e-16,13,13,4.214593690422939,5.24020549938688,4.61512051684126,20.5,16.0,-3.076835426891823,16.0,8.0,7.4,,,,13.0,2016-09-03,2016-08-27,1700.0,Little Swamp Creek
5303305,-0.8660254037844386,0.5000000000000001,14,35,7.438971592395862,6.314998133377855,4.757722394935847,13.5,14.5,3.2243779019729226,14.5,7.0,7.7,,,,35.0,2016-10-08,2016-10-01,66.66666667,Little Swamp Creek
5303305,-0.5000000000000004,0.8660254037844384,15,33,4.214593690422939,5.289386324413913,4.61512051684126,17.5,13.5,-3.2243779019729226,13.5,8.0,8.3,,,,33.0,2016-11-10,2016-11-03,0.0,Little Swamp Creek
5303305,-2.4492935982947064e-16,1.0,16,23,0.0,3.8845217609396,4.4148571036321,15.0,14.5,-4.214593690422939,12.5,7.0,8.8,,,,23.0,2016-12-03,2016-11-26,266.6666667,Little Swamp Creek
5303305,0.49999999999999994,0.8660254037844387,17,36,5.589742425403185,3.268112038608708,4.61512051684126,,,5.589742425403185,9.0,7.0,9.8,,,,36.0,2017-01-08,2017-01-01,0.0,Little Swamp Creek
5303305,0.8660254037844386,0.5000000000000001,18,28,0.0,1.863247475134395,4.4148571036321,8.0,4.0,-5.589742425403185,4.0,7.5,11.8,,,,28.0,2017-02-05,2017-01-29,166.6666667,Little Swamp Creek
5303305,1.0,6.123233995736766e-17,19,27,5.121977881630436,3.5705734356778738,4.61512051684126,4.0,5.0,5.121977881630436,5.0,7.0,10.9,,,,27.0,2017-03-04,2017-02-25,66.66666667,Little Swamp Creek
5303305,0.8660254037844387,-0.49999999999999983,20,29,4.214593690422939,3.1121905240177923,4.4148571036321,8.5,7.5,-0.9073841912074974,7.5,7.0,10.3,,,,29.0,2017-04-02,2017-03-26,33.33333333,Little Swamp Creek
5303305,0.49999999999999994,-0.8660254037844387,21,34,3.5361166994644386,4.290896090505938,4.214593690422939,10.5,10.5,-0.6784769909585004,10.5,7.0,10.2,,,,34.0,2017-05-06,2017-04-29,0.0,Little Swamp Creek
5303305,1.2246467991473532e-16,-1.0,22,26,0.0,2.583570129962459,4.214593690422939,10.5,11.0,-3.5361166994644386,11.0,7.0,9.7,,,,26.0,2017-06-01,2017-05-25,33.33333333,Little Swamp Creek
5303305,-0.4999999999999998,-0.8660254037844388,23,34,3.5361166994644386,2.3574111329762926,4.214593690422939,18.5,15.0,3.5361166994644386,15.0,7.0,8.7,,,,24.0,2017-07-05,2017-06-28,1233.333333,Little Swamp Creek
5303305,-0.8660254037844384,-0.5000000000000004,24,32,7.118286291975452,3.551467663813297,4.214593690422939,21.0,18.0,3.5821695925110135,18.0,7.0,7.8,,,,32.0,2017-08-06,2017-07-30,633.3333333,Little Swamp Creek
5303305,-0.8660254037844384,-0.5000000000000004,24,35,7.118286291975452,3.551467663813297,4.214593690422939,21.0,18.0,3.5821695925110135,18.0,7.0,7.8,,,,35.0,2017-08-09,2017-08-02,133.3333333,Little Swamp Creek
5303305,-1.0,-1.8369701987210297e-16,26,24,4.900324273030434,6.157061714527125,4.4148571036321,26.5,20.0,-1.5522503055450567,17.0,7.0,8.3,,,,27.0,2017-09-02,2017-08-26,233.3333333,Little Swamp Creek
5303305,-1.0,-1.8369701987210297e-16,27,18,5.456744603000308,5.603214484868744,4.61512051684126,26.0,17.0,0.5564203299698738,17.0,7.0,8.1,,,,18.0,2017-09-20,2017-09-13,366.6666667,Little Swamp Creek
5303305,-0.8660254037844386,0.5000000000000001,28,11,5.9071767306760545,5.421415202235598,4.757722394935847,12.5,12.5,0.4504321276757466,12.5,7.0,9.0,,,,11.0,2017-10-01,2017-09-24,333.3333333,Little Swamp Creek
5303305,-0.5000000000000004,0.8660254037844384,29,35,5.812138499194125,5.725353277623495,4.900324273030434,13.0,14.0,-0.09503823148192936,14.0,7.0,8.8,,,,35.0,2017-11-05,2017-10-29,500.0,Little Swamp Creek
5303305,-2.4492935982947064e-16,1.0,30,44,6.2166061010848646,5.978640443651681,4.900324273030434,2.5,7.0,0.4044676018907394,7.0,7.0,10.1,,,,44.0,2017-12-19,2017-12-12,166.6666667,Little Swamp Creek
5303305,0.49999999999999994,0.8660254037844387,31,33,5.121977881630436,5.716907493969809,4.900324273030434,5.0,7.0,-1.0946282194544281,7.0,7.0,9.9,,,,33.0,2018-01-21,2018-01-14,66.66666667,Little Swamp Creek
5303305,0.8660254037844386,0.5000000000000001,32,21,4.214593690422939,5.184392557712747,4.900324273030434,8.5,7.5,-0.9073841912074974,7.5,8.5,10.2,,,,21.0,2018-02-11,2018-02-04,0.0,Little Swamp Creek
5303305,1.0,6.123233995736766e-17,33,33,0.0,3.1121905240177923,4.900324273030434,6.0,5.0,-4.214593690422939,6.0,7.0,10.5,,,,33.0,2018-03-16,2018-03-09,0.0,Little Swamp Creek
5303305,0.8660254037844387,-0.49999999999999983,34,28,0.0,1.404864563474313,4.757722394935847,10.5,7.0,0.0,7.0,7.0,13.0,,,,28.0,2018-04-13,2018-04-06,66.66666667,Little Swamp Creek
5303305,0.49999999999999994,-0.8660254037844387,35,32,4.214593690422939,1.404864563474313,4.61512051684126,10.0,9.0,4.214593690422939,9.0,7.0,12.2,,,,32.0,2018-05-15,2018-05-08,300.0,Little Swamp Creek
5303305,1.2246467991473532e-16,-1.0,36,21,5.707110264748875,3.307234651723938,4.757722394935847,20.0,16.0,1.4925165743259363,16.0,7.5,9.6,,,,21.0,2018-06-05,2018-05-29,0.0,Little Swamp Creek
5303305,-0.4999999999999998,-0.8660254037844388,37,45,0.0,3.307234651723938,4.61512051684126,16.5,13.0,-5.707110264748875,13.0,7.5,10.6,,,,45.0,2018-07-20,2018-07-13,50.0,Little Swamp Creek
5303305,-0.8660254037844384,-0.5000000000000004,38,33,3.9318256327243257,3.212978632491067,4.4148571036321,17.0,15.5,3.9318256327243257,15.5,8.0,10.6,,,,33.0,2018-08-22,2018-08-15,300.0,Little Swamp Creek
5303305,-1.0,-1.8369701987210297e-16,39,31,5.707110264748875,3.212978632491067,4.61512051684126,24.0,17.0,1.7752846320245497,17.0,7.5,8.1,,,,31.0,2018-09-22,2018-09-15,100.0,Little Swamp Creek
5303305,-0.8660254037844386,0.5000000000000001,40,20,4.61512051684126,4.751352138104821,4.61512051684126,17.5,14.5,-1.0919897479076157,14.5,7.5,8.3,,,,20.0,2018-10-12,2018-10-05,0.0,Little Swamp Creek
5303305,-0.5000000000000004,0.8660254037844384,41,28,0.0,3.440743593863379,4.61512051684126,13.5,11.0,-4.61512051684126,11.0,7.0,8.9,,,,28.0,2018-11-09,2018-11-02,133.3333333,Little Swamp Creek
5303305,-2.4492935982947064e-16,1.0,42,44,4.900324273030434,3.171814929957231,4.61512051684126,9.5,6.0,4.900324273030434,6.0,7.0,10.1,,,,34.0,2018-12-23,2018-12-16,533.3333333,Little Swamp Creek
5303305,0.49999999999999994,0.8660254037844387,43,22,6.28101986387906,3.7271147123031647,4.61512051684126,7.5,7.0,1.3806955908486263,7.0,7.0,9.8,,,,22.0,2019-01-14,2019-01-07,83.33333333,Little Swamp Creek
5303305,0.8660254037844386,0.5000000000000001,44,31,4.434777200019885,5.205373778976459,4.61512051684126,6.5,4.5,-1.8462426638591758,4.5,7.0,10.5,,,,31.0,2019-02-14,2019-02-07,66.66666667,Little Swamp Creek
5303305,1.0,6.123233995736766e-17,45,24,4.214593690422939,4.976796918107294,4.61512051684126,4.0,4.0,-0.22018350959694555,4.0,7.0,10.5,,,,24.0,2019-03-10,2019-03-03,16.66666667,Little Swamp Creek
5303305,0.8660254037844387,-0.49999999999999983,46,31,2.8716796250726913,3.840350171838505,4.524948858430572,6.5,4.0,-1.3429140653502478,4.0,7.0,12.0,,,,31.0,2019-04-10,2019-04-03,33.33333333,Little Swamp Creek
5303305,0.49999999999999994,-0.8660254037844387,47,29,3.5361166994644386,3.540796671653356,4.434777200019885,9.0,9.0,0.6644370743917474,9.0,7.0,10.2,,,,29.0,2019-05-09,2019-05-02,33.33333333,Little Swamp Creek
5303305,1.2246467991473532e-16,-1.0,48,47,3.5361166994644386,3.3146376746671895,4.324685445221412,23.5,13.5,0.0,15.0,7.5,8.0,,,,46.0,2019-06-25,2019-06-18,83.33333333,Little Swamp Creek
5303305,-0.4999999999999998,-0.8660254037844388,49,30,4.434777200019885,3.8356701996495874,4.434777200019885,20.5,15.0,0.898660500555446,15.0,7.5,8.5,,,,30.0,2019-07-25,2019-07-18,150.0,Little Swamp Creek
5303305,-0.8660254037844384,-0.5000000000000004,50,37,5.017279836814924,4.329391245433083,4.434777200019885,20.0,15.5,0.5825026367950397,15.5,7.5,8.4,,,,37.0,2019-08-31,2019-08-24,177.7777778,Little Swamp Creek
5303305,-1.0,-1.8369701987210297e-16,51,10,5.186143569780465,4.879400202205091,4.434777200019885,22.5,17.5,0.1688637329655407,17.5,7.5,7.4,,,,10.0,2019-09-10,2019-09-03,2733.333333,Little Swamp Creek
5303305,-0.8660254037844386,0.5000000000000001,52,51,7.913642931212734,6.039022112602708,4.524948858430572,17.0,16.0,2.727499361432269,16.0,7.0,7.3,,,,51.0,2019-10-31,2019-10-24,55.55555556,Little Swamp Creek
5303305,-0.5000000000000004,0.8660254037844384,53,22,4.0352234392928885,5.711669980095363,4.434777200019885,7.5,6.5,-3.8784194919198454,6.5,7.5,10.5,,,,22.0,2019-11-22,2019-11-15,16.66666667,Little Swamp Creek
5303305,-2.4492935982947064e-16,1.0,54,39,2.8716796250726913,4.940181998526104,4.434777200019885,7.0,7.0,-1.1635438142201973,8.0,7.0,10.3,,,,11.0,2019-12-31,2019-12-24,83.33333333,Little Swamp Creek
5303305,0.49999999999999994,0.8660254037844387,55,18,4.434777200019885,3.7805600881284875,4.434777200019885,9.5,8.0,1.5630975749471934,8.0,7.0,10.3,,,,29.0,2020-01-18,2020-01-11,16.66666667,Little Swamp Creek
5303305,0.8660254037844386,0.5000000000000001,56,39,2.8716796250726913,3.392712150055089,4.434777200019885,8.5,7.5,-1.5630975749471934,7.5,7.0,10.6,,,,39.0,2020-02-26,2020-02-19,16.66666667,Little Swamp Creek
5303305,1.0,6.123233995736766e-17,57,31,2.8716796250726913,3.392712150055089,4.434777200019885,9.5,7.5,0.0,7.5,7.5,10.7,,,,31.0,2020-03-28,2020-03-21,166.6666667,Little Swamp Creek
5303305,0.8660254037844387,-0.49999999999999983,58,25,5.121977881630436,3.621779043925273,4.434777200019885,10.0,8.5,2.250298256557745,8.5,7.5,10.8,,,,25.0,2020-04-22,2020-04-15,650.0,Little Swamp Creek
5303305,0.49999999999999994,-0.8660254037844387,59,36,6.478509642208569,4.824055716303899,4.434777200019885,11.5,11.0,1.3565317605781324,11.0,7.0,9.3,,,,36.0,2020-05-28,2020-05-21,500.0,Little Swamp Creek
5303305,1.2246467991473532e-16,-1.0,60,16,6.2166061010848646,5.939031208307957,4.434777200019885,18.5,15.0,-0.2619035411237043,15.0,7.5,8.2,,,,16.0,2020-06-13,2020-06-06,866.6666667,Little Swamp Creek
5303305,-0.4999999999999998,-0.8660254037844388,61,46,6.765807616364873,6.486974453219435,4.434777200019885,13.0,13.5,0.549201515280008,13.5,7.5,8.9,,,,46.0,2020-07-29,2020-07-22,177.7777778,Little Swamp Creek
5303305,-0.8660254037844384,-0.5000000000000004,61,54,6.765807616364873,6.486974453219435,4.434777200019885,13.0,13.5,0.549201515280008,13.5,7.5,8.9,,,,54.0,2020-08-06,2020-07-30,6133.333333,Little Swamp Creek
5303305,-1.0,-1.8369701987210297e-16,63,51,8.721656685062745,6.891202623736028,4.61512051684126,13.0,17.0,3.5355131152822805,17.0,7.0,7.3,,,,51.0,2020-09-26,2020-09-19,450.0,Little Swamp Creek
5303305,-0.8660254037844386,0.5000000000000001,64,15,6.111467339502679,6.673089198115296,4.61512051684126,14.0,14.5,-2.610189345560067,14.5,7.0,8.1,,,,15.0,2020-10-11,2020-10-04,1133.333333,Little Swamp Creek
5303305,-0.5000000000000004,0.8660254037844384,65,50,7.033800385538938,7.288974803368121,4.61512051684126,11.5,12.5,0.9223330460362593,12.5,7.0,,,,,50.0,2020-11-30,2020-11-23,83.33333333,Little Swamp Creek
5303305,-2.4492935982947064e-16,1.0,66,22,4.434777200019885,5.8600149750205,4.61512051684126,9.0,8.0,-2.5990231855190533,8.0,7.0,10.0,,,,22.0,2020-12-22,2020-12-15,83.33333333,Little Swamp Creek
5303305,0.49999999999999994,0.8660254037844387,67,38,4.434777200019885,5.3011182618595685,4.61512051684126,6.0,7.0,0.0,7.0,7.0,10.5,,,,38.0,2021-01-29,2021-01-22,16.66666667,Little Swamp Creek
5303305,0.8660254037844386,0.5000000000000001,68,30,2.8716796250726913,3.9137446750374867,4.524948858430572,5.0,7.0,-1.5630975749471934,7.0,7.0,10.7,,,,30.0,2021-02-28,2021-02-21,33.33333333,Little Swamp Creek
5303305,1.0,6.123233995736766e-17,69,26,3.5361166994644386,3.6141911748523383,4.434777200019885,10.5,7.5,0.6644370743917474,7.5,7.5,11.2,,,,26.0,2021-03-26,2021-03-19,16.66666667,Little Swamp Creek
5303305,0.8660254037844387,-0.49999999999999983,70,24,2.8716796250726913,3.0931586498699404,4.434777200019885,10.0,8.0,-0.6644370743917474,8.0,7.0,11.2,,,,24.0,2021-04-19,2021-04-12,16.66666667,Little Swamp Creek
5303305,0.49999999999999994,-0.8660254037844387,71,38,2.8716796250726913,3.0931586498699404,4.434777200019885,15.5,11.5,0.0,11.5,7.5,10.0,,,,38.0,2021-05-27,2021-05-20,83.33333333,Little Swamp Creek
5303305,1.2246467991473532e-16,-1.0,72,28,4.434777200019885,3.392712150055089,4.434777200019885,12.0,12.5,1.5630975749471934,12.5,7.5,8.8,,,,28.0,2021-06-24,2021-06-17,83.33333333,Little Swamp Creek
5303305,-0.4999999999999998,-0.8660254037844388,73,28,4.434777200019885,3.913744675037487,4.434777200019885,22.0,19.0,0.0,19.0,7.5,7.5,,,,28.0,2021-07-22,2021-07-15,116.6666667,Little Swamp Creek
5303305,-0.8660254037844384,-0.5000000000000004,74,36,4.767855768548473,4.545803389529414,4.434777200019885,17.5,15.0,0.3330785685285882,15.0,7.5,8.6,,,,36.0,2021-08-27,2021-08-20,1166.666667,Little Swamp Creek
5303305,-1.0,-1.8369701987210297e-16,75,22,7.0627627348148465,5.421798567794402,4.434777200019885,15.0,15.0,2.2949069662663737,15.0,7.5,9.2,,,,22.0,2021-09-18,2021-09-11,4766.666667,Little Swamp Creek
5303305,-0.8660254037844386,0.5000000000000001,76,42,8.469612295856706,6.766743599740008,4.434777200019885,13.5,14.0,1.4068495610418594,15.0,7.5,9.2,,,,64.0,2021-10-30,2021-10-23,283.3333333,Little Swamp Creek
5303305,-0.5000000000000004,0.8660254037844384,77,11,5.650147258706336,7.060840763125963,4.434777200019885,9.5,10.0,-2.81946503715037,15.0,7.5,9.2,,,,75.0,2021-11-10,2021-11-03,66.66666667,Little Swamp Creek
5303305,0.49999999999999994,0.8660254037844387,78,54,4.214593690422939,6.111451081661994,4.434777200019885,10.0,10.0,-1.4355535682833969,10.0,7.0,7.7,,,,54.0,2022-01-03,2021-12-27,616.6666667,Little Swamp Creek
5303305,0.8660254037844386,0.5000000000000001,79,31,6.425948937671216,5.4302299622668295,4.434777200019885,2.0,3.5,2.211355247248277,3.5,7.0,11.6,,,,31.0,2022-02-03,2022-01-27,150.0,Little Swamp Creek
5303305,1.0,6.123233995736766e-17,80,35,5.017279836814924,5.2192741549696935,4.524948858430572,7.5,6.5,-1.408669100856292,6.5,7.5,10.7,,,,35.0,2022-03-10,2022-03-03,16.66666667,Little Swamp Creek
5303305,0.8660254037844387,-0.49999999999999983,81,24,2.8716796250726913,4.771636133186277,4.434777200019885,1.0,4.0,-2.145600211742233,7.5,7.0,10.6,,,,24.0,2022-04-03,2022-03-27,133.3333333,Little Swamp Creek
5303305,0.49999999999999994,-0.8660254037844387,82,53,4.900324273030434,4.263094578306017,4.524948858430572,7.0,8.0,2.028644647957743,8.0,7.5,11.2,,,,53.0,2022-05-26,2022-05-19,150.0,Little Swamp Creek
5303305,-0.4999999999999998,-0.8660254037844388,83,57,5.017279836814924,4.263094578306017,4.61512051684126,17.0,14.0,0.11695556378449012,14.0,7.5,8.6,,,,57.0,2022-07-22,2022-07-15,100.0,Little Swamp Creek
5303305,-0.8660254037844384,-0.5000000000000004,84,25,4.61512051684126,4.844241542228873,4.61512051684126,21.0,17.5,-0.4021593199736646,17.5,7.5,8.0,,,,20.0,2022-08-16,2022-08-09,33.33333333,Little Swamp Creek
5303305,-1.0,-1.8369701987210297e-16,85,44,3.5361166994644386,4.389505684373541,4.61512051684126,20.0,16.5,-1.079003817376821,18.5,7.5,6.8,,,,35.0,2022-09-29,2022-09-22,166.6666667,Little Swamp Creek
5303305,-0.8660254037844386,0.5000000000000001,86,32,5.121977881630436,4.424405032645378,4.61512051684126,19.0,14.5,1.5858611821659978,14.5,7.5,8.1,,,,32.0,2022-10-31,2022-10-24,266.6666667,Little Swamp Creek
5303305,-2.4492935982947064e-16,1.0,87,42,5.589742425403185,4.74927900216602,4.61512051684126,9.0,12.0,0.46776454377274845,12.0,7.0,8.8,,,,42.0,2022-12-12,2022-12-05,66.66666667,Little Swamp Creek
5303305,0.49999999999999994,0.8660254037844387,88,24,4.214593690422939,4.975437999152187,4.61512051684126,3.5,7.0,-1.3751487349802458,7.0,7.0,10.6,,,,24.0,2023-01-05,2022-12-29,50.0,Little Swamp Creek
5303305,1.0,6.123233995736766e-17,89,82,3.9318256327243257,4.57872058285015,4.61512051684126,11.0,7.5,-0.28276805769861335,7.5,7.0,10.2,,,,82.0,2023-03-28,2023-03-21,0.0,Little Swamp Creek
5303305,0.49999999999999994,-0.8660254037844387,90,56,0.0,2.7154731077157552,4.524948858430572,15.5,10.0,-3.9318256327243257,7.5,7.0,10.2,,,,22.0,2023-05-23,2023-05-16,633.3333333,Little Swamp Creek
5303305,-0.4999999999999998,-0.8660254037844388,91,63,6.452574578575491,3.4614667370999386,4.61512051684126,12.5,13.0,6.452574578575491,13.0,7.5,8.9,,,,63.0,2023-07-25,2023-07-18,216.6666667,Little Swamp Creek
5303305,-0.8660254037844384,-0.5000000000000004,92,31,5.382964840761461,3.9451798064456507,4.61512051684126,18.0,16.5,-1.0696097378140301,16.5,7.5,7.6,,,,31.0,2023-08-25,2023-08-18,250.0,Little Swamp Creek
5303305,-0.8660254037844386,0.5000000000000001,93,59,5.5254529391317835,5.786997452822912,4.61512051684126,23.5,17.0,0.14248809837032272,14.5,7.5,8.3,,,,38.0,2023-10-23,2023-10-16,533.3333333,Little Swamp Creek
5303305,-0.5000000000000004,0.8660254037844384,94,38,6.28101986387906,5.7298125479241016,4.61512051684126,11.0,13.0,0.7555669247472769,13.0,8.0,8.7,,,,38.0,2023-11-30,2023-11-23,133.3333333,Little Swamp Creek
5303305,-2.4492935982947064e-16,1.0,94,43,6.28101986387906,5.7298125479241016,4.61512051684126,11.0,13.0,0.7555669247472769,13.0,8.0,8.7,,,,43.0,2023-12-05,2023-11-28,833.3333333,Little Swamp Creek
5303305,0.49999999999999994,0.8660254037844387,96,53,6.7266330027237125,5.969325713211069,4.691488142694866,0.0,0.0,1.8263087296932783,4.0,7.5,10.3,,,,58.0,2024-01-27,2024-01-20,133.3333333,Little Swamp Creek
5303305,1.0,6.123233995736766e-17,97,40,4.900324273030434,5.509093849594861,4.767855768548473,12.0,9.0,-1.8263087296932783,4.0,7.5,10.3,,,,98.0,2024-03-07,2024-02-29,22.22222222,Little Swamp Creek
5303305,0.8660254037844387,-0.49999999999999983,98,54,3.1451096745328977,4.924022316762348,4.691488142694866,13.0,12.0,-1.7552145984975365,,,,,,,,2024-04-30,2024-04-23,122.2222222,Little Swamp Creek
5303305,0.49999999999999994,-0.8660254037844387,99,31,4.813989409833805,4.286474452465712,4.767855768548473,10.5,10.0,1.6688797353009077,10.0,7.0,9.3,,,,32.0,2024-05-31,2024-05-24,66.66666667,Little Swamp Creek
5303305,1.2246467991473532e-16,-1.0,100,18,4.214593690422939,4.057897591596547,4.691488142694866,18.0,12.5,-0.5993957194108663,12.5,7.0,8.5,,,,18.0,2024-06-18,2024-06-11,277.78,Little Swamp Creek
5303305,-0.4999999999999998,-0.8660254037844388,101,32,5.63042294030174,4.886335346852828,4.767855768548473,15.5,12.5,1.4158292498788008,12.5,7.0,8.7,247.0,,,28.0,2024-07-20,2024-07-13,188.89,Little Swamp Creek
5303305,-1.0,-1.8369701987210297e-16,102,71,5.246444957137325,5.030487195954001,4.790922589191139,23.0,16.5,-0.38397798316441456,16.5,7.0,7.5,283.0,,,71.0,2024-09-29,2024-09-22,83.33,Little Swamp Creek
5303305,-0.8660254037844386,0.5000000000000001,103,24,4.43473767358655,5.103868523675206,4.767855768548473,14.5,13.0,-0.811707283550775,13.0,7.5,8.3,275.0,,,23.0,2024-10-23,2024-10-16,0.0,Little Swamp Creek
5303305,-2.4492935982947064e-16,1.0,104,62,0.0,3.227060876907958,4.691488142694866,11.5,11.0,-4.43473767358655,11.0,7.5,8.9,266.0,,,62.0,2024-12-24,2024-12-17,316.67,Little Swamp Creek
5303305,0.49999999999999994,0.8660254037844387,105,28,5.761013108110473,3.398583593899007,4.767855768548473,9.5,8.0,5.761013108110473,8.0,7.5,9.8,160.0,,,28.0,2025-01-21,2025-01-14,50.0,Little Swamp Creek
5303305,0.8660254037844387,-0.49999999999999983,106,84,3.9318256327243257,3.230946246944933,4.691488142694866,5.0,3.0,-1.829187475386147,3.0,7.5,11.8,240.0,,,84.0,2025-04-15,2025-04-08,100.0,Little Swamp Creek
5303305,0.49999999999999994,-0.8660254037844387,107,42,4.61512051684126,4.769319752558686,4.61512051684126,14.0,11.0,0.683294884116934,11.0,7.5,8.9,234.0,,,42.0,2025-05-27,2025-05-20,83.33,Little Swamp Creek
5303305,1.2246467991473532e-16,-1.0,108,34,4.43473767358655,4.327227941050712,4.61512051684126,22.0,17.5,-0.18038284325470944,17.5,7.5,7.7,237.0,,,34.0,2025-06-30,2025-06-23,33.33,Little Swamp Creek
5303305,-0.4999999999999998,-0.8660254037844388,109,28,3.5360196074696004,4.195292599299137,4.61512051684126,28.0,18.0,-0.8987180661169498,18.0,7.5,7.2,275.0,,,28.0,2025-07-28,2025-07-21,133.33,Little Swamp Creek
5303305,-0.8660254037844384,-0.5000000000000004,110,21,4.900299459074922,4.290352246710357,4.61512051684126,27.0,17.0,1.3642798516053212,17.0,7.5,7.5,277.0,,,21.0,2025-08-18,2025-08-11,100.0,Little Swamp Creek
5303305,-1.0,-1.8369701987210297e-16,111,32,4.61512051684126,4.350479861128594,4.61512051684126,22.0,18.0,-0.2851789422336619,18.0,7.5,6.8,264.0,,,31.0,2025-09-19,2025-09-12,77.78,Little Swamp Creek
5303305,-1.0,-1.8369701987210297e-16,111,34,4.61512051684126,4.350479861128594,4.61512051684126,22.0,18.0,-0.2851789422336619,18.0,7.5,6.8,264.0,,,33.0,2025-09-21,2025-09-14,3100.0,Little Swamp Creek
5303305,-0.8660254037844386,0.5000000000000001,113,28,8.03947991910045,5.673753197828155,4.61512051684126,15.0,15.0,3.6728207615576896,16.0,7.5,7.6,291.0,,,30.0,2025-10-19,2025-10-12,100.0,Little Swamp Creek
5303305,-0.5000000000000004,0.8660254037844384,114,38,4.61512051684126,5.673753197828156,4.61512051684126,14.0,11.0,-3.4243594022591894,11.0,7.0,9.6,222.0,,,38.0,2025-11-26,2025-11-19,77.78,Little Swamp Creek
5303305,-2.4492935982947064e-16,1.0,115,16,4.36665915754276,5.673753197828156,4.61512051684126,9.0,9.0,-0.2484613592985001,8.0,7.0,9.5,227.0,,,18.0,2025-12-12,2025-12-05,0.0,Little Swamp Creek
5303305,0.49999999999999994,0.8660254037844387,116,43,0.0,2.993926558128006,4.61512051684126,11.0,10.0,-4.36665915754276,10.0,7.0,9.3,203.0,,,43.0,2026-01-24,2026-01-17,22.22,Little Swamp Creek
5303305,0.8660254037844386,0.5000000000000001,117,31,3.1450139762697455,2.5038910446041682,4.61512051684126,5.0,3.0,3.1450139762697455,3.0,7.0,11.6,254.0,,,31.0,2026-02-24,2026-02-17,100.0,Little Swamp Creek
5303305,1.0,6.123233995736766e-17,118,33,4.61512051684126,2.5867114977036683,4.61512051684126,9.0,6.0,1.4701065405715141,6.0,7.0,10.4,185.0,,,33.0,2026-03-29,2026-03-22,22.22,Little Swamp Creek
5303306,0.49999999999999994,0.8660254037844387,2,63,4.214593690422939,5.013366094808532,5.013366094808532,14.0,12.5,-1.597544808771186,12.5,7.5,9.2,,,,63.0,2017-01-14,2017-01-07,0.0,Stream 0056
5303306,0.8660254037844386,0.5000000000000001,3,29,0.0,3.3422440632056882,4.214593690422939,2.0,3.0,-4.214593690422939,3.0,7.5,12.3,,,,29.0,2017-02-12,2017-02-05,0.0,Stream 0056
5303306,1.0,6.123233995736766e-17,4,28,0.0,1.404864563474313,2.1072968452114695,7.5,5.5,0.0,5.5,7.0,11.6,,,,28.0,2017-03-12,2017-03-05,0.0,Stream 0056
5303306,0.8660254037844387,-0.49999999999999983,5,26,0.0,0.0,0.0,10.0,7.5,0.0,7.5,7.0,10.9,,,,26.0,2017-04-07,2017-03-31,33.33333333,Stream 0056
5303306,0.49999999999999994,-0.8660254037844387,6,30,3.5361166994644386,1.1787055664881463,1.7680583497322193,11.0,10.0,3.5361166994644386,10.0,7.5,10.5,,,,30.0,2017-05-07,2017-04-30,0.0,Stream 0056
5303306,1.2246467991473532e-16,-1.0,7,35,0.0,1.1787055664881463,0.0,16.0,12.0,-3.5361166994644386,12.0,7.0,9.2,,,,35.0,2017-06-11,2017-06-04,0.0,Stream 0056
5303306,-0.4999999999999998,-0.8660254037844388,8,23,0.0,1.1787055664881463,0.0,15.0,13.0,0.0,13.0,7.5,9.6,,,,23.0,2017-07-04,2017-06-27,833.3333333,Stream 0056
5303306,-0.8660254037844384,-0.5000000000000004,9,47,6.7266330027237125,2.242211000907904,0.0,17.5,14.0,6.7266330027237125,14.0,8.0,9.0,,,,47.0,2017-08-20,2017-08-13,66.66666667,Stream 0056
5303306,-1.0,-1.8369701987210297e-16,10,27,4.214593690422939,3.647075564382217,1.7680583497322193,17.0,13.0,-2.5120393123007734,13.0,7.5,9.1,,,,27.0,2017-09-16,2017-09-09,100.0,Stream 0056
5303306,-0.5000000000000004,0.8660254037844384,11,64,4.61512051684126,5.185449069995971,3.5361166994644386,14.0,13.0,0.4005268264183206,13.0,7.5,9.5,,,,64.0,2017-11-19,2017-11-12,0.0,Stream 0056
5303306,-2.4492935982947064e-16,1.0,12,28,0.0,2.9432380690880664,1.7680583497322193,10.0,9.0,-4.61512051684126,9.0,7.0,10.6,,,,28.0,2017-12-17,2017-12-10,0.0,Stream 0056
5303306,0.49999999999999994,0.8660254037844387,13,27,0.0,1.5383735056137533,0.0,8.0,7.0,0.0,7.0,7.5,11.1,,,,27.0,2018-01-13,2018-01-06,33.33333333,Stream 0056
5303306,0.8660254037844386,0.5000000000000001,14,29,3.5361166994644386,1.1787055664881463,1.7680583497322193,11.0,8.0,3.5361166994644386,8.0,7.0,11.6,,,,29.0,2018-02-11,2018-02-04,0.0,Stream 0056
5303306,1.0,6.123233995736766e-17,15,28,0.0,1.1787055664881463,0.0,4.0,5.5,-3.5361166994644386,5.5,7.0,11.5,,,,28.0,2018-03-11,2018-03-04,0.0,Stream 0056
5303306,0.8660254037844387,-0.49999999999999983,16,29,0.0,1.1787055664881463,0.0,7.0,5.0,0.0,5.0,7.0,11.2,,,,29.0,2018-04-09,2018-04-02,0.0,Stream 0056
5303306,0.49999999999999994,-0.8660254037844387,17,33,0.0,0.0,0.0,10.5,8.5,0.0,8.5,8.0,10.5,,,,33.0,2018-05-12,2018-05-05,0.0,Stream 0056
5303306,1.2246467991473532e-16,-1.0,18,29,0.0,0.0,0.0,21.0,12.5,0.0,12.5,7.5,9.4,,,,29.0,2018-06-10,2018-06-03,100.0,Stream 0056
5303306,-0.4999999999999998,-0.8660254037844388,19,28,4.61512051684126,1.5383735056137533,0.0,13.0,12.0,4.61512051684126,12.0,7.5,9.7,,,,28.0,2018-07-08,2018-07-01,83.33333333,Stream 0056
5303306,-0.8660254037844384,-0.5000000000000004,20,35,4.434777200019885,3.016632572287048,0.0,23.0,16.0,-0.18034331682137505,16.0,7.5,8.4,,,,35.0,2018-08-12,2018-08-05,50.0,Stream 0056
5303306,-1.0,-1.8369701987210297e-16,21,34,3.9318256327243257,4.32724111652849,0.0,19.0,16.0,-0.5029515672955589,16.0,7.5,9.5,,,,34.0,2018-09-15,2018-09-08,116.6666667,Stream 0056
5303306,-0.8660254037844386,0.5000000000000001,22,35,4.767855768548473,4.378152867097561,1.7680583497322193,15.0,14.0,0.8360301358241471,14.0,7.5,9.9,,,,35.0,2018-10-20,2018-10-13,0.0,Stream 0056
5303306,-0.5000000000000004,0.8660254037844384,23,29,0.0,2.899893800424266,0.0,11.5,11.5,-4.767855768548473,11.5,7.5,7.5,,,,29.0,2018-11-18,2018-11-11,0.0,Stream 0056
5303306,-2.4492935982947064e-16,1.0,24,20,0.0,1.5892852561828243,0.0,6.0,8.0,0.0,8.0,7.0,11.5,,,,20.0,2018-12-08,2018-12-01,0.0,Stream 0056
5303306,0.49999999999999994,0.8660254037844387,25,43,0.0,0.0,0.0,4.2,6.5,0.0,6.5,7.5,12.3,,,,43.0,2019-01-20,2019-01-13,0.0,Stream 0056
5303306,0.8660254037844386,0.5000000000000001,26,28,0.0,0.0,0.0,7.0,6.5,0.0,6.5,7.5,10.9,,,,28.0,2019-02-17,2019-02-10,33.33333333,Stream 0056
5303306,1.0,6.123233995736766e-17,27,28,3.5361166994644386,1.1787055664881463,0.0,3.0,4.0,3.5361166994644386,4.0,7.0,12.4,,,,28.0,2019-03-17,2019-03-10,0.0,Stream 0056
5303306,0.8660254037844387,-0.49999999999999983,28,28,0.0,1.1787055664881463,0.0,10.5,6.0,-3.5361166994644386,6.0,7.5,11.0,,,,28.0,2019-04-14,2019-04-07,50.0,Stream 0056
5303306,0.49999999999999994,-0.8660254037844387,29,36,3.9318256327243257,2.489314110729588,0.0,8.0,8.5,3.9318256327243257,8.5,7.0,10.4,,,,36.0,2019-05-20,2019-05-13,200.0,Stream 0056
5303306,1.2246467991473532e-16,-1.0,30,25,5.303304908059076,3.078376846927801,0.0,14.0,12.5,1.37147927533475,12.5,7.5,9.7,,,,25.0,2019-06-14,2019-06-07,0.0,Stream 0056
5303306,-0.4999999999999998,-0.8660254037844388,31,23,0.0,3.078376846927801,0.0,15.5,14.0,-5.303304908059076,14.0,7.5,9.5,,,,23.0,2019-07-07,2019-06-30,0.0,Stream 0056
5303306,-0.8660254037844384,-0.5000000000000004,32,36,0.0,1.7677683026863587,0.0,18.0,14.5,0.0,14.5,8.0,9.1,,,,36.0,2019-08-12,2019-08-05,0.0,Stream 0056
5303306,-0.8660254037844384,-0.5000000000000004,33,15,0.0,0.0,0.0,9.0,8.5,0.0,8.5,7.5,10.0,,,,15.0,2019-08-27,2019-08-20,100.0,Stream 0056
5303306,-2.4492935982947064e-16,1.0,34,103,4.61512051684126,1.5383735056137533,0.0,26.0,17.5,4.61512051684126,12.0,7.5,9.7,,,,56.0,2019-12-08,2019-12-01,0.0,Stream 0056
5303306,0.49999999999999994,0.8660254037844387,35,49,0.0,1.5383735056137533,0.0,9.0,8.5,-4.61512051684126,8.5,7.5,10.0,,,,49.0,2020-01-26,2020-01-19,0.0,Stream 0056
5303306,0.8660254037844386,0.5000000000000001,36,34,0.0,1.5383735056137533,0.0,12.5,8.0,0.0,8.0,7.0,10.4,,,,34.0,2020-02-29,2020-02-22,0.0,Stream 0056
5303306,-0.4999999999999998,-0.8660254037844388,38,92,0.0,0.0,0.0,12.0,8.5,0.0,8.5,8.0,10.4,,,,92.0,2021-07-12,2021-07-05,66.66666667,Stream 0056
5303306,0.49999999999999994,-0.8660254037844387,43,28,4.434777200019885,4.6260235433867924,0.0,18.5,10.0,-1.47239953065617,10.0,8.0,9.8,,,,28.0,2024-05-18,2024-05-11,350.0,Stream 0056
5303306,1.2246467991473532e-16,-1.0,44,36,5.860786223465865,5.400913384720602,0.0,10.0,11.0,1.4260090234459808,11.0,8.0,10.3,,,,36.0,2024-06-23,2024-06-16,400.0,Stream 0056
5303306,-0.4999999999999998,-0.8660254037844388,45,36,5.993961427306569,5.429841616930773,0.0,17.0,14.0,0.13317520384070392,14.0,8.0,9.5,197.0,,,36.0,2024-07-29,2024-07-22,450.0,Stream 0056
5303306,-0.8660254037844384,-0.5000000000000004,46,19,6.111467339502679,5.988738330091704,1.7680583497322193,17.0,15.0,0.11750591219610929,15.0,8.0,8.9,206.0,,,19.0,2024-08-17,2024-08-10,166.67,Stream 0056
5303306,-1.0,-1.8369701987210297e-16,47,36,5.121997761949716,5.7424755095863205,3.5361166994644386,21.5,16.0,-0.9894695775529625,16.0,8.0,8.9,192.0,,,36.0,2024-09-22,2024-09-15,200.0,Stream 0056
5303306,-0.8660254037844386,0.5000000000000001,48,21,5.303304908059076,5.512256669837157,3.5361166994644386,16.5,14.0,0.1813071461093596,14.0,8.0,9.3,190.0,,,21.0,2024-10-13,2024-10-06,383.33,Stream 0056
5303306,-2.4492935982947064e-16,1.0,49,70,5.951501558536452,5.458934742848414,3.5361166994644386,13.0,12.0,0.6481966504773764,12.0,8.0,9.1,195.0,,,70.0,2024-12-22,2024-12-15,116.67,Stream 0056
5303306,0.8660254037844386,0.5000000000000001,50,42,4.7678840964758376,5.340896854357122,3.5361166994644386,9.0,8.5,-1.1836174620606146,8.5,8.0,10.7,141.0,,,42.0,2025-02-02,2025-01-26,66.67,Stream 0056
5303306,1.0,6.123233995736766e-17,51,28,4.2146429502441345,4.978009535085474,3.5361166994644386,1.5,5.0,-0.5532411462317031,5.0,8.0,11.6,188.0,,,28.0,2025-03-02,2025-02-23,50.0,Stream 0056
5303306,0.8660254037844387,-0.49999999999999983,52,34,3.9318256327243257,4.304784226481433,3.5361166994644386,10.5,8.0,-0.28281731751980876,8.0,8.0,10.7,168.0,,,34.0,2025-04-05,2025-03-29,16.67,Stream 0056
5303306,0.49999999999999994,-0.8660254037844387,53,29,2.871868286331605,3.672778956433355,3.5361166994644386,21.0,,-1.0599573463927205,10.0,8.0,10.1,178.0,,,28.0,2025-05-04,2025-04-27,16.67,Stream 0056
5303306,1.2246467991473532e-16,-1.0,54,28,2.871868286331605,3.225187401795845,3.5361166994644386,12.5,9.0,0.0,9.0,7.5,10.1,185.0,,,28.0,2025-06-01,2025-05-25,100.0,Stream 0056
5303306,-0.4999999999999998,-0.8660254037844388,55,35,4.61512051684126,3.4529523631681567,3.5361166994644386,16.0,12.0,1.7432522305096545,12.0,7.5,9.2,194.0,,,35.0,2025-07-06,2025-06-29,183.33,Stream 0056
5303306,-0.8660254037844384,-0.5000000000000004,56,28,5.216727629508083,4.234572144226983,3.5361166994644386,23.5,17.0,0.601607112666823,17.0,7.5,8.9,186.0,,,28.0,2025-08-03,2025-07-27,150.0,Stream 0056
5303306,-1.0,-1.8369701987210297e-16,57,35,5.017279836814924,4.949709327721422,3.5361166994644386,18.0,14.5,-0.19944779269315838,14.5,7.5,8.7,194.0,,,35.0,2025-09-07,2025-08-31,266.67,Stream 0056
5303306,-0.8660254037844386,0.5000000000000001,58,35,5.5897548785012345,5.2745874482747475,3.733971166094382,18.0,15.0,0.5724750416863102,15.0,7.0,8.1,178.0,,,35.0,2025-10-12,2025-10-05,183.33,Stream 0056
5303306,-2.4492935982947064e-16,1.0,59,55,5.216727629508083,5.2745874482747475,3.9318256327243257,10.0,13.0,-0.37302724899315187,10.5,7.0,9.0,129.0,,,34.0,2025-12-06,2025-11-29,1033.33,Stream 0056
5303306,0.49999999999999994,0.8660254037844387,60,29,6.941509153087356,5.915997220365558,3.9318256327243257,12.0,9.0,1.7247815235792734,9.0,7.0,9.6,,,,29.0,2026-01-04,2025-12-28,233.33,Stream 0056
5303306,0.8660254037844386,0.5000000000000001,61,28,5.456730378290316,5.8716557202952515,3.9318256327243257,10.0,7.5,-1.4847787747970402,7.5,7.0,10.1,89.0,,,28.0,2026-02-01,2026-01-25,133.33,Stream 0056
5303307,-0.5000000000000004,0.8660254037844384,2,34,5.121977881630436,5.289361242315373,5.289361242315373,14.0,12.5,-0.3347667213698715,,,,,,,,2015-11-15,2015-11-08,200.0,Swamp Creek
5303307,-2.4492935982947064e-16,1.0,3,30,5.303304908059076,5.294009130896607,5.303304908059076,5.5,8.0,0.1813270264286393,,,,,,,,2015-12-15,2015-12-08,33.33333333,Swamp Creek
5303307,0.49999999999999994,0.8660254037844387,4,32,3.5361166994644386,4.6537998297179834,5.212641394844756,4.5,5.5,-1.767188208594637,,,,,,,,2016-01-16,2016-01-09,0.0,Swamp Creek
5303307,0.8660254037844386,0.5000000000000001,5,24,0.0,2.9464738691745045,5.121977881630436,8.0,6.5,-3.5361166994644386,,,,,,,,2016-02-09,2016-02-02,0.0,Swamp Creek
5303307,1.0,6.123233995736766e-17,6,24,0.0,1.1787055664881463,4.329047290547438,10.0,5.5,0.0,,,,,,,,2016-03-04,2016-02-26,0.0,Swamp Creek
5303307,0.8660254037844387,-0.49999999999999983,7,31,0.0,0.0,3.5361166994644386,10.0,7.0,0.0,,,,,,,,2016-04-04,2016-03-28,300.0,Swamp Creek
5303307,0.49999999999999994,-0.8660254037844387,8,41,5.707110264748875,1.902370088249625,4.329047290547438,10.0,10.0,5.707110264748875,,,,,,,,2016-05-15,2016-05-08,100.0,Swamp Creek
5303307,1.2246467991473532e-16,-1.0,9,22,4.61512051684126,3.440743593863379,4.61512051684126,10.0,11.0,-1.0919897479076157,,,,,,,,2016-06-06,2016-05-30,100.0,Swamp Creek
5303307,-0.4999999999999998,-0.8660254037844388,10,26,4.61512051684126,4.979117099477132,4.61512051684126,26.5,19.0,0.0,,,,,,,,2016-07-02,2016-06-25,166.6666667,Swamp Creek
5303307,-0.8660254037844384,-0.5000000000000004,11,38,5.121977881630436,4.784072971770986,4.61512051684126,20.0,17.0,0.5068573647891768,,,,,,,,2016-08-09,2016-08-02,300.0,Swamp Creek
5303307,-0.8660254037844384,-0.5000000000000004,12,12,5.707110264748875,5.148069554406857,4.868549199235848,18.0,16.5,0.585132383118439,,,,,,,,2016-08-21,2016-08-14,33.33333333,Swamp Creek
5303307,-1.0,-1.8369701987210297e-16,13,13,3.5361166994644386,4.78840161528125,4.61512051684126,20.5,17.0,-2.1709935652844368,,,,,,,,2016-09-03,2016-08-27,1566.666667,Swamp Creek
5303307,-0.8660254037844386,0.5000000000000001,14,44,7.357343593489569,5.5335235192342935,4.868549199235848,14.5,15.0,3.82122689402513,,,,,,,,2016-10-17,2016-10-10,100.0,Swamp Creek
5303307,-0.5000000000000004,0.8660254037844384,15,24,4.61512051684126,5.169526936598422,4.61512051684126,12.0,11.0,-2.742223076648309,,,,,,,,2016-11-10,2016-11-03,33.33333333,Swamp Creek
5303307,-2.4492935982947064e-16,1.0,16,23,3.5361166994644386,5.169526936598422,4.61512051684126,14.5,11.0,-1.079003817376821,,,,,,,,2016-12-03,2016-11-26,0.0,Swamp Creek
5303307,0.49999999999999994,0.8660254037844387,17,36,0.0,2.7170790721018996,4.61512051684126,8.5,8.5,-3.5361166994644386,,,,,,,,2017-01-08,2017-01-01,66.66666667,Swamp Creek
5303307,0.8660254037844386,0.5000000000000001,18,28,4.214593690422939,2.583570129962459,4.61512051684126,7.5,2.5,4.214593690422939,,,,,,,,2017-02-05,2017-01-29,33.33333333,Swamp Creek
5303307,1.0,6.123233995736766e-17,19,27,3.5361166994644386,2.583570129962459,4.61512051684126,9.0,5.0,-0.6784769909585004,,,,,,,,2017-03-04,2017-02-25,0.0,Swamp Creek
5303307,0.8660254037844387,-0.49999999999999983,20,29,0.0,2.583570129962459,4.4148571036321,8.0,7.0,-3.5361166994644386,,,,,,,,2017-04-02,2017-03-26,200.0,Swamp Creek
5303307,0.49999999999999994,-0.8660254037844387,21,34,5.303304908059076,2.9464738691745045,4.61512051684126,11.5,11.0,5.303304908059076,,,,,,,,2017-05-06,2017-04-29,266.6666667,Swamp Creek
5303307,1.2246467991473532e-16,-1.0,22,26,5.589742425403185,3.6310157778207532,4.61512051684126,11.5,11.5,0.28643751734410916,,,,,,,,2017-06-01,2017-05-25,33.33333333,Swamp Creek
5303307,-0.4999999999999998,-0.8660254037844388,23,34,3.5361166994644386,4.809721344308899,4.61512051684126,19.0,15.0,-2.0536257259387463,,,,,,,,2017-07-05,2017-06-28,0.0,Swamp Creek
5303307,-0.8660254037844384,-0.5000000000000004,24,32,0.0,3.0419530416225413,4.4148571036321,21.0,17.5,-3.5361166994644386,,,,,,,,2017-08-06,2017-07-30,133.3333333,Swamp Creek
5303307,-1.0,-1.8369701987210297e-16,25,28,4.900324273030434,2.8121469908316246,4.61512051684126,24.5,18.5,4.900324273030434,,,,,,,,2017-09-03,2017-08-27,133.3333333,Swamp Creek
5303307,-1.0,-1.8369701987210297e-16,26,17,4.900324273030434,3.266882848686956,4.61512051684126,26.0,17.5,0.0,,,,,,,,2017-09-20,2017-09-13,66.66666667,Swamp Creek
5303307,-0.8660254037844386,0.5000000000000001,27,11,4.214593690422939,4.671747412161269,4.61512051684126,13.5,12.5,-0.6857305826074951,,,,,,,,2017-10-01,2017-09-24,100.0,Swamp Creek
5303307,-0.5000000000000004,0.8660254037844384,28,35,4.61512051684126,4.576679493431544,4.61512051684126,15.0,13.0,0.4005268264183206,,,,,,,,2017-11-05,2017-10-29,433.3333333,Swamp Creek
5303307,-2.4492935982947064e-16,1.0,29,44,6.073812288379989,4.96784216521473,4.61512051684126,3.5,6.0,1.4586917715387298,,,,,,,,2017-12-19,2017-12-12,166.6666667,Swamp Creek
5303307,0.49999999999999994,0.8660254037844387,30,33,5.121977881630436,5.270303562283895,4.61512051684126,6.5,8.0,-0.951834406749553,,,,,,,,2018-01-21,2018-01-14,0.0,Swamp Creek
5303307,0.8660254037844386,0.5000000000000001,31,21,0.0,3.731930056670142,4.61512051684126,8.5,7.0,-5.121977881630436,,,,,,,,2018-02-11,2018-02-04,66.66666667,Swamp Creek
5303307,1.0,6.123233995736766e-17,32,33,4.214593690422939,3.1121905240177923,4.61512051684126,6.0,5.0,4.214593690422939,,,,,,,,2018-03-16,2018-03-09,33.33333333,Swamp Creek
5303307,0.8660254037844387,-0.49999999999999983,33,28,3.5361166994644386,2.583570129962459,4.61512051684126,10.5,5.5,-0.6784769909585004,,,,,,,,2018-04-13,2018-04-06,0.0,Swamp Creek
5303307,0.49999999999999994,-0.8660254037844387,34,32,0.0,2.583570129962459,4.4148571036321,10.0,8.5,-3.5361166994644386,,,,,,,,2018-05-15,2018-05-08,133.3333333,Swamp Creek
5303307,1.2246467991473532e-16,-1.0,35,21,4.900324273030434,2.8121469908316246,4.61512051684126,20.0,16.0,4.900324273030434,,,,,,,,2018-06-05,2018-05-29,100.0,Swamp Creek
5303307,-0.4999999999999998,-0.8660254037844388,36,45,4.61512051684126,3.171814929957231,4.61512051684126,16.5,13.0,-0.2852037561891745,,,,,,,,2018-07-20,2018-07-13,83.33333333,Swamp Creek
5303307,0.8660254037844386,0.5000000000000001,38,31,3.9318256327243257,4.32724111652849,4.524948858430572,4.5,3.0,-0.5029515672955589,,,,,,,,2019-02-14,2019-02-07,100.0,Swamp Creek
5303307,1.0,6.123233995736766e-17,39,24,4.61512051684126,4.32724111652849,4.61512051684126,2.0,1.0,0.683294884116934,,,,,,,,2019-03-10,2019-03-03,0.0,Swamp Creek
5303307,0.8660254037844387,-0.49999999999999983,40,31,0.0,2.848982049855195,4.524948858430572,5.5,2.5,-4.61512051684126,,,,,,,,2019-04-10,2019-04-03,16.66666667,Swamp Creek
5303307,0.49999999999999994,-0.8660254037844387,41,29,2.8716796250726913,2.4956000473046505,4.434777200019885,9.0,9.0,2.8716796250726913,,,,,,,,2019-05-09,2019-05-02,133.3333333,Swamp Creek
5303307,1.2246467991473532e-16,-1.0,42,47,4.900324273030434,2.5906679660343754,4.524948858430572,21.0,14.0,2.028644647957743,,,,,,,,2019-06-25,2019-06-18,83.33333333,Swamp Creek
5303307,-0.4999999999999998,-0.8660254037844388,43,30,4.434777200019885,4.06892703270767,4.434777200019885,20.0,15.0,-0.46554707301054954,,,,,,,,2019-07-25,2019-07-18,150.0,Swamp Creek
5303307,-0.8660254037844384,-0.5000000000000004,44,37,5.017279836814924,4.784127103288415,4.524948858430572,19.5,16.0,0.5825026367950397,,,,,,,,2019-08-31,2019-08-24,311.1111111,Swamp Creek
5303307,-1.0,-1.8369701987210297e-16,45,13,5.743359249732425,5.065138762189078,4.61512051684126,21.5,17.0,0.7260794129175006,,,,,,,,2019-09-13,2019-09-06,133.3333333,Swamp Creek
5303307,-0.8660254037844386,0.5000000000000001,46,48,4.900324273030434,5.220321119859261,4.61512051684126,17.0,16.0,-0.8430349767019907,,,,,,,,2019-10-31,2019-10-24,22.22222222,Swamp Creek
5303307,-0.5000000000000004,0.8660254037844384,47,22,3.1451096745328977,4.596264399098586,4.61512051684126,7.0,5.5,-1.7552145984975365,,,,,,,,2019-11-22,2019-11-15,0.0,Swamp Creek
5303307,-2.4492935982947064e-16,1.0,48,39,0.0,2.681811315854444,4.524948858430572,5.5,5.0,-3.1451096745328977,,,,,,,,2019-12-31,2019-12-24,16.66666667,Swamp Creek
5303307,0.49999999999999994,0.8660254037844387,49,18,2.8716796250726913,2.005596433201863,4.434777200019885,9.0,7.0,2.8716796250726913,,,,,,,,2020-01-18,2020-01-11,33.33333333,Swamp Creek
5303307,0.8660254037844386,0.5000000000000001,50,39,3.5361166994644386,2.1359321081790434,4.434777200019885,8.5,6.0,0.6644370743917474,,,,,,,,2020-02-26,2020-02-19,0.0,Swamp Creek
5303307,1.0,6.123233995736766e-17,51,31,0.0,2.1359321081790434,4.434777200019885,8.0,7.0,-3.5361166994644386,,,,,,,,2020-03-28,2020-03-21,0.0,Swamp Creek
5303307,0.8660254037844387,-0.49999999999999983,52,32,0.0,1.1787055664881463,4.324685445221412,10.0,8.0,0.0,,,,,,,,2020-04-29,2020-04-22,11.11111111,Swamp Creek
5303307,0.49999999999999994,-0.8660254037844387,53,29,2.4941233048011813,0.8313744349337271,4.214593690422939,19.0,13.5,2.4941233048011813,,,,,,,,2020-05-28,2020-05-21,100.0,Swamp Creek
5303307,1.2246467991473532e-16,-1.0,54,16,4.61512051684126,2.36974794054748,4.324685445221412,19.5,14.0,2.1209972120400784,,,,,,,,2020-06-13,2020-06-06,150.0,Swamp Creek
5303307,-0.4999999999999998,-0.8660254037844388,55,46,5.017279836814924,4.042174552819122,4.434777200019885,14.0,13.5,0.4021593199736646,,,,,,,,2020-07-29,2020-07-22,100.0,Swamp Creek
5303307,-0.8660254037844384,-0.5000000000000004,56,10,4.61512051684126,4.749173623499147,4.434777200019885,25.0,18.5,-0.4021593199736646,,,,,,,,2020-08-08,2020-08-01,250.0,Swamp Creek
5303307,-1.0,-1.8369701987210297e-16,57,49,5.5254529391317835,5.0526177642626555,4.434777200019885,18.5,16.5,0.9103324222905238,,,,,,,,2020-09-26,2020-09-19,250.0,Swamp Creek
5303307,-0.8660254037844386,0.5000000000000001,58,35,5.5254529391317835,5.222008798368276,4.524948858430572,15.5,14.0,0.0,,,,,,,,2020-10-31,2020-10-24,50.0,Swamp Creek
5303307,-0.5000000000000004,0.8660254037844384,59,30,3.9318256327243257,4.994243836995964,4.434777200019885,7.0,7.5,-1.5936273064074578,,,,,,,,2020-11-30,2020-11-23,66.66666667,Swamp Creek
5303307,-2.4492935982947064e-16,1.0,60,22,4.214593690422939,4.5572907540930165,4.434777200019885,8.0,6.5,0.28276805769861335,,,,,,,,2020-12-22,2020-12-15,233.3333333,Swamp Creek
5303307,0.49999999999999994,0.8660254037844387,61,38,5.456744603000308,4.534387975382525,4.434777200019885,5.0,6.0,1.2421509125773689,,,,,,,,2021-01-29,2021-01-22,0.0,Swamp Creek
5303307,0.8660254037844386,0.5000000000000001,62,30,0.0,3.2237794311410823,4.434777200019885,7.0,6.0,-5.456744603000308,,,,,,,,2021-02-28,2021-02-21,0.0,Swamp Creek
5303307,1.0,6.123233995736766e-17,63,26,0.0,1.8189148676667692,4.434777200019885,9.0,7.0,0.0,,,,,,,,2021-03-26,2021-03-19,100.0,Swamp Creek
5303307,0.8660254037844387,-0.49999999999999983,64,24,4.61512051684126,1.5383735056137533,4.434777200019885,9.5,7.0,4.61512051684126,,,,,,,,2021-04-19,2021-04-12,16.66666667,Swamp Creek
5303307,0.49999999999999994,-0.8660254037844387,65,38,2.8716796250726913,2.4956000473046505,4.434777200019885,14.0,11.0,-1.7434408917685684,,,,,,,,2021-05-27,2021-05-20,200.0,Swamp Creek
5303307,1.2246467991473532e-16,-1.0,66,29,5.303304908059076,4.263368349991009,4.434777200019885,13.0,12.5,2.4316252829863845,,,,,,,,2021-06-25,2021-06-18,66.66666667,Swamp Creek
5303307,-0.4999999999999998,-0.8660254037844388,67,27,4.214593690422939,4.129859407851568,4.434777200019885,25.5,19.5,-1.0887112176361367,,,,,,,,2021-07-22,2021-07-15,166.6666667,Swamp Creek
5303308,-0.5000000000000004,0.8660254037844384,2,37,7.1449332195231,6.224119063791088,6.224119063791088,17.0,14.0,1.8416283114640244,14.0,8.3,9.3,,,,37.0,2015-11-16,2015-11-09,0.0,MacAleer Creek
5303308,-2.4492935982947064e-16,1.0,3,31,0.0,4.149412709194059,5.303304908059076,6.0,8.0,-7.1449332195231,8.0,8.0,9.9,,,,31.0,2015-12-17,2015-12-10,100.0,MacAleer Creek
5303308,0.49999999999999994,0.8660254037844387,4,37,4.61512051684126,3.920017912121453,4.959212712450167,3.0,5.0,4.61512051684126,5.0,8.0,10.7,,,,37.0,2016-01-23,2016-01-16,66.66666667,MacAleer Creek
5303308,0.8660254037844386,0.5000000000000001,5,30,4.214593690422939,2.9432380690880664,4.61512051684126,7.0,6.0,-0.4005268264183206,6.0,7.0,10.5,,,,30.0,2016-02-22,2016-02-15,0.0,MacAleer Creek
5303308,1.0,6.123233995736766e-17,6,29,0.0,2.9432380690880664,4.4148571036321,7.5,8.0,-4.214593690422939,8.0,8.0,11.3,,,,29.0,2016-03-22,2016-03-15,166.6666667,MacAleer Creek
5303308,0.8660254037844387,-0.49999999999999983,7,25,5.121977881630436,3.1121905240177923,4.61512051684126,8.0,9.5,5.121977881630436,9.5,8.0,10.0,,,,25.0,2016-04-16,2016-04-09,400.0,MacAleer Creek
5303308,0.49999999999999994,-0.8660254037844387,8,33,5.993961427306569,3.7053131029790016,4.868549199235848,11.5,13.7,0.8719835456761329,13.7,8.0,10.0,,,,33.0,2016-05-19,2016-05-12,0.0,MacAleer Creek
5303308,1.2246467991473532e-16,-1.0,9,34,0.0,3.7053131029790016,4.61512051684126,10.0,11.0,-5.993961427306569,11.0,8.0,9.2,,,,34.0,2016-06-22,2016-06-15,33.33333333,MacAleer Creek
5303308,-0.4999999999999998,-0.8660254037844388,10,24,3.5361166994644386,3.176692708923669,4.4148571036321,17.0,14.5,3.5361166994644386,14.5,8.0,8.6,,,,24.0,2016-07-16,2016-07-09,66.66666667,MacAleer Creek
5303308,-0.8660254037844384,-0.5000000000000004,11,24,4.214593690422939,2.583570129962459,4.214593690422939,18.0,14.0,0.6784769909585004,14.0,8.0,8.6,,,,24.0,2016-08-09,2016-08-02,100.0,MacAleer Creek
5303308,-1.0,-1.8369701987210297e-16,12,25,4.61512051684126,4.121943635576212,4.4148571036321,12.0,10.0,0.4005268264183206,10.0,8.0,9.2,,,,25.0,2016-09-03,2016-08-27,400.0,MacAleer Creek
5303308,-0.8660254037844386,0.5000000000000001,13,54,5.993961427306569,4.94122521152359,4.61512051684126,13.0,13.5,1.3788409104653097,13.5,7.5,8.6,,,,54.0,2016-10-27,2016-10-20,66.66666667,MacAleer Creek
5303308,-0.5000000000000004,0.8660254037844384,14,33,4.214593690422939,4.941225211523589,4.4148571036321,12.0,12.0,-1.7793677368836303,12.0,9.2,10.0,,,,33.0,2016-11-29,2016-11-22,100.0,MacAleer Creek
5303308,-2.4492935982947064e-16,1.0,15,17,4.61512051684126,4.94122521152359,4.61512051684126,9.0,9.5,0.4005268264183206,9.5,7.5,10.1,,,,17.0,2016-12-16,2016-12-09,0.0,MacAleer Creek
5303308,0.8660254037844386,0.5000000000000001,16,69,0.0,2.9432380690880664,4.4148571036321,-1.0,4.0,-4.61512051684126,5.0,7.5,11.0,,,,33.0,2017-02-23,2017-02-16,0.0,MacAleer Creek
5303308,1.0,6.123233995736766e-17,17,15,0.0,1.5383735056137533,4.214593690422939,6.6,6.6,0.0,6.0,8.0,11.0,,,,15.0,2017-03-10,2017-03-03,0.0,MacAleer Creek
5303308,0.8660254037844387,-0.49999999999999983,18,36,0.0,0.0,4.214593690422939,12.0,8.0,0.0,8.0,7.5,10.0,,,,36.0,2017-04-15,2017-04-08,0.0,MacAleer Creek
5303308,0.49999999999999994,-0.8660254037844387,19,37,0.0,0.0,4.214593690422939,11.0,10.0,0.0,10.0,8.0,9.0,,,,37.0,2017-05-22,2017-05-15,166.6666667,MacAleer Creek
5303308,-0.4999999999999998,-0.8660254037844388,20,44,5.121977881630436,1.7073259605434787,4.214593690422939,16.0,12.0,5.121977881630436,14.0,8.0,8.8,,,,15.0,2017-07-05,2017-06-28,233.3333333,MacAleer Creek
5303308,-0.8660254037844384,-0.5000000000000004,21,48,5.456744603000308,3.5262408282102484,4.214593690422939,17.0,14.0,0.3347667213698715,14.0,8.0,9.4,,,,38.0,2017-08-22,2017-08-15,166.6666667,MacAleer Creek
5303308,-1.0,-1.8369701987210297e-16,22,29,5.121977881630436,5.233566788753727,4.4148571036321,23.0,16.0,-0.3347667213698715,16.0,7.5,7.8,,,,29.0,2017-09-20,2017-09-13,100.0,MacAleer Creek
5303308,-0.8660254037844386,0.5000000000000001,23,31,4.61512051684126,5.064614333824001,4.61512051684126,13.0,12.5,-0.5068573647891768,12.5,8.0,9.9,,,,31.0,2017-10-21,2017-10-14,300.0,MacAleer Creek
5303308,-0.5000000000000004,0.8660254037844384,24,26,5.707110264748875,5.148069554406857,4.61512051684126,7.0,11.0,1.0919897479076157,11.0,8.0,9.5,,,,26.0,2017-11-16,2017-11-09,66.66666667,MacAleer Creek
5303308,-2.4492935982947064e-16,1.0,25,26,4.214593690422939,4.845608157337692,4.61512051684126,7.0,8.5,-1.4925165743259363,8.5,7.5,10.1,,,,26.0,2017-12-12,2017-12-05,66.66666667,MacAleer Creek
5303308,0.49999999999999994,0.8660254037844387,26,39,4.214593690422939,4.7120992151982515,4.4148571036321,4.0,6.0,0.0,6.0,7.5,11.3,,,,39.0,2018-01-20,2018-01-13,66.66666667,MacAleer Creek
5303308,0.8660254037844386,0.5000000000000001,27,31,4.214593690422939,4.214593690422939,4.214593690422939,7.0,5.5,0.0,6.0,7.5,10.7,,,,31.0,2018-02-20,2018-02-13,66.66666667,MacAleer Creek
5303308,1.0,6.123233995736766e-17,28,27,4.214593690422939,4.214593690422939,4.214593690422939,3.0,5.0,0.0,5.0,8.0,11.6,,,,27.0,2018-03-19,2018-03-12,100.0,MacAleer Creek
5303308,0.8660254037844387,-0.49999999999999983,29,33,4.61512051684126,4.348102632562379,4.214593690422939,10.0,9.0,0.4005268264183206,9.0,7.5,10.0,,,,33.0,2018-04-21,2018-04-14,133.3333333,MacAleer Creek
5303308,0.49999999999999994,-0.8660254037844387,30,31,4.900324273030434,4.576679493431545,4.4148571036321,11.0,10.0,0.2852037561891745,10.0,7.5,9.6,,,,31.0,2018-05-22,2018-05-15,200.0,MacAleer Creek
5303308,1.2246467991473532e-16,-1.0,31,20,5.303304908059076,4.93958323264359,4.61512051684126,20.5,13.0,0.40298063502864157,13.0,7.5,8.3,,,,20.0,2018-06-11,2018-06-04,300.0,MacAleer Creek
5303308,-0.4999999999999998,-0.8660254037844388,32,40,5.707110264748875,5.303579815279462,4.61512051684126,13.0,12.0,0.40380535668979967,12.0,7.5,9.3,,,,40.0,2018-07-21,2018-07-14,700.0,MacAleer Creek
5303308,-0.8660254037844384,-0.5000000000000004,33,38,6.55250788703459,5.85430768661418,4.61512051684126,,,0.8453976222857147,,7.5,9.0,,,,38.0,2018-08-28,2018-08-21,433.3333333,MacAleer Creek
5303308,-1.0,-1.8369701987210297e-16,34,31,6.073812288379989,6.111143480054484,4.61512051684126,10.0,5.5,-0.47869559865460065,5.5,7.5,9.1,,,,31.0,2018-09-28,2018-09-21,200.0,MacAleer Creek
5303308,-0.8660254037844386,0.5000000000000001,35,22,5.303304908059076,5.976541694491218,4.61512051684126,9.5,7.5,-0.7705073803209137,7.5,7.5,9.2,,,,22.0,2018-10-20,2018-10-13,300.0,MacAleer Creek
5303308,-0.5000000000000004,0.8660254037844384,36,30,5.707110264748875,5.694742487062648,4.61512051684126,4.0,5.0,0.40380535668979967,5.0,8.0,10.1,,,,30.0,2018-11-19,2018-11-12,66.66666667,MacAleer Creek
5303308,0.49999999999999994,0.8660254037844387,37,61,4.214593690422939,5.075002954410297,4.61512051684126,5.6,7.0,-1.4925165743259363,7.5,8.0,10.4,,,,36.0,2019-01-19,2019-01-12,33.33333333,MacAleer Creek
5303308,0.8660254037844386,0.5000000000000001,38,33,3.5361166994644386,4.485940218212084,4.61512051684126,10.5,7.5,-0.6784769909585004,7.5,7.5,10.2,,,,33.0,2019-02-21,2019-02-14,66.66666667,MacAleer Creek
5303308,1.0,6.123233995736766e-17,39,25,4.214593690422939,3.9884346934367723,4.61512051684126,4.5,4.0,0.6784769909585004,4.0,7.5,11.8,,,,25.0,2019-03-18,2019-03-11,33.33333333,MacAleer Creek
5303308,0.8660254037844387,-0.49999999999999983,40,33,3.5361166994644386,3.762275696450605,4.61512051684126,11.0,7.0,-0.6784769909585004,7.0,8.0,10.5,,,,33.0,2019-04-20,2019-04-13,33.33333333,MacAleer Creek
5303308,0.49999999999999994,-0.8660254037844387,41,35,3.5361166994644386,3.762275696450605,4.61512051684126,10.0,10.5,0.0,10.5,8.0,10.1,,,,35.0,2019-05-25,2019-05-18,66.66666667,MacAleer Creek
5303308,1.2246467991473532e-16,-1.0,42,27,4.214593690422939,3.762275696450606,4.4148571036321,11.0,12.5,0.6784769909585004,12.5,8.0,8.7,,,,27.0,2019-06-21,2019-06-14,166.6666667,MacAleer Creek
5303308,-0.4999999999999998,-0.8660254037844388,43,29,5.121977881630436,4.290896090505938,4.61512051684126,14.5,13.0,0.9073841912074974,13.0,7.5,9.4,,,,29.0,2019-07-20,2019-07-13,33.33333333,MacAleer Creek
5303308,-0.8660254037844384,-0.5000000000000004,44,27,3.5361166994644386,4.290896090505938,4.4148571036321,18.5,12.5,-1.5858611821659978,12.5,8.0,9.3,,,,27.0,2019-08-16,2019-08-09,433.3333333,MacAleer Creek
5303308,-1.0,-1.8369701987210297e-16,45,27,6.073812288379989,4.910635623158289,4.61512051684126,16.5,14.0,2.537695588915551,14.0,8.0,8.9,,,,27.0,2019-09-12,2019-09-05,133.3333333,MacAleer Creek
5303308,-1.0,-1.8369701987210297e-16,46,12,4.900324273030434,4.836751086958287,4.61512051684126,5.5,7.5,-1.1734880153495553,7.5,7.5,10.1,,,,12.0,2019-09-24,2019-09-17,166.6666667,MacAleer Creek
5303308,-0.8660254037844386,0.5000000000000001,47,25,5.121977881630436,5.365371481013621,4.61512051684126,14.5,15.0,0.22165360860000227,15.0,8.0,8.7,,,,25.0,2019-10-19,2019-10-12,333.3333333,MacAleer Creek
5303308,-0.5000000000000004,0.8660254037844384,48,34,5.812138499194125,5.278146884618332,4.61512051684126,9.0,10.0,0.6901606175636887,10.0,7.5,9.9,,,,34.0,2019-11-22,2019-11-15,33.33333333,MacAleer Creek
5303308,-2.4492935982947064e-16,1.0,49,17,3.5361166994644386,4.823411026763,4.61512051684126,4.0,7.0,-2.2760217997296865,7.0,8.0,10.7,,,,17.0,2019-12-09,2019-12-02,133.3333333,MacAleer Creek
5303308,0.49999999999999994,0.8660254037844387,50,52,4.900324273030434,4.7495264905629995,4.61512051684126,5.5,7.5,1.3642075735659955,7.5,7.5,10.1,,,,52.0,2020-01-30,2020-01-23,33.33333333,MacAleer Creek
5303308,0.8660254037844386,0.5000000000000001,51,22,3.5361166994644386,3.9908525573197706,4.61512051684126,6.0,7.0,-1.3642075735659955,7.0,8.0,10.2,,,,22.0,2020-02-21,2020-02-14,0.0,MacAleer Creek
5303308,1.0,6.123233995736766e-17,52,30,0.0,2.8121469908316246,4.61512051684126,3.0,5.5,-3.5361166994644386,5.5,7.0,11.5,,,,30.0,2020-03-22,2020-03-15,33.33333333,MacAleer Creek
5303308,0.8660254037844387,-0.49999999999999983,53,26,3.5361166994644386,2.3574111329762926,4.61512051684126,12.0,9.0,3.5361166994644386,9.0,7.5,9.8,,,,26.0,2020-04-17,2020-04-10,33.33333333,MacAleer Creek
5303308,0.49999999999999994,-0.8660254037844387,54,32,3.5361166994644386,2.3574111329762926,4.4148571036321,15.0,10.5,0.0,10.5,8.0,10.0,,,,32.0,2020-05-19,2020-05-12,100.0,MacAleer Creek
5303308,1.2246467991473532e-16,-1.0,55,30,4.61512051684126,3.8957846385900456,4.61512051684126,13.0,14.0,1.079003817376821,14.0,8.0,8.9,,,,30.0,2020-06-18,2020-06-11,233.3333333,MacAleer Creek
5303308,-0.4999999999999998,-0.8660254037844388,56,32,5.456744603000308,4.535993939768669,4.61512051684126,17.0,12.5,0.8416240861590483,12.5,7.5,8.9,,,,32.0,2020-07-20,2020-07-13,266.6666667,MacAleer Creek
5303308,-0.8660254037844384,-0.5000000000000004,57,32,5.589742425403185,5.220535848414918,4.61512051684126,22.5,14.0,0.13299782240287694,14.0,7.5,8.9,,,,32.0,2020-08-21,2020-08-14,266.6666667,MacAleer Creek
5303308,-1.0,-1.8369701987210297e-16,58,32,5.589742425403185,5.5454098179355595,4.61512051684126,19.0,15.0,0.0,15.0,8.0,8.3,,,,32.0,2020-09-22,2020-09-15,300.0,MacAleer Creek
5303308,-0.8660254037844386,0.5000000000000001,59,32,5.707110264748875,5.628865038518415,4.61512051684126,14.0,15.0,0.1173678393456905,15.0,8.0,8.8,,,,32.0,2020-10-24,2020-10-17,66.66666667,MacAleer Creek
5303308,-2.4492935982947064e-16,1.0,60,54,4.214593690422939,5.170482126858333,4.61512051684126,5.5,9.5,-1.4925165743259363,9.0,7.5,10.3,,,,27.0,2020-12-17,2020-12-10,33.33333333,MacAleer Creek
5303308,0.49999999999999994,0.8660254037844387,61,30,3.5361166994644386,4.485940218212084,4.61512051684126,9.5,8.0,-0.6784769909585004,8.0,7.5,10.2,,,,30.0,2021-01-16,2021-01-09,6600.0,MacAleer Creek
5303308,0.8660254037844386,0.5000000000000001,62,34,8.79497643168877,5.5152289405253825,4.61512051684126,5.0,7.0,5.258859732224332,7.0,7.5,11.2,,,,34.0,2021-02-19,2021-02-12,33.33333333,MacAleer Creek
5303308,1.0,6.123233995736766e-17,63,32,3.5361166994644386,5.289069943539215,4.61512051684126,10.0,7.0,-5.258859732224332,7.0,7.5,10.6,,,,32.0,2021-03-23,2021-03-16,33.33333333,MacAleer Creek
5303308,0.8660254037844387,-0.49999999999999983,64,25,3.5361166994644386,5.289069943539215,4.61512051684126,10.0,8.5,0.0,8.5,7.5,10.5,,,,25.0,2021-04-17,2021-04-10,366.6666667,MacAleer Creek
5303308,0.49999999999999994,-0.8660254037844387,65,35,5.9071767306760545,4.3264700432016445,4.61512051684126,17.0,12.0,2.371060031211616,12.0,8.0,9.8,,,,35.0,2021-05-22,2021-05-15,933.3333333,MacAleer Creek
5303308,1.2246467991473532e-16,-1.0,66,28,6.839833262461003,5.427708897533832,4.61512051684126,12.0,11.0,0.9326565317849482,11.0,8.0,10.1,,,,28.0,2021-06-19,2021-06-12,566.6666667,MacAleer Creek
5303308,-0.4999999999999998,-0.8660254037844388,67,35,6.3415343920532985,6.362848128396785,4.61512051684126,16.0,13.0,-0.49829887040770426,13.0,8.0,9.3,,,,35.0,2021-07-24,2021-07-17,633.3333333,MacAleer Creek
5303308,-0.8660254037844384,-0.5000000000000004,68,27,6.452574578575491,6.54464741102993,4.61512051684126,20.5,15.0,0.11104018652219239,15.0,8.0,8.4,,,,27.0,2021-08-20,2021-08-13,1466.666667,MacAleer Creek
5303308,-1.0,-1.8369701987210297e-16,69,33,7.291429117314762,6.69517936264785,4.61512051684126,16.5,14.0,0.8388545387392714,14.0,8.0,7.4,,,,33.0,2021-09-22,2021-09-15,933.3333333,MacAleer Creek
5303308,-0.8660254037844386,0.5000000000000001,70,31,6.839833262461003,6.861278986117085,4.61512051684126,15.5,13.5,-0.4515958548537595,13.5,8.0,10.4,,,,31.0,2021-10-23,2021-10-16,333.3333333,MacAleer Creek
5303308,-0.5000000000000004,0.8660254037844384,71,29,5.812138499194125,6.647800292989963,4.61512051684126,10.5,11.0,-1.0276947632668776,11.0,8.0,6.5,,,,29.0,2021-11-21,2021-11-14,1566.666667,MacAleer Creek
5303308,-2.4492935982947064e-16,1.0,72,27,7.357343593489569,6.6697717850482325,4.61512051684126,7.5,8.5,1.5452050942954436,8.5,7.5,8.6,,,,27.0,2021-12-18,2021-12-11,1566.666667,MacAleer Creek
5303308,0.49999999999999994,0.8660254037844387,73,35,7.357343593489569,6.842275228724421,4.61512051684126,8.0,6.5,0.0,6.5,7.5,10.5,,,,35.0,2022-01-22,2022-01-15,633.3333333,MacAleer Creek
5303308,0.8660254037844386,0.5000000000000001,74,28,6.452574578575491,7.055753921851543,4.757722394935847,5.0,6.0,-0.9047690149140779,6.0,7.5,11.1,,,,28.0,2022-02-19,2022-02-12,733.3333333,MacAleer Creek
5303308,1.0,6.123233995736766e-17,75,36,6.598963058088841,6.802960410051301,4.900324273030434,5.0,7.0,0.14638847951334988,7.0,8.0,10.8,,,,36.0,2022-03-27,2022-03-20,100.0,MacAleer Creek
5303308,0.8660254037844387,-0.49999999999999983,76,28,4.61512051684126,5.88888605116853,4.757722394935847,13.5,10.0,-1.983842541247581,10.0,8.0,10.2,,,,28.0,2022-04-24,2022-04-17,366.6666667,MacAleer Creek
5303308,0.49999999999999994,-0.8660254037844387,77,28,5.9071767306760545,5.707086768535386,4.900324273030434,14.0,10.0,1.2920562138347949,10.0,8.0,10.2,,,,28.0,2022-05-22,2022-05-15,1133.333333,MacAleer Creek
5303308,1.2246467991473532e-16,-1.0,78,34,7.033800385538938,5.852032544352085,4.900324273030434,16.0,12.5,1.1266236548628834,12.5,7.5,9.6,,,,34.0,2022-06-25,2022-06-18,800.0,MacAleer Creek
5303308,-0.4999999999999998,-0.8660254037844388,79,35,6.68586094706836,6.542279354427784,4.900324273030434,25.5,14.0,-0.3479394384705783,14.0,7.5,9.5,,,,35.0,2022-07-30,2022-07-23,1566.666667,MacAleer Creek
5303308,-0.8660254037844384,-0.5000000000000004,80,21,7.357343593489569,7.025668308698957,4.900324273030434,23.5,15.5,0.6714826464212091,14.0,7.5,9.5,,,,56.0,2022-08-20,2022-08-13,1766.666667,MacAleer Creek
5303308,-1.0,-1.8369701987210297e-16,81,29,7.477415688657593,7.173540076405174,4.900324273030434,18.5,15.0,0.12007209516802408,15.0,8.0,8.4,,,,29.0,2022-09-18,2022-09-11,2600.0,MacAleer Creek
5303308,-0.8660254037844386,0.5000000000000001,82,27,7.8636512654486515,7.566136849198604,5.011151077330435,22.5,14.5,0.3862355767910586,14.5,8.0,8.5,,,,27.0,2022-10-15,2022-10-08,500.0,MacAleer Creek
5303308,-0.5000000000000004,0.8660254037844384,83,36,6.2166061010848646,7.185891018397037,5.121977881630436,16.0,12.0,-1.647045164363787,12.0,7.5,9.2,,,,36.0,2022-11-20,2022-11-13,33.33333333,MacAleer Creek
5303308,-2.4492935982947064e-16,1.0,84,21,3.5361166994644386,5.872124688665985,5.011151077330435,0.0,0.0,-2.680489401620426,5.0,7.0,11.1,,,,21.0,2022-12-11,2022-12-04,100.0,MacAleer Creek
5303308,0.8660254037844386,0.5000000000000001,85,62,4.61512051684126,4.789281105796854,4.900324273030434,7.0,6.5,1.079003817376821,6.5,8.0,10.5,,,,62.0,2023-02-11,2023-02-04,66.66666667,MacAleer Creek
5303308,1.0,6.123233995736766e-17,86,28,4.214593690422939,4.121943635576213,4.900324273030434,6.5,6.5,-0.4005268264183206,6.5,8.0,10.5,,,,90.0,2023-03-11,2023-03-04,333.3333333,MacAleer Creek
5303308,0.8660254037844387,-0.49999999999999983,87,28,5.812138499194125,4.880617568819441,4.900324273030434,7.5,6.5,1.597544808771186,6.5,8.0,10.5,,,,118.0,2023-04-08,2023-04-01,333.3333333,MacAleer Creek
5303308,1.2246467991473532e-16,-1.0,88,63,5.812138499194125,5.279623562937063,5.011151077330435,9.0,9.0,0.0,,,,,,,,2023-06-10,2023-06-03,27400.0,MacAleer Creek
5303308,-0.4999999999999998,-0.8660254037844388,89,28,10.21833478806055,7.280870595482933,5.121977881630436,0.0,0.0,4.4061962888664254,,,,,,,,2023-07-08,2023-07-01,11000.0,MacAleer Creek
5303308,-1.0,-1.8369701987210297e-16,90,64,9.305741456739435,8.445404914664705,5.121977881630436,16.0,14.0,-0.9125933313211156,14.0,8.0,8.4,,,,31.0,2023-09-10,2023-09-03,366.6666667,MacAleer Creek
5303308,-0.8660254037844386,0.5000000000000001,91,28,5.9071767306760545,8.47708432515868,5.121977881630436,19.5,13.0,-3.3985647260633804,14.0,8.0,8.4,,,,59.0,2023-10-08,2023-10-01,133.3333333,MacAleer Creek
5303308,-0.5000000000000004,0.8660254037844384,92,35,4.900324273030434,6.704414153481975,5.121977881630436,15.0,14.0,-1.0068524576456204,6.5,8.0,10.4,,,,10.0,2023-11-12,2023-11-05,300.0,MacAleer Creek
5303308,-2.4492935982947064e-16,1.0,93,28,5.707110264748875,5.5048704228184535,5.121977881630436,10.0,8.8,0.8067859917184412,6.5,8.0,10.8,,,,37.0,2023-12-10,2023-12-03,200.0,MacAleer Creek
5303308,0.49999999999999994,0.8660254037844387,94,34,5.303304908059076,5.303579815279462,5.121977881630436,11.0,8.0,-0.40380535668979967,8.8,8.0,9.9,,,,33.0,2024-01-13,2024-01-06,66.66666667,MacAleer Creek
5303308,0.8660254037844386,0.5000000000000001,95,28,4.214593690422939,5.075002954410297,5.121977881630436,-5.0,4.0,-1.0887112176361367,4.0,8.0,12.2,,,,28.0,2024-02-10,2024-02-03,33.33333333,MacAleer Creek
5303308,1.0,6.123233995736766e-17,96,28,3.5361166994644386,4.351338432648817,5.121977881630436,9.4,6.6,-0.6784769909585004,6.6,8.0,10.2,,,,28.0,2024-03-09,2024-03-02,33.331666665,MacAleer Creek
5303308,0.8660254037844387,-0.49999999999999983,97,36,3.5360681546453767,3.7622595148442515,5.121977881630436,8.5,7.5,-4.85448190619131e-05,7.5,7.7,10.0,191.0,0.7,0.8,35.0,2024-04-14,2024-04-07,433.33166665,MacAleer Creek
5303308,1.2246467991473532e-16,-1.0,98,55,6.073808451112458,4.381997768407424,5.121977881630436,14.9,11.7,2.5377402964670814,18.0,8.1,8.0,194.0,0.3,1.6,27.0,2024-06-08,2024-06-01,100.0,MacAleer Creek
5303308,-0.8660254037844384,-0.5000000000000004,99,56,4.61512051684126,4.7416657075330315,5.121977881630436,22.1,15.0,-1.4586879342711985,16.0,7.8,8.25,262.0,,,28.0,2024-08-03,2024-07-27,833.33,MacAleer Creek
5303308,-1.0,-1.8369701987210297e-16,100,34,6.72662900754993,5.805185991834549,5.121977881630436,19.0,16.0,2.1115084907086707,16.0,7.88,8.1,236.0,5.1,0.2,34.0,2024-09-06,2024-08-30,900.0,MacAleer Creek
5303308,-0.8660254037844386,0.5000000000000001,101,37,6.803505257608338,6.048418260666509,5.121977881630436,25.3,18.0,0.07687625005840726,18.0,7.8,7.95,222.0,,,37.0,2024-10-13,2024-10-06,0.0,MacAleer Creek
5303308,-0.5000000000000004,0.8660254037844384,102,34,0.0,4.510044755052756,5.121977881630436,16.2,12.0,-6.803505257608338,12.0,7.9,9.5,206.0,0.2,0.8,34.0,2024-11-16,2024-11-09,0.0,MacAleer Creek
5303308,-2.4492935982947064e-16,1.0,103,28,0.0,2.267835085869446,5.121977881630436,7.0,8.0,0.0,8.0,7.81,10.3,196.3,0.2,0.1,28.0,2024-12-14,2024-12-07,0.0,MacAleer Creek
5303308,0.49999999999999994,0.8660254037844387,104,29,0.0,0.0,5.011151077330435,8.8,7.9,0.0,7.9,8.4,10.2,174.0,2.3,0.4,29.0,2025-01-12,2025-01-05,0.0,MacAleer Creek
5303308,0.8660254037844386,0.5000000000000001,105,27,0.0,0.0,4.900324273030434,8.4,7.6,0.0,7.6,8.0,10.2,184.0,,0.4,28.0,2025-02-08,2025-02-01,66.67,MacAleer Creek
5303308,1.0,6.123233995736766e-17,106,28,4.2146429502441345,1.4048809834147116,4.900324273030434,5.7,5.7,4.2146429502441345,5.7,7.8,12.21,536.0,0.93,0.4,28.0,2025-03-08,2025-03-01,33.33,MacAleer Creek
5303308,0.8660254037844387,-0.49999999999999983,107,35,3.5360196074696004,2.5835541859045783,4.900324273030434,9.7,8.9,-0.6786233427745341,8.9,7.7,11.35,221.1,1.4,0.45,35.0,2025-04-12,2025-04-05,133.33,MacAleer Creek
5303308,0.49999999999999994,-0.8660254037844387,108,28,4.900299459074922,4.2169873389295525,4.900324273030434,12.0,10.7,1.3642798516053212,10.7,7.7,10.95,218.7,1.3,0.108,28.0,2025-05-10,2025-05-03,133.33,MacAleer Creek
5303308,1.2246467991473532e-16,-1.0,109,36,4.900299459074922,4.445539508539814,4.900324273030434,15.9,12.2,0.0,11.0,7.8,10.35,248.8,1.0,0.09,36.0,2025-06-15,2025-06-08,400.0,MacAleer Creek
5303308,-0.4999999999999998,-0.8660254037844388,110,34,5.993961427306569,5.2648534484854705,4.900324273030434,16.7,12.3,1.0936619682316477,12.3,7.9,10.35,260.1,1.4,1.523,34.0,2025-07-19,2025-07-12,166.67,MacAleer Creek
5303308,-0.8660254037844384,-0.5000000000000004,111,28,5.121997761949716,5.33875288277707,4.900324273030434,15.1,14.1,-0.8719636653568532,14.1,7.9,9.7,262.7,2.3,0.457,28.0,2025-08-16,2025-08-09,266.67,MacAleer Creek
5303308,-1.0,-1.8369701987210297e-16,112,34,5.5897548785012345,5.568571355919173,4.900324273030434,19.6,15.4,0.4677571165515184,15.4,7.8,9.35,260.7,1.5,0.277,34.0,2025-09-19,2025-09-12,300.0,MacAleer Creek
5303308,-0.8660254037844386,0.5000000000000001,113,22,5.707110264748875,5.4729543017332745,4.900324273030434,14.3,12.5,0.11735538624764086,12.5,7.9,9.9,273.0,1.8,0.65,22.0,2025-10-11,2025-10-04,533.33,MacAleer Creek
5303308,-0.5000000000000004,0.8660254037844384,114,29,6.281013625618804,5.859292922956304,5.011151077330435,12.9,12.5,0.5739033608699282,12.5,7.6,9.9,259.9,2.3,0.377,29.0,2025-11-09,2025-11-02,33.33,MacAleer Creek
5303309,-0.4999999999999998,-0.8660254037844388,2,91,0.0,2.1072968452114695,2.1072968452114695,12.0,14.0,-4.214593690422939,14.0,7.5,10.3,,,,91.0,2016-07-16,2016-07-09,133.3333333,MacAleer Creek
5303309,-0.8660254037844386,0.5000000000000001,3,103,4.900324273030434,3.038305987817791,4.214593690422939,17.0,14.0,4.900324273030434,14.0,8.0,8.8,,,,103.0,2016-10-27,2016-10-20,100.0,MacAleer Creek
5303309,-0.4999999999999998,-0.8660254037844388,5,81,5.121977881630436,4.87914089050071,4.61512051684126,12.0,9.5,0.5068573647891768,9.5,8.0,8.8,,,,81.0,2017-07-05,2017-06-28,0.0,MacAleer Creek
5303309,-0.8660254037844386,0.5000000000000001,6,108,0.0,3.245699466157232,4.4148571036321,18.0,14.0,-5.121977881630436,14.0,8.5,9.1,,,,98.0,2017-10-21,2017-10-14,166.6666667,MacAleer Creek
5303309,0.49999999999999994,0.8660254037844387,7,91,5.121977881630436,3.4146519210869575,4.61512051684126,8.0,11.0,5.121977881630436,11.0,7.5,9.0,,,,91.0,2018-01-20,2018-01-13,0.0,MacAleer Creek
5303309,-0.4999999999999998,-0.8660254037844388,9,19,0.0,1.7073259605434787,4.214593690422939,,,0.0,,8.0,8.7,,,,19.0,2018-07-21,2018-07-14,0.0,MacAleer Creek
5303309,-0.8660254037844386,0.5000000000000001,10,91,0.0,0.0,2.1072968452114695,,,0.0,,8.0,8.7,,,,110.0,2018-10-20,2018-10-13,0.0,MacAleer Creek
5303309,0.49999999999999994,0.8660254037844387,11,91,0.0,0.0,0.0,4.0,6.0,0.0,6.0,8.0,9.4,,,,91.0,2019-01-19,2019-01-12,0.0,MacAleer Creek
5303309,0.8660254037844387,-0.49999999999999983,12,91,0.0,0.0,0.0,8.0,6.5,0.0,6.5,7.5,10.5,,,,91.0,2019-04-20,2019-04-13,0.0,MacAleer Creek
5303309,-0.4999999999999998,-0.8660254037844388,13,91,0.0,0.0,0.0,9.0,11.5,0.0,11.5,7.5,10.0,,,,91.0,2019-07-20,2019-07-13,66.66666667,MacAleer Creek
5303309,-0.8660254037844386,0.5000000000000001,14,91,4.214593690422939,1.404864563474313,0.0,16.0,12.0,4.214593690422939,12.0,8.0,8.9,,,,91.0,2019-10-19,2019-10-12,266.6666667,MacAleer Creek
5303309,0.49999999999999994,0.8660254037844387,15,103,5.589742425403185,3.268112038608708,0.0,8.0,10.0,1.3751487349802458,10.5,7.5,9.7,,,,103.0,2020-01-30,2020-01-23,0.0,MacAleer Creek
5303309,0.8660254037844387,-0.49999999999999983,16,78,0.0,3.268112038608708,0.0,5.5,6.5,-5.589742425403185,6.5,8.0,10.2,,,,78.0,2020-04-17,2020-04-10,0.0,MacAleer Creek
5303309,-0.4999999999999998,-0.8660254037844388,17,94,0.0,1.863247475134395,0.0,14.0,11.5,0.0,11.5,7.5,10.2,,,,94.0,2020-07-20,2020-07-13,133.3333333,MacAleer Creek
5303309,-0.8660254037844386,0.5000000000000001,18,96,4.900324273030434,1.633441424343478,0.0,19.5,13.5,4.900324273030434,13.5,7.5,9.1,,,,96.0,2020-10-24,2020-10-17,33.33333333,MacAleer Creek
5303309,0.49999999999999994,0.8660254037844387,19,84,3.5361166994644386,2.8121469908316246,0.0,6.5,10.5,-1.3642075735659955,10.5,7.5,9.8,,,,84.0,2021-01-16,2021-01-09,33.33333333,MacAleer Creek
5303309,0.8660254037844387,-0.49999999999999983,20,91,3.5361166994644386,3.9908525573197706,1.7680583497322193,4.5,6.5,0.0,6.5,8.0,10.5,,,,91.0,2021-04-17,2021-04-10,233.3333333,MacAleer Creek
5303309,-0.4999999999999998,-0.8660254037844388,21,98,5.456744603000308,4.176326000643062,3.5361166994644386,11.0,11.0,1.9206279035358693,11.0,8.0,7.9,,,,98.0,2021-07-24,2021-07-17,433.3333333,MacAleer Creek
5303309,-0.8660254037844386,0.5000000000000001,22,91,6.073812288379989,5.022224530281579,3.5361166994644386,19.0,14.0,0.6170676853796815,14.0,8.0,9.0,,,,91.0,2021-10-23,2021-10-16,333.3333333,MacAleer Creek
5303309,0.49999999999999994,0.8660254037844387,23,91,5.812138499194125,5.780898463524807,3.5361166994644386,10.0,8.0,-0.26167378918586426,8.0,7.5,9.5,,,,91.0,2022-01-22,2022-01-15,400.0,MacAleer Creek
5303309,0.8660254037844387,-0.49999999999999983,24,92,5.993961427306569,5.959970738293561,3.8753551949436886,7.0,6.0,0.18182292811244416,6.0,7.5,10.1,,,,92.0,2022-04-24,2022-04-17,166.6666667,MacAleer Creek
5303309,-0.4999999999999998,-0.8660254037844388,25,97,5.121977881630436,5.642692602710377,4.214593690422939,13.25,10.0,-0.8719835456761329,11.0,7.5,10.2,,,,97.0,2022-07-30,2022-07-23,1300.0,MacAleer Creek
5303309,-0.8660254037844386,0.5000000000000001,26,77,7.170888478512505,6.09560926248317,4.214593690422939,21.5,14.0,2.0489105968820684,,,,,,,,2022-10-15,2022-10-08,400.0,MacAleer Creek
5303309,-0.4999999999999998,-0.8660254037844388,28,91,4.214593690422939,5.793147865414004,4.214593690422939,9.0,9.0,-1.7793677368836303,,,,,,,,2023-07-08,2023-07-01,10066.66667,MacAleer Creek
5303309,-0.8660254037844386,0.5000000000000001,29,92,9.21708424784062,6.475213121856709,4.214593690422939,13.0,14.0,5.002490557417682,14.0,8.0,9.3,,,,62.0,2023-10-08,2023-10-01,200.0,MacAleer Creek
5303309,0.49999999999999994,0.8660254037844387,30,97,5.303304908059076,6.2449942821075455,4.4148571036321,15.5,15.0,-3.913779339781545,15.0,8.0,8.4,,,,88.0,2024-01-13,2024-01-06,133.3333333,MacAleer Creek
5303309,0.8660254037844387,-0.49999999999999983,31,92,4.900324273030434,6.47357114297671,4.61512051684126,-2.0,5.0,-0.40298063502864157,5.0,8.0,11.8,,,,92.0,2024-04-14,2024-04-07,300.0,MacAleer Creek
5303309,0.49999999999999994,-0.8660254037844387,32,18,5.707110264748875,5.303579815279462,4.757722394935847,15.0,12.0,0.8067859917184412,12.0,7.95,8.7,202.0,,,18.0,2024-05-02,2024-04-25,300.0,MacAleer Creek
5303309,-0.4999999999999998,-0.8660254037844388,33,65,5.707110264748875,5.438181600842728,4.900324273030434,15.0,12.0,0.0,12.0,7.95,8.7,202.0,,,83.0,2024-07-06,2024-06-29,1366.67,MacAleer Creek
5303309,-0.8660254037844386,0.5000000000000001,34,99,7.220863841012149,6.211694790169967,4.900324273030434,18.2,16.0,1.513753576263274,16.0,7.76,7.8,270.0,,,99.0,2024-10-13,2024-10-06,233.33,MacAleer Creek
5303309,0.49999999999999994,0.8660254037844387,35,90,5.456730378290316,6.1282348280171135,4.900324273030434,12.0,13.0,-1.7641334627218335,13.0,7.8,9.3,203.0,0.3,0.7,90.0,2025-01-11,2025-01-04,0.0,MacAleer Creek
5303309,0.8660254037844387,-0.49999999999999983,36,91,0.0,4.225864739767489,4.900324273030434,5.7,6.8,-5.456730378290316,6.8,7.7,11.15,164.7,,0.4,91.0,2025-04-12,2025-04-05,33.33,MacAleer Creek
5303309,-0.4999999999999998,-0.8660254037844388,37,98,3.5360196074696004,2.997583328586639,4.900324273030434,10.5,11.4,3.5360196074696004,11.4,7.6,10.8,206.7,1.2,0.093,98.0,2025-07-19,2025-07-12,33.33,MacAleer Creek
5303309,-1.0,-1.8369701987210297e-16,38,62,3.5360196074696004,2.3573464049797335,4.757722394935847,14.1,13.9,0.0,13.9,7.8,9.85,282.2,1.8,0.332,62.0,2025-09-19,2025-09-12,33.33,MacAleer Creek
5303310,-2.4492935982947064e-16,1.0,2,28,4.214593690422939,4.758949299241007,4.758949299241007,6.0,6.5,-1.0887112176361367,6.5,7.0,10.1,,,,28.0,2015-12-22,2015-12-15,33.33333333,Thornton Creek
5303310,0.8660254037844386,0.5000000000000001,3,45,3.5361166994644386,4.351338432648817,4.214593690422939,8.0,5.5,-0.6784769909585004,4.5,7.0,10.6,,,,17.0,2016-02-05,2016-01-29,0.0,Thornton Creek
5303310,0.8660254037844387,-0.49999999999999983,4,56,0.0,2.583570129962459,3.8753551949436886,9.0,13.0,-3.5361166994644386,13.0,7.5,9.8,,,,56.0,2016-04-01,2016-03-25,0.0,Thornton Creek
5303310,0.49999999999999994,-0.8660254037844387,5,53,0.0,1.1787055664881463,3.5361166994644386,10.0,9.5,0.0,9.5,8.0,9.8,,,,53.0,2016-05-24,2016-05-17,0.0,Thornton Creek
5303310,0.49999999999999994,-0.8660254037844387,5,57,0.0,1.1787055664881463,3.5361166994644386,10.0,9.5,0.0,9.5,8.0,9.8,,,,57.0,2016-05-28,2016-05-21,633.3333333,Thornton Creek
5303310,1.2246467991473532e-16,-1.0,7,24,6.452574578575491,2.150858192858497,3.5361166994644386,18.0,15.5,6.452574578575491,13.5,8.0,9.2,,,,28.0,2016-06-21,2016-06-14,500.0,Thornton Creek
5303310,-0.4999999999999998,-0.8660254037844388,8,28,6.2166061010848646,4.223060226553452,3.8753551949436886,18.5,14.0,-0.23596847749062633,14.0,7.5,8.0,,,,28.0,2016-07-19,2016-07-12,166.6666667,Thornton Creek
5303310,-1.0,-1.8369701987210297e-16,9,46,5.121977881630436,5.930386187096931,4.214593690422939,19.5,14.5,-1.0946282194544281,14.5,8.0,8.4,,,,46.0,2016-09-03,2016-08-27,7800.0,Thornton Creek
5303310,-0.5000000000000004,0.8660254037844384,10,85,8.962007209588313,6.766863730767871,4.668285786026688,14.0,15.0,3.8400293279578763,15.0,7.5,7.5,,,,85.0,2016-11-27,2016-11-20,33.33333333,Thornton Creek
5303310,-2.4492935982947064e-16,1.0,11,23,3.5361166994644386,5.873367263561064,4.214593690422939,6.0,8.5,-5.425890510123875,9.0,7.0,10.0,,,,23.0,2016-12-20,2016-12-13,133.3333333,Thornton Creek
5303310,0.49999999999999994,0.8660254037844387,12,31,4.900324273030434,5.799482727361062,4.557458981726686,6.0,4.5,1.3642075735659955,4.5,7.0,10.2,,,,31.0,2017-01-20,2017-01-13,66.66666667,Thornton Creek
5303310,0.8660254037844386,0.5000000000000001,13,32,4.214593690422939,4.217011554305937,4.214593690422939,9.0,4.3,-0.6857305826074951,4.5,7.0,10.6,,,,33.0,2017-02-21,2017-02-14,33.33333333,Thornton Creek
5303310,1.0,6.123233995736766e-17,14,28,3.5361166994644386,4.2170115543059365,4.214593690422939,6.0,5.5,-0.6784769909585004,5.5,7.5,10.0,,,,28.0,2017-03-21,2017-03-14,33.33333333,Thornton Creek
5303310,0.8660254037844387,-0.49999999999999983,15,30,3.5361166994644386,3.762275696450605,4.214593690422939,10.0,7.0,0.0,7.0,7.5,10.3,,,,30.0,2017-04-20,2017-04-13,233.3333333,Thornton Creek
5303310,1.2246467991473532e-16,-1.0,16,68,5.456744603000308,4.176326000643062,4.214593690422939,8.5,9.0,1.9206279035358693,9.0,7.0,9.7,,,,68.0,2017-06-27,2017-06-20,400.0,Thornton Creek
5303310,-0.4999999999999998,-0.8660254037844388,17,28,5.993961427306569,4.995607576590438,4.214593690422939,14.0,13.5,0.5372168243062614,13.75,8.0,9.0,,,,28.0,2017-07-25,2017-07-18,400.0,Thornton Creek
5303310,-0.8660254037844384,-0.5000000000000004,18,35,5.993961427306569,5.814889152537816,4.557458981726686,19.5,19.0,0.0,14.0,8.0,8.3,,,,35.0,2017-08-29,2017-08-22,200.0,Thornton Creek
5303310,-1.0,-1.8369701987210297e-16,19,21,5.303304908059076,5.763742587557405,4.900324273030434,24.0,15.0,-0.6906565192474936,15.0,8.0,8.7,,,,21.0,2017-09-19,2017-09-12,3233.333333,Thornton Creek
5303310,-0.8660254037844386,0.5000000000000001,20,42,8.08157810625413,6.459614813873259,5.011151077330435,10.0,12.0,2.7782731981950537,12.0,8.0,8.2,,,,42.0,2017-10-31,2017-10-24,233.3333333,Thornton Creek
5303310,-0.5000000000000004,0.8660254037844384,21,21,5.456744603000308,6.280542539104505,5.121977881630436,4.5,7.0,-2.6248335032538215,7.0,8.0,9.8,,,,21.0,2017-11-21,2017-11-14,400.0,Thornton Creek
5303310,-2.4492935982947064e-16,1.0,22,28,5.993961427306569,6.510761378853669,5.212641394844756,4.5,7.0,0.5372168243062614,7.0,7.0,10.0,,,,28.0,2017-12-19,2017-12-12,633.3333333,Thornton Creek
5303310,0.49999999999999994,0.8660254037844387,23,35,6.452574578575491,5.96776020296079,5.303304908059076,6.5,5.5,0.45861315126892155,5.5,7.0,10.7,,,,35.0,2018-01-23,2018-01-16,166.6666667,Thornton Creek
5303310,0.8660254037844386,0.5000000000000001,24,28,5.121977881630436,5.856171295837498,5.212641394844756,3.5,6.0,-1.3305966969450544,5.5,7.0,10.7,,,,63.0,2018-02-20,2018-02-13,66.66666667,Thornton Creek
5303310,1.0,6.123233995736766e-17,25,37,4.214593690422939,5.2630487168762885,5.121977881630436,2.5,5.0,-0.9073841912074974,5.0,7.5,11.6,,,,37.0,2018-03-29,2018-03-22,33.33333333,Thornton Creek
5303310,0.8660254037844387,-0.49999999999999983,26,32,3.5361166994644386,4.290896090505938,5.121977881630436,11.0,9.0,-0.6784769909585004,9.0,7.5,10.7,,,,32.0,2018-04-30,2018-04-23,166.6666667,Thornton Creek
5303310,1.2246467991473532e-16,-1.0,27,56,5.121977881630436,4.290896090505938,5.121977881630436,11.0,11.0,1.5858611821659978,11.0,7.5,7.9,,,,56.0,2018-06-25,2018-06-18,800.0,Thornton Creek
5303310,-0.4999999999999998,-0.8660254037844388,28,28,6.68586094706836,5.114651842721078,5.121977881630436,16.0,15.0,1.5638830654379232,15.0,7.5,9.4,,,,28.0,2018-07-23,2018-07-16,366.6666667,Thornton Creek
5303310,-0.8660254037844384,-0.5000000000000004,29,35,5.9071767306760545,5.905005186458283,5.121977881630436,20.5,16.0,-0.7786842163923051,16.0,8.0,8.6,,,,35.0,2018-08-27,2018-08-20,1466.666667,Thornton Creek
5303310,-1.0,-1.8369701987210297e-16,30,28,7.291429117314762,6.628155598353058,5.212641394844756,14.5,14.5,1.3842523866387078,14.5,7.5,8.4,,,,28.0,2018-09-24,2018-09-17,400.0,Thornton Creek
5303310,-0.5000000000000004,0.8660254037844384,31,56,5.993961427306569,6.397522425099129,5.303304908059076,15.0,12.0,-1.297467690008193,11.0,7.0,9.5,,,,21.0,2018-11-19,2018-11-12,133.3333333,Thornton Creek
5303310,-2.4492935982947064e-16,1.0,32,35,4.900324273030434,6.061904939217256,5.212641394844756,6.5,6.0,-1.0936371542761352,6.0,8.0,11.3,,,,35.0,2018-12-24,2018-12-17,33.33333333,Thornton Creek
5303310,0.49999999999999994,0.8660254037844387,33,35,3.5361166994644386,4.810134133267147,5.121977881630436,6.5,7.5,-1.3642075735659955,7.5,7.0,10.5,,,,35.0,2019-01-28,2019-01-21,0.0,Thornton Creek
5303310,0.8660254037844386,0.5000000000000001,34,21,0.0,2.8121469908316246,5.121977881630436,10.0,7.0,-3.5361166994644386,7.0,7.0,11.0,,,,21.0,2019-02-18,2019-02-11,33.33333333,Thornton Creek
5303310,1.0,6.123233995736766e-17,35,28,3.5361166994644386,2.3574111329762926,5.121977881630436,3.5,4.5,3.5361166994644386,4.5,,11.3,,,,28.0,2019-03-18,2019-03-11,0.0,Thornton Creek
5303310,0.8660254037844387,-0.49999999999999983,36,28,0.0,1.1787055664881463,5.121977881630436,11.0,7.5,-3.5361166994644386,7.5,7.5,11.3,,,,28.0,2019-04-15,2019-04-08,0.0,Thornton Creek
5303310,0.49999999999999994,-0.8660254037844387,37,37,0.0,1.1787055664881463,5.121977881630436,9.0,7.0,0.0,7.0,7.5,10.3,,,,37.0,2019-05-22,2019-05-15,200.0,Thornton Creek
5303310,1.2246467991473532e-16,-1.0,38,26,5.303304908059076,1.7677683026863587,5.121977881630436,17.0,12.5,5.303304908059076,12.5,7.5,8.6,,,,26.0,2019-06-17,2019-06-10,66.66666667,Thornton Creek
5303310,-0.4999999999999998,-0.8660254037844388,39,36,4.214593690422939,3.1726328661606717,5.121977881630436,14.5,14.0,-1.0887112176361367,14.0,,8.7,,,,36.0,2019-07-23,2019-07-16,366.6666667,Thornton Creek
5303310,-0.8660254037844384,-0.5000000000000004,40,27,5.9071767306760545,5.141691776386023,5.121977881630436,17.5,15.5,1.6925830402531155,15.5,,8.5,,,,27.0,2019-08-19,2019-08-12,66.66666667,Thornton Creek
5303310,-0.8660254037844386,0.5000000000000001,41,65,4.214593690422939,4.778788037173977,5.121977881630436,17.5,15.5,-1.6925830402531155,14.5,7.5,8.3,,,,30.0,2019-10-23,2019-10-16,66.66666667,Thornton Creek
5303310,-0.5000000000000004,0.8660254037844384,42,33,4.214593690422939,4.778788037173977,5.011151077330435,8.5,11.0,0.0,11.0,7.5,9.0,,,,33.0,2019-11-25,2019-11-18,66.66666667,Thornton Creek
5303310,0.49999999999999994,0.8660254037844387,43,58,4.214593690422939,4.214593690422939,4.900324273030434,6.5,7.5,0.0,7.5,7.5,9.9,,,,58.0,2020-01-22,2020-01-15,133.3333333,Thornton Creek
53033100,0.49999999999999994,-0.8660254037844387,2,61,3.5360196074696004,3.5360196074696004,3.5360196074696004,7.0,7.5,0.0,10.0,8.0,7.05,343.0,,,18.0,2025-05-04,2025-04-27,0.0,Longfellow Creek Beaver Pond
53033100,1.2246467991473532e-16,-1.0,3,35,0.0,2.3573464049797335,3.5360196074696004,13.2,12.0,-3.5360196074696004,12.0,8.0,8.15,325.0,,,35.0,2025-06-08,2025-06-01,200.0,Longfellow Creek Beaver Pond
53033100,1.2246467991473532e-16,-1.0,3,36,0.0,2.3573464049797335,3.5360196074696004,13.2,12.0,-3.5360196074696004,12.0,8.0,8.15,325.0,,,36.0,2025-06-09,2025-06-02,200.0,Longfellow Creek Beaver Pond
53033100,-0.4999999999999998,-0.8660254037844388,5,35,5.303304908059076,3.5355366053727173,3.5360196074696004,23.0,19.0,0.0,15.0,7.5,4.6,326.0,,,37.0,2025-07-14,2025-07-07,700.0,Longfellow Creek Beaver Pond
53033100,-0.8660254037844384,-0.5000000000000004,6,20,6.55250788703459,5.719705901050914,4.4196622577643385,19.0,17.0,1.2492029789755144,17.0,8.0,3.7,320.0,,,20.0,2025-08-03,2025-07-27,100.0,Longfellow Creek Beaver Pond
53033100,-1.0,-1.8369701987210297e-16,7,38,4.61512051684126,5.490311103978308,4.61512051684126,25.5,20.0,-1.9373873701933304,20.0,8.0,5.5,307.0,,,28.0,2025-09-10,2025-09-03,66.67,Longfellow Creek Beaver Pond
53033101,1.0,6.123233995736766e-17,2,23,0.0,2.906064264577197,2.906064264577197,6.5,0.5,-5.812128529154394,0.5,8.5,11.9,,,,23.0,2025-03-06,2025-02-27,66.67,Longfellow Creek Dragonfly
53033101,0.8660254037844387,-0.49999999999999983,3,33,4.2146429502441345,3.342257159799509,4.2146429502441345,12.0,7.5,4.2146429502441345,7.5,8.0,10.3,253.0,,,33.0,2025-04-08,2025-04-01,533.33,Longfellow Creek Dragonfly
53033101,0.49999999999999994,-0.8660254037844387,4,31,6.281013625618804,3.4985521919543126,5.013385739699264,7.0,10.0,2.066370675374669,10.0,8.0,9.5,177.0,,,30.0,2025-05-09,2025-05-02,300.0,Longfellow Creek Dragonfly
53033101,1.2246467991473532e-16,-1.0,5,42,5.707110264748875,5.400922280203939,5.707110264748875,15.0,12.5,-0.5739033608699282,12.5,8.5,8.75,334.0,,,42.0,2025-06-20,2025-06-13,400.0,Longfellow Creek Dragonfly
53033101,-0.4999999999999998,-0.8660254037844388,6,35,5.993961427306569,5.994028439224749,5.759619396951635,11.5,14.5,0.28685116255769394,14.5,8.0,7.7,354.0,,,35.0,2025-07-25,2025-07-18,0.0,Longfellow Creek Dragonfly
53033101,-0.8660254037844384,-0.5000000000000004,7,35,0.0,3.9003572306851484,5.707110264748875,14.0,17.0,-5.993961427306569,17.0,8.0,7.0,354.0,,,35.0,2025-08-29,2025-08-22,66.67,Longfellow Creek Dragonfly
53033101,-1.0,-1.8369701987210297e-16,8,22,4.2146429502441345,3.4028681258502345,4.960876607496505,17.0,19.0,4.2146429502441345,18.5,7.5,6.2,330.0,,,22.0,2025-09-20,2025-09-13,100.0,Longfellow Creek Dragonfly
53033101,-0.8660254037844386,0.5000000000000001,9,20,4.61512051684126,2.943254489028465,4.61512051684126,14.0,16.0,0.4004775665971252,15.5,8.0,7.5,328.0,,,20.0,2025-10-10,2025-10-03,100.0,Longfellow Creek Dragonfly
53033101,-0.5000000000000004,0.8660254037844384,10,35,4.61512051684126,4.481627994642218,4.61512051684126,13.0,13.5,0.0,12.5,7.5,7.5,328.0,,,35.0,2025-11-14,2025-11-07,1383.33,Longfellow Creek Dragonfly
53033101,-2.4492935982947064e-16,1.0,11,35,7.232971547061839,5.487737526914786,4.61512051684126,9.5,11.5,2.6178510302205797,11.0,7.0,8.9,74.0,,,35.0,2025-12-19,2025-12-12,16.67,Longfellow Creek Dragonfly
53033101,0.49999999999999994,0.8660254037844387,12,21,2.871868286331605,4.906653450078235,4.61512051684126,5.5,7.5,-4.361103260730234,7.5,7.5,9.5,213.0,,,21.0,2026-01-09,2026-01-02,33.33,Longfellow Creek Dragonfly
53033101,0.8660254037844386,0.5000000000000001,13,28,3.5360196074696004,4.5469531469543485,4.61512051684126,7.5,8.5,0.6641513211379952,8.0,7.5,10.1,253.0,,,28.0,2026-02-06,2026-01-30,50.0,Longfellow Creek Dragonfly
53033101,1.0,6.123233995736766e-17,14,36,3.9318256327243257,3.446571175508511,4.414881733542697,8.0,7.0,0.3958060252547253,4.0,7.5,9.9,310.0,,,36.0,2026-03-14,2026-03-07,66.67,Longfellow Creek Dragonfly
53033102,0.8660254037844387,-0.49999999999999983,2,25,0.0,2.728365189145158,2.728365189145158,11.0,9.0,-5.456730378290316,9.0,7.0,8.7,185.0,,,25.0,2025-04-29,2025-04-22,0.0,Delridge Wetland Park Inlet
53033103,0.8660254037844386,0.5000000000000001,3,68,4.7678840964758376,1.5892946988252792,0.0,11.5,10.0,4.7678840964758376,10.0,6.5,3.9,116.0,,,68.0,2026-02-18,2026-02-11,0.0,Delridge Wetland Park Outlet
53033104,0.8660254037844387,-0.49999999999999983,2,28,4.900299459074922,4.557471204659528,4.557471204659528,5.5,6.0,0.6856565088307871,9.0,8.0,9.85,,,,30.0,2025-04-01,2025-03-25,66.67,Longfellow Creek Greg Davis
53033104,0.49999999999999994,-0.8660254037844387,3,33,4.2146429502441345,4.443195119854397,4.2146429502441345,12.0,10.9,-0.6856565088307871,10.9,8.0,,305.0,,,33.0,2025-05-04,2025-04-27,100.0,Longfellow Creek Greg Davis
53033104,1.2246467991473532e-16,-1.0,4,36,4.61512051684126,4.576687642053439,4.414881733542697,10.0,10.1,0.4004775665971252,10.1,8.5,9.35,330.0,,,36.0,2025-06-09,2025-06-02,200.0,Longfellow Creek Greg Davis
53033104,-0.4999999999999998,-0.8660254037844388,5,29,5.303304908059076,4.711022791714823,4.61512051684126,21.5,18.5,0.688184391217816,15.0,8.0,7.5,324.0,,,31.0,2025-07-08,2025-07-01,100.0,Longfellow Creek Greg Davis
53033104,-0.4999999999999998,-0.8660254037844388,5,32,5.303304908059076,4.711022791714823,4.61512051684126,21.5,18.5,0.688184391217816,15.0,8.0,7.5,324.0,,,34.0,2025-07-11,2025-07-04,100.0,Longfellow Creek Greg Davis
53033104,-0.8660254037844384,-0.5000000000000004,7,33,4.61512051684126,4.844515313913864,4.61512051684126,20.0,17.0,0.0,17.0,8.0,7.7,301.0,,,33.0,2025-08-13,2025-08-06,266.67,Longfellow Creek Greg Davis
53033104,-1.0,-1.8369701987210297e-16,8,29,5.5897548785012345,4.939998637394584,4.61512051684126,29.5,19.0,0.9746343616599749,19.0,8.0,6.95,306.0,,,23.0,2025-09-11,2025-09-04,200.0,Longfellow Creek Greg Davis
53033104,-2.4492935982947064e-16,1.0,9,100,5.303304908059076,5.16939343446719,4.61512051684126,18.0,14.0,-0.2864499704421588,12.4,8.0,9.1,,,,67.0,2025-12-20,2025-12-13,433.33,Longfellow Creek Greg Davis
53033105,1.0,6.123233995736766e-17,2,28,4.900299459074922,3.6971655083199613,3.6971655083199613,10.0,9.6,2.4062679015099206,9.6,7.5,,220.0,,,28.0,2025-03-22,2025-03-15,44.44,Longfellow Creek Thistle
53033105,0.8660254037844387,-0.49999999999999983,3,24,3.816392774412896,3.7369079303509394,3.816392774412896,8.5,7.0,-1.0839066846620256,7.0,6.5,9.0,11.4,,,24.0,2025-04-15,2025-04-08,0.0,Longfellow Creek Thistle
53033105,0.49999999999999994,-0.8660254037844387,4,36,0.0,2.9055640778292724,3.1552121659889485,17.5,10.5,-3.816392774412896,10.5,7.0,6.5,14.5,,,36.0,2025-05-21,2025-05-14,577.78,Longfellow Creek Thistle
53033105,1.2246467991473532e-16,-1.0,5,21,6.360922439910144,3.392438404774347,3.816392774412896,12.0,13.0,6.360922439910144,13.0,7.0,6.2,142.0,,,21.0,2025-06-11,2025-06-04,55.56,Longfellow Creek Thistle
53033105,-0.4999999999999998,-0.8660254037844388,6,34,4.0353020215883175,3.4654081538328207,3.925847398000607,16.0,12.0,-2.3256204183218268,12.0,7.0,7.8,57.9,,,34.0,2025-07-15,2025-07-08,2144.44,Longfellow Creek Thistle
53033105,-0.8660254037844384,-0.5000000000000004,7,35,7.671099938531332,6.0224414666765975,4.0353020215883175,12.0,16.0,3.635797916943014,16.0,7.0,7.0,283.0,,,35.0,2025-08-19,2025-08-12,33.33,Longfellow Creek Thistle
53033105,-1.0,-1.8369701987210297e-16,8,29,3.5360196074696004,5.080807189196417,3.925847398000607,18.0,16.2,-4.135080331061731,16.2,7.0,5.4,18.8,,,29.0,2025-09-17,2025-09-10,233.33,Longfellow Creek Thistle
53033105,-0.8660254037844386,0.5000000000000001,9,35,5.456730378290316,5.554616641430417,4.0353020215883175,19.0,16.2,1.9207107708207154,16.2,7.0,5.9,18.3,,,35.0,2025-10-22,2025-10-15,33.33,Longfellow Creek Thistle
53033105,-0.5000000000000004,0.8660254037844384,10,27,3.5360196074696004,4.176256531076505,3.925847398000607,9.9,14.0,-1.9207107708207154,14.0,7.0,4.4,15.3,,,27.0,2025-11-18,2025-11-11,88.89,Longfellow Creek Thistle
53033105,-2.4492935982947064e-16,1.0,11,28,4.4985867005853075,4.4971122287817415,4.0353020215883175,8.2,14.0,0.9625670931157071,14.0,7.0,6.5,126.0,,,28.0,2025-12-16,2025-12-09,0.0,Longfellow Creek Thistle
53033105,1.0,6.123233995736766e-17,12,95,0.0,2.678202102684969,3.925847398000607,11.0,12.0,-4.4985867005853075,10.5,7.0,6.5,11.0,,,53.0,2026-03-21,2026-03-14,22.22,Longfellow Creek Thistle
5303311,0.49999999999999994,0.8660254037844387,2,29,0.0,1.4358398125363456,1.4358398125363456,7.0,8.0,-2.8716796250726913,8.0,7.0,9.9,,,,29.0,2016-01-09,2016-01-02,0.0,Thornton Creek
5303311,1.0,6.123233995736766e-17,3,56,0.0,0.957226541690897,0.0,7.0,6.0,0.0,6.0,7.5,9.4,,,,56.0,2016-03-05,2016-02-27,0.0,Thornton Creek
5303311,0.8660254037844387,-0.49999999999999983,4,56,0.0,0.0,0.0,16.5,5.8,0.0,5.8,7.0,4.3,,,,56.0,2016-04-30,2016-04-23,0.0,Thornton Creek
5303311,-0.4999999999999998,-0.8660254037844388,5,62,0.0,0.0,0.0,17.0,12.0,0.0,12.0,7.5,8.0,,,,62.0,2016-07-01,2016-06-24,0.0,Thornton Creek
5303311,-0.8660254037844384,-0.5000000000000004,6,56,0.0,0.0,0.0,19.5,12.0,0.0,12.0,8.0,7.7,,,,56.0,2016-08-26,2016-08-19,233.3333333,Thornton Creek
5303311,-1.0,-1.8369701987210297e-16,6,64,0.0,0.0,0.0,19.5,12.0,0.0,12.0,8.0,7.7,,,,64.0,2016-09-03,2016-08-27,1100.0,Thornton Creek
5303311,-1.0,-1.8369701987210297e-16,8,27,7.00397413672268,4.153572913240996,0.0,15.5,15.5,1.5472295337223718,13.0,8.0,9.0,,,,10.0,2016-09-30,2016-09-23,233.3333333,Thornton Creek
5303311,-0.8660254037844386,0.5000000000000001,9,21,5.456744603000308,5.972487780907765,0.0,19.1,13.0,-1.5472295337223718,13.0,8.0,9.0,,,,31.0,2016-10-21,2016-10-14,100.0,Thornton Creek
5303311,0.49999999999999994,0.8660254037844387,10,77,4.61512051684126,5.691946418854749,1.4358398125363456,12.5,13.0,-0.8416240861590483,13.0,8.0,9.0,,,,108.0,2017-01-06,2016-12-30,0.0,Thornton Creek
5303311,0.8660254037844386,0.5000000000000001,11,28,0.0,3.357288373280523,0.0,-1.0,6.0,-4.61512051684126,,,,,,,,2017-02-03,2017-01-27,0.0,Thornton Creek
5303311,1.0,6.123233995736766e-17,12,42,0.0,1.5383735056137533,0.0,4.0,8.0,0.0,,,,,,,,2017-03-17,2017-03-10,66.66666667,Thornton Creek
5303311,0.8660254037844387,-0.49999999999999983,13,31,4.214593690422939,1.404864563474313,0.0,,,4.214593690422939,,,,,,,,2017-04-17,2017-04-10,266.6666667,Thornton Creek
5303311,0.49999999999999994,-0.8660254037844387,14,18,5.589742425403185,3.268112038608708,1.4358398125363456,10.0,11.0,1.3751487349802458,,,,,,,,2017-05-05,2017-04-28,333.3333333,Thornton Creek
5303312,-0.4999999999999998,-0.8660254037844388,3,29,5.707110264748875,3.0810756547377713,3.5361166994644386,16.0,17.0,5.707110264748875,17.0,7.5,7.3,,,,29.0,2016-07-11,2016-07-04,66.66666667,Sammamish River
5303312,-0.8660254037844384,-0.5000000000000004,4,34,4.214593690422939,3.307234651723938,3.8753551949436886,15.5,18.0,-1.4925165743259363,18.0,7.0,7.0,,,,34.0,2016-08-14,2016-08-07,366.6666667,Sammamish River
5303312,-0.8660254037844384,-0.5000000000000004,4,41,4.214593690422939,3.307234651723938,3.8753551949436886,15.5,18.0,-1.4925165743259363,18.0,7.0,7.0,,,,41.0,2016-08-21,2016-08-14,466.6666667,Sammamish River
5303312,-1.0,-1.8369701987210297e-16,6,12,6.147755791505627,5.42317540420154,4.960851977585907,15.5,20.5,0.2405790608295728,20.5,7.0,7.3,,,,12.0,2016-09-02,2016-08-26,3500.0,Sammamish River
5303312,-0.8660254037844386,0.5000000000000001,7,37,8.160803920954665,6.738578814378783,5.707110264748875,15.5,17.0,2.0130481294490377,17.0,7.0,6.9,,,,29.0,2016-10-09,2016-10-02,1566.666667,Sammamish River
5303312,-2.4492935982947064e-16,1.0,8,55,7.357343593489569,7.221967768649954,5.807143497712465,11.0,14.0,-0.8034603274650962,14.0,7.0,7.6,,,,55.0,2016-12-03,2016-11-26,200.0,Sammamish River
5303312,1.0,6.123233995736766e-17,9,90,5.303304908059076,6.940484140834436,5.707110264748875,7.0,10.0,-2.054038685430493,10.0,7.0,9.0,,,,90.0,2017-03-03,2017-02-24,33.33333333,Sammamish River
5303312,0.8660254037844387,-0.49999999999999983,10,38,3.5361166994644386,5.398921733671028,5.505207586403976,8.0,7.0,-1.767188208594637,,,,,,,,2017-04-10,2017-04-03,0.0,Sammamish River
5303312,0.49999999999999994,-0.8660254037844387,11,27,0.0,2.9464738691745045,5.303304908059076,7.0,10.0,-3.5361166994644386,,,,,,,,2017-05-07,2017-04-30,133.3333333,Sammamish River
5303312,1.2246467991473532e-16,-1.0,12,28,4.900324273030434,2.8121469908316246,5.101814590544755,11.0,13.0,4.900324273030434,,,,,,,,2017-06-04,2017-05-28,100.0,Sammamish River
5303312,-0.4999999999999998,-0.8660254037844388,13,29,4.61512051684126,3.171814929957231,4.900324273030434,13.5,16.0,-0.2852037561891745,,,,,,,,2017-07-03,2017-06-26,133.3333333,Sammamish River
5303312,-1.0,-1.8369701987210297e-16,16,33,4.61512051684126,4.87914089050071,4.900324273030434,17.0,18.5,-0.5068573647891768,18.5,7.5,7.3,,,,33.0,2019-09-01,2019-08-25,166.6666667,Sammamish River
5303312,-1.0,-1.8369701987210297e-16,17,28,5.121977881630436,4.953025426700711,4.900324273030434,19.0,18.5,0.5068573647891768,18.5,7.0,8.4,,,,28.0,2019-09-29,2019-09-22,183.33333335,Sammamish River
5303313,-0.4999999999999998,-0.8660254037844388,3,29,4.61512051684126,3.245699466157232,4.61512051684126,20.0,16.5,-0.5068573647891768,16.5,7.0,5.7,,,,29.0,2016-07-11,2016-07-04,33.33333333,Sammamish River
5303313,-0.8660254037844384,-0.5000000000000004,4,34,3.5361166994644386,4.424405032645378,4.075618608152849,22.0,19.0,-1.079003817376821,19.0,7.5,10.3,,,,34.0,2016-08-14,2016-08-07,133.3333333,Sammamish River
5303313,-0.8660254037844384,-0.5000000000000004,4,41,3.5361166994644386,4.424405032645378,4.075618608152849,22.0,19.0,-1.079003817376821,19.0,7.5,10.3,,,,41.0,2016-08-21,2016-08-14,333.3333333,Sammamish River
5303313,-1.0,-1.8369701987210297e-16,6,12,5.812138499194125,4.7495264905629995,4.757722394935847,15.5,20.0,0.911814226163691,20.0,7.0,7.3,,,,12.0,2016-09-02,2016-08-26,1666.666667,Sammamish River
5303313,-0.8660254037844386,0.5000000000000001,7,37,7.419180723019975,6.043881165081511,4.900324273030434,16.5,15.5,1.6070422238258502,15.5,7.0,8.5,,,,37.0,2016-10-09,2016-10-02,1600.0,Sammamish River
5303313,-2.4492935982947064e-16,1.0,8,55,7.3783837129967145,6.869900978403606,5.011151077330435,11.0,14.5,-0.04079701002326086,14.5,7.0,7.6,,,,55.0,2016-12-03,2016-11-26,166.6666667,Sammamish River
5303313,1.0,6.123233995736766e-17,9,90,5.121977881630436,6.639847439215708,5.121977881630436,8.0,10.0,-2.256405831366278,10.0,7.0,9.1,,,,90.0,2017-03-03,2017-02-24,66.66666667,Sammamish River
5303313,0.8660254037844387,-0.49999999999999983,10,38,4.214593690422939,5.571651761683363,5.011151077330435,7.5,8.0,-0.9073841912074974,,,,,,,,2017-04-10,2017-04-03,0.0,Sammamish River
5303313,1.2246467991473532e-16,-1.0,11,55,0.0,3.1121905240177923,4.900324273030434,10.0,10.0,-4.214593690422939,,,,,,,,2017-06-04,2017-05-28,166.6666667,Sammamish River
5303313,-0.4999999999999998,-0.8660254037844388,12,29,5.121977881630436,3.1121905240177923,5.011151077330435,14.0,15.0,5.121977881630436,,,,,,,,2017-07-03,2017-06-26,266.6666667,Sammamish River
5303315,-2.4492935982947064e-16,1.0,2,30,4.900324273030434,4.218220486247437,4.218220486247437,12.0,12.0,1.3642075735659955,12.0,8.0,8.5,,,,30.0,2015-12-05,2015-11-28,133.3333333,North Creek
5303315,0.49999999999999994,0.8660254037844387,3,56,4.900324273030434,4.445588415175102,4.900324273030434,9.0,7.0,0.0,7.0,7.5,9.2,,,,56.0,2016-01-30,2016-01-23,10000.0,North Creek
5303315,0.8660254037844386,0.5000000000000001,4,22,9.210440366976517,6.3370296376791275,4.900324273030434,6.0,8.0,4.310116093946083,8.0,8.0,9.5,,,,22.0,2016-02-21,2016-02-14,33.33333333,North Creek
5303315,1.0,6.123233995736766e-17,5,38,3.5361166994644386,5.882293779823797,4.900324273030434,7.0,8.0,-5.674323667512079,8.0,8.0,9.6,,,,38.0,2016-03-30,2016-03-23,33.33333333,North Creek
5303315,0.8660254037844387,-0.49999999999999983,6,22,3.5361166994644386,5.427557921968464,4.218220486247437,11.0,9.0,0.0,9.0,8.0,9.7,,,,22.0,2016-04-21,2016-04-14,0.0,North Creek
5303315,0.49999999999999994,-0.8660254037844387,7,35,0.0,2.3574111329762926,3.5361166994644386,21.0,9.0,-3.5361166994644386,9.0,7.5,8.9,,,,35.0,2016-05-26,2016-05-19,0.0,North Creek
5303315,1.2246467991473532e-16,-1.0,8,29,0.0,1.1787055664881463,3.5361166994644386,11.0,10.0,0.0,10.0,7.5,9.2,,,,29.0,2016-06-24,2016-06-17,0.0,North Creek
5303315,-0.4999999999999998,-0.8660254037844388,9,28,0.0,0.0,3.5361166994644386,15.0,17.0,0.0,17.0,,,,,,28.0,2016-07-22,2016-07-15,133.3333333,North Creek
5303315,-1.0,-1.8369701987210297e-16,10,43,4.900324273030434,1.633441424343478,3.5361166994644386,16.0,14.0,4.900324273030434,14.0,7.0,8.3,,,,43.0,2016-09-03,2016-08-27,6166.666667,North Creek
5303315,-0.8660254037844386,0.5000000000000001,11,37,8.727075871467651,4.542466714832695,3.5361166994644386,16.0,17.0,3.826751598437217,17.0,7.0,6.8,,,,37.0,2016-10-10,2016-10-03,0.0,North Creek
5303315,-0.5000000000000004,0.8660254037844384,12,42,0.0,4.542466714832695,3.5361166994644386,11.0,14.0,-8.727075871467651,14.0,8.0,8.7,,,,42.0,2016-11-21,2016-11-14,33.33333333,North Creek
5303315,-2.4492935982947064e-16,1.0,13,25,3.5361166994644386,4.087730856977363,3.5361166994644386,9.0,12.0,3.5361166994644386,12.0,8.0,9.7,,,,25.0,2016-12-16,2016-12-09,0.0,North Creek
5303315,0.49999999999999994,0.8660254037844387,14,45,0.0,1.1787055664881463,3.5361166994644386,0.0,7.0,-3.5361166994644386,7.0,8.0,9.9,,,,45.0,2017-01-30,2017-01-23,0.0,North Creek
5303315,0.8660254037844386,0.5000000000000001,15,25,0.0,1.1787055664881463,3.5361166994644386,13.0,9.0,0.0,9.0,8.0,8.1,,,,25.0,2017-02-24,2017-02-17,166.6666667,North Creek
5303315,1.0,6.123233995736766e-17,16,29,5.121977881630436,1.7073259605434787,3.5361166994644386,8.0,7.0,5.121977881630436,7.0,8.0,9.5,,,,29.0,2017-03-25,2017-03-18,0.0,North Creek
5303316,-2.4492935982947064e-16,1.0,2,30,3.5361166994644386,1.7680583497322193,1.7680583497322193,12.0,11.5,3.5361166994644386,11.5,7.5,8.5,,,,30.0,2015-12-05,2015-11-28,100.0,North Creek
5303316,0.49999999999999994,0.8660254037844387,3,56,4.61512051684126,2.7170790721018996,3.5361166994644386,9.0,8.0,1.079003817376821,8.0,7.5,9.6,,,,56.0,2016-01-30,2016-01-23,33.33333333,North Creek
5303316,0.8660254037844386,0.5000000000000001,4,22,3.5361166994644386,3.8957846385900456,3.5361166994644386,6.0,8.0,-1.079003817376821,8.0,7.5,9.8,,,,22.0,2016-02-21,2016-02-14,0.0,North Creek
5303316,1.0,6.123233995736766e-17,5,38,0.0,2.7170790721018996,3.5361166994644386,6.0,8.0,-3.5361166994644386,8.0,8.0,9.8,,,,38.0,2016-03-30,2016-03-23,33.33333333,North Creek
5303316,0.8660254037844387,-0.49999999999999983,6,22,3.5361166994644386,2.3574111329762926,3.5361166994644386,13.0,9.0,3.5361166994644386,9.0,8.0,9.3,,,,22.0,2016-04-21,2016-04-14,0.0,North Creek
5303316,0.49999999999999994,-0.8660254037844387,7,35,0.0,1.1787055664881463,3.5361166994644386,17.0,8.0,-3.5361166994644386,8.0,7.5,7.8,,,,35.0,2016-05-26,2016-05-19,0.0,North Creek
5303316,1.2246467991473532e-16,-1.0,8,29,0.0,1.1787055664881463,1.7680583497322193,11.0,10.0,0.0,10.0,8.0,9.8,,,,29.0,2016-06-24,2016-06-17,233.3333333,North Creek
5303316,-0.4999999999999998,-0.8660254037844388,9,28,5.456744603000308,1.8189148676667692,3.5361166994644386,14.0,15.0,5.456744603000308,15.0,7.5,7.9,,,,28.0,2016-07-22,2016-07-15,66.66666667,North Creek
5303316,-1.0,-1.8369701987210297e-16,10,43,4.214593690422939,3.2237794311410823,3.5361166994644386,16.0,16.0,-1.2421509125773689,16.0,8.0,7.5,,,,43.0,2016-09-03,2016-08-27,300.0,North Creek
5303316,-0.8660254037844386,0.5000000000000001,11,37,5.707110264748875,5.126149519390707,3.5361166994644386,16.0,15.0,1.4925165743259363,15.0,7.0,9.0,,,,37.0,2016-10-10,2016-10-03,33.33333333,North Creek
5303316,-0.5000000000000004,0.8660254037844384,12,42,3.5361166994644386,4.485940218212084,3.5361166994644386,10.5,14.0,-2.1709935652844368,14.0,8.0,8.8,,,,42.0,2016-11-21,2016-11-14,0.0,North Creek
5303316,-2.4492935982947064e-16,1.0,13,25,0.0,3.0810756547377713,3.5361166994644386,10.0,12.0,-3.5361166994644386,12.0,8.0,9.0,,,,25.0,2016-12-16,2016-12-09,0.0,North Creek
5303316,0.49999999999999994,0.8660254037844387,14,45,0.0,1.1787055664881463,3.5361166994644386,0.0,7.0,0.0,7.0,7.5,9.7,,,,45.0,2017-01-30,2017-01-23,233.3333333,North Creek
5303316,0.8660254037844386,0.5000000000000001,15,25,5.456744603000308,1.8189148676667692,3.5361166994644386,13.0,8.0,5.456744603000308,8.0,8.0,10.1,,,,25.0,2017-02-24,2017-02-17,0.0,North Creek
5303316,1.0,6.123233995736766e-17,16,29,0.0,1.8189148676667692,3.5361166994644386,10.0,7.0,-5.456744603000308,7.0,7.5,9.9,,,,29.0,2017-03-25,2017-03-18,33.33333333,North Creek
5303317,-2.4492935982947064e-16,1.0,2,65,4.900324273030434,6.198210809103195,6.198210809103195,14.0,12.0,-2.595773072145522,12.0,8.0,8.6,,,,65.0,2015-12-31,2015-12-24,0.0,Juanita Creek
5303317,0.8660254037844386,0.5000000000000001,3,52,0.0,4.13214053940213,4.900324273030434,5.0,4.0,-4.900324273030434,4.0,8.0,12.0,,,,52.0,2016-02-21,2016-02-14,233.3333333,Juanita Creek
5303317,1.0,6.123233995736766e-17,4,29,5.456744603000308,3.452356292010247,5.178534438015371,8.0,7.0,5.456744603000308,7.0,8.0,11.0,,,,29.0,2016-03-21,2016-03-14,33.33333333,Juanita Creek
5303317,0.8660254037844387,-0.49999999999999983,5,29,3.5361166994644386,2.9976204341549155,4.900324273030434,10.3,11.0,-1.9206279035358693,11.0,8.0,10.0,,,,30.0,2016-04-19,2016-04-12,0.0,Juanita Creek
5303317,0.49999999999999994,-0.8660254037844387,6,33,0.0,2.9976204341549155,4.218220486247437,21.0,17.0,-3.5361166994644386,16.0,8.0,8.0,,,,34.0,2016-05-22,2016-05-15,100.0,Juanita Creek
5303318,-0.5000000000000004,0.8660254037844384,2,37,8.814974098495934,6.968475990063185,6.968475990063185,16.0,15.0,3.692996216865498,15.0,7.0,9.3,,,,37.0,2015-11-16,2015-11-09,100.0,Lyon Creek
5303318,-2.4492935982947064e-16,1.0,3,31,4.61512051684126,6.1840241656558765,5.121977881630436,5.0,6.0,-4.199853581654675,6.0,8.0,11.0,,,,31.0,2015-12-17,2015-12-10,66.66666667,Lyon Creek
5303318,0.49999999999999994,0.8660254037844387,4,37,4.214593690422939,5.881562768586711,4.868549199235848,3.5,5.0,-0.4005268264183206,5.0,8.0,10.8,,,,37.0,2016-01-23,2016-01-16,300.0,Lyon Creek
5303318,0.8660254037844386,0.5000000000000001,5,30,5.707110264748875,4.845608157337692,5.121977881630436,7.0,8.0,1.4925165743259363,8.0,7.0,10.7,,,,30.0,2016-02-22,2016-02-15,33.33333333,Lyon Creek
5303318,1.0,6.123233995736766e-17,6,29,3.5361166994644386,4.485940218212084,4.868549199235848,6.5,8.0,-2.1709935652844368,8.0,7.5,11.5,,,,29.0,2016-03-22,2016-03-15,33.33333333,Lyon Creek
5303318,0.8660254037844387,-0.49999999999999983,7,25,3.5361166994644386,4.259781221225917,4.61512051684126,8.0,9.0,0.0,9.0,8.0,10.5,,,,25.0,2016-04-16,2016-04-09,33.33333333,Lyon Creek
5303318,0.49999999999999994,-0.8660254037844387,8,33,3.5361166994644386,3.5361166994644386,4.4148571036321,11.0,10.0,0.0,10.0,8.0,10.0,,,,33.0,2016-05-19,2016-05-12,133.3333333,Lyon Creek
5303318,1.2246467991473532e-16,-1.0,9,34,4.900324273030434,3.9908525573197706,4.61512051684126,11.5,10.5,1.3642075735659955,10.5,7.5,9.9,,,,34.0,2016-06-22,2016-06-15,33.33333333,Lyon Creek
5303318,-0.4999999999999998,-0.8660254037844388,10,24,3.5361166994644386,3.9908525573197706,4.4148571036321,17.0,14.0,-1.3642075735659955,14.0,8.0,9.0,,,,24.0,2016-07-16,2016-07-09,66.66666667,Lyon Creek
5303318,-0.8660254037844384,-0.5000000000000004,11,24,4.214593690422939,4.217011554305937,4.214593690422939,17.0,15.0,0.6784769909585004,15.0,8.0,8.8,,,,24.0,2016-08-09,2016-08-02,100.0,Lyon Creek
5303318,-1.0,-1.8369701987210297e-16,12,25,4.61512051684126,4.121943635576212,4.4148571036321,13.0,11.5,0.4005268264183206,11.5,8.0,9.0,,,,25.0,2016-09-03,2016-08-27,2333.333333,Lyon Creek
5303318,-0.8660254037844386,0.5000000000000001,13,54,7.7554816188446125,5.528398608702937,4.61512051684126,13.0,14.0,3.140361102003353,14.0,7.5,8.3,,,,54.0,2016-10-27,2016-10-20,100.0,Lyon Creek
5303318,-0.5000000000000004,0.8660254037844384,14,33,4.61512051684126,5.661907550842376,4.61512051684126,9.0,9.0,-3.140361102003353,9.0,7.5,9.4,,,,33.0,2016-11-29,2016-11-22,33.33333333,Lyon Creek
5303318,-2.4492935982947064e-16,1.0,15,17,3.5361166994644386,5.30223961171677,4.61512051684126,12.0,9.0,-1.079003817376821,9.0,7.5,10.0,,,,17.0,2016-12-16,2016-12-09,0.0,Lyon Creek
5303318,0.49999999999999994,0.8660254037844387,16,36,0.0,2.7170790721018996,4.4148571036321,-1.0,3.0,-3.5361166994644386,3.0,8.0,11.5,,,,36.0,2017-01-21,2017-01-14,0.0,Lyon Creek
5303318,0.8660254037844386,0.5000000000000001,17,33,0.0,1.1787055664881463,4.214593690422939,6.5,6.0,0.0,6.0,8.0,10.1,,,,33.0,2017-02-23,2017-02-16,33.33333333,Lyon Creek
5303318,1.0,6.123233995736766e-17,18,15,3.5361166994644386,1.1787055664881463,4.214593690422939,6.0,6.0,3.5361166994644386,6.0,8.0,11.0,,,,15.0,2017-03-10,2017-03-03,0.0,Lyon Creek
5303318,0.8660254037844387,-0.49999999999999983,19,36,0.0,1.1787055664881463,4.214593690422939,10.0,8.0,-3.5361166994644386,8.0,7.5,9.9,,,,36.0,2017-04-15,2017-04-08,33.33333333,Lyon Creek
5303318,1.2246467991473532e-16,-1.0,20,66,3.5361166994644386,2.3574111329762926,3.8753551949436886,9.0,9.5,3.5361166994644386,12.0,7.5,10.0,,,,29.0,2017-06-20,2017-06-13,133.3333333,Lyon Creek
5303318,-0.4999999999999998,-0.8660254037844388,21,25,4.900324273030434,2.8121469908316246,4.214593690422939,16.0,14.0,1.3642075735659955,14.0,8.0,8.2,,,,10.0,2017-07-15,2017-07-08,66.66666667,Lyon Creek
5303318,-0.8660254037844384,-0.5000000000000004,22,38,4.214593690422939,4.217011554305937,4.214593690422939,17.0,14.0,-0.6857305826074951,14.0,8.0,8.2,,,,48.0,2017-08-22,2017-08-15,0.0,Lyon Creek
5303318,-1.0,-1.8369701987210297e-16,23,29,0.0,3.038305987817791,4.214593690422939,23.0,16.0,-4.214593690422939,16.0,8.0,7.9,,,,29.0,2017-09-20,2017-09-13,100.0,Lyon Creek
5303318,-0.8660254037844386,0.5000000000000001,24,31,4.61512051684126,2.9432380690880664,4.214593690422939,15.0,13.0,4.61512051684126,13.0,7.5,8.7,,,,31.0,2017-10-21,2017-10-14,333.3333333,Lyon Creek
5303318,-2.4492935982947064e-16,1.0,25,42,5.812138499194125,3.4757530053451284,4.214593690422939,8.5,10.0,1.1970179823528655,10.0,7.5,9.9,,,,42.0,2017-12-02,2017-11-25,166.6666667,Lyon Creek
5303318,-2.4492935982947064e-16,1.0,26,10,5.121977881630436,5.183078965888607,4.214593690422939,6.0,4.0,-0.6901606175636887,4.0,8.0,11.2,,,,10.0,2017-12-12,2017-12-05,166.6666667,Lyon Creek
5303318,0.49999999999999994,0.8660254037844387,27,39,5.121977881630436,5.352031420818332,4.214593690422939,6.0,4.0,0.0,4.0,8.0,11.2,,,,39.0,2018-01-20,2018-01-13,100.0,Lyon Creek
5303318,0.8660254037844386,0.5000000000000001,28,31,4.61512051684126,4.953025426700711,4.4148571036321,6.5,7.0,-0.5068573647891768,7.0,7.5,10.0,,,,31.0,2018-02-20,2018-02-13,0.0,Lyon Creek
5303318,1.0,6.123233995736766e-17,29,27,0.0,3.245699466157232,4.214593690422939,4.0,4.0,-4.61512051684126,4.0,7.5,11.2,,,,27.0,2018-03-19,2018-03-12,0.0,Lyon Creek
5303318,0.8660254037844387,-0.49999999999999983,30,33,0.0,1.5383735056137533,4.214593690422939,11.5,9.0,0.0,9.0,7.5,10.6,,,,33.0,2018-04-21,2018-04-14,0.0,Lyon Creek
5303318,0.49999999999999994,-0.8660254037844387,31,31,0.0,0.0,4.214593690422939,11.0,9.0,0.0,9.0,7.5,9.9,,,,31.0,2018-05-22,2018-05-15,133.3333333,Lyon Creek
5303318,1.2246467991473532e-16,-1.0,32,20,4.900324273030434,1.633441424343478,4.214593690422939,19.0,12.5,4.900324273030434,12.5,8.0,8.8,,,,20.0,2018-06-11,2018-06-04,33.33333333,Lyon Creek
5303318,-0.4999999999999998,-0.8660254037844388,33,21,3.5361166994644386,2.8121469908316246,4.214593690422939,13.0,11.0,-1.3642075735659955,11.0,8.0,9.4,,,,21.0,2018-07-02,2018-06-25,300.0,Lyon Creek
5303318,-0.4999999999999998,-0.8660254037844388,34,19,5.707110264748875,4.71451707908125,4.214593690422939,18.0,15.0,2.1709935652844368,11.0,8.0,9.4,,,,40.0,2018-07-21,2018-07-14,300.0,Lyon Creek
5303318,-0.8660254037844384,-0.5000000000000004,35,38,5.707110264748875,4.983445742987397,4.214593690422939,18.0,15.0,0.0,15.0,8.0,9.1,,,,38.0,2018-08-28,2018-08-21,400.0,Lyon Creek
5303318,-1.0,-1.8369701987210297e-16,36,31,5.993961427306569,5.802727318934774,4.4148571036321,9.0,7.0,0.28685116255769394,7.0,8.0,8.8,,,,31.0,2018-09-28,2018-09-21,66.66666667,Lyon Creek
5303318,-0.8660254037844386,0.5000000000000001,37,22,4.214593690422939,5.305221794159461,4.214593690422939,8.0,7.0,-1.7793677368836303,7.0,7.5,9.2,,,,22.0,2018-10-20,2018-10-13,33.33333333,Lyon Creek
5303318,-0.5000000000000004,0.8660254037844384,38,30,3.5361166994644386,4.5815572723979825,4.214593690422939,3.0,2.5,-0.6784769909585004,2.5,7.5,10.2,,,,30.0,2018-11-19,2018-11-12,33.33333333,Lyon Creek
5303318,0.49999999999999994,0.8660254037844387,39,61,3.5361166994644386,3.762275696450605,4.214593690422939,4.0,6.0,0.0,7.5,8.0,10.1,,,,36.0,2019-01-19,2019-01-12,33.33333333,Lyon Creek
5303318,0.8660254037844386,0.5000000000000001,40,33,3.5361166994644386,3.5361166994644386,4.214593690422939,10.0,8.0,0.0,8.0,8.0,10.4,,,,33.0,2019-02-21,2019-02-14,33.33333333,Lyon Creek
5303318,1.0,6.123233995736766e-17,41,25,3.5361166994644386,3.5361166994644386,4.214593690422939,3.5,4.0,0.0,4.0,7.5,11.1,,,,25.0,2019-03-18,2019-03-11,0.0,Lyon Creek
5303318,0.8660254037844387,-0.49999999999999983,42,33,0.0,2.3574111329762926,4.214593690422939,8.0,6.0,-3.5361166994644386,6.0,8.0,11.1,,,,33.0,2019-04-20,2019-04-13,100.0,Lyon Creek
5303318,0.49999999999999994,-0.8660254037844387,43,35,4.61512051684126,2.7170790721018996,4.214593690422939,9.0,10.0,4.61512051684126,10.0,8.0,10.1,,,,35.0,2019-05-25,2019-05-18,66.66666667,Lyon Creek
5303318,1.2246467991473532e-16,-1.0,44,27,4.214593690422939,2.9432380690880664,4.214593690422939,13.0,12.0,-0.4005268264183206,12.0,8.0,9.4,,,,27.0,2019-06-21,2019-06-14,233.3333333,Lyon Creek
5303318,-0.4999999999999998,-0.8660254037844388,45,29,5.456744603000308,4.762152936754836,4.214593690422939,14.5,13.0,1.2421509125773689,13.0,8.0,9.0,,,,29.0,2019-07-20,2019-07-13,166.6666667,Lyon Creek
5303318,-0.8660254037844384,-0.5000000000000004,46,27,5.121977881630436,4.931105391684561,4.214593690422939,20.5,15.0,-0.3347667213698715,15.0,8.0,8.9,,,,27.0,2019-08-16,2019-08-09,100.0,Lyon Creek
5303318,-1.0,-1.8369701987210297e-16,47,27,4.61512051684126,5.064614333824001,4.214593690422939,17.0,15.0,-0.5068573647891768,15.0,7.5,8.3,,,,27.0,2019-09-12,2019-09-05,233.3333333,Lyon Creek
5303318,-1.0,-1.8369701987210297e-16,48,12,5.456744603000308,5.064614333824001,4.214593690422939,5.5,8.0,0.8416240861590483,8.0,7.5,9.7,,,,12.0,2019-09-24,2019-09-17,33.33333333,Lyon Creek
5303318,-0.8660254037844386,0.5000000000000001,49,25,3.5361166994644386,4.535993939768669,4.214593690422939,14.5,13.5,-1.9206279035358693,13.5,7.5,8.8,,,,25.0,2019-10-19,2019-10-12,566.6666667,Lyon Creek
5303318,-0.5000000000000004,0.8660254037844384,50,34,6.3415343920532985,5.111465231506014,4.214593690422939,8.0,10.0,2.80541769258886,10.0,7.5,9.8,,,,34.0,2019-11-22,2019-11-15,100.0,Lyon Creek
5303318,-2.4492935982947064e-16,1.0,51,17,4.61512051684126,4.830923869452999,4.214593690422939,4.0,6.0,-1.7264138752120388,6.0,8.0,10.2,,,,17.0,2019-12-09,2019-12-02,233.3333333,Lyon Creek
5303318,0.49999999999999994,0.8660254037844387,52,40,5.456744603000308,5.471133170631622,4.4148571036321,5.5,8.0,0.8416240861590483,8.0,7.5,9.7,,,,40.0,2020-01-18,2020-01-11,33.33333333,Lyon Creek
5303318,0.8660254037844386,0.5000000000000001,53,34,3.5361166994644386,4.535993939768669,4.214593690422939,5.0,5.0,-1.9206279035358693,5.0,7.5,11.2,,,,34.0,2020-02-21,2020-02-14,0.0,Lyon Creek
5303318,1.0,6.123233995736766e-17,54,30,0.0,2.9976204341549155,4.214593690422939,3.0,5.0,-3.5361166994644386,5.0,7.5,10.8,,,,30.0,2020-03-22,2020-03-15,0.0,Lyon Creek
5303318,0.8660254037844387,-0.49999999999999983,55,26,0.0,1.1787055664881463,4.214593690422939,12.0,8.0,0.0,8.0,7.5,10.1,,,,26.0,2020-04-17,2020-04-10,33.33333333,Lyon Creek
5303318,0.49999999999999994,-0.8660254037844387,56,32,3.5361166994644386,1.1787055664881463,4.214593690422939,10.5,9.5,3.5361166994644386,9.5,7.5,10.2,,,,32.0,2020-05-19,2020-05-12,200.0,Lyon Creek
5303318,1.2246467991473532e-16,-1.0,57,30,5.303304908059076,2.9464738691745045,4.214593690422939,17.0,12.5,1.767188208594637,12.5,8.0,9.0,,,,30.0,2020-06-18,2020-06-11,166.6666667,Lyon Creek
5303318,-0.4999999999999998,-0.8660254037844388,58,32,5.121977881630436,4.6537998297179834,4.214593690422939,16.5,12.0,-0.1813270264286393,12.0,7.5,9.2,,,,32.0,2020-07-20,2020-07-13,266.6666667,Lyon Creek
5303318,-0.8660254037844384,-0.5000000000000004,59,32,5.589742425403185,5.338341738364232,4.214593690422939,21.0,15.5,0.46776454377274845,15.5,7.5,8.3,,,,32.0,2020-08-21,2020-08-14,933.3333333,Lyon Creek
5303318,-1.0,-1.8369701987210297e-16,60,32,6.839833262461003,5.850517856498207,4.4148571036321,20.0,16.5,1.2500908370578179,16.5,8.0,8.0,,,,32.0,2020-09-22,2020-09-15,200.0,Lyon Creek
5303318,-0.8660254037844386,0.5000000000000001,61,32,5.303304908059076,5.910960198641088,4.61512051684126,15.5,14.0,-1.536528354401927,14.0,8.0,8.4,,,,32.0,2020-10-24,2020-10-17,166.6666667,Lyon Creek
5303318,-0.5000000000000004,0.8660254037844384,62,27,5.121977881630436,5.755038684050171,4.61512051684126,5.0,8.5,-0.1813270264286393,8.5,7.5,9.8,,,,27.0,2020-11-20,2020-11-13,166.6666667,Lyon Creek
5303318,-2.4492935982947064e-16,1.0,63,27,5.121977881630436,5.182420223773316,4.61512051684126,9.0,9.0,0.0,9.0,7.5,9.8,,,,27.0,2020-12-17,2020-12-10,0.0,Lyon Creek
5303318,0.8660254037844386,0.5000000000000001,64,64,0.0,3.4146519210869575,4.61512051684126,9.0,8.0,-5.121977881630436,7.5,8.0,10.4,,,,34.0,2021-02-19,2021-02-12,0.0,Lyon Creek
5303318,1.0,6.123233995736766e-17,65,32,0.0,1.7073259605434787,4.61512051684126,9.0,7.0,0.0,7.0,7.5,10.3,,,,32.0,2021-03-23,2021-03-16,0.0,Lyon Creek
5303318,0.8660254037844387,-0.49999999999999983,66,25,0.0,0.0,4.4148571036321,8.0,7.0,0.0,7.0,8.0,10.4,,,,25.0,2021-04-17,2021-04-10,66.66666667,Lyon Creek
5303318,0.49999999999999994,-0.8660254037844387,67,35,4.214593690422939,1.404864563474313,4.214593690422939,13.5,10.5,4.214593690422939,10.5,7.5,10.1,,,,35.0,2021-05-22,2021-05-15,700.0,Lyon Creek
5303318,1.2246467991473532e-16,-1.0,68,28,6.55250788703459,3.5890338591525097,4.4148571036321,12.0,12.0,2.337914196611651,12.0,8.0,10.2,,,,28.0,2021-06-19,2021-06-12,733.3333333,Lyon Creek
5303318,-0.4999999999999998,-0.8660254037844388,69,35,6.598963058088841,5.78868821184879,4.61512051684126,18.5,14.0,0.04645517105425068,14.0,7.5,9.1,,,,35.0,2021-07-24,2021-07-17,133.3333333,Lyon Creek
5303318,-0.8660254037844384,-0.5000000000000004,70,27,4.900324273030434,6.017265072717955,4.61512051684126,25.0,16.0,-1.6986387850584066,16.0,8.0,9.0,,,,27.0,2021-08-20,2021-08-13,1333.333333,Lyon Creek
5303318,-1.0,-1.8369701987210297e-16,71,33,7.196187070074651,6.231824800397976,4.61512051684126,15.5,15.0,2.295862797044217,15.0,8.0,8.2,,,,33.0,2021-09-22,2021-09-15,400.0,Lyon Creek
5303318,-0.8660254037844386,0.5000000000000001,72,31,5.993961427306569,6.030157590137218,4.61512051684126,16.5,12.5,-1.2022256427680817,12.5,8.0,10.2,,,,31.0,2021-10-23,2021-10-16,233.3333333,Lyon Creek
5303318,-0.5000000000000004,0.8660254037844384,73,29,5.456744603000308,6.215631033460508,4.61512051684126,11.0,11.0,-0.5372168243062614,11.0,8.0,9.2,,,,29.0,2021-11-21,2021-11-14,400.0,Lyon Creek
5303318,-2.4492935982947064e-16,1.0,74,27,5.993961427306569,5.814889152537816,4.61512051684126,7.5,8.5,0.5372168243062614,8.0,8.0,7.9,,,,27.0,2021-12-18,2021-12-11,1433.333333,Lyon Creek
5303318,0.49999999999999994,0.8660254037844387,75,35,7.268455443938094,6.23972049141499,4.61512051684126,8.0,6.5,1.2744940166315244,6.5,7.5,10.8,,,,35.0,2022-01-22,2022-01-15,266.6666667,Lyon Creek
5303318,0.8660254037844386,0.5000000000000001,76,28,5.589742425403185,6.284053098882616,4.61512051684126,5.0,7.0,-1.6787130185349088,7.0,7.5,10.8,,,,28.0,2022-02-19,2022-02-12,1000.0,Lyon Creek
5303318,1.0,6.123233995736766e-17,77,36,6.90875477931522,6.588984216218833,4.61512051684126,5.0,5.5,1.3190123539120355,5.5,8.0,10.1,,,,36.0,2022-03-27,2022-03-20,166.6666667,Lyon Creek
5303318,0.8660254037844387,-0.49999999999999983,78,28,5.121977881630436,5.873491695449613,4.61512051684126,14.0,9.0,-1.786776897684784,9.0,8.0,9.2,,,,28.0,2022-04-24,2022-04-17,300.0,Lyon Creek
5303318,0.49999999999999994,-0.8660254037844387,79,28,5.707110264748875,5.9126143085648435,4.61512051684126,18.5,10.0,0.585132383118439,10.0,7.5,10.3,,,,28.0,2022-05-22,2022-05-15,700.0,Lyon Creek
5303318,1.2246467991473532e-16,-1.0,80,34,6.55250788703459,5.793865344471301,4.61512051684126,21.5,10.5,0.8453976222857147,10.5,7.5,10.2,,,,34.0,2022-06-25,2022-06-18,700.0,Lyon Creek
5303318,-0.4999999999999998,-0.8660254037844388,81,35,6.55250788703459,6.270708679606019,4.61512051684126,21.5,13.5,0.0,13.5,7.5,9.2,,,,35.0,2022-07-30,2022-07-23,3033.333333,Lyon Creek
5303318,-0.8660254037844384,-0.5000000000000004,82,21,8.017747019727326,7.040920931265501,4.61512051684126,28.5,18.0,1.4652391326927354,13.5,7.5,9.2,,,,56.0,2022-08-20,2022-08-13,3100.0,Lyon Creek
5303318,-1.0,-1.8369701987210297e-16,83,29,8.03947991910045,7.536578275287455,4.61512051684126,19.0,17.0,0.021732899373123615,17.0,8.0,7.7,,,,29.0,2022-09-18,2022-09-11,1900.0,Lyon Creek
5303318,-0.8660254037844386,0.5000000000000001,84,27,7.550135342488429,7.869120760438734,4.757722394935847,18.0,13.5,-0.48934457661202035,13.5,8.0,8.3,,,,27.0,2022-10-15,2022-10-08,1133.333333,Lyon Creek
5303318,-0.5000000000000004,0.8660254037844384,85,36,7.033800385538938,7.541138549042606,4.900324273030434,0.0,0.0,-0.5163349569494908,12.0,8.0,9.3,,,,36.0,2022-11-20,2022-11-13,7966.666667,Lyon Creek
5303318,-2.4492935982947064e-16,1.0,86,21,8.983146964428526,7.855694230818631,4.900324273030434,0.0,0.0,1.949346578889588,4.5,7.5,11.3,,,,21.0,2022-12-11,2022-12-04,200.0,Lyon Creek
5303318,0.8660254037844386,0.5000000000000001,87,62,5.303304908059076,7.106750752675513,4.900324273030434,6.0,7.0,-3.6798420563694503,7.0,8.0,11.0,,,,62.0,2023-02-11,2023-02-04,133.3333333,Lyon Creek
5303318,1.0,6.123233995736766e-17,88,28,4.900324273030434,6.395592048506011,4.900324273030434,8.0,7.0,-0.40298063502864157,7.0,8.0,11.0,,,,90.0,2023-03-11,2023-03-04,33.33333333,Lyon Creek
5303318,0.8660254037844387,-0.49999999999999983,89,29,3.5361166994644386,4.579915293517983,4.900324273030434,7.0,6.5,-1.3642075735659955,7.0,8.0,11.0,,,,119.0,2023-04-09,2023-04-02,300.0,Lyon Creek
5303318,1.2246467991473532e-16,-1.0,90,62,5.707110264748875,4.71451707908125,4.900324273030434,10.0,9.5,2.1709935652844368,,,,,,,,2023-06-10,2023-06-03,21833.33333,Lyon Creek
5303318,-1.0,-1.8369701987210297e-16,91,92,9.991238933280428,6.411488632497914,4.900324273030434,0.0,0.0,4.284128668531553,13.5,8.0,8.9,,,,31.0,2023-09-10,2023-09-03,633.3333333,Lyon Creek
5303318,-0.8660254037844386,0.5000000000000001,92,28,6.452574578575491,7.383641258868265,4.900324273030434,20.5,13.0,-3.5386643547049372,9.5,8.0,9.7,,,,34.0,2023-10-08,2023-10-01,500.0,Lyon Creek
5303318,-0.5000000000000004,0.8660254037844384,93,35,6.2166061010848646,7.553473204313594,4.900324273030434,15.0,13.5,-0.23596847749062633,7.0,7.5,10.8,,,,10.0,2023-11-12,2023-11-05,233.3333333,Lyon Creek
5303318,-2.4492935982947064e-16,1.0,94,28,5.456744603000308,6.041975094220221,4.900324273030434,10.0,8.9,-0.7598614980845566,6.5,8.0,10.3,,,,37.0,2023-12-10,2023-12-03,366.6666667,Lyon Creek
5303318,0.49999999999999994,0.8660254037844387,95,34,5.9071767306760545,5.860175811587077,4.900324273030434,9.0,8.0,0.4504321276757466,8.9,8.0,9.8,,,,33.0,2024-01-13,2024-01-06,33.33333333,Lyon Creek
5303318,0.8660254037844386,0.5000000000000001,96,28,3.5361166994644386,4.966679344380267,4.900324273030434,-5.6,1.1,-2.371060031211616,1.1,8.0,12.4,,,,28.0,2024-02-10,2024-02-03,100.0,Lyon Creek
5303318,1.0,6.123233995736766e-17,97,28,4.61512051684126,4.68613798232725,4.900324273030434,5.9,5.6,1.079003817376821,5.6,8.0,10.2,,,,28.0,2024-03-09,2024-03-02,300.0,Lyon Creek
5303318,0.8660254037844387,-0.49999999999999983,98,35,5.707110264748875,4.619449160351524,4.900324273030434,9.0,7.0,1.0919897479076157,7.0,7.85,10.2,204.0,0.4,0.0,35.0,2024-04-13,2024-04-06,133.3333333,Lyon Creek
5303318,0.8660254037844387,-0.49999999999999983,98,36,5.707110264748875,4.619449160351524,4.900324273030434,9.0,7.0,1.0919897479076157,7.0,7.85,10.2,204.0,0.4,0.0,36.0,2024-04-14,2024-04-07,133.33,Lyon Creek
5303318,-0.4999999999999998,-0.8660254037844388,100,83,4.900299459074922,5.169244665618077,4.900324273030434,18.0,11.0,-2.4813955512570374e-05,14.0,8.0,8.5,231.0,0.5,1.2,55.0,2024-07-06,2024-06-29,566.67,Lyon Creek
5303318,-0.8660254037844384,-0.5000000000000004,101,28,6.341540263967944,5.380721332024433,4.900324273030434,26.0,16.0,1.441240804893022,16.0,8.0,7.1,296.0,,,28.0,2024-08-03,2024-07-27,633.33,Lyon Creek
5303318,-1.0,-1.8369701987210297e-16,102,34,6.452569323753487,5.898136348932117,4.900324273030434,19.0,17.0,0.111029059785543,17.0,7.68,8.2,247.0,2.9,0.2,34.0,2024-09-06,2024-08-30,833.33,Lyon Creek
5303318,-0.8660254037844386,0.5000000000000001,103,37,6.72662900754993,6.506912865090453,4.900324273030434,23.6,17.0,0.27405968379644374,17.0,7.7,7.7,245.0,,,36.0,2024-10-13,2024-10-06,133.33,Lyon Creek
5303318,-0.5000000000000004,0.8660254037844384,104,34,4.900299459074922,6.0264992634594465,4.900324273030434,16.7,13.0,-1.8263295484750088,13.0,7.7,9.1,217.0,0.3,2.5,34.0,2024-11-16,2024-11-09,33.33,Lyon Creek
5303318,-2.4492935982947064e-16,1.0,105,28,3.5360196074696004,5.05431602469815,4.900324273030434,7.5,6.9,-1.3642798516053212,6.9,7.43,11.1,215.6,0.8,0.7,28.0,2024-12-14,2024-12-07,200.0,Lyon Creek
5303318,0.49999999999999994,0.8660254037844387,106,29,5.303304908059076,4.5798746582011995,4.900324273030434,11.5,7.4,1.7672853005894753,7.4,8.4,10.1,99.0,1.8,0.6,29.0,2025-01-12,2025-01-05,0.0,Lyon Creek
5303318,0.8660254037844386,0.5000000000000001,107,27,0.0,2.946441505176226,4.900324273030434,6.7,6.5,-5.303304908059076,6.5,7.7,10.7,156.0,,0.4,28.0,2025-02-08,2025-02-01,100.0,Lyon Creek
5303318,1.0,6.123233995736766e-17,108,28,4.61512051684126,3.3061418083001115,4.900324273030434,5.4,5.1,4.61512051684126,5.1,7.54,12.42,536.0,0.9,0.4,28.0,2025-03-08,2025-03-01,0.0,Lyon Creek
5303318,0.8660254037844387,-0.49999999999999983,109,35,0.0,1.5383735056137533,4.900324273030434,15.7,8.3,-4.61512051684126,8.3,8.0,11.4,235.1,1.4,0.757,35.0,2025-04-12,2025-04-05,33.33,Lyon Creek
5303318,0.49999999999999994,-0.8660254037844387,110,28,3.5360196074696004,2.71704670810362,4.900324273030434,9.9,8.5,3.5360196074696004,8.5,8.0,10.3,,1.1,0.11,28.0,2025-05-10,2025-05-03,66.67,Lyon Creek
5303318,1.2246467991473532e-16,-1.0,111,36,4.2146429502441345,2.5835541859045783,4.900324273030434,16.3,11.0,0.6786233427745341,12.2,8.1,10.4,239.6,1.6,0.133,36.0,2025-06-15,2025-06-08,100.0,Lyon Creek
5303318,-0.4999999999999998,-0.8660254037844388,112,34,4.61512051684126,4.121927691518331,4.900324273030434,16.1,12.2,0.4004775665971252,12.2,7.7,10.15,253.6,1.0,0.603,34.0,2025-07-19,2025-07-12,400.0,Lyon Creek
5303318,-0.8660254037844384,-0.5000000000000004,113,28,5.993961427306569,4.9412416314639875,4.900324273030434,15.8,14.0,1.3788409104653097,14.0,7.8,8.95,243.0,0.8,0.167,28.0,2025-08-16,2025-08-09,933.33,Lyon Creek
5303318,-1.0,-1.8369701987210297e-16,114,34,6.839829694884179,5.816303879677335,4.900324273030434,17.6,16.3,0.8458682675776092,16.3,7.4,8.85,204.7,1.0,1.163,34.0,2025-09-19,2025-09-12,233.33,Lyon Creek
5303318,-0.8660254037844386,0.5000000000000001,115,22,5.456730378290316,6.096840500160354,4.900324273030434,16.0,13.2,-1.3830993165938628,13.2,7.9,9.7,263.5,1.1,0.27,22.0,2025-10-11,2025-10-04,1733.33,Lyon Creek
5303318,-0.5000000000000004,0.8660254037844384,116,28,7.458376450652252,6.584978841275582,4.900324273030434,13.7,12.5,2.001646072361936,12.5,7.5,9.75,217.3,2.7,0.6,28.0,2025-11-08,2025-11-01,0.0,Lyon Creek
5303319,-0.4999999999999998,-0.8660254037844388,2,91,4.214593690422939,2.1072968452114695,2.1072968452114695,10.0,9.0,4.214593690422939,9.0,8.0,10.0,,,,91.0,2016-07-16,2016-07-09,100.0,Lyon Creek
5303319,-0.8660254037844386,0.5000000000000001,3,103,4.61512051684126,2.9432380690880664,4.214593690422939,16.5,14.0,0.4005268264183206,14.0,8.0,8.2,,,,103.0,2016-10-27,2016-10-20,0.0,Lyon Creek
5303319,0.49999999999999994,0.8660254037844387,7,91,5.121977881630436,3.245699466157232,4.214593690422939,7.5,9.0,0.5068573647891768,9.0,7.5,9.7,,,,91.0,2018-01-20,2018-01-13,66.66666667,Lyon Creek
5303319,-0.8660254037844386,0.5000000000000001,9,91,5.589742425403185,4.975437999152187,4.214593690422939,18.0,12.5,1.3751487349802458,12.5,8.0,9.2,,,,91.0,2018-10-20,2018-10-13,0.0,Lyon Creek
5303319,0.49999999999999994,0.8660254037844387,10,91,0.0,3.268112038608708,4.214593690422939,3.5,3.0,-5.589742425403185,2.75,7.5,10.25,,,,91.0,2019-01-19,2019-01-12,0.0,Lyon Creek
5303319,0.8660254037844387,-0.49999999999999983,11,91,0.0,1.863247475134395,4.214593690422939,8.0,7.0,0.0,7.0,8.0,10.4,,,,91.0,2019-04-20,2019-04-13,33.33333333,Lyon Creek
5303319,-0.4999999999999998,-0.8660254037844388,12,91,3.5361166994644386,1.1787055664881463,3.8753551949436886,9.0,9.0,3.5361166994644386,9.0,8.0,9.8,,,,91.0,2019-07-20,2019-07-13,0.0,Lyon Creek
5303319,-0.8660254037844386,0.5000000000000001,13,91,0.0,1.1787055664881463,3.5361166994644386,19.0,13.0,-3.5361166994644386,13.0,7.5,9.0,,,,91.0,2019-10-19,2019-10-12,433.3333333,Lyon Creek
5303319,0.49999999999999994,0.8660254037844387,14,91,6.073812288379989,3.2033096626148096,3.8753551949436886,8.0,9.5,6.073812288379989,9.5,7.5,9.6,,,,91.0,2020-01-18,2020-01-11,100.0,Lyon Creek
5303319,0.8660254037844387,-0.49999999999999983,15,90,4.61512051684126,3.5629776017404162,4.214593690422939,4.0,4.0,-1.4586917715387298,4.0,7.5,11.3,,,,90.0,2020-04-17,2020-04-10,0.0,Lyon Creek
5303319,-0.4999999999999998,-0.8660254037844388,16,94,0.0,3.5629776017404162,3.8753551949436886,10.0,8.0,-4.61512051684126,8.0,7.5,10.0,,,,94.0,2020-07-20,2020-07-13,66.66666667,Lyon Creek
5303319,-0.8660254037844386,0.5000000000000001,17,96,4.214593690422939,2.9432380690880664,4.214593690422939,20.5,14.0,4.214593690422939,14.0,7.5,8.3,,,,96.0,2020-10-24,2020-10-17,0.0,Lyon Creek
5303319,-0.4999999999999998,-0.8660254037844388,19,98,0.0,1.404864563474313,3.5361166994644386,8.5,9.0,0.0,9.0,7.5,10.0,,,,98.0,2021-07-24,2021-07-17,100.0,Lyon Creek
5303319,-0.8660254037844386,0.5000000000000001,20,91,4.61512051684126,1.5383735056137533,3.8753551949436886,24.0,15.0,4.61512051684126,15.0,8.0,8.0,,,,91.0,2021-10-23,2021-10-16,200.0,Lyon Creek
5303319,0.49999999999999994,0.8660254037844387,21,91,5.303304908059076,3.3061418083001115,4.214593690422939,11.0,11.0,0.688184391217816,11.0,8.0,8.8,,,,91.0,2022-01-22,2022-01-15,366.6666667,Lyon Creek
5303319,-0.8660254037844386,0.5000000000000001,23,77,7.5846036867419855,6.265028441825706,4.214593690422939,22.0,16.5,1.677426956065931,,,,,,,,2022-10-15,2022-10-08,866.6666667,Lyon Creek
5303319,0.49999999999999994,0.8660254037844387,24,91,6.765807616364873,6.752529344594304,4.214593690422939,0.0,0.0,-0.8187960703771129,12.0,7.5,9.4,,,,91.0,2023-01-14,2023-01-07,133.33333335,Lyon Creek
5303319,0.8660254037844387,-0.49999999999999983,25,85,4.900324273402643,6.4169118588365,4.214593690422939,8.25,8.0,-1.8654833429622295,,,,,,,,2023-04-09,2023-04-02,166.6666667,Lyon Creek
5303319,0.49999999999999994,0.8660254037844387,27,97,5.993961427306569,5.338754527446549,4.61512051684126,14.0,13.0,0.8719835456761329,,,,,,,,2024-01-13,2024-01-06,133.3333333,Lyon Creek
5303319,0.8660254037844387,-0.49999999999999983,28,91,4.900324273030434,5.33875452732248,4.61512051684126,-6.1,0.6,-1.0936371542761352,0.6,8.0,12.3,,,,91.0,2024-04-13,2024-04-06,33.33333333,Lyon Creek
5303319,0.8660254037844387,-0.49999999999999983,28,92,4.900324273030434,5.33875452732248,4.61512051684126,-6.1,0.6,-1.0936371542761352,0.6,8.0,12.3,,,,92.0,2024-04-14,2024-04-07,33.33,Lyon Creek
5303319,-0.4999999999999998,-0.8660254037844388,30,83,3.5360196074696004,3.990820193321491,4.4148571036321,13.0,9.0,-9.709199483820541e-05,9.0,7.9,10.1,225.0,,,83.0,2024-07-06,2024-06-29,300.0,Lyon Creek
5303319,-0.8660254037844386,0.5000000000000001,31,99,5.707110264748875,4.259748857227638,4.61512051684126,23.3,14.0,2.171090657279275,14.0,7.8,8.65,319.0,,,99.0,2024-10-13,2024-10-06,100.0,Lyon Creek
5303319,0.49999999999999994,0.8660254037844387,32,90,4.61512051684126,4.619416796353245,4.61512051684126,11.7,10.0,-1.0919897479076157,10.0,7.85,9.65,240.0,1.5,2.6,90.0,2025-01-11,2025-01-04,33.33,Lyon Creek
5303319,0.8660254037844387,-0.49999999999999983,33,91,3.5360196074696004,4.619416796353246,4.61512051684126,6.5,6.2,-1.0791009093716593,6.2,7.8,11.3,146.0,,0.3,91.0,2025-04-12,2025-04-05,100.0,Lyon Creek
5303319,-0.4999999999999998,-0.8660254037844388,34,98,4.61512051684126,4.255420213717373,4.61512051684126,8.8,8.6,1.0791009093716593,8.6,8.0,11.1,,1.2,0.09,98.0,2025-07-19,2025-07-12,800.0,Lyon Creek
5303319,-1.0,-1.8369701987210297e-16,35,62,6.68586094706836,4.9456670237930735,4.61512051684126,14.8,13.4,2.0707404302271,13.4,8.1,8.8,253.0,0.9,0.183,62.0,2025-09-19,2025-09-12,1066.67,Lyon Creek
5303320,-1.0,-1.8369701987210297e-16,2,13,3.5361166994644386,1.7680583497322193,1.7680583497322193,25.0,20.0,3.5361166994644386,20.0,8.5,10.0,,,,13.0,2016-09-03,2016-08-27,366.6666667,Horse Creek
5303320,-1.0,-1.8369701987210297e-16,3,15,5.9071767306760545,3.1477644767134976,3.5361166994644386,17.0,16.0,2.371060031211616,16.0,8.0,7.7,,,,15.0,2016-09-18,2016-09-11,33.33333333,Horse Creek
5303320,-0.8660254037844386,0.5000000000000001,4,34,3.5361166994644386,4.326470043201644,3.5361166994644386,20.0,17.0,-2.371060031211616,17.0,8.0,8.3,,,,34.0,2016-10-22,2016-10-15,33.33333333,Horse Creek
5303320,-2.4492935982947064e-16,1.0,5,68,3.5361166994644386,4.326470043201644,3.5361166994644386,13.0,17.5,0.0,12.5,7.0,9.1,,,,68.0,2016-12-29,2016-12-22,0.0,Horse Creek
5303320,-0.4999999999999998,-0.8660254037844388,7,30,4.214593690422939,2.583570129962459,3.5361166994644386,21.7,16.0,4.214593690422939,16.0,7.5,8.4,,,,49.0,2017-07-21,2017-07-14,33.33333333,Horse Creek
5303320,-0.8660254037844384,-0.5000000000000004,8,40,3.5361166994644386,2.583570129962459,3.5361166994644386,18.5,17.0,-0.6784769909585004,17.0,7.5,8.4,,,,40.0,2017-08-30,2017-08-23,166.6666667,Horse Creek
5303320,-1.0,-1.8369701987210297e-16,9,24,5.121977881630436,4.290896090505938,3.5361166994644386,19.0,17.5,1.5858611821659978,17.5,7.5,7.9,,,,24.0,2017-09-23,2017-09-16,66.66666667,Horse Creek
5303320,-0.8660254037844386,0.5000000000000001,10,32,4.214593690422939,4.290896090505938,3.5361166994644386,15.0,14.0,-0.9073841912074974,14.0,7.5,8.8,,,,32.0,2017-10-25,2017-10-18,0.0,Horse Creek
5303320,-0.5000000000000004,0.8660254037844384,11,35,0.0,3.1121905240177923,3.5361166994644386,8.5,10.0,-4.214593690422939,10.0,7.5,10.0,,,,35.0,2017-11-29,2017-11-22,33.33333333,Horse Creek
5303320,-2.4492935982947064e-16,1.0,12,29,3.5361166994644386,2.583570129962459,3.5361166994644386,7.0,9.0,3.5361166994644386,9.0,7.0,10.7,,,,29.0,2017-12-28,2017-12-21,66.66666667,Horse Creek
5303320,0.49999999999999994,0.8660254037844387,13,29,4.214593690422939,2.583570129962459,3.5361166994644386,7.9,6.5,0.6784769909585004,6.5,7.0,11.0,,,,29.0,2018-01-26,2018-01-19,0.0,Horse Creek
5303320,0.8660254037844386,0.5000000000000001,14,25,0.0,2.583570129962459,3.5361166994644386,5.0,7.0,-4.214593690422939,7.0,7.0,11.1,,,,25.0,2018-02-20,2018-02-13,0.0,Horse Creek
5303320,1.0,6.123233995736766e-17,15,28,0.0,1.404864563474313,3.5361166994644386,2.5,4.0,0.0,4.0,7.0,12.7,,,,28.0,2018-03-20,2018-03-13,0.0,Horse Creek
5303320,0.8660254037844387,-0.49999999999999983,16,30,0.0,0.0,3.5361166994644386,5.0,7.0,0.0,7.0,7.5,11.8,,,,32.0,2018-04-19,2018-04-12,0.0,Horse Creek
5303320,0.49999999999999994,-0.8660254037844387,17,34,0.0,0.0,3.5361166994644386,10.0,9.5,0.0,9.5,7.5,10.6,,,,35.0,2018-05-23,2018-05-16,33.33333333,Horse Creek
5303320,1.2246467991473532e-16,-1.0,18,27,3.5361166994644386,1.1787055664881463,3.5361166994644386,17.2,13.9,3.5361166994644386,14.0,7.5,9.1,,,,27.0,2018-06-19,2018-06-12,0.0,Horse Creek
5303320,-0.4999999999999998,-0.8660254037844388,19,29,0.0,1.1787055664881463,3.5361166994644386,20.0,16.0,-3.5361166994644386,16.0,7.5,8.2,,,,29.0,2018-07-18,2018-07-11,50.0,Horse Creek
5303320,-0.8660254037844384,-0.5000000000000004,20,32,3.9318256327243257,2.489314110729588,3.5361166994644386,17.0,17.5,3.9318256327243257,17.5,8.0,9.0,,,,32.0,2018-08-19,2018-08-12,83.33333333,Horse Creek
5303320,-1.0,-1.8369701987210297e-16,21,38,4.434777200019885,2.788867610914737,3.5361166994644386,19.5,17.0,0.5029515672955589,17.0,8.0,8.8,,,,38.0,2018-09-26,2018-09-19,0.0,Horse Creek
5303320,-0.8660254037844386,0.5000000000000001,22,21,0.0,2.788867610914737,3.5361166994644386,11.0,12.5,-4.434777200019885,12.5,8.0,9.8,,,,21.0,2018-10-17,2018-10-10,0.0,Horse Creek
5303320,-0.5000000000000004,0.8660254037844384,23,39,0.0,1.4782590666732949,3.5361166994644386,12.5,10.0,0.0,10.0,8.0,10.1,,,,44.0,2018-11-25,2018-11-18,0.0,Horse Creek
5303320,-2.4492935982947064e-16,1.0,24,17,0.0,0.0,3.5361166994644386,3.0,7.0,0.0,7.0,7.5,11.2,,,,17.0,2018-12-12,2018-12-05,0.0,Horse Creek
5303320,0.49999999999999994,0.8660254037844387,25,45,0.0,0.0,3.5361166994644386,5.5,6.5,0.0,6.5,7.0,11.7,,,,45.0,2019-01-26,2019-01-19,16.66666667,Horse Creek
5303320,1.0,6.123233995736766e-17,26,43,2.8716796250726913,0.957226541690897,3.203898162268565,2.0,6.0,2.8716796250726913,6.0,7.0,11.3,,,,43.0,2019-03-10,2019-03-03,0.0,Horse Creek
5303320,0.8660254037844387,-0.49999999999999983,27,43,0.0,0.957226541690897,2.8716796250726913,2.0,3.5,-2.8716796250726913,3.5,7.5,12.5,,,,43.0,2019-04-22,2019-04-15,0.0,Horse Creek
5303320,0.49999999999999994,-0.8660254037844387,28,32,0.0,0.957226541690897,1.4358398125363456,12.0,10.5,0.0,10.5,7.5,10.1,,,,32.0,2019-05-24,2019-05-17,100.0,Horse Creek
5303320,1.2246467991473532e-16,-1.0,29,19,4.61512051684126,1.5383735056137533,2.8716796250726913,12.0,13.5,4.61512051684126,13.5,7.5,9.0,,,,19.0,2019-06-12,2019-06-05,50.0,Horse Creek
5303320,-0.4999999999999998,-0.8660254037844388,30,37,3.9318256327243257,2.848982049855195,3.203898162268565,25.5,15.5,-0.683294884116934,15.5,7.0,8.6,,,,37.0,2019-07-19,2019-07-12,100.0,Horse Creek
5303320,-0.8660254037844384,-0.5000000000000004,31,40,4.61512051684126,4.387355555468948,3.5361166994644386,14.5,15.5,0.683294884116934,15.5,7.5,8.5,,,,40.0,2019-08-28,2019-08-21,150.0,Horse Creek
5303320,-0.8660254037844386,0.5000000000000001,32,57,5.017279836814924,4.521408662126837,3.5361166994644386,27.5,18.0,0.4021593199736646,12.5,7.5,9.3,,,,25.0,2019-10-24,2019-10-17,0.0,Horse Creek
5303320,-0.5000000000000004,0.8660254037844384,33,27,0.0,3.2108001178853947,3.5361166994644386,7.5,10.5,-5.017279836814924,10.5,7.5,10.0,,,,27.0,2019-11-20,2019-11-13,16.66666667,Horse Creek
5303320,-2.4492935982947064e-16,1.0,34,38,2.8716796250726913,2.6296531539625385,3.203898162268565,6.5,8.5,2.8716796250726913,8.5,7.0,10.4,,,,38.0,2019-12-28,2019-12-21,0.0,Horse Creek
5303320,0.8660254037844386,0.5000000000000001,35,56,0.0,0.957226541690897,2.8716796250726913,3.0,7.0,-2.8716796250726913,8.0,7.0,10.3,,,,23.0,2020-02-22,2020-02-15,0.0,Horse Creek
5303320,1.0,6.123233995736766e-17,36,17,0.0,0.957226541690897,2.8716796250726913,7.5,7.0,0.0,7.0,7.5,10.2,,,,17.0,2020-03-10,2020-03-03,0.0,Horse Creek
5303320,1.2246467991473532e-16,-1.0,37,99,0.0,0.0,2.8716796250726913,5.0,6.0,0.0,6.0,7.0,10.8,,,,99.0,2020-06-17,2020-06-10,0.0,Horse Creek
5303320,-0.8660254037844386,0.5000000000000001,38,110,0.0,0.0,1.4358398125363456,14.5,13.0,0.0,13.0,7.5,9.3,,,,110.0,2020-10-05,2020-09-28,100.0,Horse Creek
5303320,-0.4999999999999998,-0.8660254037844388,40,26,3.5361166994644386,2.7170790721018996,2.8716796250726913,16.0,14.0,-1.079003817376821,14.0,7.0,9.5,,,,26.0,2021-07-14,2021-07-07,250.0,Horse Creek
5303320,-0.8660254037844384,-0.5000000000000004,41,28,5.5254529391317835,4.5588967184791604,2.8716796250726913,16.5,16.5,1.9893362396673449,16.5,7.5,8.2,,,,28.0,2021-08-11,2021-08-04,166.6666667,Horse Creek
5303320,-1.0,-1.8369701987210297e-16,42,42,5.121977881630436,4.727849173408885,3.203898162268565,25.0,17.5,-0.40347505750134705,17.5,8.0,10.0,,,,42.0,2021-09-22,2021-09-15,133.3333333,Horse Creek
5303320,-0.8660254037844386,0.5000000000000001,44,59,5.382964840761461,5.13508899847411,3.5361166994644386,18.0,17.0,0.4826405677310266,17.0,7.5,7.7,,,,29.0,2022-10-07,2022-09-30,50.0,Horse Creek
5303320,0.49999999999999994,-0.8660254037844387,46,28,0.0,3.1049301578285955,3.5361166994644386,10.25,5.0,-3.9318256327243257,10.0,8.0,9.8,,,,28.0,2024-05-18,2024-05-11,33.33333333,Horse Creek
5303320,1.2246467991473532e-16,-1.0,47,36,3.5361166994644386,2.489314110729588,3.5361166994644386,10.5,11.0,3.5361166994644386,11.5,8.0,9.7,,,,36.0,2024-06-23,2024-06-16,183.33,Horse Creek
5303320,-0.4999999999999998,-0.8660254037844388,48,35,5.216727629508083,2.9176147763241738,3.5361166994644386,17.0,15.0,1.680610930043644,15.0,7.5,8.9,230.0,,,35.0,2024-07-28,2024-07-21,250.0,Horse Creek
5303320,-0.8660254037844384,-0.5000000000000004,49,20,5.5254529391317835,4.759432422701435,3.5361166994644386,16.5,15.0,0.3087253096237008,17.0,7.0,8.7,228.0,,,19.0,2024-08-17,2024-08-10,100.0,Horse Creek
5303320,-1.0,-1.8369701987210297e-16,50,36,4.61512051684126,5.119100361827042,3.5361166994644386,22.5,16.5,-0.9103324222905238,16.5,7.5,8.5,195.0,,,23.0,2024-09-22,2024-09-15,83.33,Horse Creek
5303320,-0.8660254037844386,0.5000000000000001,51,21,4.43473767358655,4.858437043186531,3.5361166994644386,18.0,14.5,-0.18038284325470944,14.5,7.5,8.8,195.0,,,21.0,2024-10-13,2024-10-06,316.67,Horse Creek
5303320,-2.4492935982947064e-16,1.0,52,70,5.761013108110473,4.93695709951276,3.5361166994644386,15.0,13.0,1.3262754345239225,11.0,8.0,10.1,200.0,,,42.0,2024-12-22,2024-12-15,16.67,Horse Creek
5303320,1.0,6.123233995736766e-17,53,70,2.871868286331605,4.355873022676209,3.5361166994644386,10.0,9.0,-2.8891448217788676,11.5,8.0,9.4,240.0,,,26.0,2025-03-02,2025-02-23,33.33,Horse Creek
5303320,0.8660254037844387,-0.49999999999999983,54,34,3.5360196074696004,4.056300333970559,3.5361166994644386,9.5,9.0,0.6641513211379952,9.0,8.0,10.8,214.0,,,34.0,2025-04-05,2025-03-29,166.67,Horse Creek
5303320,0.49999999999999994,-0.8660254037844387,55,29,5.121997761949716,3.843295218583641,3.5361166994644386,21.0,,1.5859781544801157,10.5,8.0,10.1,220.0,,,28.0,2025-05-04,2025-04-27,0.0,Horse Creek
5303320,1.2246467991473532e-16,-1.0,56,28,0.0,2.8860057898064384,3.5361166994644386,14.5,10.0,-5.121997761949716,10.0,8.0,9.9,218.0,,,28.0,2025-06-01,2025-05-25,0.0,Horse Creek
5303320,-0.4999999999999998,-0.8660254037844388,57,35,0.0,1.7073325873165721,3.5361166994644386,16.5,12.0,0.0,12.0,7.5,8.8,235.0,,,35.0,2025-07-06,2025-06-29,83.33,Horse Creek
5303320,-0.8660254037844384,-0.5000000000000004,58,28,4.43473767358655,1.4782458911955167,3.5361166994644386,22.0,14.0,4.43473767358655,14.0,8.0,8.7,259.0,,,28.0,2025-08-03,2025-07-27,833.33,Horse Creek
5303320,-1.0,-1.8369701987210297e-16,59,35,6.72662900754993,3.720455560378827,3.5361166994644386,17.5,15.0,2.29189133396338,15.0,8.0,8.5,270.0,,,35.0,2025-09-07,2025-08-31,416.67,Horse Creek
5303320,-0.8660254037844386,0.5000000000000001,60,35,6.034691647042082,5.7320194427261875,3.5361166994644386,17.0,16.0,-0.6919373605078487,16.0,7.0,7.8,249.0,,,35.0,2025-10-12,2025-10-05,183.33,Horse Creek
5303320,-2.4492935982947064e-16,1.0,61,56,5.216727629508083,5.992682761366698,3.5361166994644386,10.0,13.0,-0.817964017533999,10.5,7.0,9.4,209.0,,,35.0,2025-12-07,2025-11-30,533.33,Horse Creek
5303320,0.49999999999999994,0.8660254037844387,62,29,6.281013625618804,5.844144300722989,3.5361166994644386,11.0,9.0,1.064285996110721,9.0,7.0,9.9,77.0,,,30.0,2026-01-05,2025-12-29,50.0,Horse Creek
5303320,0.8660254037844386,0.5000000000000001,63,27,3.9318256327243257,5.143188962617071,3.5361166994644386,11.0,8.0,-2.349187992894478,8.0,7.0,10.0,126.0,,,27.0,2026-02-01,2026-01-25,900.0,Horse Creek
5303321,-0.8660254037844386,0.5000000000000001,2,29,3.5361166994644386,4.075618608152849,4.075618608152849,18.0,14.0,-1.079003817376821,14.0,7.0,6.7,,,,29.0,2016-10-08,2016-10-01,66.66666667,Swamp Creek
5303321,-0.5000000000000004,0.8660254037844384,3,27,4.214593690422939,4.121943635576213,4.214593690422939,16.5,13.0,0.6784769909585004,13.0,7.5,7.5,,,,27.0,2016-11-04,2016-10-28,33.33333333,Swamp Creek
5303321,-2.4492935982947064e-16,1.0,4,36,3.5361166994644386,3.762275696450605,3.8753551949436886,11.5,9.5,-0.6784769909585004,9.5,7.0,8.6,,,,36.0,2016-12-10,2016-12-03,33.33333333,Swamp Creek
5303321,0.49999999999999994,0.8660254037844387,5,31,3.5361166994644386,3.762275696450605,3.5361166994644386,6.0,4.0,0.0,4.0,7.0,10.4,,,,31.0,2017-01-10,2017-01-03,0.0,Swamp Creek
5303321,0.8660254037844386,0.5000000000000001,6,30,0.0,2.3574111329762926,3.5361166994644386,3.5,3.0,-3.5361166994644386,3.0,7.5,10.4,,,,30.0,2017-02-09,2017-02-02,233.3333333,Swamp Creek
5303321,1.0,6.123233995736766e-17,7,26,5.456744603000308,2.9976204341549155,3.5361166994644386,15.0,6.5,5.456744603000308,6.5,7.0,10.4,,,,26.0,2017-03-07,2017-02-28,366.6666667,Swamp Creek
5303321,0.8660254037844387,-0.49999999999999983,8,35,5.9071767306760545,3.787973777892121,3.8753551949436886,5.0,6.0,0.4504321276757466,6.0,7.0,10.5,,,,35.0,2017-04-11,2017-04-04,33.33333333,Swamp Creek
5303321,0.49999999999999994,-0.8660254037844387,9,27,3.5361166994644386,4.966679344380267,3.5361166994644386,15.0,10.0,-2.371060031211616,10.0,7.0,9.6,,,,27.0,2017-05-08,2017-05-01,0.0,Swamp Creek
5303321,1.2246467991473532e-16,-1.0,10,28,0.0,3.1477644767134976,3.5361166994644386,14.5,12.0,-3.5361166994644386,12.0,7.0,8.4,,,,28.0,2017-06-05,2017-05-29,0.0,Swamp Creek
5303321,-0.4999999999999998,-0.8660254037844388,11,42,0.0,1.1787055664881463,3.5361166994644386,17.0,13.0,0.0,13.0,7.0,7.2,,,,39.0,2017-07-17,2017-07-10,66.66666667,Swamp Creek
5303321,-0.8660254037844384,-0.5000000000000004,12,24,4.214593690422939,1.404864563474313,3.5361166994644386,21.5,15.5,4.214593690422939,15.5,7.0,7.0,,,,27.0,2017-08-10,2017-08-03,133.3333333,Swamp Creek
5303321,-1.0,-1.8369701987210297e-16,13,32,4.900324273030434,3.038305987817791,3.5361166994644386,23.0,16.0,0.6857305826074951,16.0,7.0,5.7,,,,32.0,2017-09-11,2017-09-04,200.0,Swamp Creek
5303321,-0.8660254037844386,0.5000000000000001,14,35,5.303304908059076,4.806074290504149,3.8753551949436886,20.0,14.0,0.40298063502864157,14.0,7.0,6.1,,,,35.0,2017-10-16,2017-10-09,0.0,Swamp Creek
5303321,-0.5000000000000004,0.8660254037844384,15,25,0.0,3.401209727029837,3.5361166994644386,15.5,9.0,-5.303304908059076,9.0,7.0,8.2,,,,25.0,2017-11-10,2017-11-03,0.0,Swamp Creek
5303321,-2.4492935982947064e-16,1.0,16,31,0.0,1.7677683026863587,3.5361166994644386,11.0,7.5,0.0,7.5,6.5,8.5,,,,31.0,2017-12-11,2017-12-04,133.3333333,Swamp Creek
5303321,0.49999999999999994,0.8660254037844387,17,35,4.900324273030434,1.633441424343478,3.5361166994644386,8.0,3.5,4.900324273030434,3.5,6.5,10.6,,,,35.0,2018-01-15,2018-01-08,0.0,Swamp Creek
5303321,0.8660254037844386,0.5000000000000001,18,38,0.0,1.633441424343478,3.5361166994644386,16.0,8.0,-4.900324273030434,8.0,7.0,9.3,,,,38.0,2018-02-22,2018-02-15,0.0,Swamp Creek
5303321,0.49999999999999994,-0.8660254037844387,19,92,0.0,1.633441424343478,3.5361166994644386,1.0,2.5,0.0,2.5,7.0,11.4,,,,92.0,2018-05-25,2018-05-18,0.0,Swamp Creek
5303321,1.2246467991473532e-16,-1.0,20,34,0.0,0.0,3.5361166994644386,16.0,13.0,0.0,13.0,7.0,8.6,,,,34.0,2018-06-28,2018-06-21,33.33333333,Swamp Creek
5303321,-0.4999999999999998,-0.8660254037844388,21,28,3.5361166994644386,1.1787055664881463,3.5361166994644386,17.0,14.0,3.5361166994644386,14.0,7.0,6.6,,,,28.0,2018-07-26,2018-07-19,266.6666667,Swamp Creek
5303321,-0.8660254037844384,-0.5000000000000004,22,36,5.589742425403185,3.0419530416225413,3.5361166994644386,23.0,16.0,2.0536257259387463,16.0,7.0,6.6,,,,36.0,2018-08-31,2018-08-24,66.66666667,Swamp Creek
5303321,-1.0,-1.8369701987210297e-16,23,26,4.214593690422939,4.446817605096855,3.5361166994644386,17.5,15.5,-1.3751487349802458,15.5,7.0,5.6,,,,26.0,2018-09-26,2018-09-19,66.66666667,Swamp Creek
5303321,-0.5000000000000004,0.8660254037844384,24,40,4.214593690422939,4.672976602083021,3.5361166994644386,14.5,12.0,0.0,12.0,7.0,6.6,,,,40.0,2018-11-05,2018-10-29,33.33333333,Swamp Creek
5303321,0.8660254037844386,0.5000000000000001,25,108,3.5361166994644386,3.9884346934367723,3.5361166994644386,13.0,11.0,-0.6784769909585004,5.0,7.0,9.2,,,,21.0,2019-02-21,2019-02-14,0.0,Swamp Creek
5303321,1.0,6.123233995736766e-17,26,29,0.0,2.583570129962459,3.5361166994644386,5.0,4.0,-3.5361166994644386,4.0,7.0,10.4,,,,29.0,2019-03-22,2019-03-15,0.0,Swamp Creek
5303321,0.49999999999999994,-0.8660254037844387,27,53,0.0,1.1787055664881463,3.5361166994644386,19.5,9.5,0.0,9.0,7.0,9.5,,,,29.0,2019-05-14,2019-05-07,300.0,Swamp Creek
5303321,1.2246467991473532e-16,-1.0,28,36,5.707110264748875,1.902370088249625,3.5361166994644386,13.0,14.0,5.707110264748875,14.0,7.0,6.4,,,,36.0,2019-06-19,2019-06-12,133.3333333,Swamp Creek
5303321,-0.4999999999999998,-0.8660254037844388,29,29,4.900324273030434,3.535811512593103,3.5361166994644386,15.0,14.0,-0.8067859917184412,14.0,7.0,6.3,,,,29.0,2019-07-18,2019-07-11,566.6666667,Swamp Creek
5303321,-1.0,-1.8369701987210297e-16,30,74,6.3415343920532985,5.649656309944202,3.5361166994644386,18.0,16.0,1.4412101190228643,17.0,7.0,4.2,,,,45.0,2019-09-30,2019-09-23,300.0,Swamp Creek
5303321,-0.8660254037844386,0.5000000000000001,31,21,5.707110264748875,5.649656309944203,3.5361166994644386,12.0,10.0,-0.6344241273044231,10.0,7.0,7.6,,,,21.0,2019-10-21,2019-10-14,200.0,Swamp Creek
5303321,-0.5000000000000004,0.8660254037844384,32,29,5.303304908059076,5.783983188287084,3.8753551949436886,11.0,10.0,-0.40380535668979967,10.0,7.0,7.5,,,,29.0,2019-11-19,2019-11-12,266.6666667,Swamp Creek
5303321,-2.4492935982947064e-16,1.0,33,42,5.589742425403185,5.533385866070379,4.214593690422939,10.0,10.0,0.28643751734410916,7.0,7.0,7.7,,,,12.0,2019-12-31,2019-12-24,116.6666667,Swamp Creek
5303321,0.49999999999999994,0.8660254037844387,34,23,4.767855768548473,5.220301034003577,4.214593690422939,9.0,7.0,-0.8218866568547121,7.0,7.0,7.7,,,,35.0,2020-01-23,2020-01-16,133.3333333,Swamp Creek
5303321,0.8660254037844386,0.5000000000000001,35,28,4.900324273030434,5.085974155660697,4.214593690422939,11.0,8.0,0.13246850448196135,8.5,7.0,10.1,,,,28.0,2020-02-20,2020-02-13,0.0,Swamp Creek
5303321,-0.5000000000000004,0.8660254037844384,37,45,3.5361166994644386,2.8121469908316246,4.214593690422939,16.0,14.0,3.5361166994644386,14.0,7.0,3.7,,,,45.0,2020-11-19,2020-11-12,0.0,Swamp Creek
5303321,-2.4492935982947064e-16,1.0,38,28,0.0,1.1787055664881463,3.8753551949436886,8.5,8.5,-3.5361166994644386,8.5,7.0,8.6,,,,28.0,2020-12-17,2020-12-10,266.6666667,Swamp Creek
5303321,0.49999999999999994,0.8660254037844387,39,33,5.589742425403185,3.0419530416225413,4.214593690422939,10.0,7.0,5.589742425403185,7.0,7.0,9.4,,,,33.0,2021-01-19,2021-01-12,33.33333333,Swamp Creek
5303321,0.8660254037844386,0.5000000000000001,40,35,3.5361166994644386,3.0419530416225413,3.8753551949436886,5.0,6.0,-2.0536257259387463,6.0,7.0,9.9,,,,35.0,2021-02-23,2021-02-16,0.0,Swamp Creek
5303321,1.0,6.123233995736766e-17,41,27,0.0,3.0419530416225413,3.5361166994644386,7.0,6.0,-3.5361166994644386,6.0,7.5,10.4,,,,27.0,2021-03-22,2021-03-15,3333.333333,Swamp Creek
5303321,0.8660254037844387,-0.49999999999999983,42,31,8.112028038217101,3.882714912560513,3.8753551949436886,8.0,6.5,8.112028038217101,6.5,7.0,9.6,,,,31.0,2021-04-22,2021-04-15,33.33333333,Swamp Creek
5303321,0.49999999999999994,-0.8660254037844387,43,22,3.5361166994644386,3.882714912560513,3.5361166994644386,12.0,11.0,-4.575911338752663,11.0,7.0,6.2,,,,22.0,2021-05-14,2021-05-07,0.0,Swamp Creek
5303321,1.2246467991473532e-16,-1.0,44,46,0.0,3.882714912560513,3.5361166994644386,18.0,13.0,-3.5361166994644386,13.0,7.0,4.3,,,,46.0,2021-06-29,2021-06-22,166.6666667,Swamp Creek
5303321,-0.4999999999999998,-0.8660254037844388,45,25,5.121977881630436,2.886031527031625,3.5361166994644386,23.5,21.0,5.121977881630436,21.0,7.0,2.2,,,,25.0,2021-07-24,2021-07-17,66.66666667,Swamp Creek
5303321,-0.8660254037844384,-0.5000000000000004,46,26,4.214593690422939,3.1121905240177923,3.8753551949436886,21.5,15.5,-0.9073841912074974,15.5,6.5,1.3,,,,26.0,2021-08-19,2021-08-12,200.0,Swamp Creek
5303321,-1.0,-1.8369701987210297e-16,47,35,5.303304908059076,4.879958826704151,4.214593690422939,18.0,16.0,1.0887112176361367,16.0,7.0,8.5,,,,35.0,2021-09-23,2021-09-16,733.3333333,Swamp Creek
5303321,-0.8660254037844386,0.5000000000000001,48,27,6.598963058088841,5.372287218856951,4.214593690422939,15.0,13.0,1.295658150029765,13.0,7.0,10.7,,,,27.0,2021-10-20,2021-10-13,200.0,Swamp Creek
5303321,-0.5000000000000004,0.8660254037844384,49,34,5.303304908059076,5.735190958068998,4.214593690422939,12.0,10.5,-1.295658150029765,10.5,7.0,7.3,,,,34.0,2021-11-23,2021-11-16,833.3333333,Swamp Creek
5303321,-2.4492935982947064e-16,1.0,50,28,6.7266330027237125,6.209633656290543,4.214593690422939,9.0,7.0,1.4233280946646367,7.0,7.0,7.3,,,,28.0,2021-12-21,2021-12-14,0.0,Swamp Creek
5303321,0.49999999999999994,0.8660254037844387,51,27,0.0,4.009979303594263,4.214593690422939,5.5,5.0,-6.7266330027237125,7.0,7.0,7.3,,,,55.0,2022-01-17,2022-01-10,66.66666667,Swamp Creek
5303321,0.8660254037844386,0.5000000000000001,52,31,4.214593690422939,3.647075564382217,4.214593690422939,7.0,6.0,4.214593690422939,7.0,7.0,7.3,,,,86.0,2022-02-17,2022-02-10,0.0,Swamp Creek
5303321,0.8660254037844386,0.5000000000000001,52,40,4.214593690422939,3.647075564382217,4.214593690422939,7.0,6.0,4.214593690422939,7.0,7.0,7.3,,,,95.0,2022-02-26,2022-02-19,0.0,Swamp Creek
5303321,1.0,6.123233995736766e-17,54,31,0.0,1.404864563474313,4.214593690422939,11.5,4.0,0.0,4.0,7.0,10.4,,,,31.0,2022-03-29,2022-03-22,166.6666667,Swamp Creek
5303321,0.8660254037844387,-0.49999999999999983,55,27,5.121977881630436,1.7073259605434787,4.214593690422939,0.0,0.0,5.121977881630436,10.0,7.0,8.7,,,,27.0,2022-04-25,2022-04-18,266.6666667,Swamp Creek
5303321,0.49999999999999994,-0.8660254037844387,56,28,5.589742425403185,3.5705734356778738,4.214593690422939,25.5,17.0,0.46776454377274845,10.0,7.0,8.7,,,,55.0,2022-05-23,2022-05-16,33.33333333,Swamp Creek
5303321,-0.4999999999999998,-0.8660254037844388,57,58,3.5361166994644386,4.74927900216602,4.214593690422939,17.5,13.0,-2.0536257259387463,14.0,7.0,5.0,,,,30.0,2022-07-20,2022-07-13,33.33333333,Swamp Creek
5303321,-0.4999999999999998,-0.8660254037844388,57,65,3.5361166994644386,4.74927900216602,4.214593690422939,17.5,13.0,-2.0536257259387463,14.0,7.0,5.0,,,,37.0,2022-07-27,2022-07-20,200.0,Swamp Creek
5303321,-0.8660254037844384,-0.5000000000000004,59,29,5.303304908059076,4.125179435662651,4.214593690422939,21.0,16.0,1.767188208594637,16.5,6.5,2.4,,,,36.0,2022-08-25,2022-08-18,266.6666667,Swamp Creek
5303321,-1.0,-1.8369701987210297e-16,60,34,5.589742425403185,4.8097213443089,4.214593690422939,25.5,17.0,0.28643751734410916,17.0,7.0,1.7,,,,34.0,2022-09-28,2022-09-21,0.0,Swamp Creek
5303321,-0.8660254037844386,0.5000000000000001,61,26,0.0,3.6310157778207532,4.214593690422939,16.0,13.5,-5.589742425403185,13.5,7.0,1.7,,,,26.0,2022-10-24,2022-10-17,66.66666667,Swamp Creek
5303321,-0.8660254037844386,0.5000000000000001,61,27,0.0,3.6310157778207532,4.214593690422939,16.0,13.5,-5.589742425403185,13.5,7.0,1.7,,,,27.0,2022-10-25,2022-10-18,166.6666667,Swamp Creek
5303321,-0.5000000000000004,0.8660254037844384,63,34,5.121977881630436,3.1121905240177923,4.214593690422939,9.0,10.5,0.9073841912074974,10.5,7.0,3.4,,,,34.0,2022-11-28,2022-11-21,100.0,Swamp Creek
5303321,0.49999999999999994,0.8660254037844387,64,50,4.61512051684126,4.650564029631545,4.214593690422939,5.0,5.5,-0.5068573647891768,3.0,7.5,10.6,,,,29.0,2023-01-17,2023-01-10,0.0,Swamp Creek
5303321,0.49999999999999994,0.8660254037844387,64,53,4.61512051684126,4.650564029631545,4.214593690422939,5.0,5.5,-0.5068573647891768,3.0,7.5,10.6,,,,32.0,2023-01-20,2023-01-13,33.33333333,Swamp Creek
5303321,0.8660254037844387,-0.49999999999999983,66,87,3.5361166994644386,2.7170790721018996,4.214593690422939,0.0,0.0,3.5361166994644386,6.0,7.5,9.7,,,,90.0,2023-04-17,2023-04-10,66.66666667,Swamp Creek
5303321,0.8660254037844387,-0.49999999999999983,66,89,3.5361166994644386,2.7170790721018996,4.214593690422939,0.0,0.0,3.5361166994644386,6.0,7.5,9.7,,,,92.0,2023-04-19,2023-04-12,33.33333333,Swamp Creek
5303321,0.49999999999999994,-0.8660254037844387,68,41,3.5361166994644386,3.762275696450605,4.214593690422939,12.5,9.0,-0.6784769909585004,9.0,7.5,9.3,,,,41.0,2023-05-30,2023-05-23,0.0,Swamp Creek
5303321,-0.8660254037844384,-0.5000000000000004,69,79,0.0,2.583570129962459,4.214593690422939,13.0,13.0,-3.5361166994644386,16.0,7.0,0.9,,,,21.0,2023-08-17,2023-08-10,100.0,Swamp Creek
5303321,-1.0,-1.8369701987210297e-16,70,28,4.61512051684126,2.7170790721018996,4.214593690422939,25.0,17.0,4.61512051684126,17.0,7.0,0.6,,,,28.0,2023-09-14,2023-09-07,0.0,Swamp Creek
5303321,-0.8660254037844386,0.5000000000000001,71,34,0.0,1.5383735056137533,4.214593690422939,19.0,13.5,-4.61512051684126,13.5,6.5,1.1,,,,34.0,2023-10-18,2023-10-11,133.3333333,Swamp Creek
5303321,-0.5000000000000004,0.8660254037844384,72,33,4.900324273030434,3.171814929957231,4.214593690422939,12.0,12.5,4.900324273030434,12.5,7.0,4.4,,,,33.0,2023-11-20,2023-11-13,66.66666667,Swamp Creek
5303321,-2.4492935982947064e-16,1.0,73,30,4.214593690422939,3.038305987817791,4.214593690422939,0.0,0.0,-0.6857305826074951,6.0,7.0,9.1,,,,30.0,2023-12-20,2023-12-13,0.0,Swamp Creek
5303321,0.49999999999999994,0.8660254037844387,74,30,0.0,3.038305987817791,4.214593690422939,7.0,6.5,-4.214593690422939,6.5,7.0,7.5,,,,30.0,2024-01-19,2024-01-12,22.22222222,Swamp Creek
5303321,1.0,6.123233995736766e-17,75,43,3.1451096745328977,2.453234454985279,4.214593690422939,0.0,0.0,3.1451096745328977,3.5,7.5,9.8,,,,43.0,2024-03-02,2024-02-24,11.11111111,Swamp Creek
5303321,1.0,6.123233995736766e-17,76,23,2.4941233048011813,1.879744326444693,4.214593690422939,0.0,0.0,-0.6509863697317164,5.5,7.0,9.5,,,,23.0,2024-03-25,2024-03-18,33.33333333,Swamp Creek
5303321,0.8660254037844387,-0.49999999999999983,77,30,3.5361166994644386,3.0584498929328388,4.214593690422939,11.0,9.5,1.0419933946632574,9.5,7.0,5.5,,,,30.0,2024-04-24,2024-04-17,0.0,Swamp Creek
5303321,0.49999999999999994,-0.8660254037844387,78,33,0.0,2.010080001421873,3.8753551949436886,0.0,0.0,-3.5361166994644386,10.0,7.0,2.6,,,,33.0,2024-05-27,2024-05-20,22.22222222,Swamp Creek
5303321,-0.4999999999999998,-0.8660254037844388,79,60,3.1451096745328977,2.227075457999112,3.5361166994644386,15.5,12.0,3.1451096745328977,12.0,7.0,3.0,,,,60.0,2024-07-26,2024-07-19,33.33,Swamp Creek
5303321,-0.8660254037844384,-0.5000000000000004,80,32,3.5360196074696004,2.2270430940008326,3.5361166994644386,22.0,6.0,0.39090993293670273,6.0,6.5,2.6,285.0,,,32.0,2024-08-27,2024-08-20,244.44,Swamp Creek
5303321,-1.0,-1.8369701987210297e-16,81,28,5.503052518178891,4.061393933393796,3.5361166994644386,17.0,15.5,1.9670329107092908,15.5,7.0,3.2,210.6,,,28.0,2024-09-24,2024-09-17,33.33,Swamp Creek
5303321,-0.8660254037844386,0.5000000000000001,82,29,3.5360196074696004,4.191697244372698,3.5361166994644386,18.0,14.0,-1.9670329107092908,14.0,6.75,0.7,283.6,,,29.0,2024-10-23,2024-10-16,11.11,Swamp Creek
5303321,-0.5000000000000004,0.8660254037844384,83,34,2.494031557565001,3.8443678944044977,3.5361166994644386,10.0,10.5,-1.0419880499045995,10.5,6.5,1.65,272.6,,,33.0,2024-11-26,2024-11-19,0.0,Swamp Creek
5303321,-2.4492935982947064e-16,1.0,84,32,0.0,2.010017055011534,3.5361166994644386,9.0,8.5,-2.494031557565001,8.5,7.5,7.9,178.0,,,32.0,2024-12-28,2024-12-21,33.33,Swamp Creek
5303321,0.49999999999999994,0.8660254037844387,85,33,3.5360196074696004,2.010017055011534,3.5361166994644386,9.5,8.5,3.5360196074696004,8.5,7.0,8.9,142.0,,,33.0,2025-01-30,2025-01-23,22.22,Swamp Creek
5303321,1.0,6.123233995736766e-17,86,48,3.1450139762697455,2.227011194579782,3.5361166994644386,5.0,2.0,-0.3910056311998549,2.0,7.0,7.0,237.0,,,48.0,2025-03-19,2025-03-12,0.0,Swamp Creek
5303321,0.8660254037844387,-0.49999999999999983,87,30,0.0,2.227011194579782,3.5361166994644386,11.0,8.0,-3.1450139762697455,8.0,7.0,8.9,199.6,,,30.0,2025-04-18,2025-04-11,0.0,Swamp Creek
5303321,0.49999999999999994,-0.8660254037844387,88,32,0.0,1.0483379920899152,3.5361166994644386,16.0,9.5,0.0,9.5,6.5,3.75,229.0,,,32.0,2025-05-20,2025-05-13,11.11,Swamp Creek
5303321,1.2246467991473532e-16,-1.0,89,32,2.494031557565001,0.831343852521667,3.5361166994644386,14.5,12.5,2.494031557565001,12.5,7.0,2.95,221.3,,,32.0,2025-06-21,2025-06-14,33.33,Swamp Creek
5303321,-0.4999999999999998,-0.8660254037844388,90,33,3.5360196074696004,2.010017055011534,3.5361166994644386,12.5,14.5,1.0419880499045995,14.5,7.0,0.55,288.0,,,33.0,2025-07-24,2025-07-17,133.33,Swamp Creek
5303321,-0.8660254037844384,-0.5000000000000004,91,32,4.900299459074922,3.643450208036507,3.5361166994644386,20.0,17.0,1.3642798516053212,17.0,6.5,0.55,291.3,,,32.0,2025-08-25,2025-08-18,66.67,Swamp Creek
5303321,-1.0,-1.8369701987210297e-16,92,30,4.2146429502441345,4.2169873389295525,3.5361166994644386,24.5,16.5,-0.6856565088307871,16.5,7.0,0.75,284.0,,,30.0,2025-09-24,2025-09-17,33.33,Swamp Creek
5303321,-0.8660254037844386,0.5000000000000001,93,33,3.5360196074696004,4.2169873389295525,3.5361166994644386,18.5,12.75,-0.6786233427745341,12.75,6.5,1.2,274.3,,,33.0,2025-10-27,2025-10-20,166.67,Swamp Creek
5303321,-0.5000000000000004,0.8660254037844384,94,31,5.121997761949716,4.290886773221151,3.5361166994644386,13.0,9.0,1.5859781544801157,9.0,6.5,5.9,226.6,,,31.0,2025-11-27,2025-11-20,33.33,Swamp Creek
5303321,-2.4492935982947064e-16,1.0,95,32,3.5360196074696004,4.064678992296305,3.5361166994644386,11.5,9.5,-1.5859781544801157,9.5,6.5,4.9,227.0,,,32.0,2025-12-29,2025-12-22,33.33,Swamp Creek
5303321,0.49999999999999994,0.8660254037844387,96,30,3.5360196074696004,4.064678992296305,3.5361166994644386,4.0,5.0,0.0,6.0,7.0,9.7,195.6,,,30.0,2026-01-28,2026-01-21,0.0,Swamp Creek
5303321,0.8660254037844386,0.5000000000000001,97,26,0.0,2.3573464049797335,3.5361166994644386,10.0,5.0,-3.5360196074696004,5.0,6.5,7.2,239.0,,,26.0,2026-02-23,2026-02-16,0.0,Swamp Creek
5303321,1.0,6.123233995736766e-17,98,31,0.0,1.1786732024898667,3.5361166994644386,9.0,7.0,0.0,7.0,7.0,9.35,194.6,,,31.0,2026-03-26,2026-03-19,11.11,Swamp Creek
5303322,-1.0,-1.8369701987210297e-16,2,21,5.303304908059076,5.5577217036266005,5.5577217036266005,14.0,16.0,-0.5088335911350494,16.0,8.0,8.4,,,,21.0,2018-09-15,2018-09-08,400.0,Swamp Creek
5303322,-0.8660254037844386,0.5000000000000001,3,35,5.993961427306569,5.7031349448532564,5.812138499194125,13.0,13.5,0.6906565192474936,13.5,8.0,8.9,,,,35.0,2018-10-20,2018-10-13,66.66666667,Swamp Creek
5303322,-0.5000000000000004,0.8660254037844384,4,35,4.214593690422939,5.170620008596194,5.5577217036266005,7.0,8.5,-1.7793677368836303,8.5,8.0,10.0,,,,35.0,2018-11-24,2018-11-17,33.33333333,Swamp Creek
5303322,0.49999999999999994,0.8660254037844387,5,42,3.5361166994644386,4.5815572723979825,5.303304908059076,6.0,7.0,-0.6784769909585004,7.0,8.0,10.5,,,,42.0,2019-01-05,2018-12-29,0.0,Swamp Creek
5303322,1.0,6.123233995736766e-17,6,64,0.0,2.583570129962459,4.758949299241007,4.5,7.0,-3.5361166994644386,7.0,7.5,10.6,,,,64.0,2019-03-10,2019-03-03,0.0,Swamp Creek
5303322,0.8660254037844387,-0.49999999999999983,7,30,0.0,1.1787055664881463,4.214593690422939,1.0,3.0,0.0,3.0,7.5,12.2,,,,30.0,2019-04-09,2019-04-02,0.0,Swamp Creek
5303322,0.49999999999999994,-0.8660254037844387,8,32,0.0,0.0,3.8753551949436886,9.0,10.0,0.0,10.0,7.5,9.8,,,,32.0,2019-05-11,2019-05-04,33.33333333,Swamp Creek
5303322,1.2246467991473532e-16,-1.0,9,42,3.5361166994644386,1.1787055664881463,3.5361166994644386,20.0,14.0,3.5361166994644386,14.0,7.5,8.5,,,,42.0,2019-06-22,2019-06-15,100.0,Swamp Creek
5303322,-0.4999999999999998,-0.8660254037844388,10,21,4.61512051684126,2.7170790721018996,3.8753551949436886,13.0,14.0,1.079003817376821,14.0,8.0,9.1,,,,21.0,2019-07-13,2019-07-06,66.66666667,Swamp Creek
5303322,-0.8660254037844384,-0.5000000000000004,11,36,4.214593690422939,4.121943635576213,4.214593690422939,17.0,16.0,-0.4005268264183206,16.0,8.0,8.5,,,,36.0,2019-08-18,2019-08-11,66.66666667,Swamp Creek
5303322,-1.0,-1.8369701987210297e-16,12,34,4.214593690422939,4.348102632562379,4.214593690422939,17.0,16.0,0.0,16.0,8.0,8.6,,,,34.0,2019-09-21,2019-09-14,33.33333333,Swamp Creek
5303322,-0.8660254037844386,0.5000000000000001,13,35,3.5361166994644386,3.9884346934367723,4.214593690422939,15.0,14.0,-0.6784769909585004,14.0,8.0,8.6,,,,35.0,2019-10-26,2019-10-19,0.0,Swamp Creek
5303322,-0.5000000000000004,0.8660254037844384,14,28,0.0,2.583570129962459,3.8753551949436886,9.0,9.5,-3.5361166994644386,9.5,7.5,10.0,,,,28.0,2019-11-23,2019-11-16,33.33333333,Swamp Creek
5303322,-2.4492935982947064e-16,1.0,15,35,3.5361166994644386,2.3574111329762926,3.5361166994644386,4.5,6.0,3.5361166994644386,6.0,7.5,11.0,,,,35.0,2019-12-28,2019-12-21,0.0,Swamp Creek
5303322,0.49999999999999994,0.8660254037844387,16,28,0.0,1.1787055664881463,3.5361166994644386,5.0,5.5,-3.5361166994644386,5.5,7.5,11.3,,,,28.0,2020-01-25,2020-01-18,0.0,Swamp Creek
5303322,0.8660254037844386,0.5000000000000001,17,29,0.0,1.1787055664881463,3.5361166994644386,10.0,8.5,0.0,8.5,7.5,10.1,,,,29.0,2020-02-23,2020-02-16,100.0,Swamp Creek
5303322,1.0,6.123233995736766e-17,19,35,3.5361166994644386,2.7170790721018996,3.5361166994644386,5.0,6.0,-1.079003817376821,6.0,7.5,10.9,,,,35.0,2021-03-14,2021-03-07,0.0,Swamp Creek
5303322,0.49999999999999994,-0.8660254037844387,20,63,0.0,2.7170790721018996,3.5361166994644386,7.5,6.5,-3.5361166994644386,6.5,8.0,10.8,,,,63.0,2021-05-16,2021-05-09,166.6666667,Swamp Creek
5303322,1.2246467991473532e-16,-1.0,21,35,5.121977881630436,2.886031527031625,3.5361166994644386,18.0,13.5,5.121977881630436,13.5,7.5,9.1,,,,35.0,2021-06-20,2021-06-13,266.6666667,Swamp Creek
5303322,-0.4999999999999998,-0.8660254037844388,22,35,5.589742425403185,3.5705734356778738,3.5361166994644386,24.0,18.0,0.46776454377274845,18.0,7.5,7.9,,,,35.0,2021-07-25,2021-07-18,366.6666667,Swamp Creek
5303322,-0.8660254037844386,0.5000000000000001,23,77,5.9071767306760545,5.539632345903225,3.5361166994644386,23.0,17.0,0.31743430527286964,17.0,7.5,8.9,,,,77.0,2021-10-10,2021-10-03,533.3333333,Swamp Creek
5303322,-0.5000000000000004,0.8660254037844384,24,41,6.28101986387906,5.925979673319433,3.8753551949436886,9.5,10.0,0.3738431332030059,10.0,7.5,9.3,,,,41.0,2021-11-20,2021-11-13,33.33333333,Swamp Creek
5303322,1.2246467991473532e-16,-1.0,26,69,4.61512051684126,4.810752360061586,3.8753551949436886,13.0,10.0,1.079003817376821,10.5,7.5,9.9,,,,42.0,2022-06-04,2022-05-28,333.3333333,Swamp Creek
5303322,-0.8660254037844384,-0.5000000000000004,27,63,5.812138499194125,4.654458571833275,4.214593690422939,15.0,14.0,1.1970179823528655,15.0,7.5,8.3,,,,59.0,2022-08-06,2022-07-30,100.0,Swamp Creek
5303322,-0.8660254037844386,0.5000000000000001,28,77,4.61512051684126,5.0141265109588815,4.214593690422939,0.0,0.0,-1.1970179823528655,15.0,7.5,8.3,,,,77.0,2022-10-22,2022-10-15,4200.0,Swamp Creek
5303322,0.49999999999999994,-0.8660254037844387,30,64,5.589742425403185,6.182646937804609,4.214593690422939,7.0,5.0,-2.753335445766198,5.0,7.5,10.2,,,,64.0,2023-05-29,2023-05-22,300.0,Swamp Creek
5303322,-0.5000000000000004,0.8660254037844384,32,22,5.303304908059076,5.533385866070379,4.4148571036321,14.0,13.0,-0.40380535668979967,13.0,8.0,9.2,,,,22.0,2023-11-12,2023-11-05,400.0,Swamp Creek
5303322,-2.4492935982947064e-16,1.0,33,35,5.993961427306569,5.668125533371506,4.61512051684126,9.5,9.0,0.6906565192474936,13.0,8.0,9.2,,,,57.0,2023-12-17,2023-12-10,266.6666667,Swamp Creek
5303322,0.8660254037844387,-0.49999999999999983,34,119,5.589742425403185,5.629002920256276,4.61512051684126,10.0,6.0,-0.40421900190338445,9.5,7.5,10.0,,,,21.0,2024-04-14,2024-04-07,83.33333333,Swamp Creek
5303322,0.49999999999999994,0.8660254037844387,37,117,7.6890644243516055,5.51952643265268,4.61512051684126,14.5,15.0,3.2543267507650553,15.0,7.5,8.7,248.0,,,117.0,2026-01-17,2026-01-10,16.67,Swamp Creek
5303322,0.8660254037844386,0.5000000000000001,38,36,2.871868286331605,4.998556794756587,4.524948858430572,8.0,6.0,-4.81719613802,6.0,7.0,10.1,199.0,,,36.0,2026-02-22,2026-02-15,66.67,Swamp Creek
5303323,1.2246467991473532e-16,-1.0,2,32,3.5361166994644386,5.06753987877664,5.06753987877664,12.0,11.0,-3.062846358624402,11.0,7.5,8.0,,,,32.0,2019-06-26,2019-06-19,300.0,Juanita Creek
5303323,-0.4999999999999998,-0.8660254037844388,3,24,5.707110264748875,5.280730007434052,5.707110264748875,17.0,14.0,2.1709935652844368,14.0,8.0,7.9,,,,24.0,2019-07-20,2019-07-13,100.0,Juanita Creek
5303323,-0.8660254037844384,-0.5000000000000004,4,34,4.61512051684126,4.619449160351524,5.161115390795068,13.0,12.0,-1.0919897479076157,12.0,8.0,8.9,,,,34.0,2019-08-23,2019-08-16,1400.0,Juanita Creek
5303323,-1.0,-1.8369701987210297e-16,5,28,7.244941546337007,5.8557241093090475,5.707110264748875,17.0,15.0,2.629821029495747,15.0,7.5,8.1,,,,28.0,2019-09-20,2019-09-13,33.33333333,Juanita Creek
5303323,-0.8660254037844386,0.5000000000000001,6,28,3.5361166994644386,5.132059587547568,5.161115390795068,15.0,14.9,-3.708824846872568,14.9,8.0,8.5,,,,28.0,2019-10-18,2019-10-11,300.0,Juanita Creek
5303323,-0.5000000000000004,0.8660254037844384,7,35,5.707110264748875,5.49605617018344,5.707110264748875,9.0,10.0,2.1709935652844368,10.0,7.5,9.1,,,,35.0,2019-11-22,2019-11-15,1366.666667,Juanita Creek
5303323,-2.4492935982947064e-16,1.0,8,36,7.220861404017801,5.4880294560770375,5.707110264748875,2.0,7.0,1.5137511392689253,7.0,8.0,9.9,,,,36.0,2019-12-28,2019-12-21,0.0,Juanita Creek
5303323,0.49999999999999994,0.8660254037844387,9,26,0.0,4.309323889588892,5.707110264748875,2.0,7.0,-7.220861404017801,7.0,7.5,10.9,,,,26.0,2020-01-23,2020-01-16,400.0,Juanita Creek
5303323,0.8660254037844386,0.5000000000000001,10,30,5.993961427306569,4.40494094377479,5.707110264748875,10.0,2.0,5.993961427306569,7.0,7.0,9.9,,,,30.0,2020-02-22,2020-02-15,483.3333333,Juanita Creek
5303324,1.2246467991473532e-16,-1.0,2,32,5.303304908059076,4.419710803761757,4.419710803761757,12.5,12.0,1.767188208594637,12.0,7.5,7.6,,,,32.0,2019-06-26,2019-06-19,466.6666667,Juanita Creek
5303324,-0.4999999999999998,-0.8660254037844388,3,24,6.147755791505627,4.99572579967638,5.303304908059076,23.5,15.5,0.8444508834465516,15.5,8.0,7.1,,,,24.0,2019-07-20,2019-07-13,266.6666667,Juanita Creek
5303324,-0.8660254037844384,-0.5000000000000004,4,34,5.589742425403185,5.680267708322629,5.44652366673113,18.0,14.5,-0.5580133661024425,14.5,7.5,7.5,,,,34.0,2019-08-23,2019-08-16,400.0,Juanita Creek
5303324,-1.0,-1.8369701987210297e-16,5,28,5.993961427306569,5.910486548071794,5.589742425403185,19.0,14.0,0.40421900190338445,14.0,7.5,8.0,,,,28.0,2019-09-20,2019-09-13,33.33333333,Juanita Creek
5303324,-0.8660254037844386,0.5000000000000001,6,28,3.5361166994644386,5.0399401840580635,5.44652366673113,17.5,14.5,-2.4578447278421307,14.5,7.5,8.1,,,,28.0,2019-10-18,2019-10-11,66.66666667,Juanita Creek
5303324,-0.5000000000000004,0.8660254037844384,7,35,4.214593690422939,4.5815572723979825,5.303304908059076,11.0,9.0,0.6784769909585004,9.0,7.0,9.1,,,,35.0,2019-11-22,2019-11-15,500.0,Juanita Creek
5303324,-2.4492935982947064e-16,1.0,8,36,6.2166061010848646,4.655772163657414,5.44652366673113,4.0,6.5,2.0020124106619255,6.5,8.0,10.1,,,,36.0,2019-12-28,2019-12-21,200.0,Juanita Creek
5303324,0.8660254037844386,0.5000000000000001,9,56,5.303304908059076,5.2448348998556265,5.303304908059076,5.0,6.0,-0.9133011930257888,6.0,7.5,9.8,,,,56.0,2020-02-22,2020-02-15,933.3333333,Juanita Creek
5303325,1.2246467991473532e-16,-1.0,2,29,0.0,2.1072968452114695,2.1072968452114695,24.0,13.0,-4.214593690422939,10.0,8.0,10.2,,,,41.0,2019-06-08,2019-06-01,33.33333333,Pipers Creek
5303330,0.49999999999999994,0.8660254037844387,2,30,4.61512051684126,5.035932559920784,5.035932559920784,13.0,8.5,-0.8416240861590483,8.5,7.5,9.9,,,,30.0,2020-01-15,2020-01-08,233.3333333,Gilliam Creek
5303332,1.0,6.123233995736766e-17,2,28,3.5361166994644386,3.8753551949436886,3.8753551949436886,7.0,7.0,-0.6784769909585004,7.0,8.0,10.8,,,,28.0,2020-03-23,2020-03-16,0.0,Thornton Creek UT brook
5303332,0.8660254037844387,-0.49999999999999983,3,31,0.0,2.583570129962459,3.5361166994644386,10.0,8.0,-3.5361166994644386,8.0,7.5,11.3,,,,31.0,2020-04-23,2020-04-16,400.0,Thornton Creek UT brook
5303332,1.2246467991473532e-16,-1.0,4,65,5.993961427306569,3.176692708923669,3.8753551949436886,13.0,11.0,5.993961427306569,11.5,7.0,,,,,37.0,2020-06-27,2020-06-20,366.6666667,Thornton Creek UT brook
5303332,-0.4999999999999998,-0.8660254037844388,5,28,5.9071767306760545,3.9670460526608746,4.214593690422939,14.0,14.5,-0.0867846966305148,14.5,7.5,8.5,,,,28.0,2020-07-25,2020-07-18,166.6666667,Thornton Creek UT brook
5303332,-0.8660254037844384,-0.5000000000000004,6,28,5.121977881630436,5.674372013204354,4.668285786026688,17.5,14.0,-0.7851988490456181,14.0,8.0,8.7,,,,28.0,2020-08-22,2020-08-15,133.3333333,Thornton Creek UT brook
5303332,-1.0,-1.8369701987210297e-16,7,36,4.900324273030434,5.309826295112309,4.900324273030434,18.5,16.0,-0.22165360860000227,16.0,8.0,7.9,,,,36.0,2020-09-27,2020-09-20,133.3333333,Thornton Creek UT brook
5303332,-0.8660254037844386,0.5000000000000001,8,29,4.900324273030434,4.9742088092304355,4.900324273030434,15.0,13.5,0.0,13.5,7.0,8.7,,,,29.0,2020-10-26,2020-10-19,133.3333333,Thornton Creek UT brook
5303332,-0.5000000000000004,0.8660254037844384,9,34,4.900324273030434,4.900324273030434,4.900324273030434,7.0,7.0,0.0,7.0,7.5,10.6,,,,34.0,2020-11-29,2020-11-22,0.0,Thornton Creek UT brook
5303332,-2.4492935982947064e-16,1.0,10,32,0.0,3.266882848686956,4.900324273030434,6.0,7.5,-4.900324273030434,7.5,7.0,10.6,,,,32.0,2020-12-31,2020-12-24,600.0,Thornton Creek UT brook
5303332,0.49999999999999994,0.8660254037844387,11,29,6.398594934535208,3.766306402521881,4.900324273030434,10.0,8.0,6.398594934535208,8.0,7.0,10.2,,,,29.0,2021-01-29,2021-01-22,33.33333333,Thornton Creek UT brook
5303332,0.8660254037844386,0.5000000000000001,12,28,3.5361166994644386,3.3115705446665484,4.900324273030434,6.0,7.5,-2.862478235070769,7.5,7.0,10.4,,,,28.0,2021-02-26,2021-02-19,133.3333333,Thornton Creek UT brook
5303332,1.0,6.123233995736766e-17,13,31,4.900324273030434,4.945011969010026,4.900324273030434,7.0,8.0,1.3642075735659955,8.0,7.5,10.8,,,,31.0,2021-03-29,2021-03-22,33.33333333,Thornton Creek UT brook
5303332,0.49999999999999994,-0.8660254037844387,14,62,3.5361166994644386,3.9908525573197706,4.900324273030434,5.0,6.5,-1.3642075735659955,6.5,7.0,10.4,,,,62.0,2021-05-30,2021-05-23,100.0,Thornton Creek UT brook
5303332,1.2246467991473532e-16,-1.0,15,30,4.61512051684126,4.350520496445378,4.900324273030434,20.0,11.5,1.079003817376821,11.5,7.0,9.3,,,,30.0,2021-06-29,2021-06-22,333.3333333,Thornton Creek UT brook
5303332,-0.4999999999999998,-0.8660254037844388,16,32,5.812138499194125,4.654458571833275,4.900324273030434,20.5,18.5,1.1970179823528655,18.5,8.0,8.1,,,,32.0,2021-07-31,2021-07-24,166.6666667,Thornton Creek UT brook
5303332,-0.8660254037844384,-0.5000000000000004,17,31,5.121977881630436,5.183078965888607,4.900324273030434,21.0,17.0,-0.6901606175636887,17.0,8.0,7.9,,,,31.0,2021-08-31,2021-08-24,633.3333333,Thornton Creek UT brook
5303332,-1.0,-1.8369701987210297e-16,18,29,6.452574578575491,5.7955636531333505,4.900324273030434,13.5,16.0,1.3305966969450544,16.0,8.0,9.8,,,,29.0,2021-09-29,2021-09-22,66.66666667,Thornton Creek UT brook
5303332,-2.4492935982947064e-16,1.0,19,67,4.214593690422939,5.2630487168762885,4.900324273030434,14.5,14.0,-2.237980888152552,14.0,7.0,11.5,,,,67.0,2021-12-05,2021-11-28,33.33333333,Thornton Creek UT brook
5303334,-1.0,-1.8369701987210297e-16,2,39,3.5361166994644386,4.075618608152849,4.075618608152849,20.0,17.0,-1.079003817376821,17.0,7.0,5.8,,,,39.0,2019-09-25,2019-09-18,0.0,Bear Creek
5303334,-2.4492935982947064e-16,1.0,3,94,0.0,2.7170790721018996,3.5361166994644386,19.0,15.5,-3.5361166994644386,8.0,7.0,,,,,42.0,2019-12-28,2019-12-21,0.0,Bear Creek
5303334,0.49999999999999994,0.8660254037844387,4,22,0.0,1.1787055664881463,1.7680583497322193,6.0,3.0,0.0,3.0,7.0,9.1,,,,22.0,2020-01-19,2020-01-12,0.0,Bear Creek
5303334,0.8660254037844386,0.5000000000000001,5,28,0.0,0.0,0.0,11.0,5.0,0.0,5.0,7.0,9.2,,,,28.0,2020-02-16,2020-02-09,66.66666667,Bear Creek
5303335,0.8660254037844387,-0.49999999999999983,2,78,7.033800385538938,6.311771405471061,6.311771405471061,17.5,17.5,1.444057960135753,18.5,8.0,7.7,,,,52.0,2019-04-28,2019-04-21,66.66666667,Bear Creek
5303335,0.49999999999999994,-0.8660254037844387,3,10,4.214593690422939,5.612712167121688,5.589742425403185,13.0,9.0,-2.819206695115999,9.0,7.5,9.4,,,,10.0,2019-05-08,2019-05-01,166.6666667,Bear Creek
5303335,-0.4999999999999998,-0.8660254037844388,4,84,5.121977881630436,5.456790652530771,5.355860153516811,18.0,13.0,0.9073841912074974,18.5,8.0,7.7,,,,28.0,2019-07-31,2019-07-24,33.33333333,Bear Creek
5303335,-0.8660254037844384,-0.5000000000000004,4,89,5.121977881630436,5.456790652530771,5.355860153516811,18.0,13.0,0.9073841912074974,18.5,8.0,7.7,,,,33.0,2019-08-05,2019-07-29,166.6666667,Bear Creek
5303335,-1.0,-1.8369701987210297e-16,6,28,5.121977881630436,4.593357487575104,5.121977881630436,18.0,13.0,1.5858611821659978,13.0,7.5,8.4,,,,28.0,2019-09-02,2019-08-26,1133.333333,Bear Creek
5303335,-1.0,-1.8369701987210297e-16,7,27,7.033800385538938,5.230631655544605,5.121977881630436,17.5,17.5,1.9118225039085015,17.5,8.0,8.6,,,,27.0,2019-09-29,2019-09-22,0.0,Bear Creek
5303335,-0.5000000000000004,0.8660254037844384,8,33,0.0,4.051926089056458,5.121977881630436,13.0,12.5,-7.033800385538938,14.0,7.0,8.7,,,,39.0,2019-11-01,2019-10-25,266.6666667,Bear Creek
5303335,-0.5000000000000004,0.8660254037844384,9,29,5.589742425403185,4.207847603647374,5.121977881630436,7.5,5.0,5.589742425403185,5.0,7.5,11.3,,,,29.0,2019-11-30,2019-11-23,0.0,Bear Creek
5303335,-2.4492935982947064e-16,1.0,10,26,0.0,1.863247475134395,5.121977881630436,-4.0,2.5,-5.589742425403185,2.5,7.5,12.7,,,,26.0,2019-12-26,2019-12-19,0.0,Bear Creek
5303335,0.49999999999999994,0.8660254037844387,11,35,0.0,1.863247475134395,5.121977881630436,-1.0,5.0,0.0,6.0,7.5,11.1,,,,27.0,2020-01-30,2020-01-23,33.33333333,Bear Creek
5303335,1.0,6.123233995736766e-17,12,31,3.5361166994644386,1.1787055664881463,4.668285786026688,2.0,7.0,3.5361166994644386,7.0,7.0,11.0,,,,31.0,2020-03-01,2020-02-23,33.33333333,Bear Creek
5303335,-0.8660254037844384,-0.5000000000000004,15,30,4.900324273030434,3.9908525573197706,4.214593690422939,28.0,20.0,1.3642075735659955,20.0,7.5,7.5,,,,30.0,2021-08-29,2021-08-22,466.6666667,Bear Creek
5303335,-0.8660254037844386,0.5000000000000001,16,35,6.147755791505627,4.8613989213335005,4.557458981726686,18.0,15.0,1.2474315184751932,15.0,7.5,8.4,,,,35.0,2021-10-03,2021-09-26,866.6666667,Bear Creek
5303335,-0.8660254037844386,0.5000000000000001,17,28,6.765807616364873,5.937962560300311,4.900324273030434,11.0,12.0,0.6180518248592453,15.0,7.5,8.4,,,,63.0,2021-10-31,2021-10-24,1133.333333,Bear Creek
5303335,-2.4492935982947064e-16,1.0,18,35,7.033800385538938,6.649121264469812,5.011151077330435,11.0,8.5,0.26799276917406534,8.5,7.0,10.0,,,,35.0,2021-12-05,2021-11-28,866.6666667,Bear Creek
5303335,0.49999999999999994,0.8660254037844387,19,35,6.765807616364873,6.855138539422893,5.121977881630436,3.0,6.0,-0.26799276917406534,8.5,7.0,10.0,,,,70.0,2022-01-09,2022-01-02,500.0,Bear Creek
5303335,1.0,6.123233995736766e-17,20,76,6.2166061010848646,6.672071367662891,5.121977881630436,8.5,3.5,-0.549201515280008,5.0,7.5,11.2,,,,41.0,2022-03-26,2022-03-19,233.3333333,Bear Creek
5303335,0.8660254037844387,-0.49999999999999983,21,35,5.456744603000308,6.146386106816682,5.121977881630436,15.5,10.0,-0.7598614980845566,10.0,7.0,10.0,,,,35.0,2022-04-30,2022-04-23,866.6666667,Bear Creek
5303335,-0.4999999999999998,-0.8660254037844388,22,71,6.765807616364873,6.146386106816682,5.289361242315373,15.0,13.0,1.3090630133645647,15.0,7.0,8.2,,,,65.0,2022-07-10,2022-07-03,633.3333333,Bear Creek
5303335,-0.4999999999999998,-0.8660254037844388,23,21,6.452574578575491,6.225042265980224,5.456744603000308,21.0,18.0,-0.3132330377893817,15.0,7.0,8.2,,,,86.0,2022-07-31,2022-07-24,433.3333333,Bear Creek
5303335,-0.8660254037844386,0.5000000000000001,24,62,6.073812288379989,6.430731494440118,5.523243514201747,21.5,22.0,-0.37876229019550145,3.5,7.0,11.7,,,,30.0,2022-10-01,2022-09-24,133.3333333,Bear Creek
5303335,-0.5000000000000004,0.8660254037844384,25,42,4.900324273030434,5.808903713328639,5.456744603000308,22.0,13.0,-1.1734880153495553,18.0,7.0,8.5,,,,36.0,2022-11-12,2022-11-05,366.6666667,Bear Creek
5303335,-2.4492935982947064e-16,1.0,26,29,5.9071767306760545,5.627104430695493,5.523243514201747,8.5,5.0,1.0068524576456204,5.0,7.0,11.4,,,,29.0,2022-12-11,2022-12-04,433.3333333,Bear Creek
5303335,0.49999999999999994,0.8660254037844387,27,42,6.073812288379989,5.627104430695493,5.589742425403185,6.0,5.0,0.1666355577039349,5.0,7.5,11.5,,,,42.0,2023-01-22,2023-01-15,266.6666667,Bear Creek
5303335,0.8660254037844386,0.5000000000000001,28,31,5.589742425403185,5.856910481486409,5.589742425403185,5.0,5.0,-0.48406986297680454,5.0,7.0,11.8,,,,31.0,2023-02-22,2023-02-15,266.6666667,Bear Creek
5303335,0.8660254037844387,-0.49999999999999983,29,38,5.589742425403185,5.751099046395453,5.589742425403185,3.0,4.5,0.0,4.5,7.0,14.7,,,,38.0,2023-04-01,2023-03-25,33.33333333,Bear Creek
5303335,0.49999999999999994,-0.8660254037844387,30,36,3.5361166994644386,4.905200516756936,5.589742425403185,6.5,7.0,-2.0536257259387463,4.5,7.0,14.7,,,,74.0,2023-05-07,2023-04-30,100.0,Bear Creek
5303335,1.2246467991473532e-16,-1.0,31,32,4.61512051684126,4.580326547236294,5.589742425403185,15.5,8.0,1.079003817376821,4.5,7.0,14.7,,,,106.0,2023-06-08,2023-06-01,133.33,Bear Creek
5303335,-0.4999999999999998,-0.8660254037844388,32,31,4.900299459074922,4.350512225126874,5.523243514201747,27.0,17.5,0.2851789422336619,17.5,7.5,7.9,,,,31.0,2023-07-09,2023-07-02,100.0,Bear Creek
5303335,-1.0,-1.8369701987210297e-16,33,55,4.61512051684126,4.71018016425248,5.456744603000308,22.0,17.0,-0.2851789422336619,19.0,8.0,7.5,166.0,,,28.0,2023-09-02,2023-08-26,266.67,Bear Creek
5303335,-0.8660254037844386,0.5000000000000001,34,29,5.5897548785012345,5.035058284805806,5.523243514201747,25.0,17.0,0.9746343616599749,17.0,8.0,7.7,169.0,,,29.0,2023-10-01,2023-09-24,66.67,Bear Creek
5303335,-0.5000000000000004,0.8660254037844384,35,42,4.2146429502441345,4.806506115195543,5.456744603000308,15.0,11.0,-1.3751119282571,11.0,7.5,8.2,142.0,,,42.0,2023-11-12,2023-11-05,133.33,Bear Creek
5303335,-2.4492935982947064e-16,1.0,36,34,4.900299459074922,4.901565762606764,5.289361242315373,11.0,9.0,0.6856565088307871,9.0,7.0,9.2,132.0,,,34.0,2023-12-16,2023-12-09,33.33,Bear Creek
5303335,0.8660254037844386,0.5000000000000001,37,56,3.5360196074696004,4.2169873389295525,5.121977881630436,5.0,5.0,-1.3642798516053212,5.0,7.0,10.9,115.0,,,56.0,2024-02-10,2024-02-03,0.0,Bear Creek
5303335,1.0,6.123233995736766e-17,38,28,0.0,2.8121063555148407,5.121977881630436,8.5,5.0,-3.5360196074696004,5.0,7.0,9.9,120.0,,,28.0,2024-03-09,2024-03-02,0.0,Bear Creek
5303335,0.8660254037844387,-0.49999999999999983,39,37,0.0,1.1786732024898667,5.121977881630436,9.0,6.0,0.0,6.0,7.0,10.1,124.0,,,37.0,2024-04-15,2024-04-08,0.0,Bear Creek
5303335,1.2246467991473532e-16,-1.0,40,58,0.0,0.0,5.011151077330435,9.0,8.0,0.0,8.0,7.5,10.0,134.0,,,58.0,2024-06-12,2024-06-05,250.0,Bear Creek
5303335,-0.4999999999999998,-0.8660254037844388,41,38,5.5254529391317835,1.841817646377261,5.121977881630436,12.0,15.0,5.5254529391317835,15.0,7.5,9.4,145.0,,,38.0,2024-07-20,2024-07-13,116.67,Bear Creek
5303335,-0.8660254037844386,0.5000000000000001,42,84,4.7678840964758376,3.4311123452025405,5.011151077330435,21.0,20.0,-0.7575688426559459,,7.5,8.5,168.0,,,34.0,2024-10-12,2024-10-05,133.33,Bear Creek
5303335,-0.5000000000000004,0.8660254037844384,43,42,4.900299459074922,5.064545498227514,4.900324273030434,18.0,12.0,0.13241536259908404,12.0,7.0,9.2,163.0,,,42.0,2024-11-23,2024-11-16,633.33,Bear Creek
5303335,-2.4492935982947064e-16,1.0,44,35,6.452569323753487,5.373584293101415,5.011151077330435,9.0,7.0,1.552269864678565,7.0,7.0,9.3,129.0,,,35.0,2024-12-28,2024-12-21,500.0,Bear Creek
5303335,0.49999999999999994,0.8660254037844387,45,29,6.2166061010848646,5.856491627971091,5.121977881630436,8.0,5.0,-0.23596322266862213,5.0,7.5,9.3,101.0,,,29.0,2025-01-26,2025-01-19,33.33,Bear Creek
5303335,1.0,6.123233995736766e-17,46,42,3.5360196074696004,5.401731677435984,5.011151077330435,4.5,0.0,-2.680586493615264,0.0,8.0,12.3,147.0,,,42.0,2025-03-09,2025-03-02,66.67,Bear Creek
5303335,0.49999999999999994,-0.8660254037844387,47,76,4.2146429502441345,4.655756219599533,4.900324273030434,10.0,6.0,0.6786233427745341,7.0,7.5,9.7,119.0,,,42.0,2025-05-24,2025-05-17,116.67,Bear Creek
5303346,0.49999999999999994,-0.8660254037844387,3,30,2.8903717578961645,1.9299867236018367,2.4941233048011813,10.0,9.8,0.39624845309498324,9.8,7.5,10.0,,,,30.0,2020-05-07,2020-04-30,0.5,McSorley Creek
5303346,1.2246467991473532e-16,-1.0,4,34,0.4054651081081644,1.9299867236018367,1.4497942064546727,16.0,16.0,-2.484906649788,16.0,6.5,9.7,,,,34.0,2020-06-10,2020-06-03,33.166666665,McSorley Creek
5303346,-0.4999999999999998,-0.8660254037844388,5,30,3.5312505098615725,2.2756957919553007,2.4941233048011813,17.0,18.0,3.125785401753408,18.0,8.0,9.1,,,,30.0,2020-07-10,2020-07-03,165.0,McSorley Creek
5303346,-0.8660254037844384,-0.5000000000000004,6,25,5.111987788356544,3.016234468775427,2.6922475313486727,18.0,18.0,1.5807372784949711,18.0,7.5,8.2,,,,25.0,2020-08-04,2020-07-28,50.0,McSorley Creek
5303346,-1.0,-1.8369701987210297e-16,7,28,3.9318256327243257,4.1916879769808135,2.8903717578961645,20.0,19.5,-1.180162155632218,19.5,8.0,7.7,,,,28.0,2020-09-01,2020-08-25,116.83333335,McSorley Creek
5303346,-1.0,-1.8369701987210297e-16,8,14,4.76927119680996,4.604361539296943,3.2108111338788685,17.0,18.0,0.8374455640856344,18.0,7.5,8.2,,,,14.0,2020-09-15,2020-09-08,55266.833335,McSorley Creek
5303346,-0.8660254037844386,0.5000000000000001,9,31,10.919946342593379,6.5403477240425545,3.5312505098615725,18.0,19.0,6.150675145783419,15.0,7.5,8.1,,,,10.0,2020-10-16,2020-10-09,33.0,McSorley Creek
5303346,-0.5000000000000004,0.8660254037844384,10,21,3.5263605246161616,6.4051926880065,3.528805517238867,16.0,15.0,-7.393585817977217,15.0,7.5,8.1,,,,21.0,2020-11-06,2020-10-30,120.83333335,McSorley Creek
5303346,-2.4492935982947064e-16,1.0,11,48,4.802653990658523,6.416320285956021,3.5312505098615725,10.0,10.0,1.276293466042361,7.25,8.0,10.2,,,,20.0,2020-12-24,2020-12-17,133.16666665,McSorley Creek
5303346,0.49999999999999994,0.8660254037844387,12,11,4.899082808066285,4.409365774446989,3.731538071292949,6.0,7.0,0.09642881740776232,7.0,7.5,10.6,,,,13.0,2021-01-04,2020-12-28,100.0,McSorley Creek
5303346,0.49999999999999994,0.8660254037844387,13,15,4.61512051684126,4.772285771855356,3.9318256327243257,9.0,8.0,-0.28396229122502525,8.0,7.0,10.0,,,,15.0,2021-01-19,2021-01-12,0.5,McSorley Creek
5303346,0.8660254037844386,0.5000000000000001,14,14,0.4054651081081644,3.3065561443385696,3.731538071292949,5.0,7.0,-4.209655408733095,7.0,7.5,10.7,,,,14.0,2021-02-02,2021-01-26,50.0,McSorley Creek
5303346,0.8660254037844386,0.5000000000000001,14,16,0.4054651081081644,3.3065561443385696,3.731538071292949,5.0,7.0,-4.209655408733095,7.0,7.5,10.7,,,,16.0,2021-02-04,2021-01-28,100.0,McSorley Creek
5303346,0.8660254037844386,0.5000000000000001,16,13,4.61512051684126,2.9841370858912497,3.9318256327243257,,5.0,0.683294884116934,8.0,7.5,10.3,,,,15.0,2021-02-17,2021-02-10,33.166666665,McSorley Creek
5303346,1.0,6.123233995736766e-17,17,14,3.5312505098615725,4.026065553142385,3.9318256327243257,6.0,4.0,-1.0838700069796872,4.0,7.5,13.0,,,,14.0,2021-03-03,2021-02-24,0.5,McSorley Creek
5303346,1.0,6.123233995736766e-17,18,20,0.4054651081081644,2.8506120449369985,3.731538071292949,10.0,7.0,-3.125785401753408,12.0,7.5,9.1,,,,19.0,2021-03-23,2021-03-16,16.833333335,McSorley Creek
5303346,0.8660254037844387,-0.49999999999999983,19,16,2.881069365327309,2.2725949944323487,3.5312505098615725,9.0,6.5,2.4756042572191443,5.0,8.5,12.8,,,,23.0,2021-04-08,2021-04-01,0.5,McSorley Creek
5303346,0.8660254037844387,-0.49999999999999983,20,12,0.4054651081081644,1.2306665271812127,3.5312505098615725,10.0,11.0,-2.4756042572191443,11.0,8.5,10.9,,,,14.0,2021-04-20,2021-04-13,0.5,McSorley Creek
5303346,0.49999999999999994,-0.8660254037844387,21,14,0.4054651081081644,1.2306665271812127,3.5312505098615725,15.0,14.0,0.0,14.0,8.5,10.45,,,,14.0,2021-05-04,2021-04-27,116.83333335,McSorley Creek
5303346,0.49999999999999994,-0.8660254037844387,22,14,4.76927119680996,1.8600671376754299,3.5312505098615725,11.0,12.0,4.3638060887017955,12.0,7.5,9.1,,,,14.0,2021-05-18,2021-05-11,50.0,McSorley Creek
5303346,1.2246467991473532e-16,-1.0,23,14,3.9318256327243257,3.035520645880817,3.5312505098615725,11.0,10.0,-0.8374455640856344,12.0,8.0,8.95,,,,14.0,2021-06-01,2021-05-25,16.833333335,McSorley Creek
5303346,1.2246467991473532e-16,-1.0,24,15,2.881069365327309,3.8607220649538654,3.5312505098615725,14.0,14.0,-1.0507562673970168,14.0,8.0,8.35,,,,15.0,2021-06-16,2021-06-09,66.83333333499999,McSorley Creek
5303346,-0.4999999999999998,-0.8660254037844388,25,21,4.21705371623911,3.676649571430248,3.5312505098615725,13.0,15.0,1.3359843509118008,15.0,8.0,8.3,,,,21.0,2021-07-07,2021-06-30,117.0,McSorley Creek
5303346,-0.4999999999999998,-0.8660254037844388,25,25,4.21705371623911,3.676649571430248,3.5312505098615725,13.0,15.0,1.3359843509118008,15.0,8.0,8.3,,,,25.0,2021-07-11,2021-07-04,116.6666667,McSorley Creek
5303346,-0.8660254037844384,-0.5000000000000004,27,22,4.767855768548473,4.58519803641775,3.9318256327243257,14.0,17.0,-0.0028288559171922856,16.0,8.0,7.8,,,,26.0,2021-08-02,2021-07-26,1.0,McSorley Creek
5303346,-0.8660254037844384,-0.5000000000000004,27,28,4.767855768548473,4.58519803641775,3.9318256327243257,14.0,17.0,-0.0028288559171922856,16.0,8.0,7.8,,,,32.0,2021-08-08,2021-08-01,1650.0,McSorley Creek
5303346,-0.8660254037844384,-0.5000000000000004,29,10,7.409136443920128,4.290046464342849,3.9318256327243257,15.0,16.0,6.715989263360183,17.0,8.0,7.85,,,,16.0,2021-08-18,2021-08-11,16.833333335,McSorley Creek
5303346,-1.0,-1.8369701987210297e-16,30,18,2.881069365327309,3.6611176632691276,3.731538071292949,16.0,16.0,-4.528067078592819,16.0,8.5,7.699999999999999,,,,18.0,2021-09-05,2021-08-29,33.0,McSorley Creek
5303346,-1.0,-1.8369701987210297e-16,30,21,2.881069365327309,3.6611176632691276,3.731538071292949,16.0,16.0,-4.528067078592819,16.0,8.5,7.699999999999999,,,,21.0,2021-09-08,2021-09-01,33.33333333,McSorley Creek
5303346,-0.8660254037844386,0.5000000000000001,32,28,3.5361166994644386,3.314515529802636,3.533683604663006,,,0.009756174848277066,15.0,8.0,8.55,,,,31.0,2021-10-06,2021-09-29,133.16666665,McSorley Creek
5303346,-0.8660254037844386,0.5000000000000001,33,14,4.899082808066285,3.987186677382295,3.5361166994644386,16.0,14.0,1.3629661086018463,14.0,8.0,9.7,,,,14.0,2021-10-20,2021-10-13,50.0,McSorley Creek
5303346,-0.5000000000000004,0.8660254037844384,34,13,3.9318256327243257,4.12234171341835,3.733971166094382,9.0,12.0,-0.9672571753419592,12.0,7.5,9.3,,,,13.0,2021-11-02,2021-10-26,0.5,McSorley Creek
5303346,-0.5000000000000004,0.8660254037844384,35,14,0.4054651081081644,3.078791182966258,3.5361166994644386,4.0,10.0,-3.5263605246161616,10.0,7.0,8.850000000000001,,,,14.0,2021-11-16,2021-11-09,1.0,McSorley Creek
5303346,-0.5000000000000004,0.8660254037844384,36,14,0.6931471805599453,1.676812640464145,3.533683604663006,2.0,9.0,0.2876820724517809,9.0,7.0,10.4,,,,14.0,2021-11-30,2021-11-23,350.0,McSorley Creek
5303346,-2.4492935982947064e-16,1.0,36,21,0.6931471805599453,1.676812640464145,3.533683604663006,2.0,9.0,0.2876820724517809,9.0,7.0,10.4,,,,21.0,2021-12-07,2021-11-30,200.0,McSorley Creek
5303346,-2.4492935982947064e-16,1.0,38,14,5.303304908059076,3.9524127706949623,3.733971166094382,5.0,8.0,-0.5574813154067897,8.0,7.5,10.0,,,,14.0,2021-12-21,2021-12-14,517.0,McSorley Creek
5303346,0.49999999999999994,0.8660254037844387,39,14,6.249975242259483,5.804688791261474,3.9318256327243257,1.0,5.0,0.946670334200407,5.0,7.0,11.5,,,,14.0,2022-01-04,2021-12-28,117.0,McSorley Creek
5303346,0.8660254037844386,0.5000000000000001,40,42,4.770684624465665,5.441321591594741,3.9318256327243257,1.0,4.0,-1.4792906177938177,5.0,8.0,11.4,,,,14.0,2022-02-15,2022-02-08,67.0,McSorley Creek
5303346,1.0,6.123233995736766e-17,41,14,4.219507705176107,5.080055857300418,3.9318256327243257,11.0,7.0,-0.5511769192895581,7.0,8.5,12.1,,,,14.0,2022-03-01,2022-02-22,767.0,McSorley Creek
5303346,1.0,6.123233995736766e-17,41,21,4.219507705176107,5.080055857300418,3.9318256327243257,11.0,7.0,-0.5511769192895581,7.0,8.5,12.1,,,,21.0,2022-03-08,2022-03-01,133.0,McSorley Creek
5303346,1.0,6.123233995736766e-17,43,14,4.897839799950911,5.25371241275823,3.9318256327243257,10.0,7.0,-1.7459499331967612,7.0,8.5,10.5,,,,14.0,2022-03-22,2022-03-15,100.0,McSorley Creek
5303346,0.8660254037844387,-0.49999999999999983,44,14,4.61512051684126,5.385583349979947,3.9318256327243257,15.0,8.0,-0.28271928310965144,8.0,7.5,10.1,,,,14.0,2022-04-05,2022-03-29,400.0,McSorley Creek
5303346,0.8660254037844387,-0.49999999999999983,45,16,5.993961427306569,5.16897391469958,3.9318256327243257,15.0,7.0,1.3788409104653097,7.0,7.5,11.0,,,,16.0,2022-04-21,2022-04-14,100.0,McSorley Creek
5303346,0.49999999999999994,-0.8660254037844387,46,26,4.61512051684126,5.074734153663029,4.0744396744817175,13.0,9.0,-1.3788409104653097,9.0,7.5,11.0,,,,26.0,2022-05-17,2022-05-10,300.0,McSorley Creek
5303346,-0.4999999999999998,-0.8660254037844388,47,54,5.707110264748875,5.438730736298901,4.21705371623911,12.0,10.0,1.0919897479076157,13.0,7.0,8.8,,,,19.0,2022-07-10,2022-07-03,67.0,McSorley Creek
5303346,-0.4999999999999998,-0.8660254037844388,47,63,5.707110264748875,5.438730736298901,4.21705371623911,12.0,10.0,1.0919897479076157,13.0,7.0,8.8,,,,28.0,2022-07-19,2022-07-12,767.0,McSorley Creek
5303346,-0.8660254037844384,-0.5000000000000004,49,20,6.643789733147672,5.5234692343575515,4.219507705176107,16.0,14.0,2.4242820279715653,15.0,7.0,,,,,18.0,2022-08-08,2022-08-01,567.0,McSorley Creek
5303346,-0.8660254037844384,-0.5000000000000004,50,15,6.342121418721152,5.735139619014977,4.219507705176107,20.0,15.0,-0.30166831442652065,15.0,7.5,8.5,,1.0,,15.0,2022-08-23,2022-08-16,1067.0,McSorley Creek
5303346,-1.0,-1.8369701987210297e-16,51,14,6.97354301952014,6.6531513904629875,4.219507705176107,,,0.6314216007989888,,8.0,8.6,,,,14.0,2022-09-06,2022-08-30,133.0,McSorley Creek
5303346,-1.0,-1.8369701987210297e-16,52,15,4.897839799950911,6.071168079397402,4.417314111008683,15.0,13.0,-2.0757032195692293,13.0,8.0,8.7,,1.0,,15.0,2022-09-21,2022-09-14,2133.0,McSorley Creek
5303346,-0.8660254037844386,0.5000000000000001,53,16,7.665753431861699,6.51237875044425,4.61512051684126,14.0,12.0,2.7679136319107878,12.0,8.0,10.0,,1.0,,16.0,2022-10-07,2022-09-30,200.0,McSorley Creek
5303346,-0.8660254037844386,0.5000000000000001,54,20,5.303304908059076,5.955632713290562,4.61512051684126,13.0,11.0,-2.362448523802623,11.0,8.0,9.1,,0.25,,20.0,2022-10-27,2022-10-20,100.0,McSorley Creek
5303346,-0.5000000000000004,0.8660254037844384,55,14,4.61512051684126,5.861392952254011,4.61512051684126,17.0,10.0,-0.688184391217816,10.0,8.0,9.0,,0.25,,14.0,2022-11-10,2022-11-03,33.0,McSorley Creek
5303346,-2.4492935982947064e-16,1.0,56,27,3.5263605246161616,4.481595316505499,4.61512051684126,7.0,6.0,-1.0887599922250981,6.0,8.0,10.1,,0.2,,27.0,2022-12-07,2022-11-30,1.0,McSorley Creek
5303346,-2.4492935982947064e-16,1.0,57,23,0.6931471805599453,2.944876074005789,4.61512051684126,6.0,5.0,-2.833213344056216,5.0,6.5,10.3,,0.25,,23.0,2022-12-30,2022-12-23,300.0,McSorley Creek
5303346,0.49999999999999994,0.8660254037844387,58,22,5.707110264748875,3.308872656641661,4.61512051684126,8.5,6.0,5.01396308418893,6.0,7.0,11.1,,1.5,0.6,22.0,2023-01-21,2023-01-14,1.0,McSorley Creek
5303346,0.8660254037844386,0.5000000000000001,59,17,0.6931471805599453,2.364468208622922,4.61512051684126,9.0,7.0,-5.01396308418893,7.0,8.0,11.0,,0.6,0.2,17.0,2023-02-07,2023-01-31,1.0,McSorley Creek
5303346,0.8660254037844386,0.5000000000000001,60,15,0.6931471805599453,2.364468208622922,4.417314111008683,9.0,5.0,0.0,5.0,7.5,9.5,,0.25,,15.0,2023-02-22,2023-02-15,33.0,McSorley Creek
5303346,1.0,6.123233995736766e-17,61,11,3.5263605246161616,1.6375516285786842,4.219507705176107,4.0,5.0,2.833213344056216,5.0,8.5,12.5,,0.2,0.2,11.0,2023-03-05,2023-02-26,133.0,McSorley Creek
5303346,1.0,6.123233995736766e-17,62,23,4.897839799950911,3.0391158350423395,4.417314111008683,8.0,5.0,1.3714792753347496,5.0,7.5,10.4,,0.25,,23.0,2023-03-28,2023-03-21,1.0,McSorley Creek
5303346,0.8660254037844387,-0.49999999999999983,62,30,4.897839799950911,3.0391158350423395,4.417314111008683,8.0,5.0,1.3714792753347496,8.0,8.0,11.9,,0.4,0.2,14.0,2023-04-04,2023-03-28,200.0,McSorley Creek
5303346,0.8660254037844387,-0.49999999999999983,64,14,5.303304908059076,3.6314306295233103,4.417314111008683,8.0,6.0,4.61015772749913,6.0,7.5,10.2,,0.25,,14.0,2023-04-18,2023-04-11,1.0,McSorley Creek
5303346,0.49999999999999994,-0.8660254037844387,65,19,0.6931471805599453,2.2298664230596557,4.219507705176107,13.0,8.0,-4.61015772749913,8.0,8.0,11.3,,,,19.0,2023-05-07,2023-04-30,167.0,McSorley Creek
5303346,1.2246467991473532e-16,-1.0,66,31,5.123963979403259,3.7068053560074268,4.417314111008683,14.0,11.0,4.430816798843313,11.0,7.5,8.7,,0.25,,31.0,2023-06-07,2023-05-31,1050.0,McSorley Creek
5303346,1.2246467991473532e-16,-1.0,67,13,6.957497370876951,4.258202843613385,4.61512051684126,23.0,15.0,1.8335333914736927,15.0,7.5,6.7,,0.5,,13.0,2023-06-20,2023-06-13,733.0,McSorley Creek
5303346,-0.4999999999999998,-0.8660254037844388,68,13,6.598509028614515,6.226656792964909,4.61512051684126,16.0,12.0,-0.35898834226243626,12.0,8.0,8.9,,0.3,1.0,13.0,2023-07-03,2023-06-26,300.0,McSorley Creek
5303346,-0.4999999999999998,-0.8660254037844388,69,16,5.707110264748875,6.421038888080115,4.61512051684126,20.0,14.0,-0.8913987638656398,14.0,8.0,7.3,,0.5,,16.0,2023-07-19,2023-07-12,350.0,McSorley Creek
5303346,-0.8660254037844384,-0.5000000000000004,70,14,5.860786223465865,6.055468505609753,4.61512051684126,18.0,15.0,0.15367595871699002,15.0,8.5,8.3,,0.2,0.2,14.0,2023-08-02,2023-07-26,2733.0,McSorley Creek
5303346,-0.8660254037844384,-0.5000000000000004,71,14,7.913521017283895,6.493805835166211,4.61512051684126,17.0,13.0,2.052734793818029,13.0,8.0,7.9,,0.5,,14.0,2023-08-16,2023-08-09,433.0,McSorley Creek
5303346,-1.0,-1.8369701987210297e-16,72,23,6.073044534100405,6.615783924950055,4.61512051684126,24.0,17.0,-1.8404764831834894,17.0,8.0,8.0,,0.4,0.2,23.0,2023-09-08,2023-09-01,2233.0,McSorley Creek
5303346,-1.0,-1.8369701987210297e-16,73,11,7.711548979629146,7.232704843671148,4.61512051684126,18.0,14.0,1.6385044455287412,14.0,8.0,7.4,,0.5,,11.0,2023-09-19,2023-09-12,1867.0,McSorley Creek
5303346,-0.8660254037844386,0.5000000000000001,74,16,7.532623618788788,7.105739044172779,4.61512051684126,,,-0.17892536084035804,,8.0,8.9,,0.2,0.2,16.0,2023-10-05,2023-09-28,633.0,McSorley Creek
5303346,-0.8660254037844386,0.5000000000000001,75,13,6.452048954437226,7.23207385095172,4.61512051684126,18.0,12.0,-1.0805746643515626,12.0,8.0,7.4,,0.25,0.2,13.0,2023-10-18,2023-10-11,1100.0,McSorley Creek
5303346,-0.5000000000000004,0.8660254037844384,76,20,7.00397413672268,6.996215569982898,4.691488142694866,13.0,13.0,0.5519251822854541,13.0,8.0,8.6,,0.4,0.2,20.0,2023-11-07,2023-10-31,933.0,McSorley Creek
5303346,-0.5000000000000004,0.8660254037844384,77,17,6.839476438228843,6.7651665097962494,4.767855768548473,11.0,10.0,-0.16449769849383689,10.0,7.0,7.6,,2.5,0.2,17.0,2023-11-24,2023-11-17,367.0,McSorley Creek
5303346,-2.4492935982947064e-16,1.0,78,13,5.908082938168931,6.583844504373484,4.768563482679216,2.0,5.0,-0.9313935000599116,5.0,7.0,10.4,,0.2,0.6,13.0,2023-12-07,2023-11-30,1100.0,McSorley Creek
5303346,-2.4492935982947064e-16,1.0,79,12,7.00397413672268,6.583844504373484,4.76927119680996,8.0,8.0,1.0958911985537485,8.0,7.0,9.3,,0.6,0.2,12.0,2023-12-19,2023-12-12,200.0,McSorley Creek
5303346,0.49999999999999994,0.8660254037844387,80,18,5.303304908059076,6.071787327650228,4.76927119680996,9.0,7.0,-1.700669228663604,7.0,7.0,9.3,,0.2,1.0,18.0,2024-01-06,2023-12-30,500.0,McSorley Creek
5303346,0.49999999999999994,0.8660254037844387,81,16,6.2166061010848646,6.174628381955539,4.76927119680996,6.0,5.0,0.9133011930257888,5.0,7.0,9.5,,0.4,0.2,16.0,2024-01-22,2024-01-15,1.0,McSorley Creek
5303346,0.8660254037844386,0.5000000000000001,82,17,0.6931471805599453,4.071019396567961,4.76927119680996,9.0,5.5,-5.523458920524919,5.5,7.0,10.5,,0.7,0.2,17.0,2024-02-08,2024-02-01,233.0,McSorley Creek
5303346,0.8660254037844386,0.5000000000000001,83,13,5.455321115357702,4.121691465667504,4.76927119680996,7.0,7.0,4.762173934797756,7.0,7.5,9.2,,0.4,0.2,13.0,2024-02-21,2024-02-14,100.0,McSorley Creek
5303346,1.0,6.123233995736766e-17,84,14,4.61512051684126,3.5878629375863027,4.76927119680996,7.0,8.0,-0.840200598516442,8.0,8.0,11.1,,0.2,0.2,14.0,2024-03-06,2024-02-28,33.0,McSorley Creek
5303346,1.0,6.123233995736766e-17,85,13,3.5263605246161616,4.532267385605041,4.76927119680996,6.0,5.0,-1.0887599922250981,5.0,7.5,10.3,,0.5,0.2,13.0,2024-03-19,2024-03-12,33.0,McSorley Creek
5303346,0.8660254037844387,-0.49999999999999983,86,20,3.5263605246161616,3.889280522024528,4.768563482679216,14.0,9.0,0.0,9.0,8.0,10.4,,0.3,0.2,20.0,2024-04-08,2024-04-01,67.0,McSorley Creek
5303346,0.8660254037844387,-0.49999999999999983,87,13,4.219507705176107,3.75740958480281,4.767855768548473,10.0,9.0,0.6931471805599454,9.0,7.5,10.9,,0.2,0.2,13.0,2024-04-21,2024-04-14,167.0,McSorley Creek
5303346,0.49999999999999994,-0.8660254037844387,88,13,5.123963979403259,4.289944069731843,4.768563482679216,16.0,11.0,0.9044562742271518,11.0,8.5,9.0,,0.2,0.2,13.0,2024-05-04,2024-04-27,2500.0,McSorley Creek
5303346,1.2246467991473532e-16,-1.0,89,31,7.824445930877619,5.722639205152329,4.76927119680996,11.0,10.0,2.7004819514743605,10.0,8.0,8.5,,0.4,0.2,31.0,2024-06-04,2024-05-28,1233.0,McSorley Creek
5303346,1.2246467991473532e-16,-1.0,90,16,7.1180162044653335,6.688808704915403,4.76927119680996,14.0,12.0,-0.7064297264122859,12.0,8.0,8.6,,0.2,0.2,16.0,2024-06-20,2024-06-13,33.0,McSorley Creek
5303346,-0.4999999999999998,-0.8660254037844388,91,13,3.5263605246161616,6.156274219986372,4.76927119680996,23.5,13.0,-3.591655679849172,13.0,7.5,8.7,,0.2,1.0,13.0,2024-07-03,2024-06-26,413.0,McSorley Creek
5303346,-0.4999999999999998,-0.8660254037844388,92,15,6.025865973825314,5.556747567635603,4.76927119680996,19.0,15.0,2.4995054492091526,15.0,7.5,6.8,,0.2,0.2,15.0,2024-07-18,2024-07-11,200.0,McSorley Creek
5303346,-0.8660254037844384,-0.5000000000000004,93,15,5.303304908059076,4.9518438021668505,4.76927119680996,17.5,15.0,-0.7225610657662385,15.0,8.0,8.4,,0.3,0.2,15.0,2024-08-02,2024-07-26,133.0,McSorley Creek
5303346,-0.8660254037844384,-0.5000000000000004,94,21,4.897839799950911,5.409003560611768,4.769977910637813,26.0,16.0,-0.4054651081081646,16.0,8.0,7.1,,0.2,0.2,21.0,2024-08-23,2024-08-16,333.0,McSorley Creek
5303346,-1.0,-1.8369701987210297e-16,95,13,5.811140992976701,5.337428566995563,4.770684624465665,17.5,14.5,0.9133011930257897,14.5,8.0,8.5,,,,13.0,2024-09-05,2024-08-29,3033.0,McSorley Creek
5303346,-1.0,-1.8369701987210297e-16,96,19,8.017637159908478,6.242205984278697,4.770684624465665,20.0,15.0,2.2064961669317773,15.0,8.0,7.5,,0.2,0.2,19.0,2024-09-24,2024-09-17,33.0,McSorley Creek
5303346,-0.8660254037844386,0.5000000000000001,96,28,8.017637159908478,6.242205984278697,4.770684624465665,20.0,15.0,2.2064961669317773,15.0,8.0,7.5,,0.2,0.2,28.0,2024-10-03,2024-09-26,0.1,McSorley Creek
5303346,-0.8660254037844386,0.5000000000000001,98,12,0.09531017980432487,3.8797692881096553,4.769977910637813,15.0,10.0,-3.431050344811837,10.0,7.5,9.1,,0.2,0.1,12.0,2024-10-15,2024-10-08,100.0,McSorley Creek
5303346,-0.5000000000000004,0.8660254037844384,99,19,4.61512051684126,2.7455970737539155,4.76927119680996,12.0,11.0,4.519810337036935,11.0,8.0,8.3,,0.2,0.2,19.0,2024-11-03,2024-10-27,0.1,McSorley Creek
5303346,-0.5000000000000004,0.8660254037844384,100,16,0.09531017980432487,1.601913625483303,4.76927119680996,10.0,9.0,-4.519810337036935,9.0,8.0,7.9,,0.2,0.2,16.0,2024-11-19,2024-11-12,67.0,McSorley Creek
5303346,-2.4492935982947064e-16,1.0,101,17,4.219507705176107,2.9766461339405637,4.76927119680996,5.0,7.0,4.124197525371782,7.0,7.0,10.0,,0.3,0.2,17.0,2024-12-06,2024-11-29,0.1,McSorley Creek
5303346,-2.4492935982947064e-16,1.0,102,12,0.09531017980432487,1.4700426882615856,4.768563482679216,11.0,5.0,-4.124197525371782,5.0,7.5,9.0,,0.2,0.2,12.0,2024-12-18,2024-12-11,0.1,McSorley Creek
5303346,0.49999999999999994,0.8660254037844387,103,15,0.09531017980432487,1.4700426882615856,4.767855768548473,11.0,8.0,0.0,8.0,7.0,10.1,,,,15.0,2025-01-02,2024-12-26,0.1,McSorley Creek
5303346,0.49999999999999994,0.8660254037844387,104,19,0.09531017980432487,0.09531017980432487,4.691488142694866,9.0,6.0,0.0,6.0,7.5,8.9,,0.2,0.2,19.0,2025-01-21,2025-01-14,0.1,McSorley Creek
5303346,0.8660254037844386,0.5000000000000001,105,12,0.09531017980432487,0.09531017980432487,4.61512051684126,2.0,2.0,0.0,2.0,8.0,12.2,,0.2,0.2,12.0,2025-02-02,2025-01-26,167.0,McSorley Creek
5303346,0.8660254037844386,0.5000000000000001,106,16,5.123963979403259,1.7715281130039695,4.691488142694866,5.0,3.0,5.028653799598934,3.0,7.5,10.5,,0.2,0.2,16.0,2025-02-18,2025-02-11,33.0,McSorley Creek
5303346,1.0,6.123233995736766e-17,107,35,3.5263605246161616,2.9152115612745817,4.61512051684126,9.0,5.5,-1.5976034547870972,7.0,7.5,9.9,,0.2,0.2,23.0,2025-03-25,2025-03-18,66.67,McSorley Creek
5303346,0.8660254037844387,-0.49999999999999983,108,14,4.2146429502441345,4.288322484754517,4.61512051684126,13.0,10.0,0.6882824256279729,10.0,6.5,9.7,,0.3,0.2,14.0,2025-04-08,2025-04-01,783.33,McSorley Creek
5303346,0.8660254037844387,-0.49999999999999983,109,14,6.66482985015647,4.801944441672255,4.61512051684126,12.0,9.0,2.4501868999123353,10.0,6.5,9.7,,0.3,0.2,28.0,2025-04-22,2025-04-15,0.0,McSorley Creek
5303346,0.49999999999999994,-0.8660254037844387,110,13,0.0,3.6264909334668682,4.61512051684126,16.0,11.0,-6.66482985015647,10.0,6.5,9.7,,0.3,0.2,41.0,2025-05-05,2025-04-28,133.33,McSorley Creek
5303346,0.49999999999999994,-0.8660254037844387,111,15,4.900299459074922,3.8550431030771306,4.61512051684126,16.0,11.0,4.900299459074922,11.0,7.5,8.5,,0.2,0.2,15.0,2025-05-20,2025-05-13,400.0,McSorley Creek
5303346,-0.8660254037844384,-0.5000000000000004,112,75,5.993961427306569,3.6314202954604973,4.691488142694866,14.0,11.0,1.0936619682316477,11.0,7.5,8.8,,0.2,0.2,75.0,2025-08-03,2025-07-27,350.0,McSorley Creek
5303346,-0.8660254037844384,-0.5000000000000004,113,25,5.860786223465865,5.585015703282452,4.767855768548473,20.0,14.0,-0.13317520384070392,14.0,7.0,8.1,,0.2,0.2,25.0,2025-08-28,2025-08-21,216.67,McSorley Creek
5303346,-0.8660254037844384,-0.5000000000000004,113,27,5.860786223465865,5.585015703282452,4.767855768548473,20.0,14.0,-0.13317520384070392,14.0,7.0,8.1,,0.2,0.2,27.0,2025-08-30,2025-08-23,583.33,McSorley Creek
5303346,-0.8660254037844386,0.5000000000000001,115,46,6.370465891730294,5.871410756540969,4.76927119680996,16.0,14.0,0.9874857373035484,16.0,8.14,7.8,,0.2,0.2,49.0,2025-10-15,2025-10-08,83.33,McSorley Creek
5303346,-0.8660254037844386,0.5000000000000001,116,10,4.43473767358655,5.3960612399145305,4.768563482679216,13.0,12.0,-1.935728218143744,12.0,8.0,9.9,,,,10.0,2025-10-25,2025-10-18,1133.33,McSorley Creek
5303346,-0.5000000000000004,0.8660254037844384,117,25,7.033797447244876,5.946333670853907,4.76927119680996,11.0,10.0,2.5990597736583254,10.0,7.8,9.3,,0.2,0.2,25.0,2025-11-19,2025-11-12,50.0,McSorley Creek
5303346,0.49999999999999994,0.8660254037844387,118,46,3.9318256327243257,5.133453584518584,4.768563482679216,10.0,8.5,-3.10197181452055,8.5,7.95,8.5,,0.4,0.2,46.0,2026-01-04,2025-12-28,250.0,McSorley Creek
5303348,0.8660254037844386,0.5000000000000001,2,30,0.0,2.9060692495970626,2.9060692495970626,7.0,8.0,-5.812138499194125,8.0,7.0,6.0,,,,30.0,2021-02-28,2021-02-21,0.0,Puget Creek
5303348,0.8660254037844387,-0.49999999999999983,3,34,0.0,1.9373794997313751,0.0,9.5,9.0,0.0,10.0,7.0,9.7,,,,14.0,2021-04-03,2021-03-27,0.0,Puget Creek
5303349,1.0,6.123233995736766e-17,2,14,0.0,0.0,0.0,13.0,8.0,0.0,8.0,8.0,10.5,,,,14.0,2021-03-27,2021-03-20,0.0,Puget Creek
5303349,0.49999999999999994,0.8660254037844387,4,62,5.993961427306569,1.9979871424355231,0.0,7.0,9.0,5.993961427306569,9.0,8.0,10.5,,,,62.0,2022-01-22,2022-01-15,66.66666667,Puget Creek
5303349,0.8660254037844387,-0.49999999999999983,5,84,4.214593690422939,3.402851705909836,0.0,6.0,7.0,-1.7793677368836303,,,,,,,,2022-04-16,2022-04-09,0.0,Puget Creek
5303350,1.0,6.123233995736766e-17,2,14,0.0,0.0,0.0,13.0,6.0,0.0,6.0,8.0,10.5,,,,14.0,2021-03-27,2021-03-20,3333.333333,Puget Creek Trib A
5303350,0.8660254037844386,0.5000000000000001,4,93,4.214593690422939,4.10887390954668,2.1072968452114695,7.0,9.0,-3.897434347794162,6.0,8.0,10.6,,,,31.0,2022-02-22,2022-02-15,33.33333333,Puget Creek Trib A
5303350,0.8660254037844387,-0.49999999999999983,5,53,3.5361166994644386,5.287579476034826,3.5361166994644386,5.0,6.0,-0.6784769909585004,6.0,8.0,10.6,,,,84.0,2022-04-16,2022-04-09,33.33333333,Puget Creek Trib A
5303360,1.2246467991473532e-16,-1.0,2,59,7.335849082650574,6.462801980575904,6.462801980575904,20.0,13.0,1.7460942041493395,7.5,6.5,7.6,,,,50.0,2022-06-22,2022-06-15,0.0,Evans Creek
5303360,0.8660254037844386,0.5000000000000001,4,79,4.900299459074922,4.078716180575165,5.245027168788078,11.0,3.5,4.900299459074922,3.5,7.0,10.1,,,,77.0,2023-02-07,2023-01-31,2233.33,Evans Creek
5303360,0.8660254037844387,-0.49999999999999983,5,66,7.7116966858194225,4.203998714964782,5.5897548785012345,9.0,6.5,2.811397226744501,6.5,7.0,7.6,,,,66.0,2023-04-14,2023-04-07,2300.0,Evans Creek
5303360,0.8660254037844386,0.5000000000000001,8,23,0.0,4.3992764894418945,5.523242628395775,11.5,9.5,-5.456730378290316,9.5,7.0,6.0,117.0,,,23.0,2024-02-24,2024-02-17,233.33,Evans Creek
5303360,0.49999999999999994,-0.8660254037844387,9,96,5.456730378290316,3.637820252193544,5.456730378290316,8.0,7.0,5.456730378290316,7.0,7.0,7.8,140.0,,,96.0,2024-05-30,2024-05-23,66.67,Evans Creek
5303360,-0.8660254037844384,-0.5000000000000004,10,73,4.2146429502441345,3.2237911095114833,5.456730378290316,10.0,13.0,-1.2420874280461813,13.0,7.0,7.6,156.0,,,73.0,2024-08-11,2024-08-04,200.0,Evans Creek
5303360,-0.8660254037844386,0.5000000000000001,11,52,5.303304908059076,4.991559412197842,5.456730378290316,16.5,15.0,1.0886619578149412,15.0,7.0,5.8,205.0,,,52.0,2024-10-02,2024-09-25,11.11,Evans Creek
5303360,-0.5000000000000004,0.8660254037844384,12,59,2.494031557565001,4.003993138622737,5.380017643174696,14.0,8.5,-2.809273350494075,8.5,7.0,6.05,194.0,,,59.0,2024-11-30,2024-11-23,33.33,Evans Creek
5303360,0.49999999999999994,0.8660254037844387,13,54,3.5360196074696004,3.7777853576978924,5.303304908059076,4.0,3.0,1.0419880499045995,3.0,7.5,7.7,148.0,,,54.0,2025-01-23,2025-01-16,0.0,Evans Creek
5303360,0.8660254037844386,0.5000000000000001,14,35,0.0,2.010017055011534,5.101802183566999,1.0,,-3.5360196074696004,,7.0,10.0,156.0,,,35.0,2025-02-27,2025-02-20,0.0,Evans Creek
5303360,1.0,6.123233995736766e-17,15,21,0.0,1.1786732024898667,4.900299459074922,14.0,4.0,0.0,4.0,7.0,7.6,130.0,,,21.0,2025-03-20,2025-03-13,0.0,Evans Creek
5303360,0.8660254037844387,-0.49999999999999983,16,37,0.0,0.0,4.557471204659528,5.5,5.0,0.0,5.0,7.0,8.0,125.0,,,37.0,2025-04-26,2025-04-19,0.0,Evans Creek
5303360,0.49999999999999994,-0.8660254037844387,17,23,0.0,0.0,4.2146429502441345,11.0,9.0,0.0,9.0,7.0,6.4,150.0,,,23.0,2025-05-19,2025-05-12,283.33,Evans Creek
5303360,-0.4999999999999998,-0.8660254037844388,18,71,5.6501355354254255,1.8833785118084752,4.557471204659528,10.0,9.0,5.6501355354254255,9.0,7.0,5.3,120.0,,,71.0,2025-07-29,2025-07-22,200.0,Evans Creek
5303360,-0.8660254037844384,-0.5000000000000004,19,16,5.303304908059076,3.6511468144948336,4.900299459074922,18.0,13.0,-0.34683062736634973,13.0,7.0,6.2,201.0,,,16.0,2025-08-14,2025-08-07,166.67,Evans Creek
5303360,-1.0,-1.8369701987210297e-16,20,47,5.121997761949716,5.3584794018114055,5.011148610512318,15.5,15.0,-0.1813071461093596,15.0,7.0,5.2,216.0,,,47.0,2025-09-30,2025-09-23,166.67,Evans Creek
5303360,-0.8660254037844386,0.5000000000000001,21,14,5.121997761949716,5.182433477319503,5.121997761949716,13.0,12.0,0.0,12.0,7.0,6.4,207.0,,,14.0,2025-10-14,2025-10-07,100.0,Evans Creek
5303360,-0.5000000000000004,0.8660254037844384,22,41,4.61512051684126,4.953038680246897,5.011148610512318,8.0,6.0,-0.5068772451084564,6.0,7.0,7.95,209.0,,,41.0,2025-11-24,2025-11-17,33.33,Evans Creek
5303360,0.49999999999999994,0.8660254037844387,23,57,3.5360196074696004,4.424379295420192,4.900299459074922,5.0,5.0,-1.0791009093716593,5.0,7.0,6.5,160.0,,,57.0,2026-01-20,2026-01-13,11.11,Evans Creek
5303361,0.8660254037844386,0.5000000000000001,3,79,5.303304908059076,6.744199720329459,6.643359953305545,10.0,2.0,-2.9826293915646804,2.0,7.0,12.3,,,,79.0,2023-02-07,2023-01-31,4700.0,Bear Creek
5303361,0.8660254037844387,-0.49999999999999983,4,66,8.45553053102413,7.348256579568987,7.464647126464651,10.0,7.0,3.152225622965055,7.0,7.0,10.4,,,,66.0,2023-04-14,2023-04-07,1333.33,Bear Creek
5303361,-0.4999999999999998,-0.8660254037844388,5,102,7.196184572194938,6.985006670426048,7.196184572194938,20.0,9.0,-1.2593459588291926,15.0,7.5,9.0,149.0,,,34.0,2023-07-25,2023-07-18,0.0,Bear Creek
5303361,-0.8660254037844384,-0.5000000000000004,6,31,0.0,5.217238367739689,6.919772262750241,22.0,18.5,-7.196184572194938,18.5,8.0,9.55,172.0,,,31.0,2023-08-25,2023-08-18,400.0,Bear Creek
5303361,0.8660254037844386,0.5000000000000001,8,22,0.0,1.9979871424355231,6.318660690306057,10.0,9.0,-5.993961427306569,9.0,7.0,9.65,103.0,,,22.0,2024-02-24,2024-02-17,166.67,Bear Creek
5303361,0.49999999999999994,-0.8660254037844387,9,96,5.121997761949716,3.705319729752095,5.993961427306569,10.0,7.0,5.121997761949716,7.0,7.0,10.0,131.0,,,96.0,2024-05-30,2024-05-23,33.33,Bear Creek
5303361,-0.8660254037844384,-0.5000000000000004,10,73,3.5360196074696004,2.8860057898064384,5.6486331676828225,18.0,11.0,-1.5859781544801157,11.0,7.0,8.45,134.0,,,73.0,2024-08-11,2024-08-04,33.33,Bear Creek
5303361,-0.8660254037844386,0.5000000000000001,11,52,3.5360196074696004,4.064678992296305,5.303304908059076,22.0,17.0,0.0,17.0,7.5,8.4,177.0,,,52.0,2024-10-02,2024-09-25,16.67,Bear Creek
5303361,-2.4492935982947064e-16,1.0,12,60,2.871868286331605,3.314635833756935,5.212651335004396,17.0,9.0,-0.6641513211379952,9.0,7.0,9.8,172.0,,,60.0,2024-12-01,2024-11-24,0.0,Bear Creek
5303361,0.49999999999999994,0.8660254037844387,13,53,0.0,2.1359626312670685,5.121997761949716,1.0,3.0,-2.871868286331605,3.0,7.0,10.25,142.0,,,53.0,2025-01-23,2025-01-16,0.0,Bear Creek
5303361,0.8660254037844386,0.5000000000000001,14,35,0.0,0.9572894287772017,4.329008684709658,4.0,0.0,0.0,0.0,8.0,12.3,145.0,,,35.0,2025-02-27,2025-02-20,0.0,Bear Creek
5303361,1.0,6.123233995736766e-17,15,21,0.0,0.0,3.5360196074696004,18.0,4.0,0.0,4.0,8.0,9.7,121.0,,,21.0,2025-03-20,2025-03-13,50.0,Bear Creek
5303361,0.8660254037844387,-0.49999999999999983,16,37,3.9318256327243257,1.310608544241442,3.733922620096963,7.0,5.5,3.9318256327243257,5.5,7.5,10.0,125.0,,,37.0,2025-04-26,2025-04-19,0.0,Bear Creek
5303361,0.49999999999999994,-0.8660254037844387,17,23,0.0,1.310608544241442,3.5360196074696004,16.0,12.0,-3.9318256327243257,12.0,8.0,9.0,146.0,,,23.0,2025-05-19,2025-05-12,50.0,Bear Creek
5303361,-0.4999999999999998,-0.8660254037844388,18,71,3.9318256327243257,2.621217088482884,3.733922620096963,16.0,11.0,3.9318256327243257,11.0,7.5,9.2,136.0,,,71.0,2025-07-29,2025-07-22,0.0,Bear Creek
5303361,-0.8660254037844384,-0.5000000000000004,19,16,0.0,1.310608544241442,3.5360196074696004,32.0,16.0,-3.9318256327243257,16.0,8.0,8.25,170.0,,,16.0,2025-08-14,2025-08-07,44.44,Bear Creek
5303361,-1.0,-1.8369701987210297e-16,20,47,3.816392774412896,2.5827394690457406,3.6762061909412482,20.5,17.5,3.816392774412896,17.5,8.0,7.2,175.0,,,47.0,2025-09-30,2025-09-23,188.89,Bear Creek
5303361,-0.8660254037844386,0.5000000000000001,21,14,5.246444957137325,3.0209459105167404,3.816392774412896,21.0,13.0,1.4300521827244292,13.0,8.0,8.3,161.0,,,14.0,2025-10-14,2025-10-07,11.11,Bear Creek
5303361,-0.5000000000000004,0.8660254037844384,22,41,2.494031557565001,3.852289763038408,3.6762061909412482,14.0,7.0,-2.7524133995723243,7.0,7.0,9.8,175.0,,,41.0,2025-11-24,2025-11-17,177.78,Bear Creek
5303361,0.49999999999999994,0.8660254037844387,23,57,5.186155999659706,4.308877504787344,3.816392774412896,5.0,6.0,2.6921244420947055,6.0,7.5,9.2,151.0,,,57.0,2026-01-20,2026-01-13,33.33,Bear Creek
5303365,1.0,6.123233995736766e-17,2,28,3.5361166994644386,1.7680583497322193,1.7680583497322193,7.5,8.0,3.5361166994644386,6.0,8.5,10.9,,,,49.0,2022-03-19,2022-03-12,266.6666667,Fauntleroy Creek
5303366,1.0,6.123233995736766e-17,2,28,4.61512051684126,2.30756025842063,2.30756025842063,6.0,8.5,4.61512051684126,8.5,8.0,10.2,,,,28.0,2022-03-19,2022-03-12,133.3333333,Fauntleroy Creek
5303369,1.2246467991473532e-16,-1.0,2,37,8.207310953292687,6.898526689347936,6.898526689347936,15.0,12.5,2.6175685278895022,12.5,8.0,9.2,,,,37.0,2022-06-27,2022-06-20,3966.666667,Taylor Creek
5303371,1.2246467991473532e-16,-1.0,2,29,5.121977881630436,5.557969654468502,5.557969654468502,10.0,12.0,-0.8719835456761329,12.0,7.0,9.2,,,,29.0,2022-06-28,2022-06-21,133.3333333,Penny Creek
5303371,-0.8660254037844384,-0.5000000000000004,3,42,4.900324273030434,5.33875452732248,5.121977881630436,17.0,17.5,-0.22165360860000227,5.0,7.5,11.2,,,,28.0,2022-08-09,2022-08-02,66.66666666500001,Penny Creek
5303371,-1.0,-1.8369701987210297e-16,4,23,4.214593690349047,4.74563194833664,5.011151077330435,16.75,15.5,-0.6857305826813871,9.8,7.0,9.3,,,,27.0,2022-09-01,2022-08-25,533.3333333,Penny Creek
5303371,-0.8660254037844386,0.5000000000000001,5,33,6.28101986387906,5.1319792757528475,5.121977881630436,16.0,15.0,2.0664261735300133,16.0,7.0,8.4,,,,26.0,2022-10-04,2022-09-27,733.3333333,Penny Creek
5303371,-0.5000000000000004,0.8660254037844384,6,38,6.598963058088841,5.698192204105649,5.557969654468502,12.5,12.0,0.31794319420978034,16.0,7.0,8.4,,,,64.0,2022-11-11,2022-11-04,0.0,Penny Creek
5303371,-2.4492935982947064e-16,1.0,7,26,0.0,4.293327640655967,5.121977881630436,5.0,5.5,-6.598963058088841,5.5,8.0,11.0,,,,26.0,2022-12-07,2022-11-30,0.0,Penny Creek
5303371,0.49999999999999994,0.8660254037844387,8,27,0.0,2.1996543526962804,5.011151077330435,3.5,5.0,0.0,5.5,8.0,11.0,,,,53.0,2023-01-03,2022-12-27,0.0,Penny Creek
5303371,1.0,6.123233995736766e-17,9,57,0.0,0.0,4.900324273030434,5.0,4.5,0.0,4.5,7.0,11.7,,,,57.0,2023-03-01,2023-02-22,0.0,Penny Creek
5303371,0.8660254037844387,-0.49999999999999983,10,37,0.0,0.0,4.557458981689741,5.0,4.5,0.0,4.5,7.0,11.2,,,,37.0,2023-04-07,2023-03-31,0.0,Penny Creek
5303371,0.49999999999999994,-0.8660254037844387,11,40,0.0,0.0,4.214593690349047,13.0,11.5,0.0,4.5,7.0,11.2,,,,77.0,2023-05-17,2023-05-10,200.0,Penny Creek
5303371,1.2246467991473532e-16,-1.0,12,36,5.303304908059076,1.7677683026863587,4.557458981689741,13.5,15.0,5.303304908059076,15.0,7.5,8.2,,,,37.0,2023-06-22,2023-06-15,0.0,Penny Creek
5303371,-1.0,-1.8369701987210297e-16,13,89,0.0,1.7677683026863587,4.214593690349047,19.5,16.5,-5.303304908059076,11.5,7.0,10.2,,,,77.0,2023-09-19,2023-09-12,0.0,Penny Creek
5303371,-0.8660254037844386,0.5000000000000001,14,30,0.0,1.7677683026863587,2.1072968451745235,15.0,12.5,0.0,15.0,7.5,8.5,,,,11.0,2023-10-19,2023-10-12,33.33333333,Penny Creek
5303371,-0.5000000000000004,0.8660254037844384,15,32,3.5361166994644386,1.1787055664881463,3.5361166994644386,14.0,11.5,3.5361166994644386,11.5,7.5,9.1,,,,32.0,2023-11-20,2023-11-13,166.6666667,Penny Creek
5303371,-2.4492935982947064e-16,1.0,16,25,5.121977881630436,2.886031527031625,3.875355194906743,8.0,7.0,1.5858611821659978,7.0,7.0,10.2,,,,26.0,2023-12-15,2023-12-08,16.66666667,Penny Creek
5303371,0.49999999999999994,0.8660254037844387,17,38,2.8716796250726913,3.843258068722522,3.5361166994644386,2.5,6.0,-2.250298256557745,6.0,6.5,10.7,,,,41.0,2024-01-22,2024-01-15,33.33333333,Penny Creek
5303371,0.8660254037844386,0.5000000000000001,18,31,3.5361166994644386,3.843258068722522,3.5361166994644386,4.5,4.0,0.6644370743917474,4.0,6.5,11.1,,,,31.0,2024-02-22,2024-02-15,0.0,Penny Creek
5303371,0.8660254037844387,-0.49999999999999983,19,57,0.0,2.1359321081790434,3.5361166994644386,6.5,7.5,-3.5361166994644386,6.0,7.0,10.7,,,,36.0,2024-04-19,2024-04-12,16.66666667,Penny Creek
5303371,1.2246467991473532e-16,-1.0,20,47,2.8716796250726913,2.1359321081790434,3.203898162268565,6.0,8.6,2.8716796250726913,8.6,6.5,10.0,,,,47.0,2024-06-05,2024-05-29,266.6666667,Penny Creek
5303371,-0.4999999999999998,-0.8660254037844388,21,39,5.589742425403185,2.820474016825292,3.5361166994644386,12.0,13.0,2.7180628003304936,13.0,7.0,9.6,,,,39.0,2024-07-14,2024-07-07,150.0,Penny Creek
5303371,-0.8660254037844384,-0.5000000000000004,22,47,5.017279836814924,4.492900629096933,3.5361166994644386,15.0,16.4,-0.5724625885882606,16.4,7.0,8.6,212.0,2.64,,47.0,2024-08-30,2024-08-23,100.0,Penny Creek
5303371,-1.0,-1.8369701987210297e-16,23,20,4.61512051684126,5.074047593019789,3.5361166994644386,12.0,13.3,-0.4021593199736646,13.3,7.0,9.1,191.0,1.76,0.0,21.0,2024-09-19,2024-09-12,50.0,Penny Creek
5303371,-0.8660254037844386,0.5000000000000001,24,34,3.9318256327243257,4.521408662126837,3.733971166094382,14.0,14.1,-0.683294884116934,14.1,7.0,9.3,175.0,1.76,0.0,34.0,2024-10-23,2024-10-16,0.0,Penny Creek
5303371,-0.5000000000000004,0.8660254037844384,25,33,0.0,2.848982049855195,3.5361166994644386,9.0,10.8,-3.9318256327243257,10.8,7.0,10.0,200.0,2.64,0.0,33.0,2024-11-25,2024-11-18,83.33,Penny Creek
5303371,-2.4492935982947064e-16,1.0,26,29,4.43473767358655,2.7888544354369587,3.733971166094382,7.5,8.2,4.43473767358655,8.6,6.5,10.4,100.0,1.1,,29.0,2024-12-24,2024-12-17,0.0,Penny Creek
5303371,0.49999999999999994,0.8660254037844387,27,21,0.0,1.4782458911955167,3.5361166994644386,8.0,8.5,-4.43473767358655,8.5,8.0,10.5,98.0,1.1,0.0,21.0,2025-01-14,2025-01-07,0.0,Penny Creek
5303371,0.8660254037844386,0.5000000000000001,28,45,0.0,1.4782458911955167,3.5361166994644386,2.5,3.7,0.0,3.7,8.0,11.6,119.0,1.1,0.0,44.0,2025-02-28,2025-02-21,0.0,Penny Creek
5303371,1.0,6.123233995736766e-17,29,17,0.0,0.0,3.5361166994644386,9.0,8.6,0.0,8.6,7.5,11.1,112.0,1.1,,17.0,2025-03-17,2025-03-10,0.0,Penny Creek
5303371,0.8660254037844387,-0.49999999999999983,30,31,0.0,0.0,3.203898162268565,6.0,8.3,0.0,8.3,7.5,11.0,134.0,1.1,,31.0,2025-04-17,2025-04-10,16.67,Penny Creek
5303371,0.49999999999999994,-0.8660254037844387,31,28,2.871868286331605,0.9572894287772017,2.871868286331605,10.0,12.7,2.871868286331605,12.2,7.5,10.2,207.0,2.2,,17.0,2025-05-15,2025-05-08,116.67,Penny Creek
5303371,1.2246467991473532e-16,-1.0,32,39,4.7678840964758376,2.5465841276024808,3.203992492898022,9.5,11.3,1.8960158101442324,11.3,7.5,10.3,215.0,1.1,,39.0,2025-06-23,2025-06-16,0.0,Penny Creek
5303371,-0.4999999999999998,-0.8660254037844388,33,28,0.0,2.5465841276024808,2.871868286331605,18.5,17.5,-4.7678840964758376,17.5,7.0,8.9,218.0,1.1,,28.0,2025-07-21,2025-07-14,50.0,Penny Creek
5303371,-0.8660254037844384,-0.5000000000000004,34,39,3.9318256327243257,2.899903243066721,3.203992492898022,13.5,14.0,3.9318256327243257,14.8,7.5,8.8,235.0,1.1,,39.0,2025-08-29,2025-08-22,50.0,Penny Creek
5303371,-0.8660254037844386,0.5000000000000001,35,45,3.9318256327243257,2.621217088482884,3.5361166994644386,17.0,17.6,0.0,17.6,7.5,8.5,235.0,1.1,,45.0,2025-10-13,2025-10-06,50.0,Penny Creek
5303371,0.8660254037844386,0.5000000000000001,36,115,3.9318256327243257,3.9318256327243257,3.5361166994644386,7.0,9.7,0.0,9.7,7.0,10.3,164.0,1.1,,115.0,2026-02-05,2026-01-29,0.0,Penny Creek
5303382,-1.0,-1.8369701987210297e-16,2,36,5.589742425403185,5.965638408728242,5.965638408728242,18.0,16.0,-0.7517919666501136,16.0,7.0,7.4,,,,36.0,2023-09-14,2023-09-07,100.0,Juanita Creek
5303382,-0.8660254037844386,0.5000000000000001,3,28,4.61512051684126,5.515465778099248,5.589742425403185,0.0,0.0,-0.9746219085619252,14.0,7.0,8.2,,,,28.0,2023-10-12,2023-10-05,550.0,Juanita Creek
5303382,-0.5000000000000004,0.8660254037844384,4,29,6.311734809152915,5.50553258379912,5.95073861727805,12.0,12.0,1.6966142923116552,12.0,7.0,8.2,,,,29.0,2023-11-10,2023-11-03,300.0,Juanita Creek
5303382,-2.4492935982947064e-16,1.0,5,36,5.707110264748875,5.544655196914351,5.707110264748875,17.0,8.5,-0.6046245444040395,8.5,7.0,8.6,,,,37.0,2023-12-16,2023-12-09,600.0,Juanita Creek
5303382,0.49999999999999994,0.8660254037844387,6,26,6.398594934535208,6.139146669479,6.009422536950895,4.0,7.0,0.6914846697863322,7.0,7.0,9.1,,,,26.0,2024-01-11,2024-01-04,116.6666667,Juanita Creek
5303382,0.8660254037844386,0.5000000000000001,7,34,4.767855768548473,5.624520322610852,5.707110264748875,2.0,6.0,-1.6307391659867347,6.0,7.0,10.0,,,,34.0,2024-02-14,2024-02-07,116.6666667,Juanita Creek
5303383,0.8660254037844386,0.5000000000000001,3,23,0.0,4.182748818132027,5.303304908059076,13.0,10.0,-7.244941546337007,10.0,7.5,9.3,156.0,,,23.0,2024-02-24,2024-02-17,33.33,Stens Creek
5303383,0.49999999999999994,-0.8660254037844387,4,96,3.5360196074696004,3.593653717935536,4.4196622577643385,9.5,7.5,3.5360196074696004,7.5,7.5,10.4,185.0,,,96.0,2024-05-30,2024-05-23,77.78,Stens Creek
5303383,-0.8660254037844384,-0.5000000000000004,5,73,4.36665915754276,2.63422625500412,4.36665915754276,13.0,12.0,0.8306395500731591,12.0,7.5,10.0,191.0,,,73.0,2024-08-11,2024-08-04,77.78,Stens Creek
5303383,-0.8660254037844386,0.5000000000000001,6,52,4.36665915754276,4.0897793075183735,4.36665915754276,16.5,16.0,0.0,16.0,7.0,8.1,217.0,,,52.0,2024-10-02,2024-09-25,166.67,Stens Creek
5303383,-0.5000000000000004,0.8660254037844384,7,59,5.121997761949716,4.618438692345078,4.36665915754276,15.0,10.0,0.7553386044069565,10.0,7.0,9.1,213.0,,,58.0,2024-11-30,2024-11-23,33.33,Stens Creek
5303383,0.49999999999999994,0.8660254037844387,8,55,3.5360196074696004,4.3415588423206914,4.36665915754276,4.0,4.0,-1.5859781544801157,4.0,8.0,10.9,194.0,,,55.0,2025-01-24,2025-01-17,0.0,Stens Creek
5303383,0.8660254037844386,0.5000000000000001,9,34,0.0,2.8860057898064384,4.36665915754276,0.0,1.0,-3.5360196074696004,1.0,8.0,12.2,204.0,,,35.0,2025-02-27,2025-02-20,16.67,Stens Creek
5303383,1.0,6.123233995736766e-17,10,21,2.871868286331605,2.1359626312670685,3.95133938250618,13.0,6.5,2.871868286331605,6.5,8.0,10.2,216.0,,,21.0,2025-03-20,2025-03-13,0.0,Stens Creek
5303383,0.8660254037844387,-0.49999999999999983,11,37,0.0,0.9572894287772017,3.5360196074696004,7.0,5.0,-2.871868286331605,5.0,8.0,11.0,143.0,,,37.0,2025-04-26,2025-04-19,0.0,Stens Creek
5303383,0.49999999999999994,-0.8660254037844387,12,23,0.0,0.9572894287772017,3.5360196074696004,12.0,9.5,0.0,9.5,8.0,9.45,199.0,,,23.0,2025-05-19,2025-05-12,183.33,Stens Creek
5303383,-0.4999999999999998,-0.8660254037844388,13,71,5.216727629508083,1.7389092098360275,3.5360196074696004,11.5,10.0,5.216727629508083,10.0,8.0,9.105,189.0,,,71.0,2025-07-29,2025-07-22,116.67,Stens Creek
5303383,-0.8660254037844384,-0.5000000000000004,14,16,4.7678840964758376,3.328203908661307,3.95133938250618,21.0,14.0,-0.4488435330322451,14.0,8.0,8.7,224.0,,,16.0,2025-08-14,2025-08-07,55.56,Stens Creek
5303383,-1.0,-1.8369701987210297e-16,15,47,4.0353020215883175,4.6733045825240795,4.0353020215883175,17.0,15.0,-0.73258207488752,15.0,8.0,8.1,221.0,,,47.0,2025-09-30,2025-09-23,88.89,Stens Creek
5303383,-0.8660254037844386,0.5000000000000001,16,14,4.4985867005853075,4.433924272883154,4.200980589565539,13.5,12.5,0.46328467899699,12.5,8.0,9.1,219.0,,,14.0,2025-10-14,2025-10-07,55.56,Stens Creek
5303383,-0.5000000000000004,0.8660254037844384,17,41,4.0353020215883175,4.1897302479206475,4.0353020215883175,9.0,7.0,-0.46328467899699,7.0,8.0,10.15,222.0,,,41.0,2025-11-24,2025-11-17,33.33,Stens Creek
5303383,0.49999999999999994,0.8660254037844387,18,57,3.5360196074696004,4.023302776547742,4.0353020215883175,6.0,6.0,-0.4992824141187171,6.0,8.0,9.4,193.0,,,57.0,2026-01-20,2026-01-13,44.44,Stens Creek
5303384,0.8660254037844386,0.5000000000000001,3,23,3.1450139762697455,3.8644764243632808,3.1450139762697455,12.5,10.0,-5.3034013205503525,10.0,7.0,8.4,,,,23.0,2024-02-24,2024-02-17,122.22,Stens Creek
5303384,0.49999999999999994,-0.8660254037844387,4,96,4.813971375586425,5.469133549558755,3.979492675928085,10.0,7.5,1.668957399316679,7.5,7.5,10.7,182.0,,,96.0,2024-05-30,2024-05-23,122.22,Stens Creek
5303384,-0.8660254037844384,-0.5000000000000004,5,73,4.813971375586425,4.257652242480865,4.813971375586425,14.0,13.0,0.0,13.0,7.0,8.0,185.0,,,73.0,2024-08-11,2024-08-04,2911.11,Stens Creek
5303384,-0.8660254037844386,0.5000000000000001,6,52,7.9766331833284045,5.8681919781670855,4.813971375586425,18.0,20.0,3.16266180774198,20.0,7.0,4.6,217.0,,,52.0,2024-10-02,2024-09-25,483.33,Stens Creek
5303384,-0.5000000000000004,0.8660254037844384,7,59,6.182766492566033,6.324457017160287,4.813971375586425,18.0,12.0,-1.7938666907623713,12.0,7.0,5.7,204.0,,,58.0,2024-11-30,2024-11-23,0.0,Stens Creek
5303384,0.49999999999999994,0.8660254037844387,8,55,0.0,4.719799891964812,4.813971375586425,4.0,4.0,-6.182766492566033,4.0,8.0,9.6,184.0,,,55.0,2025-01-24,2025-01-17,0.0,Stens Creek
5303384,0.8660254037844386,0.5000000000000001,9,34,0.0,2.060922164188678,4.813971375586425,2.0,1.0,0.0,1.0,8.0,11.15,200.0,,,34.0,2025-02-27,2025-02-20,0.0,Stens Creek
5303384,1.0,6.123233995736766e-17,10,21,0.0,0.0,3.979492675928085,12.0,6.0,0.0,6.0,8.0,11.0,206.0,,,21.0,2025-03-20,2025-03-13,0.0,Stens Creek
5303384,0.8660254037844387,-0.49999999999999983,11,37,0.0,0.0,3.1450139762697455,5.0,5.5,0.0,5.5,8.0,10.2,181.0,,,37.0,2025-04-26,2025-04-19,0.0,Stens Creek
5303384,0.49999999999999994,-0.8660254037844387,12,23,0.0,0.0,1.5725069881348728,14.0,12.5,0.0,12.5,8.0,11.1,194.0,,,23.0,2025-05-19,2025-05-12,300.0,Stens Creek
5303384,-0.4999999999999998,-0.8660254037844388,13,71,5.707110264748875,1.902370088249625,3.1450139762697455,14.0,12.0,5.707110264748875,12.0,7.0,7.3,173.0,,,71.0,2025-07-29,2025-07-22,0.0,Stens Creek
5303384,-0.8660254037844384,-0.5000000000000004,14,16,0.0,1.902370088249625,1.5725069881348728,22.5,20.0,-5.707110264748875,20.0,7.0,3.6,220.0,,,16.0,2025-08-14,2025-08-07,11.11,Stens Creek
5303384,-1.0,-1.8369701987210297e-16,15,47,2.494031557565001,2.733713940771292,2.494031557565001,19.5,20.0,2.494031557565001,20.0,7.0,5.4,219.0,,,47.0,2025-09-30,2025-09-23,33.33,Stens Creek
5303384,-0.8660254037844386,0.5000000000000001,16,14,3.5360196074696004,2.010017055011534,2.8195227669173732,17.0,13.0,1.0419880499045995,13.0,7.0,4.7,219.0,,,14.0,2025-10-14,2025-10-07,33.33,Stens Creek
5303384,-0.5000000000000004,0.8660254037844384,17,41,3.5360196074696004,3.1886902575014004,3.1450139762697455,12.0,9.0,0.0,9.0,7.0,6.1,213.0,,,41.0,2025-11-24,2025-11-17,611.11,Stens Creek
5303384,0.49999999999999994,0.8660254037844387,18,57,6.416912004923377,4.496317073287526,3.340516791869673,5.5,6.5,2.880892397453777,6.5,7.0,6.1,191.0,,,57.0,2026-01-20,2026-01-13,0.0,Stens Creek
5303386,-0.8660254037844384,-0.5000000000000004,2,20,4.61512051684126,4.414881733542697,4.414881733542697,24.5,17.5,0.4004775665971252,17.5,7.0,7.5,225.0,,,20.0,2024-08-05,2024-07-29,166.67,Blueberry Creek
5303386,-1.0,-1.8369701987210297e-16,3,29,5.121997761949716,4.650587076345037,4.61512051684126,18.0,16.5,0.5068772451084564,16.5,7.0,7.7,231.0,,,27.0,2024-09-03,2024-08-27,77.78,Blueberry Creek
5303386,-0.8660254037844386,0.5000000000000001,4,30,4.36665915754276,4.7012591454445785,4.490889837192009,18.0,16.5,-0.7553386044069565,16.5,7.5,8.4,219.0,,,30.0,2024-10-03,2024-09-26,44.44,Blueberry Creek
5303386,-0.5000000000000004,0.8660254037844384,5,33,3.816392774412896,4.435016564635124,4.36665915754276,9.5,10.5,-0.5502663831298635,10.5,7.5,9.2,,,,33.0,2024-11-05,2024-10-29,100.0,Blueberry Creek
5303386,-2.4492935982947064e-16,1.0,6,37,4.61512051684126,4.266057482932305,4.490889837192009,10.0,9.0,0.7987277424283636,9.0,7.5,10.0,221.0,,,37.0,2024-12-12,2024-12-05,11.11,Blueberry Creek
5303386,0.49999999999999994,0.8660254037844387,7,49,2.494031557565001,3.641848282939719,4.36665915754276,4.0,5.0,-2.1210889592762587,5.0,7.5,10.4,236.0,,,49.0,2025-01-30,2025-01-23,22.22,Blueberry Creek
5303386,1.0,6.123233995736766e-17,8,33,3.1450139762697455,3.4180553502253352,4.290651053893447,1.0,4.0,0.6509824187047446,4.0,7.5,11.6,241.0,,,33.0,2025-03-04,2025-02-25,200.0,Blueberry Creek
5303386,0.8660254037844387,-0.49999999999999983,9,43,5.303304908059076,3.6474501472979406,4.36665915754276,9.0,8.0,2.15829093178933,8.0,8.0,9.8,214.0,,,38.0,2025-04-16,2025-04-09,22.22,Blueberry Creek
5303386,0.49999999999999994,-0.8660254037844387,10,20,3.1450139762697455,3.8644442868661883,4.290651053893447,13.0,10.0,-2.15829093178933,10.0,8.0,9.6,208.0,,,20.0,2025-05-06,2025-04-29,22.22,Blueberry Creek
5303387,-0.5000000000000004,0.8660254037844384,2,80,4.719480532165502,4.46703711129422,4.46703711129422,20.0,17.0,0.5048868417425627,14.0,7.0,5.75,476.0,,,29.0,2024-11-14,2024-11-07,655.56,Forgotten Creek WGC
5303387,-2.4492935982947064e-16,1.0,3,33,6.487014083321456,5.140362768636632,4.719480532165502,10.0,14.0,1.767533551155954,14.0,6.0,2.9,,,,33.0,2024-12-17,2024-12-10,188.89,Forgotten Creek WGC
5303391,-2.4492935982947064e-16,1.0,2,28,2.0794415416798357,1.5890269151739727,1.5890269151739727,8.0,8.0,0.980829253011726,8.0,8.0,9.75,,,,28.0,2022-12-04,2022-11-27,1.0,Pipers
5303391,0.8660254037844386,0.5000000000000001,3,84,0.6931471805599453,1.290400336969297,1.0986122886681098,3.0,7.0,-1.3862943611198904,7.5,8.0,10.5,,,,23.0,2023-02-26,2023-02-19,2.0,Pipers
5303391,1.0,6.123233995736766e-17,4,32,1.0986122886681098,1.290400336969297,1.0986122886681098,9.0,6.5,0.4054651081081645,6.5,8.0,10.8,,,,32.0,2023-03-30,2023-03-23,0.0,Pipers
5303391,0.8660254037844387,-0.49999999999999983,5,28,0.0,0.5972531564093516,1.0986122886681098,15.0,9.5,-1.0986122886681098,9.5,8.5,10.1,,,,28.0,2023-04-27,2023-04-20,4.0,Pipers
5303391,0.49999999999999994,-0.8660254037844387,6,24,1.6094379124341003,0.9026834003674034,1.0986122886681098,16.5,12.0,1.6094379124341003,12.0,8.5,9.5,,,,24.0,2023-05-21,2023-05-14,6.0,Pipers
5303391,1.2246467991473532e-16,-1.0,7,29,1.9459101490553132,1.1851160204964712,1.0986122886681098,13.0,11.5,0.33647223662121295,11.5,8.0,9.7,,,,29.0,2023-06-19,2023-06-12,151.0,Pipers
5303391,-0.8660254037844384,-0.5000000000000004,8,55,5.0238805208462765,2.8597428607785633,1.354025100551105,14.0,10.5,3.077970371790963,10.5,8.0,9.7,,,,55.0,2023-08-13,2023-08-06,2.0,Pipers
5303391,-0.5000000000000004,0.8660254037844384,9,89,1.0986122886681098,2.689467652856566,1.0986122886681098,19.0,14.0,-3.9252682321781664,,8.5,8.6,,,,33.0,2023-11-10,2023-11-03,7.0,Pipers
5303391,-2.4492935982947064e-16,1.0,10,22,2.0794415416798357,2.7339781170647406,1.354025100551105,10.3,10.6,0.980829253011726,10.6,8.0,9.2,,,,22.0,2023-12-02,2023-11-25,5.0,Pipers
5303391,0.8660254037844386,0.5000000000000001,11,79,1.791759469228055,1.656604433192,1.6094379124341003,6.0,8.3,-0.2876820724517808,10.5,8.0,9.8,,,,22.0,2024-02-19,2024-02-12,0.0,Pipers
5303391,1.0,6.123233995736766e-17,12,34,0.0,1.290400336969297,1.354025100551105,7.8,8.7,-1.791759469228055,8.7,8.0,11.8,,,,34.0,2024-03-24,2024-03-17,3.0,Pipers
5303391,0.8660254037844387,-0.49999999999999983,13,21,1.3862943611198906,1.0593512767826485,1.3862943611198906,14.4,12.2,1.3862943611198906,12.2,8.5,9.9,,,,21.0,2024-04-14,2024-04-07,3.0,Pipers
5303391,0.49999999999999994,-0.8660254037844387,14,36,1.3862943611198906,0.9241962407465937,1.3862943611198906,12.8,10.6,0.0,10.6,8.0,10.0,,,,36.0,2024-05-20,2024-05-13,7.0,Pipers
5303391,1.2246467991473532e-16,-1.0,15,30,2.0794415416798357,1.617343421306539,1.3862943611198906,20.2,14.1,0.6931471805599452,14.1,8.0,9.2,,,,30.0,2024-06-19,2024-06-12,1.0,Pipers
5303391,-0.8660254037844384,-0.5000000000000004,16,53,0.6931471805599453,1.3862943611198906,1.3862943611198906,21.0,15.7,-1.3862943611198904,15.7,8.0,8.5,,,,53.0,2024-08-11,2024-08-04,5.5,Pipers
5303391,-1.0,-1.8369701987210297e-16,17,27,1.8718021769015913,1.548130299713791,1.3862943611198906,19.6,15.8,1.178654996341646,15.8,8.0,8.9,,,,27.0,2024-09-07,2024-08-31,11.5,Pipers
5303391,-0.5000000000000004,0.8660254037844384,18,77,2.5257286443082556,1.6968926672565974,1.4978661367769954,21.0,15.3,0.6539264674066643,13.3,8.0,9.1,,,,49.0,2024-11-23,2024-11-16,200.0,Piper's Creek
5303391,1.2246467991473532e-16,-1.0,20,44,0.0,2.6096778507891103,1.4978661367769954,9.4,11.4,-5.303304908059076,12.2,8.0,,286.3,,,14.0,2025-06-07,2025-05-31,616.67,Piper's Creek
5303391,-0.4999999999999998,-0.8660254037844388,21,40,6.425954334256763,3.909753080771946,1.6094379124341003,17.9,15.8,6.425954334256763,15.2,8.0,8.3,272.0,,,27.0,2025-07-17,2025-07-10,33.33,Piper's Creek
5303391,-0.8660254037844384,-0.5000000000000004,22,17,3.5360196074696004,3.3206579805754544,1.7005986908310775,16.7,15.0,-2.8899347267871622,15.0,8.0,8.6,295.0,,,16.0,2025-08-03,2025-07-27,377.78,Piper's Creek
5303391,-0.8660254037844384,-0.5000000000000004,22,26,3.5360196074696004,3.3206579805754544,1.7005986908310775,16.7,15.0,-2.8899347267871622,15.0,8.0,8.6,295.0,,,25.0,2025-08-12,2025-08-05,33.33,Piper's Creek
5303391,-1.0,-1.8369701987210297e-16,24,30,3.5360196074696004,4.336331592182263,1.8317808230648231,19.2,15.2,-2.4009359541379887,13.9,8.5,,239.0,,,15.0,2025-09-11,2025-09-04,133.33,Piper's Creek
5303391,-0.8660254037844386,0.5000000000000001,25,23,4.900299459074922,4.79109154271737,1.8718021769015913,15.7,14.0,1.3642798516053212,14.0,8.0,8.7,277.7,,,23.0,2025-10-04,2025-09-27,33.33,Piper's Creek
5303391,-0.8660254037844386,0.5000000000000001,25,31,4.900299459074922,4.79109154271737,1.8718021769015913,15.7,14.0,1.3642798516053212,14.0,8.0,8.7,277.7,,,31.0,2025-10-12,2025-10-05,800.0,Piper's Creek
5303391,-0.5000000000000004,0.8660254037844384,27,28,6.68586094706836,5.040726671204294,1.9459101490553132,11.5,12.6,3.1498413395987592,12.6,7.5,8.2,268.0,,,28.0,2025-11-09,2025-11-02,144.44,Piper's Creek
5303391,-2.4492935982947064e-16,1.0,28,25,4.979763630429169,5.0672147283223765,2.0126758453675744,8.9,9.6,-1.706097316639191,9.6,8.0,9.6,287.0,,,26.0,2025-12-04,2025-11-27,300.0,Piper's Creek
5303391,0.49999999999999994,0.8660254037844387,29,31,5.707110264748875,5.790911614082134,2.0794415416798357,8.2,9.0,0.7273466343197068,9.0,8.0,9.0,165.0,,,31.0,2026-01-04,2025-12-28,133.33,Piper's Creek
5303391,0.49999999999999994,0.8660254037844387,30,25,4.900299459074922,5.195724451417655,2.0794415416798357,11.8,10.0,-0.8068108056739538,8.6,7.5,9.2,289.0,,,25.0,2026-01-29,2026-01-22,133.33,Piper's Creek
5303391,0.49999999999999994,0.8660254037844387,30,27,4.900299459074922,5.195724451417655,2.0794415416798357,11.8,10.0,-0.8068108056739538,8.6,7.5,9.2,289.0,,,27.0,2026-01-31,2026-01-24,11.11,Piper's Creek
5303391,0.8660254037844386,0.5000000000000001,32,26,2.494031557565001,4.098210158571614,2.0794415416798357,12.4,11.6,-2.4062679015099206,9.2,7.5,10.95,203.0,,,28.0,2026-02-26,2026-02-19,11.11,Piper's Creek
5303391,1.0,6.123233995736766e-17,33,16,2.494031557565001,3.2961208580683077,2.0794415416798357,15.5,9.8,0.0,9.8,8.0,10.55,277.0,,,16.0,2026-03-14,2026-03-07,266.67,Piper's Creek
5303391,1.0,6.123233995736766e-17,34,15,5.5897548785012345,3.5259393312104117,2.286736549622418,7.8,6.4,3.0957233209362336,6.4,7.5,9.65,232.0,,,15.0,2026-03-29,2026-03-22,111.11,Piper's Creek
5303392,1.0,6.123233995736766e-17,2,27,0.0,0.9485599924679406,0.9485599924679406,8.0,7.0,-1.8971199849358813,7.0,8.5,10.5,,,,27.0,2023-03-04,2023-02-25,25.0,Molendorph
5303392,1.0,6.123233995736766e-17,3,27,3.258096538021482,1.7184055076524547,1.8971199849358813,3.0,4.0,3.258096538021482,4.0,8.0,11.95,,,,27.0,2023-03-31,2023-03-24,1.333333333,Molendorph
5303392,0.8660254037844387,-0.49999999999999983,4,28,0.8472978602443464,1.368464799421943,1.3722089225901137,8.0,7.0,-2.4107986777771355,7.0,8.5,10.8,,,,28.0,2023-04-28,2023-04-21,0.0,Molendorph
5303392,0.49999999999999994,-0.8660254037844387,5,27,0.0,1.368464799421943,0.8472978602443464,18.5,12.5,-0.8472978602443464,12.5,8.5,8.9,,,,27.0,2023-05-25,2023-05-18,1.333333333,Molendorph
5303392,1.2246467991473532e-16,-1.0,6,28,0.8472978602443464,0.5648652401628976,0.8472978602443464,16.5,13.5,0.8472978602443464,13.5,8.0,7.0,,,,28.0,2023-06-22,2023-06-15,3.333333333,Molendorph
5303392,-0.4999999999999998,-0.8660254037844388,7,31,1.466337068716504,0.7712116429869501,0.8472978602443464,17.0,12.0,0.6190392084721577,12.0,8.5,8.8,,,,31.0,2023-07-23,2023-07-16,1.666666667,Molendorph
5303392,-0.8660254037844384,-0.5000000000000004,8,30,0.9808292531367263,1.098154727365859,0.9140635566905364,19.0,14.5,-0.48550781557977774,14.5,8.5,8.6,,,,30.0,2023-08-22,2023-08-15,0.0,Molendorph
5303392,-1.0,-1.8369701987210297e-16,9,26,0.0,0.8157221072844102,0.8472978602443464,12.0,12.5,-0.9808292531367263,12.5,8.0,,,,,26.0,2023-09-17,2023-09-10,1.0,Molendorph
5303392,-2.4492935982947064e-16,1.0,10,84,0.6931471805599453,0.5579921445655572,0.8472978602443464,24.0,11.5,0.6931471805599453,11.5,8.0,9.2,,,,84.0,2023-12-10,2023-12-03,3.0,Molendorph
5303392,0.49999999999999994,0.8660254037844387,11,34,1.3862943611198906,0.6931471805599453,0.8472978602443464,10.3,9.0,0.6931471805599453,9.0,8.0,10.0,,,,34.0,2024-01-13,2024-01-06,2.333333333,Molendorph
5303392,0.8660254037844386,0.5000000000000001,12,20,1.203972804225936,1.0944714486352574,0.9140635566905364,6.2,7.1,-0.18232155689395446,3.8499999999999996,8.0,6.4,,,,20.0,2024-02-02,2024-01-26,1.666666667,Molendorph
5303392,1.0,6.123233995736766e-17,13,58,0.9808292531367263,1.1903654728275177,0.9808292531367263,11.7,8.2,-0.2231435510892098,8.2,8.0,9.5,,,,58.0,2024-03-31,2024-03-24,0.6666666667,Molendorph
5303392,0.8660254037844387,-0.49999999999999983,14,24,0.5108256237859906,0.8985425603828844,0.9140635566905364,8.8,7.6,-0.4700036293507357,7.6,8.0,11.0,,,,24.0,2024-04-24,2024-04-17,0.3333333333,Molendorph
5303392,1.2246467991473532e-16,-1.0,15,59,0.2876820724267809,0.5931123164498326,0.8472978602443464,11.4,10.0,-0.2231435513592097,10.0,8.0,10.5,,,,59.0,2024-06-22,2024-06-15,0.0,Molendorph
5303392,-0.4999999999999998,-0.8660254037844388,16,23,0.0,0.26616923207092386,0.8472978602443464,15.2,13.1,-0.2876820724267809,13.1,8.0,9.4,,,,23.0,2024-07-15,2024-07-08,17.66666667,Molendorph
5303392,-0.8660254037844384,-0.5000000000000004,17,32,2.926739402245611,1.0714738248907973,0.8472978602443464,19.6,16.2,2.926739402245611,16.2,8.0,8.8,,,,32.0,2024-08-16,2024-08-09,10.0,Molendorph
5303392,-1.0,-1.8369701987210297e-16,18,30,2.3978952727983707,1.7748782250146604,0.9140635566905364,28.0,15.8,-0.5288441294472404,15.8,8.0,8.5,,,,30.0,2024-09-15,2024-09-08,20.0,Molendorph
5303392,0.8660254037844387,-0.49999999999999983,20,13,4.2146429502441345,3.2190202202553095,0.9808292531367263,12.0,10.5,1.1701205125207115,10.15,8.25,9.8,235.0,,,14.0,2025-04-12,2025-04-05,66.67,Mohlendorph Creek
5303392,0.49999999999999994,-0.8660254037844387,21,27,4.2146429502441345,3.824602779403898,0.9808292531367263,12.2,10.5,0.0,10.5,8.5,9.6,194.33,,,28.0,2025-05-09,2025-05-02,33.33,Mohlendorph Creek
5303392,0.49999999999999994,-0.8660254037844387,21,29,4.2146429502441345,3.824602779403898,0.9808292531367263,12.2,10.5,0.0,10.5,8.5,9.6,194.33,,,30.0,2025-05-11,2025-05-04,0.0,Mohlendorph Creek
5303392,0.49999999999999994,-0.8660254037844387,23,18,0.0,2.5835541859045783,0.9808292531367263,10.9,11.2,-3.5360196074696004,10.5,8.0,9.7,283.0,,,20.0,2025-05-29,2025-05-22,33.33,Mohlendorph Creek
5303392,1.2246467991473532e-16,-1.0,23,26,0.0,2.5835541859045783,0.9808292531367263,10.9,11.2,-3.5360196074696004,10.5,8.0,9.7,283.0,,,28.0,2025-06-06,2025-05-30,111.11,Mohlendorph Creek
5303392,1.2246467991473532e-16,-1.0,25,17,4.719480532165502,2.751833379878368,1.203972804225936,21.0,13.7,1.1834609246959014,13.7,8.5,8.2,282.66,,,17.0,2025-06-23,2025-06-16,466.67,Mohlendorph Creek
5303392,-0.4999999999999998,-0.8660254037844388,25,26,4.719480532165502,2.751833379878368,1.203972804225936,21.0,13.7,1.1834609246959014,13.7,8.5,8.2,282.66,,,26.0,2025-07-02,2025-06-25,55.56,Mohlendorph Creek
5303392,-0.4999999999999998,-0.8660254037844388,27,15,4.0353020215883175,4.967515157582173,1.3862943611198906,13.7,13.0,-2.1124608974043815,13.0,8.5,9.1,304.0,,,14.0,2025-07-17,2025-07-10,433.33,Mohlendorph Creek
5303392,-0.8660254037844384,-0.5000000000000004,28,16,6.073804613830202,5.4189565181370725,1.4263157149181973,24.6,16.1,2.0385025922418842,16.1,8.0,7.8,280.0,,,16.0,2025-08-02,2025-07-26,33.33,Mohlendorph Creek
5303392,-0.8660254037844384,-0.5000000000000004,29,28,3.5360196074696004,4.54837541429604,1.466337068716504,14.8,14.2,-2.5377850063606013,16.0,8.5,8.0,260.0,,,13.0,2025-08-30,2025-08-23,77.78,Mohlendorph Creek
5303392,-1.0,-1.8369701987210297e-16,30,25,4.36665915754276,4.658827792947521,1.6817285268261926,17.0,15.3,0.8306395500731591,15.3,8.0,7.9,291.67,,,25.0,2025-09-24,2025-09-17,222.22,Mohlendorph Creek
5303392,-0.8660254037844386,0.5000000000000001,31,29,5.408157832227569,4.43694553241331,1.8971199849358813,15.0,13.0,1.0414986746848092,13.0,8.5,8.5,280.67,,,29.0,2025-10-23,2025-10-16,111.11,Mohlendorph Creek
5303392,-0.5000000000000004,0.8660254037844384,32,29,4.719480532165502,4.831432507311944,2.147507628867126,14.2,10.6,-0.688677300062067,10.6,8.5,8.9,297.0,,,29.0,2025-11-21,2025-11-14,0.0,Mohlendorph Creek
5303392,-2.4492935982947064e-16,1.0,33,29,0.0,3.3758794547976905,1.8971199849358813,8.2,8.1,-4.719480532165502,8.1,8.5,9.9,258.0,,,29.0,2025-12-20,2025-12-13,11.11,Mohlendorph Creek
5303392,0.49999999999999994,0.8660254037844387,34,27,2.494031557565001,2.4045040299101674,2.147507628867126,6.2,7.0,2.494031557565001,8.2,8.0,10.1,178.0,,,12.0,2026-01-16,2026-01-09,0.0,Mohlendorph Creek
5303392,0.8660254037844386,0.5000000000000001,35,30,0.0,0.831343852521667,1.8971199849358813,5.7,7.5,-2.494031557565001,7.5,8.0,10.8,247.0,,,30.0,2026-02-15,2026-02-08,33.33,Mohlendorph Creek
5303392,1.0,6.123233995736766e-17,36,24,3.5360196074696004,2.010017055011534,2.147507628867126,5.5,6.9,3.5360196074696004,6.9,8.0,10.3,213.0,,,25.0,2026-03-11,2026-03-04,44.44,Mohlendorph Creek
5303392,0.8660254037844387,-0.49999999999999983,37,31,3.816392774412896,2.4508041272941656,2.3978952727983707,5.5,8.0,0.2803731669432956,8.3,8.0,9.9,,,,10.0,2026-04-11,2026-04-04,44.44,Mohlendorph Creek
5303393,0.49999999999999994,0.8660254037844387,2,30,0.0,1.2824746787307684,1.2824746787307684,7.0,8.0,-2.5649493574615367,8.0,8.0,11.1,,,,30.0,2023-01-08,2023-01-01,0.6666666667,Venema
5303393,0.8660254037844386,0.5000000000000001,3,28,0.5108256237859906,1.025258327082509,0.5108256237859906,7.5,9.0,0.5108256237859906,9.0,8.0,9.4,,,,28.0,2023-02-05,2023-01-29,0.0,Venema
5303393,1.0,6.123233995736766e-17,4,27,0.0,0.17027520792866355,0.2554128118929953,7.0,9.0,-0.5108256237859906,9.0,8.5,10.7,,,,27.0,2023-03-04,2023-02-25,4.0,Venema
5303393,0.8660254037844387,-0.49999999999999983,5,56,1.6094379124341003,0.7067545120733637,0.5108256237859906,8.0,7.0,1.6094379124341003,7.0,8.0,10.9,,,,56.0,2023-04-29,2023-04-22,0.6666666667,Venema
5303393,0.49999999999999994,-0.8660254037844387,6,28,0.5108256237859906,0.7067545120733637,0.5108256237859906,20.0,12.0,-1.0986122886481096,12.0,8.0,9.25,,,,28.0,2023-05-27,2023-05-20,1.666666667,Venema
5303393,1.2246467991473532e-16,-1.0,7,29,0.9808292531367263,1.0336975964522723,0.5108256237859906,12.5,11.0,0.4700036293507357,11.0,8.5,9.1,,,,29.0,2023-06-25,2023-06-18,2.0,Venema
5303393,-1.0,-1.8369701987210297e-16,8,76,1.0986122886681098,0.8634223885302755,0.7458274384613585,15.0,12.0,0.11778303553138347,8.0,8.0,9.55,,,,20.0,2023-09-09,2023-09-02,2.333333333,Venema
5303393,-0.8660254037844386,0.5000000000000001,9,36,1.203972804225936,1.0944714486769243,0.9808292531367263,15.0,,0.10536051555782633,,8.5,9.65,,,,36.0,2023-10-15,2023-10-08,1.666666667,Venema
5303393,-2.4492935982947064e-16,1.0,10,55,0.9808292531367263,1.094471448676924,0.9808292531367263,,,-0.2231435510892098,10.6,8.5,9.8,,,,27.0,2023-12-09,2023-12-02,0.3333333333,Venema
5303393,0.49999999999999994,0.8660254037844387,11,29,0.2876820724267809,0.8241613765964811,0.9808292531367263,5.0,8.3,-0.6931471807099454,8.3,8.5,10.7,,,,29.0,2024-01-07,2023-12-31,3.0,Venema
5303393,1.0,6.123233995736766e-17,12,56,1.3862943611198906,0.884935228894466,0.9808292531367263,3.7,8.4,1.0986122886931096,9.3,8.5,10.3,,,,24.0,2024-03-03,2024-02-25,0.0,venema
5303393,0.8660254037844387,-0.49999999999999983,13,56,0.0,0.5579921445155572,0.9808292531367263,5.7,8.3,-1.3862943611198906,8.3,8.0,10.4,,,,56.0,2024-04-28,2024-04-21,6.0,Venema
5303393,0.49999999999999994,-0.8660254037844387,14,26,1.9459101490553132,1.110734836725068,0.9808292531367263,9.0,10.7,1.9459101490553132,10.7,8.5,9.7,,,,26.0,2024-05-24,2024-05-17,1.666666667,Venema
5303393,1.2246467991473532e-16,-1.0,15,30,0.9808292531367263,0.9755798007306798,0.9808292531367263,12.0,11.2,-0.9650808959185869,11.2,8.5,10.25,,,,30.0,2024-06-23,2024-06-16,0.0,Venema
5303393,-0.4999999999999998,-0.8660254037844388,16,27,0.0,0.9755798007306798,0.9808292531367263,16.6,12.3,-0.9808292531367263,12.3,8.5,9.95,,,,27.0,2024-07-20,2024-07-13,5.0,Venema
5303393,-0.8660254037844384,-0.5000000000000004,17,29,1.791759469228055,0.9241962407882603,0.9808292531367263,15.2,13.1,1.791759469228055,13.1,8.5,9.6,,,,29.0,2024-08-18,2024-08-11,1.0,Venema
5303393,-1.0,-1.8369701987210297e-16,18,26,0.6931471805599453,0.8283022165960001,0.9808292531367263,17.7,13.8,-1.0986122886681096,13.8,8.5,9.45,,,,26.0,2024-09-13,2024-09-06,2.0,Venema
5303393,-0.4999999999999998,-0.8660254037844388,21,14,0.0,0.3662040962227033,0.9808292531367263,16.7,,0.0,10.5,8.0,9.2,,,,14.0,2025-07-04,2025-06-27,266.67,Venema Creek
5303393,-0.8660254037844384,-0.5000000000000004,22,29,5.5897548785012345,1.8632516261670782,0.9808292531367263,18.1,13.4,5.5897548785012345,14.7,8.5,9.5,,,,16.0,2025-08-02,2025-07-26,50.0,Venema Creek
5303393,-0.8660254037844384,-0.5000000000000004,23,14,3.9318256327243257,3.17386017040852,0.9808292531367263,14.7,12.6,-1.6579292457769088,12.6,8.5,9.3,258.0,,,14.0,2025-08-16,2025-08-09,55.56,Venema Creek
5303393,-1.0,-1.8369701987210297e-16,24,28,4.0353020215883175,4.518960844271292,0.9808292531367263,22.0,14.8,0.1034763888639918,14.8,8.0,9.5,,,,28.0,2025-09-13,2025-09-06,55.56,Venema Creek
5303393,-0.5000000000000004,0.8660254037844384,25,70,4.0353020215883175,4.000809891966987,0.9808292531367263,15.8,13.5,0.0,13.5,8.0,9.45,,,,70.0,2025-11-22,2025-11-15,0.0,Venema Creek
5303393,0.49999999999999994,0.8660254037844387,26,56,0.0,2.690201347725545,0.9808292531367263,9.4,10.6,-4.0353020215883175,10.3,7.5,10.0,,,,14.0,2026-01-17,2026-01-10,16.67,Venema Creek
5303393,0.8660254037844386,0.5000000000000001,27,39,2.871868286331605,2.3023901026399742,0.9808292531367263,13.3,12.4,2.871868286331605,11.6,8.0,10.3,,,,25.0,2026-02-25,2026-02-18,0.0,Venema Creek
5303393,0.8660254037844387,-0.49999999999999983,28,44,0.0,0.9572894287772017,0.9808292531367263,13.3,8.0,-2.871868286331605,8.0,8.0,11.15,,,,44.0,2026-04-10,2026-04-03,0.0,Venema Creek
5303394,1.0,6.123233995736766e-17,2,31,0.0,0.0,0.0,8.5,9.0,0.0,9.0,8.0,9.7,,,,31.0,2023-03-12,2023-03-05,4.666666667,North Creek
5303394,0.8660254037844387,-0.49999999999999983,3,20,1.73460105544693,0.5782003518156433,0.0,8.0,10.0,1.73460105544693,10.0,8.0,10.1,,,,20.0,2023-04-01,2023-03-25,4.0,Venema
5303394,0.8660254037844387,-0.49999999999999983,3,28,1.73460105544693,0.5782003518156433,0.0,8.0,10.0,1.73460105544693,10.0,8.0,10.1,,,,28.0,2023-04-09,2023-04-02,0.0,North Creek
5303394,0.49999999999999994,-0.8660254037844387,5,24,0.0,1.1146796559603434,0.0,13.0,10.0,-1.6094379124341003,10.0,8.5,,,,,24.0,2023-05-03,2023-04-26,0.0,North Creek
5303394,0.49999999999999994,-0.8660254037844387,6,27,0.0,0.5364793041447001,0.0,19.0,12.0,0.0,12.0,8.5,9.0,,,,27.0,2023-05-30,2023-05-23,0.3333333333,North Creek
5303394,1.2246467991473532e-16,-1.0,7,28,0.2876820724267809,0.0958940241422603,0.0,14.0,11.0,0.2876820724267809,11.0,8.5,9.2,,,,28.0,2023-06-27,2023-06-20,0.3333333333,North Creek
5303394,-0.4999999999999998,-0.8660254037844388,8,32,0.2876820724267809,0.1917880482845206,0.14384103621339045,20.0,12.0,0.0,12.0,8.5,9.2,,,,32.0,2023-07-29,2023-07-22,1.666666667,North Creek
5303394,-1.0,-1.8369701987210297e-16,9,57,0.9808292531367263,0.5187311326634294,0.2876820724267809,19.5,14.0,0.6931471807099454,11.0,8.0,9.5,,,,31.0,2023-09-24,2023-09-17,6.333333333,North Creek
5303394,-0.5000000000000004,0.8660254037844384,10,53,1.9924301646447515,1.0869804967360863,0.2876820724267809,13.0,10.0,1.0116009115080251,13.3,8.5,9.0,,,,25.0,2023-11-16,2023-11-09,4.666666667,North Creek
5303394,-2.4492935982947064e-16,1.0,11,29,1.73460105544693,1.5692868244094693,0.2876820724267809,9.4,9.6,-0.25782910919782154,9.6,8.5,8.5,,,,29.0,2023-12-15,2023-12-08,12.0,North Creek
5303394,0.8660254037844386,0.5000000000000001,12,55,2.5649493574615367,2.097326859184406,0.6342556627817536,7.5,10.2,0.8303483020146067,10.2,8.5,10.2,,,,55.0,2024-02-08,2024-02-01,1.666666667,North Creek
5303394,1.0,6.123233995736766e-17,13,30,0.9808292531367263,1.7601265553483978,0.9808292531367263,7.1,9.5,-1.5841201043248105,9.5,8.5,8.3,,,,30.0,2024-03-09,2024-03-02,3.333333333,North Creek
5303394,0.8660254037844387,-0.49999999999999983,14,30,1.466337068716504,1.6707052264382556,0.9808292531367263,10.4,10.1,0.48550781557977774,10.1,8.0,9.8,,,,30.0,2024-04-08,2024-04-01,1.666666667,North Creek
5303394,0.49999999999999994,-0.8660254037844387,15,27,0.9808292531367263,1.1426651916633188,0.9808292531367263,9.1,10.0,-0.48550781557977774,10.0,8.0,10.16,,,,27.0,2024-05-05,2024-04-28,1.0,North Creek
5303394,1.2246467991473532e-16,-1.0,16,28,0.6931471805599453,1.0467711674710587,0.9808292531367263,11.0,11.1,-0.287682072576781,11.1,8.0,10.2,,,,28.0,2024-06-02,2024-05-26,13.66666667,North Creek
5303394,1.2246467991473532e-16,-1.0,17,24,2.6855773454774243,1.453184593058032,0.9808292531367263,13.7,12.3,1.992430164917479,12.3,8.0,8.3,,,,24.0,2024-06-26,2024-06-19,0.6666666667,North Creek
5303394,-0.4999999999999998,-0.8660254037844388,18,29,0.5108256237859906,1.2965167166077867,0.9808292531367263,17.5,13.7,-2.174751721691434,13.7,8.5,9.5,,,,29.0,2024-07-25,2024-07-18,6.333333333,North Creek
5303394,-0.8660254037844384,-0.5000000000000004,19,30,1.9924301646447515,1.7296110446360553,0.9808292531367263,19.4,14.1,1.4816045408587608,14.1,8.0,9.3,,,,30.0,2024-08-24,2024-08-17,28.66666667,North Creek
5303394,0.49999999999999994,-0.8660254037844387,21,30,3.5360196074696004,2.9728246177635804,0.9808292531367263,14.3,12.2,0.1459955262932109,12.2,8.0,9.9,258.0,,,30.0,2025-05-24,2025-05-17,33.33,Piper's Creek North Creek
5303394,1.2246467991473532e-16,-1.0,22,29,3.5360196074696004,3.4873544320385306,1.2235831609266152,22.0,12.7,0.0,12.5,8.0,9.8,267.0,,,29.0,2025-06-22,2025-06-15,33.33,Piper's Creek North Creek
5303394,-0.4999999999999998,-0.8660254037844388,23,16,3.5360196074696004,3.5360196074696,1.466337068716504,15.6,12.6,0.0,12.6,8.0,10.0,274.0,,,17.0,2025-07-08,2025-07-01,133.33,Piper's Creek North Creek
5303394,-0.4999999999999998,-0.8660254037844388,24,10,4.900299459074922,3.990779558004707,1.5378874905753022,24.2,13.7,1.3642798516053212,13.7,8.0,9.0,278.7,,,10.0,2025-07-18,2025-07-11,0.0,Piper's Creek North Creek
5303394,-0.8660254037844384,-0.5000000000000004,25,23,0.0,2.8121063555148407,1.466337068716504,17.2,13.7,-4.900299459074922,13.7,8.0,9.2,274.0,,,23.0,2025-08-10,2025-08-03,333.33,Piper's Creek North Creek
5303394,-0.8660254037844384,-0.5000000000000004,25,27,0.0,2.8121063555148407,1.466337068716504,17.2,13.7,-4.900299459074922,13.7,8.0,9.2,274.0,,,27.0,2025-08-14,2025-08-07,188.89,Piper's Creek North Creek
5303394,-1.0,-1.8369701987210297e-16,27,19,5.246444957137325,3.6861911620972396,1.6094379124341003,22.3,14.9,-0.5656835720170683,13.7,8.5,9.9,831.0,,,23.0,2025-09-02,2025-08-26,66.67,Piper's Creek North Creek
5303394,-1.0,-1.8369701987210297e-16,28,12,4.2146429502441345,5.091072145511951,1.6720194839405151,22.1,14.4,-1.0318020068931908,14.2,8.0,9.3,273.6,,,12.0,2025-09-14,2025-09-07,22.22,Piper's Creek North Creek
5303394,-0.8660254037844386,0.5000000000000001,29,19,3.1450139762697455,4.202033961217069,1.73460105544693,16.1,13.9,-1.069628973974389,13.8,8.0,9.4,274.0,,,19.0,2025-10-03,2025-09-26,100.0,Piper's Creek North Creek
5303394,-0.8660254037844386,0.5000000000000001,29,28,3.1450139762697455,4.202033961217069,1.73460105544693,16.1,13.9,-1.069628973974389,13.8,8.0,9.4,274.0,,,28.0,2025-10-12,2025-10-05,122.22,Piper's Creek North Creek
5303394,-0.5000000000000004,0.8660254037844384,31,28,4.813971375586425,4.191368622899144,1.73460105544693,11.9,11.7,0.19885085874516495,11.8,8.5,9.7,284.0,,,28.0,2025-11-09,2025-11-02,11.11,Piper's Creek North Creek
5303394,-0.5000000000000004,0.8660254037844384,32,19,2.494031557565001,3.974374483330896,1.8635156100458408,14.1,11.0,-2.3199398180214237,11.8,8.5,9.7,284.0,,,47.0,2025-11-28,2025-11-21,100.0,Piper's Creek North Creek
5303394,-2.4492935982947064e-16,1.0,32,28,2.494031557565001,3.974374483330896,1.8635156100458408,14.1,11.0,-2.3199398180214237,11.6,8.0,10.1,,,,14.0,2025-12-07,2025-11-30,111.11,Piper's Creek North Creek
5303394,-2.4492935982947064e-16,1.0,34,20,4.719480532165502,3.942877535523921,1.9924301646447515,11.6,11.1,0.1043600153242421,10.7,8.0,10.1,250.0,,,20.0,2025-12-27,2025-12-20,0.0,Piper's Creek North Creek
5303394,0.49999999999999994,0.8660254037844387,34,28,4.719480532165502,3.942877535523921,1.9924301646447515,11.6,11.1,0.1043600153242421,10.7,8.0,10.1,250.0,,,28.0,2026-01-04,2025-12-28,22.22,Piper's Creek North Creek
5303394,0.49999999999999994,0.8660254037844387,36,13,3.1450139762697455,2.6214981694784156,1.9924301646447515,8.9,9.1,3.1450139762697455,9.1,8.0,10.2,251.0,,,13.0,2026-01-17,2026-01-10,0.0,Piper's Creek North Creek
5303394,0.8660254037844386,0.5000000000000001,37,25,0.0,1.0483379920899152,1.9924301646447515,8.8,9.7,-3.1450139762697455,9.7,8.0,10.8,284.0,,,25.0,2026-02-11,2026-02-04,0.0,Piper's Creek North Creek
5303394,0.8660254037844386,0.5000000000000001,38,17,0.0,1.0483379920899152,1.8635156100458408,10.1,9.8,0.0,9.8,8.0,10.2,277.2,,,17.0,2026-02-28,2026-02-21,22.22,Piper's Creek North Creek
5303394,1.0,6.123233995736766e-17,39,14,3.1450139762697455,1.0483379920899152,1.9924301646447515,9.9,9.3,3.1450139762697455,9.6,8.0,10.2,296.0,,,12.0,2026-03-14,2026-03-07,0.0,Piper's Creek North Creek
5303394,1.0,6.123233995736766e-17,40,14,0.0,1.0483379920899152,1.8635156100458408,7.9,8.9,-3.1450139762697455,8.9,8.0,10.2,286.0,,,14.0,2026-03-28,2026-03-21,11.11,Piper's Creek North Creek
5303395,0.8660254037844386,0.5000000000000001,2,28,1.6094379124341003,0.8047189562170501,0.8047189562170501,11.5,10.0,1.6094379124341003,10.0,8.0,8.95,,,,28.0,2023-02-10,2023-02-03,0.0,Viewlands
5303395,1.0,6.123233995736766e-17,3,28,0.0,0.5364793041447001,0.0,9.0,10.0,-1.6094379124341003,10.0,8.5,9.2,,,,28.0,2023-03-10,2023-03-03,0.0,Viewlands
5303395,0.8660254037844387,-0.49999999999999983,4,28,0.0,0.5364793041447001,0.0,6.5,10.0,0.0,10.0,8.0,9.5,,,,28.0,2023-04-07,2023-03-31,0.6666666667,Viewlands
5303395,0.49999999999999994,-0.8660254037844387,5,26,0.5108256237859906,0.17027520792866355,0.0,11.5,10.0,0.5108256237859906,10.0,8.5,9.8,,,,26.0,2023-05-03,2023-04-26,24.66666667,Viewlands
5303395,1.2246467991473532e-16,-1.0,6,30,3.2451931333154445,1.252006252367145,0.2554128118929953,14.0,10.0,2.734367509529454,10.0,8.5,9.3,,,,30.0,2023-06-02,2023-05-26,1.0,Viewlands
5303395,-1.0,-1.8369701987210297e-16,7,111,0.6931471805599453,1.4830553125537935,0.5108256237859906,21.0,11.0,-2.552045952755499,,8.0,9.2,,,,30.0,2023-09-21,2023-09-14,24.0,Viewlands
5303395,-0.8660254037844386,0.5000000000000001,8,28,3.2188758248682006,2.3857387129145304,0.601986402172968,14.4,10.0,2.525728644308255,10.0,8.5,9.4,,,,28.0,2023-10-19,2023-10-12,0.6666666667,Viewlands
5303395,0.8660254037844386,0.5000000000000001,10,26,2.871868286331605,2.2005232449952654,0.601986402172968,6.3,9.3,2.3610426625456147,9.3,8.0,10.1,272.0,,,27.0,2025-02-20,2025-02-13,0.0,Piper's Creek Viewlands
5303395,0.8660254037844387,-0.49999999999999983,11,56,0.0,1.1275646367058652,0.5108256237859906,10.3,10.5,-2.871868286331605,10.7,8.0,10.0,270.0,,,28.0,2025-04-17,2025-04-10,44.44,Piper's Creek Viewlands
5303395,0.49999999999999994,-0.8660254037844387,12,44,3.816392774412896,2.2294203535815007,0.601986402172968,16.3,11.9,3.816392774412896,11.0,8.0,10.15,,,,27.0,2025-05-31,2025-05-24,33.33,Piper's Creek Viewlands
5303395,1.2246467991473532e-16,-1.0,13,14,3.5360196074696004,2.4508041272941656,0.6931471805599453,14.0,12.0,-0.2803731669432956,12.0,8.0,,277.0,,,14.0,2025-06-14,2025-06-07,11.11,Piper's Creek Viewlands
5303395,1.2246467991473532e-16,-1.0,14,15,2.494031557565001,3.282147979815832,1.1512925464970227,13.6,11.6,-1.0419880499045995,11.6,7.5,,274.0,,,15.0,2025-06-29,2025-06-22,0.0,Piper's Creek Viewlands
5303395,-0.4999999999999998,-0.8660254037844388,15,11,0.0,2.010017055011534,0.6931471805599453,17.7,12.3,-2.494031557565001,12.3,8.0,,271.0,,,11.0,2025-07-10,2025-07-03,33.33,Piper's Creek Viewlands
5303395,-0.8660254037844384,-0.5000000000000004,16,28,3.5360196074696004,2.010017055011534,1.1512925464970227,18.3,12.5,3.5360196074696004,12.5,7.5,9.7,256.0,,,27.0,2025-08-07,2025-07-31,11.11,Piper's Creek Viewlands
5303395,-0.8660254037844384,-0.5000000000000004,17,17,2.494031557565001,2.010017055011534,1.6094379124341003,19.3,12.8,-1.0419880499045995,12.8,7.5,9.3,266.0,,,11.0,2025-08-24,2025-08-17,0.0,Piper's Creek Viewlands
5303395,-1.0,-1.8369701987210297e-16,18,11,0.0,2.010017055011534,1.1512925464970227,16.9,12.7,-2.494031557565001,12.7,8.0,9.5,274.0,,,11.0,2025-09-04,2025-08-28,16.67,Piper's Creek Viewlands
5303395,-1.0,-1.8369701987210297e-16,19,17,2.871868286331605,1.7886332812988688,1.6094379124341003,19.8,12.8,2.871868286331605,12.8,7.5,9.3,256.0,,,17.0,2025-09-21,2025-09-14,50.0,Piper's Creek Viewlands
5303395,-0.8660254037844386,0.5000000000000001,20,12,3.9318256327243257,2.2678979730186435,2.0517347349995507,15.3,12.7,1.0599573463927205,12.7,8.0,9.3,270.0,,,12.0,2025-10-03,2025-09-26,83.33,Piper's Creek Viewlands
5303395,-0.5000000000000004,0.8660254037844384,21,54,4.43473767358655,3.7461438642141602,2.494031557565001,15.3,12.3,0.5029120408622245,11.8,8.0,9.6,,,,11.0,2025-11-26,2025-11-19,100.0,Piper's Creek Viewlands
5303395,-2.4492935982947064e-16,1.0,22,18,4.61512051684126,4.327227941050712,2.494031557565001,8.9,10.9,0.18038284325470944,10.9,8.0,9.7,289.0,,,18.0,2025-12-14,2025-12-07,0.0,Piper's Creek Viewlands
5303395,-2.4492935982947064e-16,1.0,23,13,0.0,3.01661939680927,2.494031557565001,11.4,11.4,-4.61512051684126,11.4,8.0,,288.0,,,13.0,2025-12-27,2025-12-20,0.0,Piper's Creek Viewlands
5303395,0.8660254037844386,0.5000000000000001,24,42,0.0,1.5383735056137533,2.0517347349995507,3.2,9.2,0.0,9.2,7.5,9.5,315.0,,,42.0,2026-02-07,2026-01-31,183.33,Piper's Creek Viewlands
5303395,0.8660254037844386,0.5000000000000001,25,15,5.216727629508083,1.7389092098360275,2.494031557565001,10.3,10.6,5.216727629508083,10.6,7.5,9.8,257.0,,,15.0,2026-02-22,2026-02-15,33.33,Piper's Creek Viewlands
5303396,0.49999999999999994,0.8660254037844387,2,29,1.9459101490553132,1.3195286648076292,1.3195286648076292,2.5,3.5,1.252762968495368,3.5,7.0,11.4,,,,29.0,2023-01-22,2023-01-15,0.0,Pipers
5303396,0.8660254037844386,0.5000000000000001,3,27,0.0,0.8796857765384195,0.6931471805599453,5.0,7.5,-1.9459101490553132,7.5,8.0,11.3,,,,27.0,2023-02-18,2023-02-11,0.0,Pipers
5303396,1.0,6.123233995736766e-17,4,29,0.0,0.6486367163517711,0.34657359027997264,8.0,10.0,0.0,10.0,8.5,9.7,,,,29.0,2023-03-19,2023-03-12,1.0,Pipers
5303396,0.8660254037844387,-0.49999999999999983,5,23,0.6931471805599453,0.23104906018664842,0.6931471805599453,11.0,10.0,0.6931471805599453,10.0,8.5,9.8,,,,23.0,2023-04-11,2023-04-04,1.666666667,Pipers
5303396,0.49999999999999994,-0.8660254037844387,6,34,0.9808292531367263,0.5579921445655572,0.6931471805599453,10.0,9.0,0.287682072576781,9.0,8.5,10.4,,,,34.0,2023-05-15,2023-05-08,0.5,Pipers
5303396,1.2246467991473532e-16,-1.0,7,28,0.4054651081081644,0.693147180601612,0.6931471805599453,21.0,14.0,-0.5753641450285619,14.0,8.5,9.4,,,,28.0,2023-06-12,2023-06-05,2.0,Pipers
5303396,-0.8660254037844384,-0.5000000000000004,8,51,1.0986122886681098,0.8283022166376668,0.6931471805599453,16.0,13.0,0.6931471805599454,13.0,8.5,9.0,,,,51.0,2023-08-02,2023-07-26,0.0,Pipers
5303396,-1.0,-1.8369701987210297e-16,9,59,0.0,0.5013591322587581,0.6931471805599453,20.0,14.0,-1.0986122886681098,13.5,8.5,8.9,,,,30.0,2023-09-30,2023-09-23,6.5,Pipers
5303396,-0.8660254037844386,0.5000000000000001,10,30,2.0149030205422647,1.037838436403458,0.6931471805599453,11.0,11.5,2.0149030205422647,11.5,8.5,8.9,,,,30.0,2023-10-30,2023-10-23,1.5,Pipers
5303396,-2.4492935982947064e-16,1.0,11,54,0.9162907318741551,0.9770645841388066,0.6931471805599453,8.0,12.8,-1.0986122886681096,10.1,8.5,9.9,,,,26.0,2023-12-23,2023-12-16,6.0,Pipers
5303396,1.0,6.123233995736766e-17,12,86,1.9459101490553132,1.6257013004905776,0.8047189562170503,3.9,10.2,1.0296194171811581,10.7,8.0,0.0,,,,31.0,2024-03-18,2024-03-11,0.5,Pipers
5303396,0.8660254037844387,-0.49999999999999983,13,26,0.4054651081081644,1.0892219963458778,0.6931471805599453,10.6,11.5,-1.5404450409471488,11.5,8.5,10.2,,,,26.0,2024-04-13,2024-04-06,0.3333333333,Pipers
5303396,1.2246467991473532e-16,-1.0,14,57,0.2876820724267809,0.8796857765300862,0.6931471805599453,13.3,12.2,-0.11778303568138349,12.2,8.0,9.9,,,,57.0,2024-06-09,2024-06-02,331.5,Pipers
5303396,-1.0,-1.8369701987210297e-16,15,86,5.806639860095909,2.1665956802102846,0.6931471805599453,23.2,14.2,5.518957787669128,15.9,8.0,9.5,,,,28.0,2024-09-03,2024-08-27,3.333333333,Pipers
5303396,1.2246467991473532e-16,-1.0,17,53,5.382980154426746,4.2186523610797195,0.9162907318741551,10.1,11.25,3.916643085710242,11.9,8.0,9.4,318.0,,,19.0,2025-06-01,2025-05-25,366.67,Piper's Creek Below TP
5303396,-0.8660254037844384,-0.5000000000000004,18,73,5.907185796727432,4.252167673290227,0.9485599925054407,13.1,13.8,0.5242056423006858,14.9,8.0,8.85,303.33,,,31.0,2025-08-13,2025-08-06,122.22,Piper's Creek Below TP
5303396,-1.0,-1.8369701987210297e-16,19,34,4.813971375586425,5.3680457755802005,0.9808292531367263,21.0,15.2,-1.093214421141007,15.2,8.0,,290.0,,,34.0,2025-09-16,2025-09-09,100.0,Piper's Creek Below TP
5303396,-0.8660254037844386,0.5000000000000001,20,22,4.61512051684126,5.1120925630517045,1.039720770902418,14.3,13.5,-0.19885085874516495,15.2,8.0,,290.0,,,56.0,2025-10-08,2025-10-01,183.33,Piper's Creek Below TP
5303396,-0.8660254037844386,0.5000000000000001,21,22,5.216727629508083,4.881939840645256,1.0986122886681098,12.6,12.4,0.601607112666823,15.2,8.0,,290.0,,,78.0,2025-10-30,2025-10-23,33.33,Piper's Creek Below TP
5303396,-0.5000000000000004,0.8660254037844384,22,31,3.5360196074696004,4.455955917939647,1.282474678692307,9.7,11.2,-1.6807080220384822,11.2,8.0,9.7,299.0,,,31.0,2025-11-30,2025-11-23,50.0,Piper's Creek Below TP
5303396,0.49999999999999994,0.8660254037844387,23,42,3.9318256327243257,4.228190956567336,1.466337068716504,3.2,8.0,0.3958060252547253,7.6,8.0,10.5,339.0,,,11.0,2026-01-11,2026-01-04,1011.11,Piper's Creek Below TP
5303396,0.49999999999999994,0.8660254037844387,24,13,6.91979253959264,4.7958792599288556,1.7061236088859086,8.5,8.0,2.9879669068683143,7.6,8.0,10.5,339.0,,,24.0,2026-01-24,2026-01-17,0.0,Piper's Creek Below TP
5303396,0.49999999999999994,0.8660254037844387,24,15,6.91979253959264,4.7958792599288556,1.7061236088859086,8.5,8.0,2.9879669068683143,7.6,8.0,10.5,339.0,,,26.0,2026-01-26,2026-01-19,16.67,Piper's Creek Below TP
5303396,0.8660254037844386,0.5000000000000001,26,11,2.871868286331605,3.2638869419747483,1.7061236088859086,0.9,5.8,2.871868286331605,5.8,8.0,11.1,343.0,,,11.0,2026-02-06,2026-01-30,133.33,Piper's Creek Below TP
5303396,1.0,6.123233995736766e-17,27,23,4.900299459074922,2.5907225818021757,1.9459101490553132,7.5,10.0,2.0284311727433164,10.0,8.0,9.8,324.0,,,23.0,2026-03-01,2026-02-22,33.33,Piper's Creek Below TP
5303396,1.0,6.123233995736766e-17,28,21,3.5360196074696004,3.7693957842920427,1.9459101490553132,6.9,7.9,-1.3642798516053212,10.0,8.0,9.0,,,,14.0,2026-03-22,2026-03-15,16.67,Piper's Creek Below TP
5303396,0.8660254037844387,-0.49999999999999983,29,14,2.871868286331605,3.7693957842920423,1.9459101490553132,7.6,8.8,-0.6641513211379952,8.8,8.0,10.0,330.0,,,14.0,2026-04-05,2026-03-29,355.56,Piper's Creek Below TP
5303397,-2.4492935982947064e-16,1.0,2,28,0.6931471805599453,0.8958797346140275,0.8958797346140275,5.0,8.0,-0.4054651081081645,8.0,8.0,10.1,,,,28.0,2022-12-24,2022-12-17,9.5,Pipers
5303397,0.49999999999999994,0.8660254037844387,3,28,2.3513752571634776,1.3810449087971775,1.0986122886681098,4.0,5.0,1.6582280766035322,5.0,7.0,11.5,,,,28.0,2023-01-21,2023-01-14,1.0,Pipers
5303397,0.8660254037844386,0.5000000000000001,4,28,0.6931471805599453,1.2458898727611227,0.8958797346140275,3.5,8.0,-1.6582280766035322,8.0,8.0,10.1,,,,28.0,2023-02-18,2023-02-11,1.0,Pipers
5303397,1.0,6.123233995736766e-17,5,29,0.6931471805599453,1.2458898727611227,0.6931471805599453,7.0,8.0,0.0,8.0,8.0,10.1,,,,29.0,2023-03-19,2023-03-12,0.0,Pipers
5303397,0.8660254037844387,-0.49999999999999983,6,23,0.0,0.46209812037329684,0.6931471805599453,10.0,8.5,-0.6931471805599453,8.5,8.0,9.3,,,,23.0,2023-04-11,2023-04-04,0.0,Pipers
5303397,0.49999999999999994,-0.8660254037844387,7,33,0.0,0.23104906018664842,0.6931471805599453,10.0,11.0,0.0,11.0,8.0,9.7,,,,33.0,2023-05-14,2023-05-07,4.333333333,Pipers
5303397,1.2246467991473532e-16,-1.0,8,28,1.6739764335091716,0.5579921445030572,0.6931471805599453,19.0,13.0,1.6739764335091716,13.0,8.0,9.1,,,,28.0,2023-06-11,2023-06-04,2.333333333,Pipers
5303397,-0.8660254037844384,-0.5000000000000004,9,52,1.203972804225936,0.9593164125783692,0.6931471805599453,14.0,15.0,-0.47000362928323547,15.0,8.0,8.9,,,,52.0,2023-08-02,2023-07-26,1.5,Pipers
5303397,-0.8660254037844386,0.5000000000000001,10,60,0.9162907318741551,1.264746656536421,0.8047189562170503,20.0,14.0,-0.287682072351781,,8.0,8.7,,,,32.0,2023-10-01,2023-09-24,3.0,Pipers
5303397,-0.8660254037844386,0.5000000000000001,11,27,1.3862943611198906,1.1688526324066606,0.9162907318741551,,,0.47000362924573547,,8.0,9.45,,,,27.0,2023-10-28,2023-10-21,8.0,Pipers
5303397,-0.5000000000000004,0.8660254037844384,12,28,2.1972245773362196,1.499936556776755,1.0074515102711326,7.6,8.6,0.810930216216329,8.6,8.0,10.6,,,,28.0,2023-11-25,2023-11-18,6.0,Pipers
5303397,0.49999999999999994,0.8660254037844387,13,58,1.9459101490553132,1.8431430291704745,1.0986122886681098,4.4,7.1,-0.25131442828090633,7.1,8.0,10.1,,,,58.0,2024-01-22,2024-01-15,9.0,Pipers
5303397,0.8660254037844386,0.5000000000000001,14,26,2.302585092994046,2.1485732731285263,1.151292546447023,7.8,7.6,0.35667494393873267,7.6,8.0,10.4,,,,26.0,2024-02-17,2024-02-10,1.0,Pipers
5303397,1.0,6.123233995736766e-17,15,30,0.6931471805599453,1.6472141408697683,1.0986122886681098,9.8,8.3,-1.6094379124341005,8.3,8.0,10.4,,,,30.0,2024-03-18,2024-03-11,5.666666667,Pipers
5303397,1.2246467991473532e-16,-1.0,16,84,1.8971199849358813,1.6309507528299576,1.151292546447023,14.5,11.4,1.203972804375936,13.6,8.0,9.0,,,,29.0,2024-06-10,2024-06-03,8.666666667,Pipers
5303397,-0.8660254037844384,-0.5000000000000004,17,53,2.268683541352847,1.6196502356162246,1.203972804225936,19.0,13.2,0.3715635564169659,13.2,8.5,9.8,,,,53.0,2024-08-02,2024-07-26,5.333333333,Pipers
5303397,-0.8660254037844384,-0.5000000000000004,18,29,1.8458266904456992,2.003876738911476,1.2951335826729133,24.9,15.8,-0.422856850907148,15.8,8.0,8.7,,,,29.0,2024-08-31,2024-08-24,16.66666667,Pipers
5303397,-1.0,-1.8369701987210297e-16,19,28,2.8716796250726913,2.328729952290413,1.3862943611198906,21.8,14.6,1.025852934626992,14.6,8.0,9.25,,,,28.0,2024-09-28,2024-09-21,20.66666667,Pipers
5303397,-0.4999999999999998,-0.8660254037844388,21,26,4.61512051684126,3.520858374431775,1.6739764335091716,15.3,12.2,1.5393455354598862,12.6,8.0,9.1,0.3,,,12.0,2025-07-11,2025-07-04,150.0,Piper's Creek Above TP
5303397,-0.4999999999999998,-0.8660254037844388,22,15,5.017279836814924,4.236058445012519,1.7599015619774354,17.0,13.7,0.4021593199736646,13.7,8.0,7.7,293.0,,,15.0,2025-07-26,2025-07-19,100.0,Piper's Creek Above TP
5303397,-0.8660254037844384,-0.5000000000000004,23,11,4.61512051684126,4.749173623499147,1.8458266904456992,15.8,13.2,-0.4021593199736646,13.2,8.0,9.1,288.0,,,11.0,2025-08-06,2025-07-30,150.0,Piper's Creek Above TP
5303397,-0.8660254037844384,-0.5000000000000004,24,18,5.017279836814924,4.883226730157037,1.8714733376907904,18.5,14.7,0.4021593199736646,14.7,8.0,8.1,283.0,,,18.0,2025-08-24,2025-08-17,11.11,Piper's Creek Above TP
5303397,-1.0,-1.8369701987210297e-16,25,28,2.494031557565001,4.042143970407062,1.8971199849358813,17.5,13.8,-2.5232482792499233,13.8,8.0,,272.0,,,28.0,2025-09-21,2025-09-14,833.33,Piper's Creek Above TP
5303397,-0.5000000000000004,0.8660254037844384,26,55,6.72662900754993,4.7459801339766186,1.9215150669955974,13.9,14.7,4.2325974499849295,14.7,8.0,8.0,208.0,,,55.0,2025-11-15,2025-11-08,55.56,Piper's Creek Above TP
5303397,0.8660254037844386,0.5000000000000001,27,84,4.0353020215883175,4.41865419556775,1.9459101490553132,12.7,11.6,-2.691326985961613,5.8,8.0,,317.0,,,14.0,2026-02-07,2026-01-31,433.33,Piper's Creek Above TP
5303397,1.0,6.123233995736766e-17,28,28,6.073804613830202,5.611911880989484,2.0715673631957663,9.8,9.5,2.0385025922418842,9.5,7.0,10.1,115.0,,,28.0,2026-03-07,2026-02-28,11.11,Piper's Creek Above TP
5303398,0.49999999999999994,0.8660254037844387,2,36,0.0,0.8047189562170501,0.8047189562170501,6.5,9.5,-1.6094379124341003,9.5,7.5,12.0,,,,36.0,2023-01-02,2022-12-26,0.0,"Trib """"M"""""
5303398,0.49999999999999994,0.8660254037844387,3,27,0.0,0.5364793041447001,0.0,6.0,8.5,0.0,8.5,8.0,14.5,,,,27.0,2023-01-29,2023-01-22,0.3333333333,Pipers
5303398,0.8660254037844386,0.5000000000000001,4,28,0.2876820724267809,0.0958940241422603,0.14384103621339045,3.0,7.0,0.2876820724267809,7.0,8.0,12.25,,,,28.0,2023-02-26,2023-02-19,0.0,"Trib """"M"""""
5303398,1.0,6.123233995736766e-17,5,28,0.0,0.0958940241422603,0.0,5.0,8.0,-0.2876820724267809,8.0,8.0,13.0,,,,28.0,2023-03-26,2023-03-19,0.6666666667,Pipers
5303398,0.8660254037844387,-0.49999999999999983,6,26,0.5108256237859906,0.26616923207092386,0.14384103621339045,6.5,10.0,0.5108256237859906,10.0,7.5,10.0,,,,26.0,2023-04-21,2023-04-14,0.6666666667,Pipers
5303398,0.49999999999999994,-0.8660254037844387,7,31,0.5108256237859906,0.3405504158573271,0.2876820724267809,9.0,11.0,0.0,11.0,7.5,10.0,,,,31.0,2023-05-22,2023-05-15,1.333333333,Pipers
5303398,1.2246467991473532e-16,-1.0,8,30,0.8472978602443464,0.6229830359387759,0.39925384810638576,13.0,12.0,0.3364722364583558,12.0,7.5,11.0,,,,30.0,2023-06-21,2023-06-14,1.0,Pipers
5303398,-0.4999999999999998,-0.8660254037844388,9,28,0.6931471805599453,0.6837568881967608,0.5108256237859906,14.0,13.0,-0.1541506796844011,13.0,8.0,10.0,,,,28.0,2023-07-19,2023-07-12,6.666666667,Pipers
5303398,-0.8660254037844384,-0.5000000000000004,10,28,2.0368819273045182,1.1924423227029366,0.5108256237859906,23.5,14.0,1.3437347467445728,14.0,7.5,11.0,,,,28.0,2023-08-16,2023-08-09,8.666666667,Pipers
5303398,-1.0,-1.8369701987210297e-16,11,25,2.268683541352847,1.6662375497391035,0.5108256237859906,17.0,7.0,0.231801614048329,7.0,8.5,10.0,,,,25.0,2023-09-10,2023-09-03,7.666666667,Pipers
5303398,-0.8660254037844386,0.5000000000000001,12,31,2.159484249391834,2.1550165726830666,0.601986402172968,16.0,16.0,-0.10919929196101341,16.0,7.5,10.0,,,,31.0,2023-10-11,2023-10-04,8.333333333,Pipers
5303398,-0.5000000000000004,0.8660254037844384,13,29,2.23359222147138,2.2205866707386868,0.6931471805599453,10.0,,0.07410797207954634,,7.5,,,,,29.0,2023-11-09,2023-11-02,1.333333333,
5303398,-2.4492935982947064e-16,1.0,14,29,0.8472978602443464,1.74679144370252,0.7702225204021458,8.7,10.5,-1.3862943612270338,10.5,7.5,11.0,,,,29.0,2023-12-08,2023-12-01,3.666666667,Pipers
5303398,-2.4492935982947064e-16,1.0,15,23,1.5404450410185775,1.540445040911435,0.8472978602443464,6.3,9.7,0.6931471807742311,9.7,0.0,10.0,,,,23.0,2023-12-31,2023-12-24,1.0,Pipers
5303398,0.49999999999999994,0.8660254037844387,16,22,0.6931471805599453,1.0269633606076232,0.7702225204021458,9.0,10.6,-0.8472978604586322,10.6,8.0,13.0,,,,22.0,2024-01-22,2024-01-15,0.0,Pipers
5303398,0.49999999999999994,0.8660254037844387,16,29,0.6931471805599453,1.0269633606076232,0.7702225204021458,9.0,10.6,-0.8472978604586322,10.6,8.0,13.0,,,,29.0,2024-01-29,2024-01-22,0.0,Pipers
5303398,0.8660254037844386,0.5000000000000001,18,27,0.0,0.23104906018664842,0.6931471805599453,14.4,11.7,0.0,11.7,8.0,11.0,,,,27.0,2024-02-25,2024-02-18,0.3333333333,Pipers
5303398,1.0,6.123233995736766e-17,19,28,0.2876820724267809,0.0958940241422603,0.6931471805599453,9.8,10.3,0.2876820724267809,10.3,7.5,0.0,,,,28.0,2024-03-24,2024-03-17,17.66666667,Pipers
5303398,0.8660254037844387,-0.49999999999999983,20,29,2.926739402245611,1.0714738248907973,0.6931471805599453,11.1,11.6,2.6390573298188302,11.6,7.0,11.0,,,,29.0,2024-04-22,2024-04-15,0.0,Pipers
5303398,0.49999999999999994,-0.8660254037844387,21,26,0.0,1.0714738248907973,0.6931471805599453,14.2,12.2,-2.926739402245611,12.2,7.0,11.0,,,,26.0,2024-05-18,2024-05-11,14.66666667,Pipers
5303398,1.2246467991473532e-16,-1.0,22,33,2.7515353132547147,1.8927582385001085,0.6931471805599453,10.3,11.7,2.7515353132547147,11.7,7.5,8.625,,,,33.0,2024-06-20,2024-06-13,8.0,Pipers
5303398,-0.8660254037844384,-0.5000000000000004,23,56,2.1972245773362196,1.6495866301969782,0.6931471805599453,20.9,13.7,-0.5543107359184951,13.9,8.0,12.5,,,,31.0,2024-08-15,2024-08-08,8.333333333,Pipers
5303398,-1.0,-1.8369701987210297e-16,24,24,2.23359222147138,2.394117370687438,0.7702225204021458,20.3,14.8,0.03636764413516058,14.8,8.0,13.0,,,,24.0,2024-09-08,2024-09-01,1.0,Pipers
5303398,1.2246467991473532e-16,-1.0,26,28,3.1450139762697455,2.023917792767024,0.7702225204021458,13.7,11.6,2.4518667957098,11.6,8.0,9.7,,,,28.0,2025-06-01,2025-05-25,55.56,Piper's Creek Trib M
5303398,1.2246467991473532e-16,-1.0,27,28,4.0353020215883175,2.624487726139336,0.8472978602443464,18.3,12.6,0.890288045318572,12.6,8.0,9.5,,,,28.0,2025-06-29,2025-06-22,100.0,Piper's Creek Trib M
5303398,-0.4999999999999998,-0.8660254037844388,28,14,4.61512051684126,3.9318121715664405,0.8472978602443464,20.4,13.9,0.5798184952529422,13.9,8.0,9.4,,,,14.0,2025-07-13,2025-07-06,83.33,Piper's Creek Trib M
5303398,-0.4999999999999998,-0.8660254037844388,29,12,4.43473767358655,4.3617200706720425,0.8472978602443464,21.0,,-0.18038284325470944,13.9,8.0,9.4,,,,26.0,2025-07-25,2025-07-18,111.11,Piper's Creek Trib M
5303398,-1.0,-1.8369701987210297e-16,30,58,4.719480532165502,4.58977957419777,1.193871450631462,15.3,13.9,0.28474285857895154,13.9,8.5,9.9,,,,58.0,2025-09-21,2025-09-14,33.33,Piper's Creek Trib M
5303398,-0.8660254037844386,0.5000000000000001,31,28,3.5360196074696004,4.230079271073884,1.5404450410185775,16.1,13.3,-1.1834609246959014,12.4,8.0,9.2,303.0,,,11.0,2025-10-19,2025-10-12,66.67,Piper's Creek Trib M
5303398,-0.5000000000000004,0.8660254037844384,32,28,4.2146429502441345,4.156714363293079,1.5749414767263388,12.8,12.1,0.6786233427745341,12.1,8.5,9.6,,,,28.0,2025-11-16,2025-11-09,11.11,Piper's Creek Trib M
5303398,-2.4492935982947064e-16,1.0,33,27,2.494031557565001,3.4148980384262457,1.6094379124341003,13.1,12.5,-1.7206113926791335,12.5,8.0,9.4,,,,27.0,2025-12-13,2025-12-06,0.0,Piper's Creek Trib M
5303398,0.49999999999999994,0.8660254037844387,34,28,0.0,2.2362248359363783,1.5749414767263388,12.3,12.0,-2.494031557565001,12.0,8.0,9.3,,,,28.0,2026-01-10,2026-01-03,66.67,Piper's Creek Trib M
5303398,0.8660254037844386,0.5000000000000001,35,29,4.2146429502441345,2.2362248359363783,1.6094379124341003,8.6,10.1,4.2146429502441345,10.1,7.5,9.9,,,,29.0,2026-02-08,2026-02-01,22.22,Piper's Creek Trib M
5303398,0.8660254037844386,0.5000000000000001,36,14,3.1450139762697455,2.4532189755046265,1.8231599198693091,8.1,10.1,-1.069628973974389,10.1,8.0,9.7,,,,14.0,2026-02-22,2026-02-15,0.0,Piper's Creek Trib M
5303398,1.0,6.123233995736766e-17,37,15,0.0,2.4532189755046265,1.6094379124341003,7.2,9.2,-3.1450139762697455,9.2,8.0,9.81,,,,15.0,2026-03-09,2026-03-02,0.0,Piper's Creek Trib M
5303398,1.0,6.123233995736766e-17,38,13,0.0,1.0483379920899152,1.5749414767263388,9.3,9.6,0.0,9.6,8.5,10.1,,,,13.0,2026-03-22,2026-03-15,133.33,Piper's Creek Trib M
5306101,-0.8660254037844386,0.5000000000000001,2,31,0.0,0.0,0.0,14.5,13.0,0.0,13.0,8.0,8.1,,,,10.0,2015-10-07,2015-09-30,233.3333333,North Creek
5306101,-0.5000000000000004,0.8660254037844384,3,29,5.456744603000308,1.8189148676667692,0.0,15.0,12.0,5.456744603000308,12.0,8.0,7.8,,,,29.0,2015-11-05,2015-10-29,66.66666667,North Creek
5306101,-2.4492935982947064e-16,1.0,4,30,4.214593690422939,3.2237794311410823,2.1072968452114695,12.0,8.0,-1.2421509125773689,8.0,7.0,8.2,,,,30.0,2015-12-05,2015-11-28,66.66666666500001,North Creek
5306101,0.49999999999999994,0.8660254037844387,5,56,4.214593690349047,4.628643994590765,4.214593690349047,8.0,7.0,-7.389200362695192e-11,6.0,7.5,9.3,,,,56.0,2016-01-30,2016-01-23,0.0,North Creek
5306101,0.8660254037844386,0.5000000000000001,6,22,0.0,2.8097291269239952,2.1072968451745235,6.5,6.5,-4.214593690349047,6.5,7.5,9.3,,,,22.0,2016-02-21,2016-02-14,0.0,North Creek
5306101,1.0,6.123233995736766e-17,7,38,0.0,1.4048645634496824,0.0,7.0,4.0,0.0,4.0,7.5,10.0,,,,38.0,2016-03-30,2016-03-23,0.0,North Creek
5306101,0.8660254037844387,-0.49999999999999983,8,22,0.0,0.0,0.0,15.0,11.0,0.0,11.0,8.0,9.5,,,,22.0,2016-04-21,2016-04-14,66.66666667,North Creek
5306101,0.49999999999999994,-0.8660254037844387,9,35,4.214593690422939,1.404864563474313,0.0,17.0,11.0,4.214593690422939,11.0,8.0,9.1,,,,35.0,2016-05-26,2016-05-19,33.33333333,North Creek
5306101,1.2246467991473532e-16,-1.0,10,29,3.5361166994644386,2.583570129962459,1.7680583497322193,14.0,10.0,-0.6784769909585004,10.0,7.5,9.9,,,,29.0,2016-06-24,2016-06-17,1966.666667,North Creek
5306101,-0.4999999999999998,-0.8660254037844388,11,27,7.5846036867419855,5.111771358876454,3.5361166994644386,15.0,12.0,4.048486987277547,12.0,8.0,9.3,,,,27.0,2016-07-21,2016-07-14,0.0,North Creek
5306101,-0.8660254037844384,-0.5000000000000004,12,31,0.0,3.706906795402141,1.7680583497322193,22.5,15.0,-7.5846036867419855,15.0,8.0,8.2,,,,31.0,2016-08-21,2016-08-14,33.33333333,North Creek
5306101,-1.0,-1.8369701987210297e-16,13,13,3.5361166994644386,3.706906795402141,3.5361166994644386,20.0,15.0,3.5361166994644386,15.0,8.0,9.2,,,,13.0,2016-09-03,2016-08-27,1000.0,North Creek
5306101,-0.8660254037844386,0.5000000000000001,14,37,6.90875477931522,3.481623826259886,3.5361166994644386,15.0,15.0,3.372638079850782,15.0,7.0,7.2,,,,37.0,2016-10-10,2016-10-03,66.66666667,North Creek
5306101,-0.8660254037844386,0.5000000000000001,14,43,6.90875477931522,3.481623826259886,3.5361166994644386,15.0,15.0,3.372638079850782,15.0,7.0,7.2,,,,43.0,2016-10-16,2016-10-09,33.33333333,North Creek
5306101,-0.5000000000000004,0.8660254037844384,16,33,3.5361166994644386,4.8864883897341995,3.5361166994644386,0.0,2.0,-0.6784769909585004,2.0,7.5,9.2,,,,33.0,2016-11-18,2016-11-11,0.0,North Creek
5306101,-2.4492935982947064e-16,1.0,17,28,0.0,2.583570129962459,3.5361166994644386,10.0,8.0,-3.5361166994644386,8.0,7.0,10.1,,,,28.0,2016-12-16,2016-12-09,33.33333333,North Creek
5306101,0.49999999999999994,0.8660254037844387,18,45,3.5361166994644386,2.3574111329762926,3.5361166994644386,0.0,2.0,3.5361166994644386,2.0,7.5,9.2,,,,45.0,2017-01-30,2017-01-23,33.33333333,North Creek
5306101,0.8660254037844386,0.5000000000000001,19,25,3.5361166994644386,2.3574111329762926,3.5361166994644386,8.0,5.0,0.0,5.0,7.5,10.5,,,,25.0,2017-02-24,2017-02-17,166.6666667,North Creek
5306101,1.0,6.123233995736766e-17,20,29,5.121977881630436,4.0647370935197715,3.5361166994644386,8.0,7.0,1.5858611821659978,7.0,7.0,9.9,,,,29.0,2017-03-25,2017-03-18,0.0,North Creek
5306101,1.2246467991473532e-16,-1.0,21,94,0.0,2.886031527031625,3.5361166994644386,11.0,10.0,-5.121977881630436,10.0,7.5,9.5,,,,94.0,2017-06-27,2017-06-20,166.6666667,North Creek
5306101,-0.4999999999999998,-0.8660254037844388,22,30,5.121977881630436,3.4146519210869575,3.5361166994644386,16.0,14.5,5.121977881630436,14.5,7.5,9.2,,,,30.0,2017-07-27,2017-07-20,366.6666667,North Creek
5306101,-0.8660254037844384,-0.5000000000000004,23,31,5.9071767306760545,3.6763848707688305,3.5361166994644386,15.0,15.0,0.7851988490456181,15.0,7.5,9.2,,,,31.0,2017-08-27,2017-08-20,133.3333333,North Creek
5306101,-1.0,-1.8369701987210297e-16,24,34,4.900324273030434,5.309826295112309,3.5361166994644386,23.0,14.0,-1.0068524576456204,14.0,7.0,8.8,,,,34.0,2017-09-30,2017-09-23,200.0,North Creek
5306101,-0.8660254037844386,0.5000000000000001,25,24,5.303304908059076,5.3702686372551875,3.5361166994644386,12.0,12.0,0.40298063502864157,12.0,8.0,9.4,,,,24.0,2017-10-24,2017-10-17,100.0,North Creek
5306101,-2.4492935982947064e-16,1.0,26,67,4.61512051684126,4.93958323264359,3.875355194906743,7.5,8.5,-0.688184391217816,8.5,7.5,10.2,,,,67.0,2017-12-30,2017-12-23,0.0,North Creek
5306101,0.8660254037844386,0.5000000000000001,27,57,0.0,3.3061418083001115,3.5361166994644386,4.0,6.0,-4.61512051684126,6.0,7.0,10.9,,,,57.0,2018-02-25,2018-02-18,500.0,North Creek
5306101,1.0,6.123233995736766e-17,28,28,6.2166061010848646,3.6105755393087082,3.875355194906743,6.0,4.0,6.2166061010848646,4.0,7.0,10.7,,,,28.0,2018-03-25,2018-03-18,33.33333333,North Creek
5306101,0.49999999999999994,-0.8660254037844387,29,67,3.5361166994644386,3.250907600183101,3.5361166994644386,2.0,5.0,-2.680489401620426,10.5,7.5,10.7,,,,32.0,2018-05-31,2018-05-24,66.66666667,North Creek
5306101,1.2246467991473532e-16,-1.0,30,24,4.214593690422939,4.6557721636574145,3.875355194906743,13.0,11.0,0.6784769909585004,11.0,8.0,8.5,,,,24.0,2018-06-24,2018-06-17,100.0,North Creek
5306101,-0.4999999999999998,-0.8660254037844388,31,35,4.61512051684126,4.121943635576212,4.214593690349047,11.0,14.0,0.4005268264183206,14.0,7.5,11.1,,,,35.0,2018-07-29,2018-07-22,33.33333333,North Creek
5306101,-0.8660254037844384,-0.5000000000000004,32,28,3.5361166994644386,4.121943635576213,3.875355194906743,23.0,15.0,-1.079003817376821,15.0,7.5,9.0,,,,28.0,2018-08-26,2018-08-19,33.33333333,North Creek
5306101,-0.8660254037844386,0.5000000000000001,33,63,3.5361166994644386,3.8957846385900456,3.5361166994644386,14.0,13.0,0.0,13.0,7.5,9.1,,,,63.0,2018-10-28,2018-10-21,766.6666667,North Creek
5306101,-0.5000000000000004,0.8660254037844384,34,28,6.6433556111959975,4.5718630033749585,3.875355194906743,10.0,10.5,3.107238911731559,10.5,7.0,7.9,,,,28.0,2018-11-25,2018-11-18,0.0,North Creek
5306101,-2.4492935982947064e-16,1.0,36,34,2.8716796250726913,3.171678412089563,3.5361166994644386,7.0,7.0,2.8716796250726913,7.0,7.5,10.4,,,,34.0,2020-12-14,2020-12-07,0.0,North Creek
5306101,0.49999999999999994,0.8660254037844387,37,21,0.0,0.957226541690897,3.5361166994644386,5.0,6.0,-2.8716796250726913,6.0,7.5,10.8,,,,21.0,2021-01-04,2020-12-28,233.3333333,North Creek
5306101,1.0,6.123233995736766e-17,38,64,5.456744603000308,2.7761414093576664,3.5361166994644386,7.0,7.0,5.456744603000308,6.0,7.0,10.2,,,,29.0,2021-03-09,2021-03-02,16.66666667,North Creek
5306101,1.2246467991473532e-16,-1.0,40,25,3.5361166994644386,3.9548469758458125,3.5361166994644386,12.0,9.7,0.6644370743917474,9.7,7.0,9.3,,,,25.0,2022-06-01,2022-05-25,366.6666667,North Creek
5306101,1.2246467991473532e-16,-1.0,41,27,5.9071767306760545,4.1049910184043945,3.5361166994644386,16.0,12.0,2.371060031211616,7.5,7.0,9.6,,,,17.0,2022-06-28,2022-06-21,33.33333333,North Creek
5306101,-0.8660254037844384,-0.5000000000000004,42,42,3.5361166994644386,4.326470043201644,3.5361166994644386,17.5,16.0,-2.371060031211616,16.0,8.0,8.3,,,,42.0,2022-08-09,2022-08-02,166.6666667,North Creek
5306101,-1.0,-1.8369701987210297e-16,43,23,5.121977881630436,4.855090437256976,3.5361166994644386,17.0,15.0,1.5858611821659978,4.5,7.0,10.8,,,,20.0,2022-09-01,2022-08-25,166.6666667,North Creek
5306101,-0.8660254037844386,0.5000000000000001,44,33,5.121977881630436,4.593357487575104,3.5361166994644386,16.0,15.0,0.0,15.0,8.0,8.4,,,,26.0,2022-10-04,2022-09-27,166.6666667,North Creek
5306101,-0.8660254037844386,0.5000000000000001,44,37,5.121977881630436,4.593357487575104,3.5361166994644386,16.0,15.0,0.0,15.0,8.0,8.4,,,,30.0,2022-10-08,2022-10-01,366.6666667,North Creek
5306101,-2.4492935982947064e-16,1.0,46,61,5.9071767306760545,5.383710831312309,3.875355194906743,14.0,11.0,0.7851988490456181,7.5,7.0,9.6,,,,32.0,2022-12-08,2022-12-01,66.66666667,North Creek
5306101,1.0,6.123233995736766e-17,47,88,4.214593690422939,5.081249434243143,4.214593690349047,4.5,4.5,-1.6925830402531155,11.0,7.5,9.4,,,,29.0,2023-03-06,2023-02-27,0.0,North Creek
5306101,0.8660254037844387,-0.49999999999999983,48,29,0.0,3.3739234736996644,3.875355194906743,4.5,7.5,-4.214593690422939,11.0,7.5,9.4,,,,58.0,2023-04-04,2023-03-28,0.0,North Creek
5306101,0.49999999999999994,-0.8660254037844387,49,28,0.0,1.404864563474313,3.5361166994644386,4.0,6.0,0.0,11.0,7.5,9.4,,,,86.0,2023-05-02,2023-04-25,33.33333333,North Creek
5306101,1.2246467991473532e-16,-1.0,50,51,3.5361166994644386,1.1787055664881463,3.5361166994644386,10.5,11.0,3.5361166994644386,4.5,7.0,,,,,19.0,2023-06-22,2023-06-15,100.0,North Creek
5306101,-0.8660254037844384,-0.5000000000000004,51,63,4.61512051684126,2.7170790721018996,3.5361166994644386,19.0,14.0,1.079003817376821,15.25,8.25,9.4,,,,63.0,2023-08-24,2023-08-17,166.6666667,North Creek
5306101,-0.5000000000000004,0.8660254037844384,52,87,5.121977881630436,4.424405032645378,3.875355194906743,16.0,13.0,0.5068573647891768,13.0,8.0,9.4,,,,87.0,2023-11-19,2023-11-12,88.88888889,North Creek
5306101,-2.4492935982947064e-16,1.0,53,29,4.498574339734633,4.745224246068776,4.214593690349047,7.5,7.5,-0.6234035418958035,7.5,7.0,10.0,,,,29.0,2023-12-18,2023-12-11,16.66666667,North Creek
5306101,0.49999999999999994,0.8660254037844387,54,35,2.8716796250726913,4.164077282145921,3.875355194906743,4.5,5.0,-1.6268947146619417,5.0,7.0,10.5,,,,35.0,2024-01-22,2024-01-15,33.33333333,North Creek
5306101,0.8660254037844386,0.5000000000000001,55,33,3.5361166994644386,3.6354568880905873,3.5361166994644386,8.0,4.0,0.6644370743917474,4.0,6.5,10.3,,,,33.0,2024-02-24,2024-02-17,33.33333333,North Creek
5306101,0.8660254037844387,-0.49999999999999983,56,57,3.5361166994644386,3.3146376746671895,3.5361166994644386,7.0,7.0,0.0,7.0,7.0,10.6,,,,57.0,2024-04-21,2024-04-14,83.33333333,North Creek
5306101,1.2246467991473532e-16,-1.0,57,62,4.434777200019885,3.8356701996495874,3.5361166994644386,0.0,0.0,0.898660500555446,10.1,7.0,10.0,,,,62.0,2024-06-22,2024-06-15,100.0,North Creek
5306101,-0.4999999999999998,-0.8660254037844388,58,27,4.61512051684126,4.1953381387751945,3.875355194906743,15.0,16.0,0.18034331682137505,15.0,7.5,9.2,210.0,3.52,0.0,27.0,2024-07-19,2024-07-12,100.0,North Creek
5306101,-0.8660254037844384,-0.5000000000000004,59,42,4.61512051684126,4.555006077900802,4.214593690349047,17.5,15.0,0.0,15.0,7.5,9.0,243.0,2.64,0.0,42.0,2024-08-30,2024-08-23,33.33,North Creek
5306101,-0.5000000000000004,0.8660254037844384,60,73,3.5360196074696004,4.255420213717373,3.875355194906743,15.0,14.5,-1.0791009093716593,14.5,7.0,9.2,206.0,2.64,0.0,73.0,2024-11-11,2024-11-04,566.67,North Creek
5306101,-2.4492935982947064e-16,1.0,61,39,6.341540263967944,4.830893462759601,4.214593690349047,10.0,11.0,2.8055206564983433,11.0,6.5,8.2,133.0,1.1,0.0,39.0,2024-12-20,2024-12-13,0.0,North Creek
5306101,0.49999999999999994,0.8660254037844387,62,41,0.0,3.292519957145848,3.875355194906743,8.0,8.3,-6.341540263967944,8.3,8.0,10.0,112.0,2.2,0.0,41.0,2025-01-30,2025-01-23,16.67,North Creek
5306101,0.8660254037844386,0.5000000000000001,63,24,2.871868286331605,3.071136183433183,3.5361166994644386,0.0,2.5,2.871868286331605,2.5,8.0,12.0,211.0,2.2,,24.0,2025-02-23,2025-02-16,33.33,North Creek
5306101,1.0,6.123233995736766e-17,64,35,3.5360196074696004,2.1359626312670685,3.5361166994644386,9.5,9.2,0.6641513211379952,9.2,7.0,9.9,144.0,1.1,,35.0,2025-03-30,2025-03-23,0.0,North Creek
5306101,0.8660254037844387,-0.49999999999999983,65,29,0.0,2.1359626312670685,3.5361166994644386,8.0,8.6,-3.5360196074696004,8.6,8.0,10.75,171.0,1.1,,29.0,2025-04-28,2025-04-21,33.33,North Creek
5306101,0.49999999999999994,-0.8660254037844387,66,19,3.5360196074696004,2.3573464049797335,3.5361166994644386,10.5,12.2,3.5360196074696004,8.6,8.0,10.75,171.0,1.1,,48.0,2025-05-17,2025-05-10,83.33,North Creek
5306101,1.2246467991473532e-16,-1.0,67,42,4.43473767358655,2.6569190936853837,3.5361166994644386,11.5,12.6,0.8987180661169498,12.6,8.0,9.8,219.0,2.2,,42.0,2025-06-28,2025-06-21,183.33,North Creek
5306101,-0.4999999999999998,-0.8660254037844388,68,23,5.216727629508083,4.395828303521411,3.5361166994644386,14.0,15.2,0.7819899559215324,15.2,8.0,9.2,236.0,2.2,,23.0,2025-07-21,2025-07-14,116.67,North Creek
5306101,-1.0,-1.8369701987210297e-16,69,47,4.7678840964758376,4.806449799856823,3.5361166994644386,15.0,15.6,-0.4488435330322451,15.6,7.5,9.9,243.0,4.4,,47.0,2025-09-06,2025-08-30,50.0,North Creek
5306102,-0.5000000000000004,0.8660254037844384,2,35,3.5361166994644386,4.075618608152849,4.075618608152849,16.5,13.0,-1.079003817376821,13.0,6.5,2.1,,,,35.0,2015-11-14,2015-11-07,133.3333333,Swamp Creek
5306102,0.49999999999999994,0.8660254037844387,3,56,4.900324273030434,4.350520496445378,4.61512051684126,9.0,7.0,1.3642075735659955,6.0,6.5,8.2,,,,28.0,2016-01-09,2016-01-02,0.0,Swamp Creek
5306102,0.8660254037844386,0.5000000000000001,4,35,0.0,2.8121469908316246,4.075618608152849,5.0,2.0,-4.900324273030434,2.0,6.5,8.6,,,,35.0,2016-02-13,2016-02-06,200.0,Swamp Creek
5306102,0.8660254037844387,-0.49999999999999983,5,63,5.303304908059076,3.401209727029837,4.61512051684126,8.0,7.0,5.303304908059076,7.0,7.0,8.2,,,,63.0,2016-04-16,2016-04-09,0.0,Swamp Creek
5306102,0.49999999999999994,-0.8660254037844387,6,28,0.0,1.7677683026863587,4.075618608152849,12.0,8.0,-5.303304908059076,8.0,7.0,7.0,,,,28.0,2016-05-14,2016-05-07,0.0,Swamp Creek
5306102,1.2246467991473532e-16,-1.0,7,29,0.0,1.7677683026863587,3.5361166994644386,5.0,6.0,0.0,6.0,7.0,4.3,,,,29.0,2016-06-12,2016-06-05,1200.0,Swamp Creek
5306102,-0.4999999999999998,-0.8660254037844388,8,27,7.0909098220799835,2.3636366073599944,4.075618608152849,14.5,13.0,7.0909098220799835,13.0,8.0,5.1,,,,27.0,2016-07-09,2016-07-02,100.0,Swamp Creek
5306102,-0.8660254037844384,-0.5000000000000004,9,35,4.61512051684126,3.902010112973748,4.61512051684126,17.0,14.0,-2.475789305238724,14.0,7.0,8.1,,,,35.0,2016-08-13,2016-08-06,100.0,Swamp Creek
5306102,-1.0,-1.8369701987210297e-16,10,35,4.61512051684126,5.440383618587501,4.61512051684126,16.0,16.0,0.0,16.0,7.0,3.8,,,,35.0,2016-09-17,2016-09-10,766.6666667,Swamp Creek
5306102,-0.8660254037844386,0.5000000000000001,11,35,6.6433556111959975,5.291198881626173,4.61512051684126,14.0,15.0,2.028235094354738,15.0,7.0,4.2,,,,35.0,2016-10-22,2016-10-15,66.66666667,Swamp Creek
5306102,-0.5000000000000004,0.8660254037844384,12,21,4.214593690422939,5.157689939486732,4.61512051684126,14.0,11.5,-2.4287619207730584,11.5,6.5,5.8,,,,21.0,2016-11-12,2016-11-05,100.0,Swamp Creek
5306102,0.49999999999999994,0.8660254037844387,13,71,4.61512051684126,5.157689939486732,4.61512051684126,13.0,12.5,0.4005268264183206,12.5,7.0,5.0,,,,71.0,2017-01-22,2017-01-15,0.0,Swamp Creek
5306102,0.8660254037844386,0.5000000000000001,14,27,0.0,2.9432380690880664,4.61512051684126,9.0,5.0,-4.61512051684126,5.0,7.0,8.7,,,,27.0,2017-02-18,2017-02-11,0.0,Swamp Creek
5306102,1.0,6.123233995736766e-17,15,35,0.0,1.5383735056137533,4.61512051684126,6.0,6.5,0.0,6.5,7.0,8.5,,,,35.0,2017-03-25,2017-03-18,0.0,Swamp Creek
5306102,0.8660254037844387,-0.49999999999999983,16,34,0.0,0.0,4.4148571036321,9.0,8.0,0.0,8.0,7.0,8.7,,,,34.0,2017-04-28,2017-04-21,133.3333333,Swamp Creek
5306102,0.8660254037844387,-0.49999999999999983,16,35,0.0,0.0,4.4148571036321,9.0,8.0,0.0,8.0,7.0,8.7,,,,35.0,2017-04-29,2017-04-22,133.3333333,Swamp Creek
5306102,-0.8660254037844386,0.5000000000000001,19,35,4.61512051684126,4.80525635430071,4.61512051684126,17.0,12.0,-0.2852037561891745,12.0,7.0,2.8,,,,35.0,2017-10-21,2017-10-14,200.0,Swamp Creek
5306102,-0.5000000000000004,0.8660254037844384,20,36,5.303304908059076,4.93958323264359,4.61512051684126,8.0,10.0,0.688184391217816,10.0,7.0,5.8,,,,36.0,2017-11-26,2017-11-19,200.0,Swamp Creek
5306102,-2.4492935982947064e-16,1.0,21,20,5.303304908059076,5.07391011098647,4.61512051684126,12.0,9.0,0.0,9.0,7.0,6.2,,,,20.0,2017-12-16,2017-12-09,0.0,Swamp Creek
5306102,0.49999999999999994,0.8660254037844387,22,35,0.0,3.5355366053727173,4.61512051684126,5.5,4.0,-5.303304908059076,4.0,7.0,8.3,,,,35.0,2018-01-20,2018-01-13,0.0,Swamp Creek
5306102,0.8660254037844386,0.5000000000000001,23,21,0.0,1.7677683026863587,4.61512051684126,6.0,6.5,0.0,6.5,7.0,8.7,,,,21.0,2018-02-10,2018-02-03,0.0,Swamp Creek
5306102,1.0,6.123233995736766e-17,24,28,0.0,0.0,4.61512051684126,5.0,7.0,0.0,7.0,7.0,8.3,,,,28.0,2018-03-10,2018-03-03,0.0,Swamp Creek
5306102,1.2246467991473532e-16,-1.0,25,84,0.0,0.0,4.61512051684126,6.0,5.0,0.0,5.0,7.0,9.4,,,,84.0,2018-06-02,2018-05-26,0.0,Swamp Creek
5306103,-0.5000000000000004,0.8660254037844384,2,35,6.398594934535208,6.105366716864666,6.105366716864666,14.0,12.0,0.5864564353410824,12.0,8.0,7.7,,,,35.0,2015-11-20,2015-11-13,0.0,Little Swamp Creek
5306103,-2.4492935982947064e-16,1.0,3,29,0.0,4.070244477909777,5.812138499194125,7.0,7.0,-6.398594934535208,7.0,7.0,8.2,,,,29.0,2015-12-19,2015-12-12,33.33333333,Little Swamp Creek
5306103,0.49999999999999994,0.8660254037844387,4,31,3.5361166994644386,3.3115705446665484,4.674127599329282,7.0,7.0,3.5361166994644386,7.0,7.0,8.1,,,,31.0,2016-01-19,2016-01-12,166.6666667,Little Swamp Creek
5306103,0.8660254037844386,0.5000000000000001,5,21,5.121977881630436,2.886031527031625,5.121977881630436,6.0,6.5,1.5858611821659978,6.5,7.0,8.6,,,,21.0,2016-02-09,2016-02-02,0.0,Little Swamp Creek
5306103,1.0,6.123233995736766e-17,6,30,0.0,2.886031527031625,4.329047290547438,9.0,7.0,-5.121977881630436,7.0,7.5,10.3,,,,30.0,2016-03-10,2016-03-03,66.66666667,Little Swamp Creek
5306103,0.8660254037844387,-0.49999999999999983,7,34,4.214593690422939,3.1121905240177923,4.214593690422939,8.5,8.0,4.214593690422939,8.0,7.0,7.8,,,,34.0,2016-04-13,2016-04-06,466.6666667,Little Swamp Creek
5306103,0.49999999999999994,-0.8660254037844387,8,37,6.147755791505627,3.454116493976189,4.668285786026688,13.0,8.0,1.9331621010826883,8.0,7.0,8.0,,,,37.0,2016-05-20,2016-05-13,833.3333333,Little Swamp Creek
5306103,1.2246467991473532e-16,-1.0,9,21,6.7266330027237125,5.696327494884092,5.121977881630436,13.0,10.0,0.5788772112180851,10.0,7.0,8.0,,,,21.0,2016-06-10,2016-06-03,800.0,Little Swamp Creek
5306103,-0.4999999999999998,-0.8660254037844388,10,32,6.68586094706836,6.520083247099233,5.467058190412281,12.0,12.0,-0.0407720556553528,12.0,7.5,8.2,,,,32.0,2016-07-12,2016-07-05,166.6666667,Little Swamp Creek
5306103,-0.8660254037844384,-0.5000000000000004,11,39,5.121977881630436,6.178157277140836,5.121977881630436,22.0,14.0,-1.5638830654379232,14.0,7.5,8.0,,,,39.0,2016-08-20,2016-08-13,2366.666667,Little Swamp Creek
5306103,-1.0,-1.8369701987210297e-16,12,20,7.769660220470485,6.52583301638976,5.467058190412281,23.0,15.0,2.647682338840049,15.0,8.0,6.8,,,,20.0,2016-09-09,2016-09-02,7366.666667,Little Swamp Creek
5306103,-0.8660254037844386,0.5000000000000001,13,29,8.904856336276575,7.265498146125832,5.812138499194125,17.5,13.0,1.1351961158060897,13.0,7.5,8.2,,,,29.0,2016-10-08,2016-10-01,700.0,Little Swamp Creek
5306103,-0.5000000000000004,0.8660254037844384,14,27,6.55250788703459,7.74234148126055,5.979947145349876,16.0,12.5,-2.352348449241985,13.5,7.5,8.3,,,,27.0,2016-11-04,2016-10-28,633.3333333,Little Swamp Creek
5306103,-2.4492935982947064e-16,1.0,15,36,6.452574578575491,7.303312933962219,6.147755791505627,7.5,9.5,-0.0999333084590992,9.5,7.0,7.3,,,,36.0,2016-12-10,2016-12-03,666.6666667,Little Swamp Creek
5306103,0.49999999999999994,0.8660254037844387,16,31,6.503789047047634,6.502957170885904,6.2731753630204174,4.0,6.0,0.05121446847214273,6.0,6.5,8.8,,,,31.0,2017-01-10,2017-01-03,300.0,Little Swamp Creek
5306103,0.8660254037844386,0.5000000000000001,17,30,5.707110264748875,6.221157963457333,6.147755791505627,6.0,4.0,-0.7966787822987582,4.0,6.5,9.7,,,,30.0,2017-02-09,2017-02-02,100.0,Little Swamp Creek
5306103,1.0,6.123233995736766e-17,18,26,4.61512051684126,5.608673276212589,5.979947145349876,11.0,7.5,-1.0919897479076157,7.5,6.5,8.5,,,,26.0,2017-03-07,2017-02-28,0.0,Little Swamp Creek
5306103,0.8660254037844387,-0.49999999999999983,19,35,0.0,3.440743593863379,5.812138499194125,2.5,5.5,-4.61512051684126,5.5,6.5,9.7,,,,35.0,2017-04-11,2017-04-04,33.33333333,Little Swamp Creek
5306103,0.49999999999999994,-0.8660254037844387,20,27,3.5361166994644386,2.7170790721018996,5.7596243819715,15.5,10.0,3.5361166994644386,10.0,6.5,8.4,,,,27.0,2017-05-08,2017-05-01,333.3333333,Little Swamp Creek
5306103,1.2246467991473532e-16,-1.0,21,28,5.812138499194125,3.116085066219521,5.812138499194125,13.0,10.0,2.2760217997296865,10.0,6.5,8.6,,,,28.0,2017-06-05,2017-05-29,3433.333333,Little Swamp Creek
5306103,-0.4999999999999998,-0.8660254037844388,22,41,8.1415781051799,5.829944434612821,5.812138499194125,18.0,12.0,2.3294396059857743,12.0,7.0,8.5,,,,41.0,2017-07-16,2017-07-09,7133.333333,Little Swamp Creek
5306103,-0.8660254037844384,-0.5000000000000004,23,24,8.87267408938573,7.608796897919919,5.812138499194125,17.0,13.5,0.7310959842058313,14.5,8.0,8.3,,,,26.0,2017-08-09,2017-08-02,18000.0,Little Swamp Creek
5306103,-0.8660254037844384,-0.5000000000000004,23,25,8.87267408938573,7.608796897919919,5.812138499194125,17.0,13.5,0.7310959842058313,14.5,8.0,8.3,,,,27.0,2017-08-10,2017-08-03,5400.0,Little Swamp Creek
5306103,-1.0,-1.8369701987210297e-16,25,32,8.594339400592892,9.08839869362311,6.147755791505627,22.5,15.5,-1.2038431902978122,15.5,7.0,8.0,,,,32.0,2017-09-11,2017-09-04,12033.33333,Little Swamp Creek
5306103,-0.5000000000000004,0.8660254037844384,26,60,9.395518954416131,9.26268031529991,6.2731753630204174,21.0,13.5,0.8011795538232391,13.5,7.0,7.7,,,,60.0,2017-11-10,2017-11-03,233.3333333,Little Swamp Creek
5306103,-2.4492935982947064e-16,1.0,27,31,5.456744603000308,7.815534319336443,6.147755791505627,11.5,9.0,-3.938774351415823,9.0,6.5,8.2,,,,31.0,2017-12-11,2017-12-04,0.0,Little Swamp Creek
5306103,0.49999999999999994,0.8660254037844387,28,35,0.0,4.950754519138813,5.979947145349876,4.8,5.0,-5.456744603000308,5.0,6.0,9.4,,,,35.0,2018-01-15,2018-01-08,33.33333333,Little Swamp Creek
5306103,0.8660254037844386,0.5000000000000001,29,28,3.5361166994644386,2.9976204341549155,5.812138499194125,17.0,8.5,3.5361166994644386,8.5,6.5,8.5,,,,28.0,2018-02-12,2018-02-05,266.6666667,Little Swamp Creek
5306103,0.49999999999999994,-0.8660254037844387,30,102,5.589742425403185,3.0419530416225413,5.812138499194125,4.0,9.0,2.0536257259387463,9.0,6.5,9.5,,,,49.0,2018-05-25,2018-05-18,266.6666667,Little Swamp Creek
5306103,-0.4999999999999998,-0.8660254037844388,31,62,5.589742425403185,4.905200516756936,5.812138499194125,14.0,12.0,0.0,12.0,7.0,9.8,,,,62.0,2018-07-26,2018-07-19,1500.0,Little Swamp Creek
5306103,-0.8660254037844384,-0.5000000000000004,32,36,7.313886831633462,6.164457227479944,5.812138499194125,21.5,15.5,1.7241444062302769,14.5,7.0,8.8,,,,36.0,2018-08-31,2018-08-24,800.0,Little Swamp Creek
5306103,-1.0,-1.8369701987210297e-16,33,26,6.68586094706836,6.529830068035001,5.812138499194125,16.5,13.5,-0.6280258845651021,13.5,7.5,7.3,,,,26.0,2018-09-26,2018-09-19,333.3333333,Little Swamp Creek
5306103,-0.5000000000000004,0.8660254037844384,34,40,5.812138499194125,6.603962092631981,5.812138499194125,13.0,12.0,-0.8737224478742345,12.0,7.0,7.8,,,,40.0,2018-11-05,2018-10-29,33.33333333,Little Swamp Creek
5306103,0.8660254037844386,0.5000000000000001,35,108,3.5361166994644386,5.344705381908974,5.812138499194125,11.5,11.0,-2.2760217997296865,11.0,7.0,6.5,,,,108.0,2019-02-21,2019-02-14,0.0,Little Swamp Creek
5306103,1.0,6.123233995736766e-17,36,29,0.0,3.116085066219521,5.812138499194125,6.5,5.0,-3.5361166994644386,5.0,6.5,8.4,,,,29.0,2019-03-22,2019-03-15,0.0,Little Swamp Creek
5306103,0.49999999999999994,-0.8660254037844387,37,53,0.0,1.1787055664881463,5.812138499194125,16.5,9.0,0.0,9.0,6.5,7.7,,,,29.0,2019-05-14,2019-05-07,166.6666667,Little Swamp Creek
5306103,1.2246467991473532e-16,-1.0,38,36,5.121977881630436,1.7073259605434787,5.7596243819715,12.0,12.0,5.121977881630436,12.0,7.0,7.6,,,,36.0,2019-06-19,2019-06-12,300.0,Little Swamp Creek
5306103,-0.4999999999999998,-0.8660254037844388,39,29,5.707110264748875,3.6096960487931042,5.707110264748875,15.0,13.0,0.585132383118439,13.0,7.0,8.0,,,,29.0,2019-07-18,2019-07-11,666.6666667,Little Swamp Creek
5306103,-0.8660254037844384,-0.5000000000000004,40,29,6.503789047047634,5.777625731142315,5.7596243819715,16.5,14.0,0.7966787822987582,14.0,7.0,7.6,,,,29.0,2019-08-16,2019-08-09,366.6666667,Little Swamp Creek
5306103,-1.0,-1.8369701987210297e-16,41,45,5.9071767306760545,6.039358680824189,5.812138499194125,21.0,15.0,-0.5966123163715791,15.0,9.0,7.1,,,,45.0,2019-09-30,2019-09-23,166.6666667,Little Swamp Creek
5306103,-0.8660254037844386,0.5000000000000001,42,21,5.121977881630436,5.844314553118042,5.7596243819715,12.0,10.1,-0.7851988490456181,10.1,7.0,7.6,,,,21.0,2019-10-21,2019-10-14,400.0,Little Swamp Creek
5306103,-0.5000000000000004,0.8660254037844384,43,29,5.993961427306569,5.674372013204354,5.812138499194125,10.0,12.0,0.8719835456761329,12.0,6.5,7.3,,,,29.0,2019-11-19,2019-11-12,22.22222222,Little Swamp Creek
5306103,-2.4492935982947064e-16,1.0,44,42,3.1451096745328977,4.753682994489967,5.7596243819715,8.0,10.0,-2.8488517527736716,7.0,7.0,8.2,,,,12.0,2019-12-31,2019-12-24,116.6666667,Little Swamp Creek
5306103,0.49999999999999994,0.8660254037844387,45,23,4.767855768548473,4.635642290129312,5.707110264748875,8.0,7.5,1.6227460940155751,7.0,7.0,8.2,,,,35.0,2020-01-23,2020-01-16,100.0,Little Swamp Creek
5306103,0.8660254037844386,0.5000000000000001,46,28,4.61512051684126,4.176028653307544,5.707110264748875,11.0,8.0,-0.15273525170721314,8.0,7.0,7.8,,,,28.0,2020-02-20,2020-02-13,0.0,Little Swamp Creek
5306103,0.49999999999999994,-0.8660254037844387,47,95,0.0,3.1276587617965776,5.707110264748875,12.5,5.0,-4.61512051684126,5.0,6.5,9.1,,,,95.0,2020-05-25,2020-05-18,266.6666667,Little Swamp Creek
5306103,-0.5000000000000004,0.8660254037844384,49,45,7.335851254931882,4.3085312267783555,5.707110264748875,15.0,14.0,1.7461088295286968,14.0,7.0,7.3,,,,45.0,2020-11-19,2020-11-12,700.0,Little Swamp Creek
5306103,-2.4492935982947064e-16,1.0,50,28,6.55250788703459,6.492700522456552,5.707110264748875,8.0,9.0,-0.7833433678972916,9.0,7.0,6.9,,,,28.0,2020-12-17,2020-12-10,133.3333333,Little Swamp Creek
5306103,0.49999999999999994,0.8660254037844387,51,33,4.900324273030434,6.262894471665636,5.707110264748875,8.5,8.0,-1.652183614004156,8.0,7.0,7.3,,,,33.0,2021-01-19,2021-01-12,366.6666667,Little Swamp Creek
5306103,0.8660254037844386,0.5000000000000001,52,35,5.9071767306760545,5.786669630247026,5.707110264748875,5.0,6.5,1.0068524576456204,6.5,7.0,8.4,,,,35.0,2021-02-23,2021-02-16,1333.333333,Little Swamp Creek
5306103,1.0,6.123233995736766e-17,53,27,7.196187070074651,6.001229357927046,5.707110264748875,9.0,7.0,1.2890103393985965,7.0,6.5,9.5,,,,27.0,2021-03-22,2021-03-15,3866.666667,Little Swamp Creek
5306103,0.8660254037844387,-0.49999999999999983,54,31,8.260406675765621,7.121256825505443,5.7596243819715,8.0,7.0,1.0642196056909698,7.0,7.0,8.5,,,,31.0,2021-04-22,2021-04-15,100.0,Little Swamp Creek
5306103,0.49999999999999994,-0.8660254037844387,55,22,4.61512051684126,6.690571420893844,5.707110264748875,15.0,10.5,-3.6452861589243613,10.5,7.0,7.7,,,,22.0,2021-05-14,2021-05-07,700.0,Little Swamp Creek
5306103,0.49999999999999994,-0.8660254037844387,55,28,4.61512051684126,6.690571420893844,5.707110264748875,15.0,10.5,-3.6452861589243613,10.5,7.0,7.7,,,,28.0,2021-05-20,2021-05-13,1600.0,Little Swamp Creek
5306103,1.2246467991473532e-16,-1.0,57,40,7.3783837129967145,6.182004038957522,5.812138499194125,25.0,15.0,0.8258758259621244,12.0,7.5,7.4,,,,46.0,2021-06-29,2021-06-22,1733.333333,Little Swamp Creek
5306103,-0.4999999999999998,-0.8660254037844388,58,25,7.458378372429997,7.129756657487101,5.812138499194125,23.5,16.0,0.07999465943328232,16.0,7.0,5.8,,,,25.0,2021-07-24,2021-07-17,100.0,Little Swamp Creek
5306103,-0.8660254037844384,-0.5000000000000004,59,26,4.61512051684126,6.483960867422657,5.812138499194125,24.0,15.0,-2.843257855588737,15.0,7.5,6.7,,,,26.0,2021-08-19,2021-08-12,266.66666665,Little Swamp Creek
5306103,-1.0,-1.8369701987210297e-16,60,35,5.589742425216386,5.887747104829214,5.7596243819715,17.5,15.0,0.9746219083751262,14.0,7.5,8.0,,,,35.0,2021-09-23,2021-09-16,466.6666667,Little Swamp Creek
5306103,-0.8660254037844386,0.5000000000000001,61,27,6.147755791505627,5.450872911187758,5.812138499194125,20.0,13.5,0.5580133662892415,13.5,7.0,8.7,,,,27.0,2021-10-20,2021-10-13,1100.0,Little Swamp Creek
5306103,-0.5000000000000004,0.8660254037844384,62,34,7.00397413672268,6.24715745114823,5.812138499194125,11.0,11.0,0.8562183452170524,11.0,7.0,7.5,,,,34.0,2021-11-23,2021-11-16,333.3333333,Little Swamp Creek
5306103,-2.4492935982947064e-16,1.0,63,28,5.812138499194125,6.321289475807478,5.812138499194125,10.0,8.0,-1.1918356375285546,8.0,6.5,2.9,,,,28.0,2021-12-21,2021-12-14,200.0,Little Swamp Creek
5306103,0.49999999999999994,0.8660254037844387,64,27,5.303304908059076,6.0398058479919605,5.812138499194125,4.0,6.0,-0.5088335911350494,5.0,7.5,10.5,,,,27.0,2022-01-17,2022-01-10,33.33333333,Little Swamp Creek
5306103,0.8660254037844386,0.5000000000000001,65,40,3.5361166994644386,4.883853368905879,5.812138499194125,7.0,6.0,-1.767188208594637,6.75,6.75,8.4,,,,40.0,2022-02-26,2022-02-19,33.33333333,Little Swamp Creek
5306103,1.0,6.123233995736766e-17,66,31,3.5361166994644386,4.125179435662651,5.7596243819715,7.0,4.0,0.0,4.0,7.0,,,,,31.0,2022-03-29,2022-03-22,733.3333333,Little Swamp Creek
5306103,0.49999999999999994,-0.8660254037844387,67,55,6.598963058088841,4.557065485672573,5.812138499194125,12.0,9.0,3.062846358624402,9.0,7.0,8.2,,,,55.0,2022-05-23,2022-05-16,66.66666667,Little Swamp Creek
5306103,1.2246467991473532e-16,-1.0,68,28,4.214593690422939,4.783224482658739,5.7596243819715,15.0,10.0,-2.3843693676659017,10.0,6.5,7.9,,,,28.0,2022-06-20,2022-06-13,266.6666667,Little Swamp Creek
5306103,-0.4999999999999998,-0.8660254037844388,69,30,5.589742425403185,5.467766391304988,5.707110264748875,13.0,11.5,1.3751487349802458,7.4,7.0,7.5,,,,30.0,2022-07-20,2022-07-13,1600.0,Little Swamp Creek
5306103,-0.8660254037844384,-0.5000000000000004,70,36,7.3783837129967145,5.72757327627428,5.7596243819715,25.0,15.0,1.7886412875935296,15.0,7.0,7.1,,,,36.0,2022-08-25,2022-08-18,1300.0,Little Swamp Creek
5306103,-1.0,-1.8369701987210297e-16,71,34,7.170888478512505,6.713004872304135,5.812138499194125,24.0,16.5,-0.2074952344842096,16.5,7.0,7.4,,,,34.0,2022-09-28,2022-09-21,400.0,Little Swamp Creek
5306103,-0.8660254037844386,0.5000000000000001,72,26,5.993961427306569,6.847744539605263,5.812138499194125,15.75,13.25,-1.1769270512059355,13.0,7.5,8.2,,,,26.0,2022-10-24,2022-10-17,233.33333335,Little Swamp Creek
5306103,-0.5000000000000004,0.8660254037844384,73,35,5.456744603213679,6.207198169677585,5.812138499194125,9.5,7.5,-0.5372168240928907,6.0,6.5,8.2,,,,11.0,2022-11-28,2022-11-21,66.66666667,Little Swamp Creek
5306103,-2.4492935982947064e-16,1.0,74,21,4.214593690422939,5.221766573647729,5.7596243819715,0.0,0.0,-1.2421509127907395,6.0,6.5,8.2,,,,32.0,2022-12-19,2022-12-12,133.3333333,Little Swamp Creek
5306103,0.49999999999999994,0.8660254037844387,75,29,4.900324273030434,4.857220855555684,5.707110264748875,-1.0,4.0,0.6857305826074951,4.0,7.0,9.2,,,,29.0,2023-01-17,2023-01-10,166.6666667,Little Swamp Creek
5306103,0.8660254037844386,0.5000000000000001,76,28,5.121977881630436,4.745631948361269,5.707110264748875,6.0,6.5,0.22165360860000227,4.0,7.0,9.2,,,,57.0,2023-02-14,2023-02-07,33.33333333,Little Swamp Creek
5306103,1.0,6.123233995736766e-17,77,36,3.5361166994644386,4.519472951375103,5.707110264748875,4.0,4.5,-1.5858611821659978,4.5,7.0,9.4,,,,36.0,2023-03-22,2023-03-15,33.33333333,Little Swamp Creek
5306103,0.8660254037844387,-0.49999999999999983,78,28,3.5361166994644386,4.0647370935197715,5.648426345076031,14.0,9.0,0.0,9.0,7.0,8.1,,,,28.0,2023-04-19,2023-04-12,233.3333333,Little Swamp Creek
5306103,0.49999999999999994,-0.8660254037844387,79,41,5.456744603000308,4.176326000643062,5.589742425403185,0.0,0.0,1.9206279035358693,9.0,7.0,8.7,,,,41.0,2023-05-30,2023-05-23,166.6666667,Little Swamp Creek
5306103,1.2246467991473532e-16,-1.0,80,27,5.121977881630436,4.704946394698394,5.589742425403185,13.0,10.5,-0.3347667213698715,10.5,7.5,8.5,,,,27.0,2023-06-26,2023-06-19,0.0,Little Swamp Creek
5306103,-0.4999999999999998,-0.8660254037844388,81,31,0.0,3.5262408282102484,5.589742425403185,19.0,14.5,-5.121977881630436,14.5,7.5,7.6,,,,30.0,2023-07-27,2023-07-20,100.0,Little Swamp Creek
5306103,-0.8660254037844384,-0.5000000000000004,82,21,4.61512051684126,3.245699466157232,5.589742425403185,23.5,15.0,4.61512051684126,15.5,8.0,7.9,,,,21.0,2023-08-17,2023-08-10,266.6666667,Little Swamp Creek
5306103,-1.0,-1.8369701987210297e-16,83,28,5.589742425403185,3.4016209807481483,5.589742425403185,28.5,16.0,0.9746219085619252,16.0,7.5,7.1,,,,28.0,2023-09-14,2023-09-07,433.3333333,Little Swamp Creek
5306103,-0.8660254037844386,0.5000000000000001,84,34,6.073812288379989,5.426225076874811,5.589742425403185,22.5,15.0,0.48406986297680454,15.0,8.0,6.7,,,,34.0,2023-10-18,2023-10-11,233.3333333,Little Swamp Creek
5306103,-0.8660254037844386,0.5000000000000001,84,36,6.073812288379989,5.426225076874811,5.589742425403185,22.5,15.0,0.48406986297680454,15.0,8.0,6.7,,,,36.0,2023-10-20,2023-10-13,0.0,Little Swamp Creek
5306103,-2.4492935982947064e-16,1.0,86,61,0.0,3.843518963793432,5.589742425403185,7.0,8.5,-5.456744603000308,8.5,7.0,7.9,,,,30.0,2023-12-20,2023-12-13,33.33333333,Little Swamp Creek
5306103,0.49999999999999994,0.8660254037844387,87,29,3.5361166994644386,2.9976204341549155,5.589742425403185,3.5,7.0,3.5361166994644386,7.0,6.5,8.3,,,,29.0,2024-01-18,2024-01-11,111.1111111,Little Swamp Creek
5306103,1.0,6.123233995736766e-17,88,44,4.719490442918281,2.751869047460907,5.589742425403185,1.0,3.5,1.1833737434538425,3.5,7.0,9.8,,,,44.0,2024-03-02,2024-02-24,11.11111111,Little Swamp Creek
5306103,1.0,6.123233995736766e-17,89,23,2.4941233048011813,3.583243482394634,5.589742425403185,6.5,6.5,-2.2253671381171,6.5,6.5,8.8,,,,23.0,2024-03-25,2024-03-18,0.0,Little Swamp Creek
5306103,0.8660254037844387,-0.49999999999999983,90,30,0.0,2.4045379159064875,5.589742425309785,0.0,0.0,-2.4941233048011813,8.5,7.0,8.5,,,,30.0,2024-04-24,2024-04-17,0.0,Little Swamp Creek
5306103,0.49999999999999994,-0.8660254037844387,91,33,0.0,0.8313744349337271,5.589742425216386,9.5,9.5,0.0,9.5,7.0,8.5,,,,33.0,2024-05-27,2024-05-20,66.66666667,Little Swamp Creek
5306103,-0.4999999999999998,-0.8660254037844388,92,60,4.214593690422939,1.404864563474313,5.523243514215032,16.5,12.0,4.214593690422939,12.0,7.0,7.9,,,,60.0,2024-07-26,2024-07-19,122.22,Little Swamp Creek
5306103,-0.8660254037844384,-0.5000000000000004,93,32,4.813971375586425,3.0095216886697878,5.456744603213679,18.0,4.0,0.5993776851634856,4.0,7.0,8.2,266.0,,,32.0,2024-08-27,2024-08-20,433.33,Little Swamp Creek
5306103,-1.0,-1.8369701987210297e-16,94,28,6.073804613830202,5.034123226613189,5.523243514215032,15.0,14.0,1.2598332382437771,14.0,7.0,7.3,224.6,,,28.0,2024-09-24,2024-09-17,433.33,Little Swamp Creek
5306103,-0.8660254037844386,0.5000000000000001,95,29,6.073804613830202,5.653860201082277,5.589742425216386,18.0,14.0,0.0,14.0,7.5,7.7,260.3,,,29.0,2024-10-23,2024-10-16,33.33,Little Swamp Creek
5306103,-0.5000000000000004,0.8660254037844384,96,34,3.5360196074696004,5.227876278376669,5.523243514215032,8.5,10.5,-2.5377850063606013,10.5,8.0,8.6,275.3,,,34.0,2024-11-26,2024-11-19,0.0,Little Swamp Creek
5306103,-2.4492935982947064e-16,1.0,97,32,0.0,3.2032747404332675,5.456744603213679,7.0,9.0,-3.5360196074696004,9.0,7.0,7.3,197.0,,,32.0,2024-12-28,2024-12-21,33.33,Little Swamp Creek
5306103,0.49999999999999994,0.8660254037844387,98,33,3.5360196074696004,2.3573464049797335,5.456744603106993,8.5,8.5,3.5360196074696004,8.5,6.5,7.8,144.0,,,33.0,2025-01-30,2025-01-23,0.0,Little Swamp Creek
5306103,1.0,6.123233995736766e-17,99,48,0.0,1.1786732024898667,5.456744603000308,2.0,4.0,-3.5360196074696004,2.0,7.0,10.3,243.6,,,48.0,2025-03-19,2025-03-12,0.0,Little Swamp Creek
5306103,0.8660254037844387,-0.49999999999999983,100,29,0.0,1.1786732024898667,5.456744603000308,11.5,8.0,0.0,8.0,7.5,7.1,198.3,,,29.0,2025-04-17,2025-04-10,0.0,Little Swamp Creek
5306103,0.49999999999999994,-0.8660254037844387,101,33,0.0,0.0,5.456744603000308,14.5,9.0,0.0,9.0,7.0,8.55,225.3,,,33.0,2025-05-20,2025-05-13,155.56,Little Swamp Creek
5306103,1.2246467991473532e-16,-1.0,102,32,5.0534393230878205,1.6844797743626068,5.456744603000308,12.0,11.0,5.0534393230878205,11.0,7.5,8.4,237.0,,,32.0,2025-06-21,2025-06-14,1711.11,Little Swamp Creek
5306103,-0.4999999999999998,-0.8660254037844388,103,33,7.445481806974043,4.166307043353954,5.456744603000308,11.5,11.5,2.3920424838862226,11.5,8.0,8.8,265.0,,,32.0,2025-07-24,2025-07-17,233.33,Little Swamp Creek
5306103,-0.8660254037844384,-0.5000000000000004,104,32,5.456730378290316,5.985217169450727,5.456744603000308,19.0,15.0,-1.9887514286837273,15.0,7.0,7.6,265.3,,,32.0,2025-08-25,2025-08-18,233.33,Little Swamp Creek
5306103,-1.0,-1.8369701987210297e-16,105,30,5.456730378290316,6.119647521184891,5.456744603000308,26.0,15.5,0.0,15.5,8.0,7.0,268.3,,,30.0,2025-09-24,2025-09-17,400.0,Little Swamp Creek
5306103,-0.8660254037844386,0.5000000000000001,106,33,5.993961427306569,5.635807394629066,5.456744603000308,17.5,13.0,0.5372310490162535,13.0,7.0,8.1,275.0,,,33.0,2025-10-27,2025-10-20,100.0,Little Swamp Creek
5306103,-0.5000000000000004,0.8660254037844384,107,32,4.61512051684126,5.355270774146049,5.456744603000308,12.5,10.0,-1.3788409104653097,10.0,7.0,8.1,271.6,,,32.0,2025-11-28,2025-11-21,66.67,Little Swamp Creek
5306103,-2.4492935982947064e-16,1.0,108,31,4.2146429502441345,4.9412416314639875,5.456737490645311,10.0,9.5,-0.4004775665971252,9.5,6.5,7.8,212.3,,,32.0,2025-12-29,2025-12-22,0.0,Little Swamp Creek
5306103,0.49999999999999994,0.8660254037844387,109,30,0.0,2.943254489028465,5.456730378290316,4.0,6.0,-4.2146429502441345,6.0,6.75,10.0,222.6,,,30.0,2026-01-28,2026-01-21,11.11,Little Swamp Creek
5306103,0.8660254037844386,0.5000000000000001,110,26,2.494031557565001,2.2362248359363783,5.456730378290316,9.5,7.0,2.494031557565001,7.0,6.5,9.4,238.0,,,26.0,2026-02-23,2026-02-16,11.11,Little Swamp Creek
5306103,1.0,6.123233995736766e-17,111,32,2.494031557565001,1.662687705043334,5.456730378290316,8.0,7.0,0.0,7.0,6.5,8.45,180.3,,,32.0,2026-03-27,2026-03-20,0.0,Little Swamp Creek
5306105,-2.4492935982947064e-16,1.0,2,39,0.0,2.30756025842063,2.30756025842063,8.0,14.0,-4.61512051684126,14.0,7.5,7.6,,,,39.0,2015-12-01,2015-11-24,0.0,Snohomish River
5306105,-2.4492935982947064e-16,1.0,3,27,0.0,1.5383735056137533,0.0,9.0,7.0,0.0,7.0,7.0,8.5,,,,27.0,2015-12-28,2015-12-21,0.0,Snohomish River
5306105,0.49999999999999994,0.8660254037844387,4,33,0.0,0.0,0.0,4.0,5.5,0.0,5.5,7.0,8.3,,,,33.0,2016-01-30,2016-01-23,0.0,Snohomish River
5306105,0.8660254037844386,0.5000000000000001,5,29,0.0,0.0,0.0,6.0,12.0,0.0,12.0,6.5,8.3,,,,29.0,2016-02-28,2016-02-21,0.0,Snohomish River
5306105,0.8660254037844387,-0.49999999999999983,6,57,0.0,0.0,0.0,11.0,9.0,0.0,9.0,7.5,9.5,,,,57.0,2016-04-25,2016-04-18,0.0,Snohomish River
5306106,0.49999999999999994,0.8660254037844387,2,57,0.0,2.1072968452114695,2.1072968452114695,10.0,8.0,-4.214593690422939,8.0,6.5,12.1,,,,57.0,2016-01-01,2015-12-25,133.3333333,Woods Creek
5306106,0.8660254037844386,0.5000000000000001,3,41,4.900324273030434,3.038305987817791,4.214593690422939,11.0,7.0,4.900324273030434,7.0,6.0,11.4,,,,41.0,2016-02-11,2016-02-04,0.0,Woods Creek
5306106,1.0,6.123233995736766e-17,4,22,0.0,1.633441424343478,2.1072968452114695,12.0,7.5,-4.900324273030434,7.5,6.0,10.7,,,,22.0,2016-03-04,2016-02-26,100.0,Woods Creek
5306106,0.8660254037844387,-0.49999999999999983,6,28,0.0,1.5383735056137533,2.1072968452114695,14.0,5.0,-4.61512051684126,5.0,7.0,10.4,,,,28.0,2018-04-07,2018-03-31,0.0,Woods Creek
5306106,0.49999999999999994,-0.8660254037844387,7,28,0.0,1.5383735056137533,0.0,11.0,9.0,0.0,9.0,6.0,10.1,,,,28.0,2018-05-05,2018-04-28,0.0,Woods Creek
5306106,1.2246467991473532e-16,-1.0,8,28,0.0,0.0,0.0,14.0,9.0,0.0,9.0,7.0,10.2,,,,28.0,2018-06-02,2018-05-26,200.0,Woods Creek
5306106,-0.4999999999999998,-0.8660254037844388,9,35,5.303304908059076,1.7677683026863587,0.0,16.0,12.0,5.303304908059076,12.0,7.0,9.5,,,,35.0,2018-07-07,2018-06-30,100.0,Woods Creek
5306106,-1.0,-1.8369701987210297e-16,10,77,4.61512051684126,3.3061418083001115,2.1072968452114695,18.0,16.0,-0.688184391217816,15.0,7.5,9.6,,,,34.0,2018-09-22,2018-09-15,33.33333333,Woods Creek
5306107,-2.4492935982947064e-16,1.0,2,39,0.0,3.2262872892877454,3.2262872892877454,14.0,10.0,-6.452574578575491,10.0,7.0,7.7,,,,39.0,2015-12-01,2015-11-24,0.0,Catherine Creek
5306107,-2.4492935982947064e-16,1.0,3,27,0.0,2.150858192858497,0.0,9.0,4.0,0.0,4.0,6.5,10.0,,,,27.0,2015-12-28,2015-12-21,0.0,Catherine Creek
5306107,0.8660254037844386,0.5000000000000001,4,62,0.0,0.0,0.0,3.5,4.0,0.0,4.0,6.5,9.8,,,,62.0,2016-02-28,2016-02-21,0.0,Catherine Creek
5306107,0.8660254037844387,-0.49999999999999983,5,46,0.0,0.0,0.0,10.0,9.0,0.0,4.0,7.0,9.5,,,,46.0,2016-04-14,2016-04-07,166.6666667,Catherine Creek
5306107,1.2246467991473532e-16,-1.0,6,64,5.121977881630436,1.7073259605434787,0.0,10.0,12.0,5.121977881630436,12.0,7.0,8.0,,,,54.0,2016-06-17,2016-06-10,166.6666667,Catherine Creek
5306108,0.8660254037844386,0.5000000000000001,2,41,4.900324273030434,2.450162136515217,2.450162136515217,1.0,1.0,4.900324273030434,1.0,6.5,13.2,,,,41.0,2016-02-11,2016-02-04,0.0,Cripple Creek
5306108,1.0,6.123233995736766e-17,3,22,0.0,1.633441424343478,0.0,7.5,6.5,-4.900324273030434,6.5,6.0,10.0,,,,22.0,2016-03-04,2016-02-26,0.0,Cripple Creek
5306109,-0.5000000000000004,0.8660254037844384,2,28,0.0,0.0,0.0,16.0,11.0,0.0,11.0,8.0,8.7,,,,28.0,2015-11-22,2015-11-15,0.0,Big Gulch
5306109,-2.4492935982947064e-16,1.0,3,24,0.0,0.0,0.0,7.0,5.0,0.0,5.0,7.5,11.1,,,,24.0,2015-12-16,2015-12-09,33.33333333,Big Gulch
5306109,0.49999999999999994,0.8660254037844387,4,39,3.5361166994644386,1.1787055664881463,0.0,4.0,6.0,3.5361166994644386,6.0,8.0,10.9,,,,39.0,2016-01-24,2016-01-17,0.0,Big Gulch
5306109,0.8660254037844386,0.5000000000000001,5,28,0.0,1.1787055664881463,0.0,8.0,7.0,-3.5361166994644386,7.0,7.5,10.2,,,,28.0,2016-02-21,2016-02-14,0.0,Big Gulch
5306109,1.0,6.123233995736766e-17,6,21,0.0,1.1787055664881463,0.0,9.0,7.0,0.0,7.0,8.0,10.7,,,,21.0,2016-03-13,2016-03-06,0.0,Big Gulch
5306109,0.8660254037844387,-0.49999999999999983,7,34,0.0,0.0,0.0,8.0,7.5,0.0,7.5,7.0,9.8,,,,34.0,2016-04-16,2016-04-09,0.0,Big Gulch
5306109,0.49999999999999994,-0.8660254037844387,8,29,0.0,0.0,0.0,12.0,10.0,0.0,10.0,8.0,10.4,,,,29.0,2016-05-15,2016-05-08,1833.333333,Big Gulch
5306109,1.2246467991473532e-16,-1.0,9,27,7.51443638820993,2.50481212940331,0.0,12.0,12.0,7.51443638820993,12.0,8.0,8.9,,,,27.0,2016-06-11,2016-06-04,866.6666667,Big Gulch
5306109,-0.4999999999999998,-0.8660254037844388,10,29,6.765807616364873,4.760081334858268,0.0,14.5,14.0,-0.7486287718450573,14.0,7.5,8.3,,,,29.0,2016-07-10,2016-07-03,0.0,Big Gulch
5306109,-0.8660254037844384,-0.5000000000000004,11,42,0.0,4.760081334858268,0.0,16.0,14.5,-6.765807616364873,14.5,8.0,8.1,,,,42.0,2016-08-21,2016-08-14,66.66666667,Big Gulch
5306109,-1.0,-1.8369701987210297e-16,12,35,4.214593690422939,3.6601337689292706,0.0,15.5,15.5,4.214593690422939,15.5,8.0,8.6,,,,35.0,2016-09-25,2016-09-18,133.3333333,Big Gulch
5306109,-0.5000000000000004,0.8660254037844384,13,62,4.900324273030434,3.038305987817791,0.0,16.5,14.5,0.6857305826074951,14.5,8.0,9.0,,,,62.0,2016-11-26,2016-11-19,133.3333333,Big Gulch
5306109,-2.4492935982947064e-16,1.0,14,25,4.900324273030434,4.671747412161269,0.0,10.0,9.0,0.0,14.5,8.0,9.0,,,,87.0,2016-12-21,2016-12-14,0.0,Big Gulch
5306109,0.8660254037844386,0.5000000000000001,15,67,0.0,3.266882848686956,0.0,3.5,4.0,-4.900324273030434,5.0,8.0,12.1,,,,35.0,2017-02-26,2017-02-19,0.0,Big Gulch
5306109,1.0,6.123233995736766e-17,16,20,0.0,1.633441424343478,0.0,3.5,5.5,0.0,5.5,7.5,12.2,,,,20.0,2017-03-18,2017-03-11,166.6666667,Big Gulch
5306109,0.49999999999999994,-0.8660254037844387,17,71,5.121977881630436,1.7073259605434787,0.0,3.5,8.5,5.121977881630436,10.0,8.0,10.1,,,,35.0,2017-05-28,2017-05-21,0.0,Big Gulch
5306109,1.2246467991473532e-16,-1.0,18,20,0.0,1.7073259605434787,0.0,17.0,14.5,-5.121977881630436,14.5,8.0,8.3,,,,20.0,2017-06-17,2017-06-10,300.0,Big Gulch
5306109,-0.4999999999999998,-0.8660254037844388,19,29,5.707110264748875,3.6096960487931042,0.0,14.5,12.5,5.707110264748875,12.5,8.0,9.8,,,,29.0,2017-07-16,2017-07-09,33.33333333,Big Gulch
5306109,-0.8660254037844384,-0.5000000000000004,20,21,3.5361166994644386,3.0810756547377713,0.0,19.0,15.0,-2.1709935652844368,15.0,8.0,8.3,,,,21.0,2017-08-06,2017-07-30,33.33333333,Big Gulch
5306109,-1.0,-1.8369701987210297e-16,21,49,3.5361166994644386,4.259781221225917,0.0,16.0,16.0,0.0,16.0,8.5,9.3,,,,49.0,2017-09-24,2017-09-17,100.0,Big Gulch
5306109,-0.8660254037844386,0.5000000000000001,22,21,4.61512051684126,3.8957846385900456,1.7680583497322193,13.0,12.5,1.079003817376821,12.0,8.0,10.0,,,,21.0,2017-10-15,2017-10-08,66.66666667,Big Gulch
5306109,-0.5000000000000004,0.8660254037844384,23,28,4.214593690422939,4.121943635576213,3.5361166994644386,9.0,9.0,-0.4005268264183206,9.0,8.0,10.5,,,,28.0,2017-11-12,2017-11-05,0.0,Big Gulch
5306109,-2.4492935982947064e-16,1.0,24,28,0.0,2.9432380690880664,1.7680583497322193,11.0,9.0,-4.214593690422939,9.0,7.5,10.1,,,,28.0,2017-12-10,2017-12-03,0.0,Big Gulch
5306109,0.49999999999999994,0.8660254037844387,25,49,0.0,1.404864563474313,0.0,2.5,4.0,0.0,4.0,8.0,12.7,,,,49.0,2018-01-28,2018-01-21,0.0,Big Gulch
5306109,-2.4492935982947064e-16,1.0,27,30,0.0,0.0,0.0,8.5,8.0,0.0,8.0,8.0,10.2,,,,23.0,2020-12-20,2020-12-13,33.33333333,Big Gulch
5306109,0.49999999999999994,0.8660254037844387,28,41,3.5361166994644386,1.1787055664881463,0.0,9.5,8.0,3.5361166994644386,8.0,8.0,10.8,,,,41.0,2021-01-30,2021-01-23,0.0,Big Gulch
5306109,0.8660254037844386,0.5000000000000001,29,28,0.0,1.1787055664881463,0.0,6.5,6.0,-3.5361166994644386,6.0,8.0,11.6,,,,28.0,2021-02-27,2021-02-20,16.66666667,Big Gulch
5306109,1.0,6.123233995736766e-17,30,30,2.8716796250726913,2.1359321081790434,0.0,8.5,5.5,2.8716796250726913,5.5,8.0,12.8,,,,30.0,2021-03-29,2021-03-22,0.0,Big Gulch
5306109,0.8660254037844387,-0.49999999999999983,31,27,0.0,0.957226541690897,0.0,7.0,7.0,-2.8716796250726913,7.0,8.5,12.0,,,,27.0,2021-04-25,2021-04-18,66.66666667,Big Gulch
5306109,0.49999999999999994,-0.8660254037844387,32,27,4.214593690422939,2.36209110516521,0.0,12.0,10.0,4.214593690422939,10.0,8.0,10.8,,,,27.0,2021-05-22,2021-05-15,0.0,Big Gulch
5306109,1.2246467991473532e-16,-1.0,33,34,0.0,1.404864563474313,0.0,13.0,12.0,-4.214593690422939,12.0,8.0,10.2,,,,34.0,2021-06-25,2021-06-18,133.3333333,Big Gulch
5306109,-0.4999999999999998,-0.8660254037844388,34,31,4.900324273030434,3.038305987817791,0.0,22.0,16.5,4.900324273030434,16.5,8.0,8.8,,,,31.0,2021-07-26,2021-07-19,1233.333333,Big Gulch
5306109,-0.8660254037844384,-0.5000000000000004,35,26,7.118286291975452,4.0062035216686285,0.0,16.0,14.0,2.217962018945018,14.0,8.0,8.5,,,,26.0,2021-08-21,2021-08-14,1133.333333,Big Gulch
5306109,-1.0,-1.8369701987210297e-16,36,38,7.033800385538938,6.350803650181608,1.4358398125363456,17.0,14.0,-0.08448590643651421,14.0,8.0,8.7,,,,38.0,2021-09-28,2021-09-21,233.3333333,Big Gulch
5306109,0.49999999999999994,0.8660254037844387,37,108,5.456744603000308,6.5362770935049,2.8716796250726913,15.0,14.0,-1.57705578253863,5.0,8.0,11.4,,,,24.0,2022-01-14,2022-01-07,3600.0,Big Gulch
5306110,-0.5000000000000004,0.8660254037844384,2,31,0.0,0.0,0.0,18.0,12.0,0.0,12.0,8.0,9.9,,,,31.0,2015-11-21,2015-11-14,0.0,Japanese Gulch
5306110,-2.4492935982947064e-16,1.0,3,24,0.0,0.0,0.0,3.0,5.0,0.0,5.0,7.0,11.0,,,,24.0,2015-12-15,2015-12-08,0.0,Japanese Gulch
5306110,0.49999999999999994,0.8660254037844387,4,39,0.0,0.0,0.0,6.0,6.0,0.0,6.0,8.0,11.2,,,,39.0,2016-01-23,2016-01-16,33.33333333,Japanese Gulch
5306110,0.8660254037844386,0.5000000000000001,5,28,3.5361166994644386,1.1787055664881463,0.0,7.0,7.0,3.5361166994644386,7.0,7.0,10.7,,,,28.0,2016-02-20,2016-02-13,0.0,Japanese Gulch
5306110,1.0,6.123233995736766e-17,6,21,0.0,1.1787055664881463,0.0,12.5,8.0,-3.5361166994644386,8.0,8.0,10.5,,,,21.0,2016-03-12,2016-03-05,0.0,Japanese Gulch
5306110,0.8660254037844387,-0.49999999999999983,7,34,0.0,1.1787055664881463,0.0,11.0,9.0,0.0,9.0,7.5,10.0,,,,34.0,2016-04-15,2016-04-08,33.33333333,Japanese Gulch
5306110,0.49999999999999994,-0.8660254037844387,8,28,3.5361166994644386,1.1787055664881463,0.0,13.0,10.0,3.5361166994644386,10.0,8.0,9.8,,,,28.0,2016-05-13,2016-05-06,0.0,Japanese Gulch
5306110,-0.4999999999999998,-0.8660254037844388,9,74,0.0,1.1787055664881463,0.0,18.0,12.0,-3.5361166994644386,12.0,8.0,9.3,,,,46.0,2016-07-26,2016-07-19,33.33333333,Japanese Gulch
5306110,-0.8660254037844384,-0.5000000000000004,10,25,3.5361166994644386,2.3574111329762926,0.0,18.0,14.5,3.5361166994644386,14.5,8.0,,,,,25.0,2016-08-20,2016-08-13,0.0,Japanese Gulch
5306110,-1.0,-1.8369701987210297e-16,11,35,0.0,1.1787055664881463,0.0,25.0,15.0,-3.5361166994644386,15.0,8.0,8.3,,,,35.0,2016-09-24,2016-09-17,0.0,Japanese Gulch
5306110,-0.8660254037844386,0.5000000000000001,12,35,0.0,1.1787055664881463,0.0,14.0,12.5,0.0,12.5,7.5,9.3,,,,35.0,2016-10-29,2016-10-22,0.0,Japanese Gulch
5306110,-0.5000000000000004,0.8660254037844384,13,21,0.0,0.0,0.0,11.0,11.0,0.0,11.0,3.0,10.4,,,,21.0,2016-11-19,2016-11-12,0.0,Japanese Gulch
5306110,-2.4492935982947064e-16,1.0,14,30,0.0,0.0,0.0,10.0,7.0,0.0,7.0,8.0,10.7,,,,30.0,2016-12-19,2016-12-12,0.0,Japanese Gulch
5306110,0.49999999999999994,0.8660254037844387,15,33,0.0,0.0,0.0,5.0,4.0,0.0,4.0,8.0,12.1,,,,33.0,2017-01-21,2017-01-14,0.0,Japanese Gulch
5306110,0.8660254037844386,0.5000000000000001,16,35,0.0,0.0,0.0,9.5,5.5,0.0,5.5,8.0,11.9,,,,35.0,2017-02-25,2017-02-18,0.0,Japanese Gulch
5306110,1.0,6.123233995736766e-17,16,43,0.0,0.0,0.0,9.5,5.5,0.0,5.5,8.0,11.9,,,,43.0,2017-03-05,2017-02-26,33.33333333,Japanese Gulch
5306110,0.49999999999999994,-0.8660254037844387,18,83,3.5361166994644386,1.1787055664881463,0.0,4.0,5.5,3.5361166994644386,9.5,8.0,10.9,,,,41.0,2017-05-27,2017-05-20,0.0,Japanese Gulch
5306110,1.2246467991473532e-16,-1.0,19,15,0.0,1.1787055664881463,0.0,22.0,14.0,-3.5361166994644386,14.0,8.0,8.6,,,,15.0,2017-06-11,2017-06-04,300.0,Japanese Gulch
5306110,-0.4999999999999998,-0.8660254037844388,20,35,5.707110264748875,3.0810756547377713,0.0,17.5,13.0,5.707110264748875,13.0,8.0,9.3,,,,35.0,2017-07-16,2017-07-09,33.33333333,Japanese Gulch
5306110,-0.8660254037844384,-0.5000000000000004,21,20,3.5361166994644386,3.0810756547377713,0.0,17.0,13.0,-2.1709935652844368,13.0,8.5,10.0,,,,20.0,2017-08-05,2017-07-29,33.33333333,Japanese Gulch
5306110,-1.0,-1.8369701987210297e-16,22,49,3.5361166994644386,4.259781221225917,0.0,18.0,15.0,0.0,15.0,8.5,9.4,,,,49.0,2017-09-23,2017-09-16,0.0,Japanese Gulch
5306110,-0.8660254037844386,0.5000000000000001,23,21,0.0,2.3574111329762926,0.0,14.0,12.0,-3.5361166994644386,15.0,8.5,9.4,,,,70.0,2017-10-14,2017-10-07,200.0,Japanese Gulch
5306110,-0.5000000000000004,0.8660254037844384,24,28,5.303304908059076,2.9464738691745045,0.0,9.0,8.5,5.303304908059076,15.0,8.5,9.4,,,,98.0,2017-11-11,2017-11-04,33.33333333,Japanese Gulch
5306110,-2.4492935982947064e-16,1.0,25,29,3.5361166994644386,2.9464738691745045,0.0,8.0,8.0,-1.767188208594637,,,,,,,,2017-12-10,2017-12-03,33.33333333,Japanese Gulch
5306110,0.49999999999999994,0.8660254037844387,26,48,3.5361166994644386,4.125179435662651,0.0,1.5,4.0,0.0,,,,,,,,2018-01-27,2018-01-20,0.0,Japanese Gulch
5306110,-2.4492935982947064e-16,1.0,28,30,3.5361166994644386,2.3574111329762926,0.0,9.5,8.0,3.5361166994644386,8.0,8.0,10.6,,,,30.0,2020-12-20,2020-12-13,100.0,Japanese Gulch
5306110,0.49999999999999994,0.8660254037844387,29,41,4.61512051684126,2.7170790721018996,0.0,9.5,8.5,1.079003817376821,7.0,8.0,11.2,,,,42.0,2021-01-30,2021-01-23,100.0,Japanese Gulch
5306110,0.8660254037844386,0.5000000000000001,30,28,4.61512051684126,4.255452577715652,0.0,6.0,6.0,0.0,6.0,8.0,11.2,,,,28.0,2021-02-27,2021-02-20,0.0,Japanese Gulch
5306110,1.0,6.123233995736766e-17,31,30,0.0,3.0767470112275066,0.0,5.5,5.0,-4.61512051684126,5.0,8.0,11.5,,,,30.0,2021-03-29,2021-03-22,66.66666667,Japanese Gulch
5306110,0.8660254037844387,-0.49999999999999983,32,27,4.214593690422939,2.9432380690880664,0.0,9.5,8.0,4.214593690422939,8.0,8.0,11.3,,,,27.0,2021-04-25,2021-04-18,200.0,Japanese Gulch
5306110,0.49999999999999994,-0.8660254037844387,33,27,5.303304908059076,3.1726328661606717,0.0,11.5,10.0,1.0887112176361367,10.0,8.0,10.5,,,,27.0,2021-05-22,2021-05-15,0.0,Japanese Gulch
5306110,1.2246467991473532e-16,-1.0,34,34,0.0,3.1726328661606717,0.0,14.0,10.0,-5.303304908059076,10.0,8.0,10.1,,,,34.0,2021-06-25,2021-06-18,100.0,Japanese Gulch
5306110,-0.4999999999999998,-0.8660254037844388,35,31,4.61512051684126,3.3061418083001115,0.0,24.0,14.5,4.61512051684126,14.5,8.0,8.9,,,,30.0,2021-07-26,2021-07-19,866.6666667,Japanese Gulch
5306110,-0.8660254037844384,-0.5000000000000004,36,26,6.765807616364873,3.793642711068711,0.0,17.0,14.0,2.150687099523613,14.0,8.0,7.1,,,,26.0,2021-08-21,2021-08-14,2266.666667,Japanese Gulch
5306110,-1.0,-1.8369701987210297e-16,37,38,7.726506681823945,6.36914493834336,0.0,18.0,14.0,0.9606990654590728,14.0,8.0,9.5,,,,38.0,2021-09-28,2021-09-21,300.0,Japanese Gulch
5306110,0.49999999999999994,0.8660254037844387,38,108,5.707110264748875,6.733141520979231,1.7680583497322193,12.0,14.0,-2.01939641707507,5.0,8.0,11.7,,,,24.0,2022-01-14,2022-01-07,33.33333333,Japanese Gulch
5306113,1.0,6.123233995736766e-17,2,41,0.0,0.0,0.0,0.0,3.0,0.0,3.0,7.0,12.2,,,,41.0,2019-03-31,2019-03-24,0.0,Woods Creek
5306113,0.49999999999999994,-0.8660254037844387,3,34,0.0,0.0,0.0,19.0,11.0,0.0,11.0,7.0,10.8,,,,34.0,2019-05-04,2019-04-27,0.0,Woods Creek
5306113,1.2246467991473532e-16,-1.0,4,36,0.0,0.0,0.0,16.5,11.5,0.0,11.5,7.0,10.0,,,,36.0,2019-06-09,2019-06-02,66.66666667,Woods Creek
5306113,-0.4999999999999998,-0.8660254037844388,5,49,4.214593690422939,1.404864563474313,0.0,15.0,12.0,4.214593690422939,12.0,7.0,9.7,,,,49.0,2019-07-28,2019-07-21,66.66666667,Woods Creek
5306113,-0.8660254037844384,-0.5000000000000004,6,27,4.214593690422939,2.809729126948626,0.0,23.0,17.0,0.0,16.0,8.0,8.7,,,,27.0,2019-08-24,2019-08-17,166.6666667,Woods Creek
5306113,-1.0,-1.8369701987210297e-16,7,35,5.121977881630436,4.517055087492104,0.0,16.0,14.5,0.9073841912074974,14.5,7.5,9.0,,,,35.0,2019-09-28,2019-09-21,266.6666667,Woods Creek
5306113,-0.8660254037844386,0.5000000000000001,8,28,5.589742425403185,4.975437999152187,2.1072968452114695,9.0,11.0,0.46776454377274845,11.0,7.0,9.2,,,,28.0,2019-10-26,2019-10-19,0.0,Woods Creek
5306113,-0.5000000000000004,0.8660254037844384,9,29,0.0,3.5705734356778738,0.0,8.0,10.0,-5.589742425403185,10.0,7.0,10.0,,,,29.0,2019-11-24,2019-11-17,0.0,Woods Creek
5306113,-2.4492935982947064e-16,1.0,10,27,0.0,1.863247475134395,0.0,9.0,7.0,0.0,7.0,7.0,11.3,,,,27.0,2019-12-21,2019-12-14,133.3333333,Woods Creek
5306113,0.49999999999999994,0.8660254037844387,11,35,4.900324273030434,1.633441424343478,0.0,6.0,7.5,4.900324273030434,7.5,6.5,10.1,,,,35.0,2020-01-25,2020-01-18,0.0,Woods Creek
5306113,0.8660254037844386,0.5000000000000001,12,35,0.0,1.633441424343478,0.0,6.5,7.0,-4.900324273030434,7.0,6.5,10.6,,,,35.0,2020-02-29,2020-02-22,0.0,Woods Creek
5306113,1.0,6.123233995736766e-17,13,21,0.0,1.633441424343478,0.0,8.0,7.0,0.0,7.0,7.0,10.9,,,,21.0,2020-03-21,2020-03-14,0.0,Woods Creek
5306114,-0.8660254037844384,-0.5000000000000004,2,43,3.5361166994644386,1.7680583497322193,1.7680583497322193,15.5,17.0,3.5361166994644386,17.0,7.5,6.4,,,,43.0,2018-08-19,2018-08-12,66.66666667,Scriber Creek
5306114,-1.0,-1.8369701987210297e-16,3,27,4.214593690422939,2.583570129962459,3.5361166994644386,14.0,15.0,0.6784769909585004,14.5,7.5,7.2,,,,21.0,2018-09-15,2018-09-08,33.33333333,Scriber Creek
5306114,-0.8660254037844386,0.5000000000000001,4,35,3.5361166994644386,3.762275696450605,3.5361166994644386,13.5,14.5,-0.6784769909585004,14.5,7.0,6.7,,,,35.0,2018-10-20,2018-10-13,66.66666667,Scriber Creek
5306114,-0.5000000000000004,0.8660254037844384,5,35,4.214593690422939,3.9884346934367723,3.5361166994644386,9.0,9.0,0.6784769909585004,9.0,7.5,9.1,,,,35.0,2018-11-24,2018-11-17,33.33333333,Scriber Creek
5306114,0.49999999999999994,0.8660254037844387,6,42,3.5361166994644386,3.762275696450605,3.5361166994644386,7.0,6.0,-0.6784769909585004,6.0,7.0,9.2,,,,42.0,2019-01-05,2018-12-29,0.0,Scriber Creek
5306114,1.0,6.123233995736766e-17,7,64,0.0,2.583570129962459,3.5361166994644386,7.0,7.0,-3.5361166994644386,7.0,7.0,9.6,,,,64.0,2019-03-10,2019-03-03,0.0,Scriber Creek
5306114,0.8660254037844387,-0.49999999999999983,8,30,0.0,1.1787055664881463,3.5361166994644386,1.0,3.0,0.0,3.0,7.5,11.2,,,,30.0,2019-04-09,2019-04-02,0.0,Scriber Creek
5306114,0.49999999999999994,-0.8660254037844387,9,32,0.0,0.0,3.5361166994644386,9.5,10.0,0.0,10.0,7.0,7.9,,,,32.0,2019-05-11,2019-05-04,0.0,Scriber Creek
5306114,1.2246467991473532e-16,-1.0,10,42,0.0,0.0,1.7680583497322193,21.5,16.0,0.0,16.0,7.5,6.8,,,,42.0,2019-06-22,2019-06-15,0.0,Scriber Creek
5306114,-0.4999999999999998,-0.8660254037844388,11,21,0.0,0.0,0.0,13.0,15.0,0.0,15.0,7.0,7.3,,,,21.0,2019-07-13,2019-07-06,0.0,Scriber Creek
5306114,-0.8660254037844384,-0.5000000000000004,12,36,0.0,0.0,0.0,17.5,16.0,0.0,16.0,7.5,6.7,,,,36.0,2019-08-18,2019-08-11,33.33333333,Scriber Creek
5306114,-1.0,-1.8369701987210297e-16,13,34,3.5361166994644386,1.1787055664881463,0.0,17.0,17.0,3.5361166994644386,17.0,7.5,6.1,,,,34.0,2019-09-21,2019-09-14,100.0,Scriber Creek
5306114,-0.8660254037844386,0.5000000000000001,14,35,4.61512051684126,2.7170790721018996,1.7680583497322193,16.0,15.0,1.079003817376821,15.0,7.0,6.3,,,,35.0,2019-10-26,2019-10-19,100.0,Scriber Creek
5306114,-0.5000000000000004,0.8660254037844384,15,28,4.61512051684126,4.255452577715652,3.5361166994644386,9.0,10.0,0.0,10.0,7.0,8.2,,,,28.0,2019-11-23,2019-11-16,133.3333333,Scriber Creek
5306114,-2.4492935982947064e-16,1.0,16,35,4.900324273030434,4.710188435570984,3.5361166994644386,5.0,5.5,0.2852037561891745,5.5,7.5,9.6,,,,35.0,2019-12-28,2019-12-21,33.33333333,Scriber Creek
5306114,0.49999999999999994,0.8660254037844387,17,28,3.5361166994644386,4.350520496445378,3.5361166994644386,6.5,5.0,-1.3642075735659955,5.0,7.0,10.0,,,,28.0,2020-01-25,2020-01-18,0.0,Scriber Creek
5306114,0.8660254037844386,0.5000000000000001,18,29,0.0,2.8121469908316246,3.5361166994644386,10.5,9.0,-3.5361166994644386,9.0,7.0,9.5,,,,29.0,2020-02-23,2020-02-16,100.0,Scriber Creek
5306114,1.0,6.123233995736766e-17,20,35,0.0,1.5383735056137533,3.5361166994644386,5.5,6.0,-4.61512051684126,6.0,7.0,9.5,,,,35.0,2021-03-14,2021-03-07,0.0,Scriber Creek
5306114,0.49999999999999994,-0.8660254037844387,21,63,0.0,1.5383735056137533,3.5361166994644386,7.0,6.5,0.0,6.5,7.0,9.8,,,,63.0,2021-05-16,2021-05-09,33.33333333,Scriber Creek
5306114,1.2246467991473532e-16,-1.0,22,35,3.5361166994644386,1.1787055664881463,3.5361166994644386,20.0,16.0,3.5361166994644386,16.0,7.0,6.8,,,,35.0,2021-06-20,2021-06-13,0.0,Scriber Creek
5306114,-0.4999999999999998,-0.8660254037844388,23,35,0.0,1.1787055664881463,3.5361166994644386,24.5,19.0,-3.5361166994644386,19.0,7.0,6.3,,,,35.0,2021-07-25,2021-07-18,100.0,Scriber Creek
5306114,-0.5000000000000004,0.8660254037844384,24,118,4.61512051684126,2.7170790721018996,3.5361166994644386,23.5,18.0,4.61512051684126,18.0,7.0,9.4,,,,118.0,2021-11-20,2021-11-13,0.0,Scriber Creek
5306114,1.2246467991473532e-16,-1.0,26,69,5.121977881630436,3.245699466157232,3.5361166994644386,15.0,10.0,5.121977881630436,10.0,7.0,8.6,,,,69.0,2022-06-04,2022-05-28,100.0,Scriber Creek
5306114,-0.8660254037844384,-0.5000000000000004,27,63,4.61512051684126,3.245699466157232,3.5361166994644386,16.0,14.5,-0.5068573647891768,14.5,7.0,6.3,,,,63.0,2022-08-06,2022-07-30,233.3333333,Scriber Creek
5306114,-0.8660254037844386,0.5000000000000001,28,77,5.456744603000308,5.064614333824001,3.5361166994644386,20.0,17.0,0.8416240861590483,17.0,,6.1,,,,21.0,2022-10-22,2022-10-15,8500.0,Scriber Creek
5306114,0.49999999999999994,-0.8660254037844387,30,64,4.900324273030434,6.468335986216034,3.5361166994644386,6.0,6.0,-4.147614809586925,6.0,7.0,9.8,,,,65.0,2023-05-29,2023-05-22,0.0,Scriber Creek
5306114,-2.4492935982947064e-16,1.0,32,28,4.61512051684126,3.171814929957231,3.5361166994644386,8.0,7.0,4.61512051684126,7.0,7.0,7.9,,,,28.0,2023-12-17,2023-12-10,200.0,Scriber Creek
5306121,-1.0,-1.8369701987210297e-16,2,36,5.589742425403185,5.355860153516811,5.355860153516811,20.0,15.0,0.46776454377274845,15.0,8.0,8.5,,,,36.0,2020-09-16,2020-09-09,333.3333333,Crystal Creek - Upper
5306121,-0.8660254037844386,0.5000000000000001,3,31,5.812138499194125,5.507952935409249,5.589742425403185,22.0,15.0,0.22239607379094029,15.0,8.0,8.1,,,,31.0,2020-10-17,2020-10-10,33.33333333,Crystal Creek - Upper
5306121,-0.5000000000000004,0.8660254037844384,4,23,3.5361166994644386,4.979332541353917,5.355860153516811,13.0,13.0,-2.2760217997296865,13.0,8.0,8.7,,,,23.0,2020-11-09,2020-11-02,33.33333333,Crystal Creek - Upper
5306121,-2.4492935982947064e-16,1.0,5,43,3.5361166994644386,4.2947906327076675,5.121977881630436,6.0,7.0,0.0,7.0,8.0,11.5,,,,43.0,2020-12-22,2020-12-15,100.0,Crystal Creek - Upper
5306121,0.49999999999999994,0.8660254037844387,6,22,4.61512051684126,3.8957846385900456,4.868549199235848,6.0,7.0,1.079003817376821,7.0,7.5,10.4,,,,22.0,2021-01-13,2021-01-06,100.0,Crystal Creek - Upper
5306121,0.8660254037844386,0.5000000000000001,7,30,4.61512051684126,4.255452577715652,4.61512051684126,9.5,8.5,0.0,8.5,8.0,9.8,,,,30.0,2021-02-12,2021-02-05,33.33333333,Crystal Creek - Upper
5306121,1.0,6.123233995736766e-17,8,29,3.5361166994644386,4.255452577715652,4.61512051684126,1.5,5.0,-1.079003817376821,5.0,8.0,10.8,,,,29.0,2021-03-13,2021-03-06,33.33333333,Crystal Creek - Upper
5306121,0.49999999999999994,-0.8660254037844387,9,68,3.5361166994644386,3.8957846385900456,4.61512051684126,7.0,6.0,0.0,6.0,8.0,11.4,,,,68.0,2021-05-20,2021-05-13,0.0,Crystal Creek - Upper
5306121,1.2246467991473532e-16,-1.0,10,24,0.0,2.3574111329762926,4.075618608152849,16.0,16.5,-3.5361166994644386,16.6,8.5,9.7,,,,24.0,2021-06-13,2021-06-06,466.6666667,Crystal Creek - Upper
5306121,-0.4999999999999998,-0.8660254037844388,11,34,6.147755791505627,3.227957496990022,4.61512051684126,18.5,15.0,6.147755791505627,15.0,7.5,8.4,,,,34.0,2021-07-17,2021-07-10,0.0,Crystal Creek - Upper
5306121,-0.8660254037844384,-0.5000000000000004,12,28,0.0,2.049251930501876,4.075618608152849,22.0,15.0,-6.147755791505627,15.0,8.0,8.6,,,,28.0,2021-08-14,2021-08-07,0.0,Crystal Creek - Upper
5306121,-1.0,-1.8369701987210297e-16,13,36,0.0,2.049251930501876,3.5361166994644386,25.0,17.0,0.0,17.0,8.0,9.8,,,,36.0,2021-09-19,2021-09-12,2566.666667,Crystal Creek - Upper
5306121,-0.8660254037844386,0.5000000000000001,14,27,7.850752853814676,2.6169176179382254,4.075618608152849,13.0,13.0,7.850752853814676,14.0,7.5,3.9,,,,27.0,2021-10-16,2021-10-09,400.0,Crystal Creek - Upper
5306121,-0.5000000000000004,0.8660254037844384,15,29,5.993961427306569,4.614904760373748,4.61512051684126,11.0,,-1.8567914265081065,14.0,7.5,3.9,,,,56.0,2021-11-14,2021-11-07,100.0,Crystal Creek - Upper
5306121,0.8660254037844386,0.5000000000000001,16,90,4.61512051684126,6.153278265987502,4.61512051684126,14.0,11.5,-1.3788409104653097,11.5,7.0,9.0,,,,90.0,2022-02-12,2022-02-05,183.3333333,Crystal Creek - Upper
5306121,1.0,6.123233995736766e-17,17,41,5.216745712673394,5.275275885607074,4.61512051684126,10.5,8.0,0.6016251958321339,8.0,7.0,10.2,,,,41.0,2022-03-25,2022-03-18,266.6666667,Crystal Creek - Upper
5306121,0.8660254037844387,-0.49999999999999983,18,21,5.589742425403185,5.140536218305946,4.61512051684126,15.0,11.0,0.3729967127297913,11.0,8.0,9.7,,,,21.0,2022-04-15,2022-04-08,233.3333333,Crystal Creek - Upper
5306121,0.49999999999999994,-0.8660254037844387,19,31,5.456744603000308,5.421077580358961,4.61512051684126,11.0,9.0,-0.13299782240287694,9.0,8.0,10.3,,,,31.0,2022-05-16,2022-05-09,66.66666667,Crystal Creek - Upper
5306121,1.2246467991473532e-16,-1.0,20,32,4.214593690422939,5.087026906275478,4.61512051684126,15.0,13.0,-1.2421509125773689,13.0,8.0,8.6,,,,32.0,2022-06-17,2022-06-10,433.3333333,Crystal Creek - Upper
5306121,-0.4999999999999998,-0.8660254037844388,21,26,6.073812288379989,5.2483835272677455,4.61512051684126,13.0,13.0,1.8592185979570504,13.0,8.5,8.9,,,,26.0,2022-07-13,2022-07-06,100.0,Crystal Creek - Upper
5306121,-0.8660254037844384,-0.5000000000000004,22,37,4.61512051684126,4.967842165214729,4.61512051684126,21.0,15.0,-1.4586917715387298,15.0,8.5,8.9,,,,37.0,2022-08-19,2022-08-12,466.6666667,Crystal Creek - Upper
5306121,-1.0,-1.8369701987210297e-16,23,30,6.147755791505627,5.612229532242292,4.61512051684126,20.5,16.5,1.5326352746643677,16.5,8.0,8.1,,,,30.0,2022-09-18,2022-09-11,33.33333333,Crystal Creek - Upper
5306121,-0.5000000000000004,0.8660254037844384,24,63,3.5361166994644386,4.766331002603775,4.61512051684126,14.0,14.0,-2.6116390920411887,13.0,8.0,9.6,,,,29.0,2022-11-20,2022-11-13,233.3333333,Crystal Creek - Upper
5306121,-2.4492935982947064e-16,1.0,25,27,5.456744603000308,5.0468723646567915,4.61512051684126,2.0,5.5,1.9206279035358693,5.5,8.0,10.7,,,,27.0,2022-12-17,2022-12-10,0.0,Crystal Creek - Upper
5306121,0.49999999999999994,0.8660254037844387,26,29,0.0,2.9976204341549155,4.61512051684126,2.0,5.0,-5.456744603000308,5.0,8.0,11.0,,,,29.0,2023-01-15,2023-01-08,0.0,Crystal Creek - Upper
5306121,0.8660254037844386,0.5000000000000001,27,27,0.0,1.8189148676667692,4.61512051684126,8.0,8.0,0.0,8.0,8.0,9.7,,,,27.0,2023-02-11,2023-02-04,66.66666667,Crystal Creek - Upper
5306121,1.0,6.123233995736766e-17,28,35,4.214593690422939,1.404864563474313,4.61512051684126,7.0,7.5,4.214593690422939,8.0,8.0,9.7,,,,62.0,2023-03-18,2023-03-11,0.0,Crystal Creek - Upper
5306121,0.8660254037844387,-0.49999999999999983,29,29,0.0,1.404864563474313,4.61512051684126,10.0,9.5,-4.214593690422939,9.5,8.0,11.5,,,,29.0,2023-04-16,2023-04-09,133.3333333,Crystal Creek - Upper
5306121,0.49999999999999994,-0.8660254037844387,30,28,4.900324273030434,3.038305987817791,4.61512051684126,7.0,9.0,4.900324273030434,9.0,8.0,10.0,,,,28.0,2023-05-14,2023-05-07,333.3333333,Crystal Creek - Upper
5306121,1.2246467991473532e-16,-1.0,31,31,5.812138499194125,3.570820924074853,4.61512051684126,24.0,14.0,0.911814226163691,14.0,8.5,8.8,,,,31.0,2023-06-14,2023-06-07,333.3333333,Crystal Creek - Upper
5306121,1.2246467991473532e-16,-1.0,32,10,5.812138499194125,5.508200423806227,4.61512051684126,24.0,14.0,0.0,14.0,8.5,8.8,,,,41.0,2023-06-24,2023-06-17,233.3333333,Crystal Creek - Upper
5306121,-0.4999999999999998,-0.8660254037844388,33,26,5.456744603000308,5.693673867129519,4.61512051684126,0.0,0.0,-0.3553938961938172,12.0,8.5,9.5,,,,26.0,2023-07-20,2023-07-13,600.0,Crystal Creek - Upper
5306121,-0.8660254037844384,-0.5000000000000004,34,22,6.398594934535208,5.889159345576547,4.757722394935847,24.0,14.0,0.9418503315348996,14.0,8.0,8.5,,,,22.0,2023-08-11,2023-08-04,366.6666667,Crystal Creek - Upper
5306121,-0.8660254037844386,0.5000000000000001,35,64,5.9071767306760545,5.920838756070523,4.900324273030434,0.0,0.0,-0.491418203859153,14.0,8.0,9.1,,,,28.0,2023-10-14,2023-10-07,133.3333333,Crystal Creek - Upper
5306121,-0.5000000000000004,0.8660254037844384,36,35,4.900324273030434,5.7353653127472315,4.900324273030434,12.0,13.0,-1.0068524576456204,15.0,8.5,8.5,,,,10.0,2023-11-18,2023-11-11,166.6666667,Crystal Creek - Upper
5306121,-2.4492935982947064e-16,1.0,37,27,5.121977881630436,5.309826295112308,4.900324273030434,2.0,6.5,0.22165360860000227,6.5,8.0,10.3,,,,27.0,2023-12-15,2023-12-08,55.55555556,Crystal Creek - Upper
5306121,0.49999999999999994,0.8660254037844387,38,32,4.0352234392928885,4.685841864651253,4.900324273030434,9.0,7.0,-1.086754442337548,7.0,8.0,9.4,,,,32.0,2024-01-16,2024-01-09,22.22222222,Crystal Creek - Upper
5306121,0.49999999999999994,0.8660254037844387,38,36,4.0352234392928885,4.685841864651253,4.900324273030434,9.0,7.0,-1.086754442337548,7.0,8.0,9.4,,,,36.0,2024-01-20,2024-01-13,600.0,Crystal Creek - Upper
5306121,1.0,6.123233995736766e-17,40,57,6.398594934535208,4.526309349453665,4.900324273030434,24.0,14.0,3.25348526000231,3.0,8.0,11.1,,,,61.0,2024-03-17,2024-03-10,22.22222222,Crystal Creek - Upper
5306122,-1.0,-1.8369701987210297e-16,2,34,5.456744603000308,5.035932559920784,5.035932559920784,23.0,18.0,0.8416240861590483,18.0,7.5,7.4,,,,34.0,2020-09-16,2020-09-09,366.6666667,No Name Creek
5306122,-0.8660254037844386,0.5000000000000001,3,31,5.9071767306760545,5.326347283505874,5.456744603000308,25.0,16.0,0.4504321276757466,16.0,8.0,8.0,,,,31.0,2020-10-17,2020-10-10,33.33333333,No Name Creek
5306122,-0.5000000000000004,0.8660254037844384,4,23,3.5361166994644386,4.966679344380267,5.035932559920784,13.5,14.0,-2.371060031211616,14.0,8.0,8.3,,,,23.0,2020-11-09,2020-11-02,100.0,No Name Creek
5306122,-2.4492935982947064e-16,1.0,5,43,4.61512051684126,4.68613798232725,4.61512051684126,6.0,10.0,1.079003817376821,10.0,8.0,9.1,,,,43.0,2020-12-22,2020-12-15,0.0,No Name Creek
5306122,0.49999999999999994,0.8660254037844387,6,22,0.0,2.7170790721018996,4.61512051684126,4.5,9.0,-4.61512051684126,9.0,7.0,9.6,,,,22.0,2021-01-13,2021-01-06,0.0,No Name Creek
5306122,0.8660254037844386,0.5000000000000001,7,30,0.0,1.5383735056137533,4.61512051684126,,,0.0,10.5,7.0,9.1,,,,30.0,2021-02-12,2021-02-05,33.33333333,No Name Creek
5306122,1.0,6.123233995736766e-17,8,29,3.5361166994644386,1.1787055664881463,4.075618608152849,1.5,8.0,3.5361166994644386,8.0,7.5,10.3,,,,29.0,2021-03-13,2021-03-06,66.66666667,No Name Creek
5306122,0.49999999999999994,-0.8660254037844387,9,68,4.214593690422939,2.583570129962459,4.214593690422939,10.0,9.0,0.6784769909585004,9.0,8.0,10.5,,,,68.0,2021-05-20,2021-05-13,33.33333333,No Name Creek
5306122,1.2246467991473532e-16,-1.0,10,24,3.5361166994644386,3.762275696450605,3.8753551949436886,15.0,13.0,-0.6784769909585004,13.0,8.0,8.8,,,,24.0,2021-06-13,2021-06-06,166.6666667,No Name Creek
5306122,-0.4999999999999998,-0.8660254037844388,11,34,5.121977881630436,4.290896090505938,4.214593690422939,16.5,16.0,1.5858611821659978,16.0,7.5,8.2,,,,34.0,2021-07-17,2021-07-10,100.0,No Name Creek
5306122,-0.8660254037844384,-0.5000000000000004,12,28,4.61512051684126,4.424405032645378,4.4148571036321,24.5,19.0,-0.5068573647891768,16.0,7.5,8.2,,,,62.0,2021-08-14,2021-08-07,0.0,No Name Creek
5306122,-1.0,-1.8369701987210297e-16,13,36,0.0,3.245699466157232,4.214593690422939,26.0,18.0,-4.61512051684126,18.0,8.0,9.2,,,,36.0,2021-09-19,2021-09-12,1033.333333,No Name Creek
5306122,-0.8660254037844386,0.5000000000000001,14,27,6.941512375458002,3.852210964099754,4.4148571036321,13.5,14.0,6.941512375458002,11.5,8.0,8.4,,,,10.0,2021-10-16,2021-10-09,66.66666667,No Name Creek
5306122,-0.5000000000000004,0.8660254037844384,15,29,4.214593690422939,3.7187020219603135,4.214593690422939,12.0,11.5,-2.726918685035063,11.5,8.0,8.4,,,,39.0,2021-11-14,2021-11-07,100.0,No Name Creek
5306122,-2.4492935982947064e-16,1.0,16,32,4.61512051684126,5.257075527574067,4.4148571036321,15.5,13.0,0.4005268264183206,13.0,7.5,8.4,,,,32.0,2021-12-16,2021-12-09,200.0,No Name Creek
5306122,0.49999999999999994,0.8660254037844387,17,37,5.303304908059076,4.711006371774425,4.61512051684126,5.0,9.0,0.688184391217816,9.0,8.0,9.7,,,,37.0,2022-01-22,2022-01-15,0.0,No Name Creek
5306122,0.8660254037844386,0.5000000000000001,18,21,0.0,3.3061418083001115,4.4148571036321,7.0,10.0,-5.303304908059076,10.0,8.0,9.6,,,,22.0,2022-02-12,2022-02-05,483.3333333,No Name Creek
5306122,1.0,6.123233995736766e-17,19,41,6.18277337483335,3.8286927609641417,4.61512051684126,10.5,10.0,6.18277337483335,10.0,7.0,9.7,,,,41.0,2022-03-25,2022-03-18,266.6666667,No Name Creek
5306122,0.8660254037844387,-0.49999999999999983,20,21,5.589742425403185,3.9241719334121785,4.61512051684126,16.0,12.0,-0.5930309494301653,12.0,8.0,9.3,,,,21.0,2022-04-15,2022-04-08,0.0,No Name Creek
5306122,0.49999999999999994,-0.8660254037844387,21,31,0.0,3.9241719334121785,4.61512051684126,10.0,12.0,-5.589742425403185,12.0,8.0,11.0,,,,31.0,2022-05-16,2022-05-09,600.0,No Name Creek
5306122,-0.4999999999999998,-0.8660254037844388,22,58,6.398594934535208,3.996112453312797,4.61512051684126,15.0,15.0,6.398594934535208,12.0,7.5,8.2,,,,26.0,2022-07-13,2022-07-06,0.0,No Name Creek
5306122,-0.8660254037844384,-0.5000000000000004,23,37,0.0,2.1328649781784024,4.61512051684126,18.5,15.5,-6.398594934535208,15.5,8.0,7.6,,,,37.0,2022-08-19,2022-08-12,766.6666667,No Name Creek
5306122,-1.0,-1.8369701987210297e-16,24,30,6.6433556111959975,4.347316848577068,4.61512051684126,21.0,17.0,6.6433556111959975,17.0,7.5,7.1,,,,30.0,2022-09-18,2022-09-11,66.66666667,No Name Creek
5306122,-0.8660254037844386,0.5000000000000001,25,34,4.214593690422939,3.6193164338729793,4.61512051684126,14.5,14.0,-2.4287619207730584,14.0,8.0,8.6,,,,34.0,2022-10-22,2022-10-15,3200.0,No Name Creek
5306122,-0.5000000000000004,0.8660254037844384,26,29,8.071218539969863,6.309722613862934,4.61512051684126,10.0,12.0,3.8566248495469235,12.0,8.0,8.6,,,,29.0,2022-11-20,2022-11-13,100.0,No Name Creek
5306122,-2.4492935982947064e-16,1.0,27,27,4.61512051684126,5.633644249078021,4.61512051684126,3.0,8.0,-3.456098023128603,8.0,8.0,9.5,,,,27.0,2022-12-17,2022-12-10,66.66666667,No Name Creek
5306122,0.49999999999999994,0.8660254037844387,28,29,4.214593690422939,5.63364424907802,4.61512051684126,0.0,0.0,-0.4005268264183206,12.0,8.0,9.6,,,,29.0,2023-01-15,2023-01-08,33.33333333,No Name Creek
5306122,0.8660254037844386,0.5000000000000001,29,27,3.5361166994644386,4.121943635576213,4.61512051684126,0.0,0.0,-0.6784769909585004,10.0,8.0,8.8,,,,27.0,2023-02-11,2023-02-04,166.6666667,No Name Creek
5306122,1.0,6.123233995736766e-17,30,35,5.121977881630436,4.290896090505938,4.61512051684126,8.5,9.0,1.5858611821659978,10.0,8.0,8.8,,,,62.0,2023-03-18,2023-03-11,0.0,No Name Creek
5306122,0.8660254037844387,-0.49999999999999983,31,29,0.0,2.886031527031625,4.61512051684126,12.0,8.0,-5.121977881630436,8.0,8.0,10.2,,,,29.0,2023-04-16,2023-04-09,400.0,No Name Creek
5306122,0.49999999999999994,-0.8660254037844387,32,28,5.993961427306569,3.7053131029790016,4.61512051684126,9.0,10.0,5.993961427306569,10.0,7.0,10.3,,,,28.0,2023-05-14,2023-05-07,466.6666667,No Name Creek
5306122,1.2246467991473532e-16,-1.0,33,41,6.147755791505627,4.047239072937399,4.61512051684126,23.0,14.0,0.153794364199058,14.0,8.0,8.1,,,,41.0,2023-06-24,2023-06-17,33.33333333,No Name Creek
5306122,-0.4999999999999998,-0.8660254037844388,34,26,3.5361166994644386,5.225944639425545,4.61512051684126,17.0,13.0,-2.6116390920411887,13.0,8.0,9.6,,,,26.0,2023-07-20,2023-07-13,133.3333333,No Name Creek
5306122,-0.8660254037844384,-0.5000000000000004,35,22,4.900324273030434,4.8613989213335,4.61512051684126,24.0,18.0,1.3642075735659955,18.0,8.0,8.4,,,,22.0,2023-08-11,2023-08-04,66.66666667,No Name Creek
5306122,-0.8660254037844386,0.5000000000000001,36,64,4.214593690422939,4.217011554305937,4.61512051684126,23.0,16.0,-0.6857305826074951,17.0,8.5,7.6,,,,28.0,2023-10-14,2023-10-07,133.3333333,No Name Creek
5306122,-0.5000000000000004,0.8660254037844384,37,35,4.900324273030434,4.671747412161269,4.61512051684126,12.0,14.0,0.6857305826074951,16.0,8.0,8.0,,,,10.0,2023-11-18,2023-11-11,66.66666667,No Name Creek
5306122,-2.4492935982947064e-16,1.0,38,27,4.214593690422939,4.443170551292104,4.61512051684126,3.0,10.0,-0.6857305826074951,10.0,8.0,19.4,,,,27.0,2023-12-15,2023-12-08,0.0,No Name Creek
5306122,0.49999999999999994,0.8660254037844387,39,32,0.0,3.038305987817791,4.61512051684126,10.0,10.0,-4.214593690422939,10.0,7.5,9.1,,,,32.0,2024-01-16,2024-01-09,66.66666667,No Name Creek
5306122,1.0,6.123233995736766e-17,40,61,4.214593690422939,2.809729126948626,4.4148571036321,4.0,7.0,4.214593690422939,5.0,8.0,11.2,,,,61.0,2024-03-17,2024-03-10,0.0,No Name Creek
5306123,-1.0,-1.8369701987210297e-16,2,35,0.0,2.560988940815218,2.560988940815218,17.0,23.0,-5.121977881630436,21.0,8.0,7.6,,,,35.0,2020-09-16,2020-09-09,33.33333333,Crystal Creek -Lower
5306123,-0.8660254037844386,0.5000000000000001,3,31,3.5361166994644386,2.886031527031625,3.5361166994644386,18.0,19.0,3.5361166994644386,19.0,8.0,5.4,,,,31.0,2020-10-17,2020-10-10,33.33333333,Crystal Creek -Lower
5306123,-0.5000000000000004,0.8660254037844384,4,23,3.5361166994644386,2.3574111329762926,3.5361166994644386,13.0,14.5,0.0,14.5,8.0,7.5,,,,23.0,2020-11-09,2020-11-02,133.3333333,Crystal Creek -Lower
5306123,-2.4492935982947064e-16,1.0,5,43,4.900324273030434,3.9908525573197706,3.5361166994644386,3.0,8.0,1.3642075735659955,8.0,8.0,8.3,,,,43.0,2020-12-22,2020-12-15,200.0,Crystal Creek -Lower
5306123,0.49999999999999994,0.8660254037844387,6,22,5.303304908059076,4.579915293517983,4.218220486247437,4.0,7.0,0.40298063502864157,7.0,8.0,9.6,,,,22.0,2021-01-13,2021-01-06,133.3333333,Crystal Creek -Lower
5306123,0.8660254037844386,0.5000000000000001,7,30,4.900324273030434,5.034651151373315,4.900324273030434,9.0,9.0,-0.40298063502864157,9.0,7.5,9.7,,,,30.0,2021-02-12,2021-02-05,0.0,Crystal Creek -Lower
5306123,1.0,6.123233995736766e-17,8,29,0.0,3.401209727029837,4.218220486247437,1.0,6.0,-4.900324273030434,6.0,8.0,11.3,,,,29.0,2021-03-13,2021-03-06,0.0,Crystal Creek -Lower
5306123,0.49999999999999994,-0.8660254037844387,9,68,0.0,1.633441424343478,3.5361166994644386,9.0,8.0,0.0,8.0,8.0,11.7,,,,68.0,2021-05-20,2021-05-13,0.0,Crystal Creek -Lower
5306123,1.2246467991473532e-16,-1.0,10,24,0.0,0.0,3.5361166994644386,17.5,12.0,0.0,12.0,8.0,9.1,,,,24.0,2021-06-13,2021-06-06,0.0,Crystal Creek -Lower
5306123,-0.4999999999999998,-0.8660254037844388,11,34,0.0,0.0,3.5361166994644386,19.0,19.5,0.0,19.5,8.5,9.8,,,,34.0,2021-07-17,2021-07-10,0.0,Crystal Creek -Lower
5306123,-0.8660254037844384,-0.5000000000000004,12,28,0.0,0.0,1.7680583497322193,22.0,21.0,0.0,19.5,8.5,9.8,,,,62.0,2021-08-14,2021-08-07,0.0,Crystal Creek -Lower
5306123,-1.0,-1.8369701987210297e-16,13,36,0.0,0.0,0.0,24.0,25.0,0.0,24.5,8.5,8.75,,,,36.0,2021-09-19,2021-09-12,233.3333333,Crystal Creek -Lower
5306123,-0.8660254037844386,0.5000000000000001,14,27,5.456744603000308,1.8189148676667692,1.7680583497322193,13.0,15.0,5.456744603000308,15.0,7.0,6.2,,,,27.0,2021-10-16,2021-10-09,933.3333333,Crystal Creek -Lower
5306123,-0.5000000000000004,0.8660254037844384,15,29,6.839833262461003,4.098859288487104,3.5361166994644386,12.5,13.0,1.3830886594606948,13.0,7.5,8.6,,,,29.0,2021-11-14,2021-11-07,33.33333333,Crystal Creek -Lower
5306123,-2.4492935982947064e-16,1.0,16,32,3.5361166994644386,5.27756485497525,3.5361166994644386,14.5,10.0,-3.303716562996564,10.0,7.5,7.8,,,,32.0,2021-12-16,2021-12-09,33.33333333,Crystal Creek -Lower
5306123,0.49999999999999994,0.8660254037844387,17,37,3.5361166994644386,4.637355553796627,3.5361166994644386,6.0,6.0,0.0,6.0,8.0,8.7,,,,37.0,2022-01-22,2022-01-15,0.0,Crystal Creek -Lower
5306123,0.8660254037844386,0.5000000000000001,18,21,0.0,2.3574111329762926,3.5361166994644386,6.0,8.5,-3.5361166994644386,8.5,8.0,10.2,,,,22.0,2022-02-12,2022-02-05,100.0,Crystal Creek -Lower
5306123,1.0,6.123233995736766e-17,19,41,4.61512051684126,2.7170790721018996,3.5361166994644386,12.0,8.0,4.61512051684126,8.0,8.0,11.2,,,,41.0,2022-03-25,2022-03-18,33.33333333,Crystal Creek -Lower
5306123,0.8660254037844387,-0.49999999999999983,20,21,3.5361166994644386,2.7170790721018996,3.5361166994644386,15.0,12.0,-1.079003817376821,11.0,9.0,15.9,,,,21.0,2022-04-15,2022-04-08,33.33333333,Crystal Creek -Lower
5306123,0.49999999999999994,-0.8660254037844387,21,31,3.5361166994644386,3.8957846385900456,3.5361166994644386,9.5,10.0,0.0,10.0,8.5,14.1,,,,31.0,2022-05-16,2022-05-09,0.0,Crystal Creek -Lower
5306123,-0.4999999999999998,-0.8660254037844388,22,58,0.0,2.3574111329762926,3.5361166994644386,13.0,16.0,-3.5361166994644386,16.0,8.0,9.9,,,,58.0,2022-07-13,2022-07-06,0.0,Crystal Creek -Lower
5306123,-0.8660254037844384,-0.5000000000000004,23,37,0.0,1.1787055664881463,3.5361166994644386,19.0,22.0,0.0,22.0,8.5,8.4,,,,37.0,2022-08-19,2022-08-12,0.0,Crystal Creek -Lower
5306123,-1.0,-1.8369701987210297e-16,24,30,0.0,0.0,3.5361166994644386,19.0,19.0,0.0,19.0,9.0,8.9,,,,30.0,2022-09-18,2022-09-11,33.33333333,Crystal Creek -Lower
5306123,-0.5000000000000004,0.8660254037844384,25,63,3.5361166994644386,1.1787055664881463,3.5361166994644386,0.0,0.0,3.5361166994644386,13.0,8.0,7.7,,,,29.0,2022-11-20,2022-11-13,0.0,Crystal Creek -Lower
5306123,-2.4492935982947064e-16,1.0,26,27,0.0,1.1787055664881463,3.5361166994644386,3.0,5.0,-3.5361166994644386,5.0,8.0,8.7,,,,27.0,2022-12-17,2022-12-10,0.0,Crystal Creek -Lower
5306123,0.49999999999999994,0.8660254037844387,27,29,0.0,1.1787055664881463,3.5361166994644386,0.0,5.0,0.0,5.0,8.0,9.3,,,,29.0,2023-01-15,2023-01-08,66.66666667,Crystal Creek -Lower
5306123,0.8660254037844386,0.5000000000000001,28,27,4.214593690422939,1.404864563474313,3.5361166994644386,8.5,8.0,4.214593690422939,8.0,7.5,9.5,,,,27.0,2023-02-11,2023-02-04,0.0,Crystal Creek -Lower
5306123,1.0,6.123233995736766e-17,29,35,0.0,1.404864563474313,3.5361166994644386,8.0,8.0,-4.214593690422939,8.0,7.5,9.5,,,,62.0,2023-03-18,2023-03-11,0.0,Crystal Creek -Lower
5306123,0.8660254037844387,-0.49999999999999983,30,29,0.0,1.404864563474313,1.7680583497322193,14.0,11.0,0.0,11.0,8.0,10.6,,,,29.0,2023-04-16,2023-04-09,400.0,Crystal Creek -Lower
5306123,0.49999999999999994,-0.8660254037844387,31,28,5.993961427306569,1.9979871424355231,3.5361166994644386,0.0,0.0,5.993961427306569,10.0,8.0,11.8,,,,28.0,2023-05-14,2023-05-07,0.0,Crystal Creek -Lower
5306123,1.2246467991473532e-16,-1.0,32,41,0.0,1.9979871424355231,1.7680583497322193,25.0,20.0,-5.993961427306569,20.0,8.5,8.4,,,,41.0,2023-06-24,2023-06-17,0.0,Crystal Creek -Lower
5306123,-0.4999999999999998,-0.8660254037844388,33,26,0.0,1.9979871424355231,0.0,18.0,19.0,0.0,19.0,8.5,9.0,,,,26.0,2023-07-20,2023-07-13,0.0,Crystal Creek -Lower
5306123,-0.8660254037844384,-0.5000000000000004,34,22,0.0,0.0,0.0,24.0,25.0,0.0,24.0,9.0,8.2,,,,22.0,2023-08-11,2023-08-04,0.0,Crystal Creek -Lower
5306123,-0.8660254037844386,0.5000000000000001,35,64,0.0,0.0,0.0,24.0,22.0,0.0,12.5,8.0,8.2,,,,28.0,2023-10-14,2023-10-07,0.0,Crystal Creek -Lower
5306123,-0.5000000000000004,0.8660254037844384,36,35,0.0,0.0,0.0,14.0,15.0,0.0,22.0,8.5,8.0,,,,10.0,2023-11-18,2023-11-11,0.0,Crystal Creek -Lower
5306123,-2.4492935982947064e-16,1.0,37,27,0.0,0.0,0.0,0.0,0.0,0.0,6.0,8.0,8.6,,,,27.0,2023-12-15,2023-12-08,11.11111111,Crystal Creek -Lower
5306123,0.49999999999999994,0.8660254037844387,38,32,2.4941233048011813,0.8313744349337271,0.0,10.5,7.0,2.4941233048011813,7.0,7.5,8.9,,,,32.0,2024-01-16,2024-01-09,33.33333333,Crystal Creek -Lower
5306123,1.0,6.123233995736766e-17,39,61,3.5361166994644386,2.010080001421873,0.0,0.0,0.0,1.0419933946632574,7.0,7.5,8.9,,,,93.0,2024-03-17,2024-03-10,11.11111111,Crystal Creek -Lower
