site,target,planned_sample_date,issue_date,status,predicted,experimental_tail_probability,experimental_flag,target_age_days,selected_model,risk_model
241118180336,ecoli,2026-04-20,2026-04-13,eligible,2.3062004366018516,0.23236009732360097,False,44.0,forest,constant_prevalence
241118180336,other_coliform,2026-04-20,2026-04-13,eligible,66.67000000000003,0.014291896905454854,False,44.0,last_observation,forest
241118180336,water_temperature,2026-04-20,2026-04-13,eligible,11.158226145539704,0.033402065681293176,False,44.0,forest,forest
241118180336,dissolved_oxygen,2026-04-20,2026-04-13,eligible,10.792838545772504,0.011707695119881803,False,44.0,forest,forest
241118180336,oxygen_saturation,2026-04-20,2026-04-13,eligible,94.01189188039652,0.05615459591612504,False,44.0,forest,forest
241118180336,ph,2026-04-20,2026-04-13,eligible,7.93,0.16456540386292293,True,44.0,last_observation,forest
241118180336,conductivity,2026-04-20,2026-04-13,eligible,246.99969221459392,0.18059299191374664,False,44.0,forest,constant_prevalence
241118180336,nitrate,2026-04-20,2026-04-13,eligible,1.349468024894146,0.34140925207742173,True,44.0,site_median,forest
241118180336,phosphate,2026-04-20,2026-04-13,insufficient_training_history,,,,,,
241118180336,turbidity_reported,2026-04-20,2026-04-13,eligible,1.8845396337568492,0.05170246773343841,False,44.0,site_seasonal,forest
241118180336,turbidity_legacy,2026-04-20,2026-04-13,fewer_than_two_available_target_samples,,,,,,
241118180336,suspended_solids,2026-04-20,2026-04-13,insufficient_training_history,,,,,,
241118180336,alkalinity,2026-04-20,2026-04-13,fewer_than_two_available_target_samples,,,,,,
241118180336,hardness,2026-04-20,2026-04-13,fewer_than_two_available_target_samples,,,,,,
241118180336,salinity,2026-04-20,2026-04-13,fewer_than_two_available_target_samples,,,,,,
241118181240,ecoli,2026-04-20,2026-04-13,eligible,2.9024187290324495,0.23236009732360097,False,44.0,forest,constant_prevalence
241118181240,other_coliform,2026-04-20,2026-04-13,eligible,133.32999999999996,0.018436023029255774,False,44.0,last_observation,forest
241118181240,water_temperature,2026-04-20,2026-04-13,eligible,11.0925250435389,0.03157010163570684,False,44.0,forest,forest
241118181240,dissolved_oxygen,2026-04-20,2026-04-13,eligible,10.8608676260251,0.002935599869238313,False,44.0,forest,forest
241118181240,oxygen_saturation,2026-04-20,2026-04-13,eligible,94.0463468726857,0.05203847819216418,False,44.0,forest,forest
241118181240,ph,2026-04-20,2026-04-13,eligible,8.14,0.3547771645228639,True,44.0,last_observation,forest
241118181240,conductivity,2026-04-20,2026-04-13,eligible,247.41131102845438,0.18059299191374664,False,44.0,forest,constant_prevalence
241118181240,nitrate,2026-04-20,2026-04-13,eligible,1.2640671368137475,0.3457612274403504,True,44.0,site_median,forest
241118181240,phosphate,2026-04-20,2026-04-13,insufficient_training_history,,,,,,
241118181240,turbidity_reported,2026-04-20,2026-04-13,eligible,3.603252290064339,0.11670385600605508,False,44.0,site_seasonal,forest
241118181240,turbidity_legacy,2026-04-20,2026-04-13,fewer_than_two_available_target_samples,,,,,,
241118181240,suspended_solids,2026-04-20,2026-04-13,insufficient_training_history,,,,,,
241118181240,alkalinity,2026-04-20,2026-04-13,fewer_than_two_available_target_samples,,,,,,
241118181240,hardness,2026-04-20,2026-04-13,fewer_than_two_available_target_samples,,,,,,
241118181240,salinity,2026-04-20,2026-04-13,fewer_than_two_available_target_samples,,,,,,
241118181609,ecoli,2026-04-20,2026-04-13,eligible,101.75089221055045,0.23236009732360097,False,44.0,forest,constant_prevalence
241118181609,other_coliform,2026-04-20,2026-04-13,eligible,266.6699999999999,0.09723927724126787,False,44.0,last_observation,forest
241118181609,water_temperature,2026-04-20,2026-04-13,eligible,11.249745398935568,0.02197056502682637,False,44.0,forest,forest
241118181609,dissolved_oxygen,2026-04-20,2026-04-13,eligible,11.009513771760973,0.0020579225842383736,False,44.0,forest,forest
241118181609,oxygen_saturation,2026-04-20,2026-04-13,eligible,95.39039217496455,0.05515238244332333,False,44.0,forest,forest
241118181609,ph,2026-04-20,2026-04-13,eligible,7.63,0.12680905503188108,True,44.0,last_observation,forest
241118181609,conductivity,2026-04-20,2026-04-13,eligible,204.43957042867805,0.18059299191374664,False,44.0,forest,constant_prevalence
241118181609,nitrate,2026-04-20,2026-04-13,eligible,1.0,0.3093459273707656,True,44.0,site_median,forest
241118181609,phosphate,2026-04-20,2026-04-13,insufficient_training_history,,,,,,
241118181609,turbidity_reported,2026-04-20,2026-04-13,eligible,1.704679141200771,0.09505508230436688,False,44.0,site_seasonal,forest
241118181609,turbidity_legacy,2026-04-20,2026-04-13,fewer_than_two_available_target_samples,,,,,,
241118181609,suspended_solids,2026-04-20,2026-04-13,insufficient_training_history,,,,,,
241118181609,alkalinity,2026-04-20,2026-04-13,fewer_than_two_available_target_samples,,,,,,
241118181609,hardness,2026-04-20,2026-04-13,fewer_than_two_available_target_samples,,,,,,
241118181609,salinity,2026-04-20,2026-04-13,fewer_than_two_available_target_samples,,,,,,
241118181741,ecoli,2026-04-20,2026-04-13,eligible,21.632137862922406,0.23236009732360097,False,44.0,forest,constant_prevalence
241118181741,other_coliform,2026-04-20,2026-04-13,eligible,1266.6700000000003,0.1398121891045558,False,44.0,last_observation,forest
241118181741,water_temperature,2026-04-20,2026-04-13,eligible,11.332352192028543,0.02304062506270744,False,44.0,forest,forest
241118181741,dissolved_oxygen,2026-04-20,2026-04-13,eligible,9.680470001758133,0.03883342308128294,False,44.0,forest,forest
241118181741,oxygen_saturation,2026-04-20,2026-04-13,eligible,86.14711661219494,0.09352879955677086,False,44.0,forest,forest
241118181741,ph,2026-04-20,2026-04-13,eligible,7.77,0.15907716340255298,True,44.0,last_observation,forest
241118181741,conductivity,2026-04-20,2026-04-13,eligible,208.861941454361,0.18059299191374664,False,44.0,forest,constant_prevalence
241118181741,nitrate,2026-04-20,2026-04-13,eligible,1.1,0.3116630333671609,True,44.0,site_median,forest
241118181741,phosphate,2026-04-20,2026-04-13,insufficient_training_history,,,,,,
241118181741,turbidity_reported,2026-04-20,2026-04-13,eligible,1.628289735980015,0.10981748385469811,False,44.0,site_seasonal,forest
241118181741,turbidity_legacy,2026-04-20,2026-04-13,fewer_than_two_available_target_samples,,,,,,
241118181741,suspended_solids,2026-04-20,2026-04-13,insufficient_training_history,,,,,,
241118181741,alkalinity,2026-04-20,2026-04-13,fewer_than_two_available_target_samples,,,,,,
241118181741,hardness,2026-04-20,2026-04-13,fewer_than_two_available_target_samples,,,,,,
241118181741,salinity,2026-04-20,2026-04-13,fewer_than_two_available_target_samples,,,,,,
241118181852,ecoli,2026-04-20,2026-04-13,target_history_older_than_120_days,,,,,,
241118181852,other_coliform,2026-04-20,2026-04-13,target_history_older_than_120_days,,,,,,
241118181852,water_temperature,2026-04-20,2026-04-13,target_history_older_than_120_days,,,,,,
241118181852,dissolved_oxygen,2026-04-20,2026-04-13,target_history_older_than_120_days,,,,,,
241118181852,oxygen_saturation,2026-04-20,2026-04-13,target_history_older_than_120_days,,,,,,
241118181852,ph,2026-04-20,2026-04-13,target_history_older_than_120_days,,,,,,
241118181852,conductivity,2026-04-20,2026-04-13,target_history_older_than_120_days,,,,,,
241118181852,nitrate,2026-04-20,2026-04-13,target_history_older_than_120_days,,,,,,
241118181852,phosphate,2026-04-20,2026-04-13,insufficient_training_history,,,,,,
241118181852,turbidity_reported,2026-04-20,2026-04-13,target_history_older_than_120_days,,,,,,
241118181852,turbidity_legacy,2026-04-20,2026-04-13,fewer_than_two_available_target_samples,,,,,,
241118181852,suspended_solids,2026-04-20,2026-04-13,insufficient_training_history,,,,,,
241118181852,alkalinity,2026-04-20,2026-04-13,fewer_than_two_available_target_samples,,,,,,
241118181852,hardness,2026-04-20,2026-04-13,fewer_than_two_available_target_samples,,,,,,
241118181852,salinity,2026-04-20,2026-04-13,fewer_than_two_available_target_samples,,,,,,
241118182046,ecoli,2026-04-20,2026-04-13,target_history_older_than_120_days,,,,,,
241118182046,other_coliform,2026-04-20,2026-04-13,target_history_older_than_120_days,,,,,,
241118182046,water_temperature,2026-04-20,2026-04-13,target_history_older_than_120_days,,,,,,
241118182046,dissolved_oxygen,2026-04-20,2026-04-13,target_history_older_than_120_days,,,,,,
241118182046,oxygen_saturation,2026-04-20,2026-04-13,target_history_older_than_120_days,,,,,,
241118182046,ph,2026-04-20,2026-04-13,target_history_older_than_120_days,,,,,,
241118182046,conductivity,2026-04-20,2026-04-13,target_history_older_than_120_days,,,,,,
241118182046,nitrate,2026-04-20,2026-04-13,target_history_older_than_120_days,,,,,,
241118182046,phosphate,2026-04-20,2026-04-13,insufficient_training_history,,,,,,
241118182046,turbidity_reported,2026-04-20,2026-04-13,target_history_older_than_120_days,,,,,,
241118182046,turbidity_legacy,2026-04-20,2026-04-13,fewer_than_two_available_target_samples,,,,,,
241118182046,suspended_solids,2026-04-20,2026-04-13,insufficient_training_history,,,,,,
241118182046,alkalinity,2026-04-20,2026-04-13,fewer_than_two_available_target_samples,,,,,,
241118182046,hardness,2026-04-20,2026-04-13,fewer_than_two_available_target_samples,,,,,,
241118182046,salinity,2026-04-20,2026-04-13,fewer_than_two_available_target_samples,,,,,,
241118182150,ecoli,2026-04-20,2026-04-13,eligible,11.899686855316938,0.23236009732360097,False,43.0,forest,constant_prevalence
241118182150,other_coliform,2026-04-20,2026-04-13,eligible,266.6699999999999,0.04720059912042802,False,43.0,last_observation,forest
241118182150,water_temperature,2026-04-20,2026-04-13,eligible,10.965939615067803,0.029445821530758007,False,106.0,forest,forest
241118182150,dissolved_oxygen,2026-04-20,2026-04-13,eligible,10.576210914404031,0.034323585421869286,False,106.0,forest,forest
241118182150,oxygen_saturation,2026-04-20,2026-04-13,eligible,93.45705046290173,0.058525276635076055,False,106.0,forest,forest
241118182150,ph,2026-04-20,2026-04-13,eligible,8.19,0.33160159877294115,True,106.0,last_observation,forest
241118182150,conductivity,2026-04-20,2026-04-13,eligible,248.40907583950963,0.18059299191374664,False,106.0,forest,constant_prevalence
241118182150,nitrate,2026-04-20,2026-04-13,eligible,1.5,0.45321920607470323,True,106.0,site_median,forest
241118182150,phosphate,2026-04-20,2026-04-13,insufficient_training_history,,,,,,
241118182150,turbidity_reported,2026-04-20,2026-04-13,eligible,1.2528638904094493,0.15292377461278897,False,106.0,site_seasonal,forest
241118182150,turbidity_legacy,2026-04-20,2026-04-13,fewer_than_two_available_target_samples,,,,,,
241118182150,suspended_solids,2026-04-20,2026-04-13,insufficient_training_history,,,,,,
241118182150,alkalinity,2026-04-20,2026-04-13,fewer_than_two_available_target_samples,,,,,,
241118182150,hardness,2026-04-20,2026-04-13,fewer_than_two_available_target_samples,,,,,,
241118182150,salinity,2026-04-20,2026-04-13,fewer_than_two_available_target_samples,,,,,,
241118182245,ecoli,2026-04-20,2026-04-13,eligible,4.571670078117782,0.23236009732360097,False,43.0,forest,constant_prevalence
241118182245,other_coliform,2026-04-20,2026-04-13,eligible,166.66999999999993,0.01569986532569262,False,43.0,last_observation,forest
241118182245,water_temperature,2026-04-20,2026-04-13,eligible,11.145474090146903,0.028138121071082066,False,60.0,forest,forest
241118182245,dissolved_oxygen,2026-04-20,2026-04-13,eligible,10.444803466138595,0.005440138808559861,False,60.0,forest,forest
241118182245,oxygen_saturation,2026-04-20,2026-04-13,eligible,94.33111492668321,0.05551984996680108,False,60.0,forest,forest
241118182245,ph,2026-04-20,2026-04-13,eligible,7.64,0.19395995880581796,True,60.0,last_observation,forest
241118182245,conductivity,2026-04-20,2026-04-13,eligible,252.53920566592132,0.18059299191374664,False,106.0,forest,constant_prevalence
241118182245,nitrate,2026-04-20,2026-04-13,eligible,1.5999999999999999,0.33981459789164453,True,60.0,site_median,forest
241118182245,phosphate,2026-04-20,2026-04-13,insufficient_training_history,,,,,,
241118182245,turbidity_reported,2026-04-20,2026-04-13,eligible,1.2361470477140748,0.14831164804164143,False,60.0,site_seasonal,forest
241118182245,turbidity_legacy,2026-04-20,2026-04-13,fewer_than_two_available_target_samples,,,,,,
241118182245,suspended_solids,2026-04-20,2026-04-13,insufficient_training_history,,,,,,
241118182245,alkalinity,2026-04-20,2026-04-13,fewer_than_two_available_target_samples,,,,,,
241118182245,hardness,2026-04-20,2026-04-13,fewer_than_two_available_target_samples,,,,,,
241118182245,salinity,2026-04-20,2026-04-13,fewer_than_two_available_target_samples,,,,,,
241118182407,ecoli,2026-04-20,2026-04-13,eligible,16.90172120704037,0.23236009732360097,False,43.0,forest,constant_prevalence
241118182407,other_coliform,2026-04-20,2026-04-13,eligible,166.66999999999993,0.022538311490511782,False,43.0,last_observation,forest
241118182407,water_temperature,2026-04-20,2026-04-13,eligible,10.967723179074392,0.019907781027200266,False,60.0,forest,forest
241118182407,dissolved_oxygen,2026-04-20,2026-04-13,eligible,10.747007220107854,0.003426946153261943,False,60.0,forest,forest
241118182407,oxygen_saturation,2026-04-20,2026-04-13,eligible,95.01075477523693,0.05641426419454864,False,60.0,forest,forest
241118182407,ph,2026-04-20,2026-04-13,eligible,7.69,0.2474479769150549,True,60.0,last_observation,forest
241118182407,conductivity,2026-04-20,2026-04-13,eligible,247.09045452693,0.18059299191374664,False,106.0,forest,constant_prevalence
241118182407,nitrate,2026-04-20,2026-04-13,eligible,1.5,0.33890027949653034,True,60.0,site_median,forest
241118182407,phosphate,2026-04-20,2026-04-13,insufficient_training_history,,,,,,
241118182407,turbidity_reported,2026-04-20,2026-04-13,eligible,0.8518492991684105,0.15197702690783613,False,60.0,site_seasonal,forest
241118182407,turbidity_legacy,2026-04-20,2026-04-13,fewer_than_two_available_target_samples,,,,,,
241118182407,suspended_solids,2026-04-20,2026-04-13,insufficient_training_history,,,,,,
241118182407,alkalinity,2026-04-20,2026-04-13,fewer_than_two_available_target_samples,,,,,,
241118182407,hardness,2026-04-20,2026-04-13,fewer_than_two_available_target_samples,,,,,,
241118182407,salinity,2026-04-20,2026-04-13,fewer_than_two_available_target_samples,,,,,,
241118182520,ecoli,2026-04-20,2026-04-13,eligible,76.80250943161033,0.23236009732360097,False,43.0,forest,constant_prevalence
241118182520,other_coliform,2026-04-20,2026-04-13,eligible,299.9999999999999,0.019776226161321724,False,43.0,last_observation,forest
241118182520,water_temperature,2026-04-20,2026-04-13,eligible,10.570928860678416,0.01842299084083981,False,60.0,forest,forest
241118182520,dissolved_oxygen,2026-04-20,2026-04-13,eligible,9.747377836765525,0.01128284516003814,False,60.0,forest,forest
241118182520,oxygen_saturation,2026-04-20,2026-04-13,eligible,88.17899357440875,0.049516236851014944,False,60.0,forest,forest
241118182520,ph,2026-04-20,2026-04-13,eligible,7.03,0.14748171006213764,True,60.0,last_observation,forest
241118182520,conductivity,2026-04-20,2026-04-13,eligible,215.6581304103716,0.18059299191374664,False,106.0,forest,constant_prevalence
241118182520,nitrate,2026-04-20,2026-04-13,eligible,1.2,0.361654160335686,True,60.0,site_median,forest
241118182520,phosphate,2026-04-20,2026-04-13,insufficient_training_history,,,,,,
241118182520,turbidity_reported,2026-04-20,2026-04-13,eligible,1.3412180821265125,0.3349563536075366,True,60.0,site_seasonal,forest
241118182520,turbidity_legacy,2026-04-20,2026-04-13,fewer_than_two_available_target_samples,,,,,,
241118182520,suspended_solids,2026-04-20,2026-04-13,insufficient_training_history,,,,,,
241118182520,alkalinity,2026-04-20,2026-04-13,fewer_than_two_available_target_samples,,,,,,
241118182520,hardness,2026-04-20,2026-04-13,fewer_than_two_available_target_samples,,,,,,
241118182520,salinity,2026-04-20,2026-04-13,fewer_than_two_available_target_samples,,,,,,
241118182616,ecoli,2026-04-20,2026-04-13,eligible,280.56236144568305,0.23236009732360097,False,45.0,forest,constant_prevalence
241118182616,other_coliform,2026-04-20,2026-04-13,eligible,100.00000000000003,0.31080370074651437,False,45.0,last_observation,forest
241118182616,water_temperature,2026-04-20,2026-04-13,eligible,10.632920292624794,0.03676657931177776,False,45.0,forest,forest
241118182616,dissolved_oxygen,2026-04-20,2026-04-13,eligible,10.873663760912251,0.02373689130030879,False,45.0,forest,forest
241118182616,oxygen_saturation,2026-04-20,2026-04-13,eligible,93.20506186897701,0.06341942233899873,False,45.0,forest,forest
241118182616,ph,2026-04-20,2026-04-13,eligible,7.6,0.1254247457257133,True,45.0,last_observation,forest
241118182616,conductivity,2026-04-20,2026-04-13,eligible,182.61936968775217,0.18059299191374664,False,80.0,forest,constant_prevalence
241118182616,nitrate,2026-04-20,2026-04-13,eligible,1.7,0.5035012170772035,True,45.0,site_median,forest
241118182616,phosphate,2026-04-20,2026-04-13,insufficient_training_history,,,,,,
241118182616,turbidity_reported,2026-04-20,2026-04-13,eligible,7.358446028706549,0.2717911603558896,True,45.0,site_seasonal,forest
241118182616,turbidity_legacy,2026-04-20,2026-04-13,fewer_than_two_available_target_samples,,,,,,
241118182616,suspended_solids,2026-04-20,2026-04-13,insufficient_training_history,,,,,,
241118182616,alkalinity,2026-04-20,2026-04-13,fewer_than_two_available_target_samples,,,,,,
241118182616,hardness,2026-04-20,2026-04-13,fewer_than_two_available_target_samples,,,,,,
241118182616,salinity,2026-04-20,2026-04-13,fewer_than_two_available_target_samples,,,,,,
241118183206,ecoli,2026-04-20,2026-04-13,eligible,55.60739557431328,0.23236009732360097,False,108.0,forest,constant_prevalence
241118183206,other_coliform,2026-04-20,2026-04-13,eligible,733.3300000000002,0.4703019090104532,False,108.0,last_observation,forest
241118183206,water_temperature,2026-04-20,2026-04-13,eligible,10.530405799448811,0.022569112138693292,False,45.0,forest,forest
241118183206,dissolved_oxygen,2026-04-20,2026-04-13,eligible,10.83915276950507,0.008688153697307016,False,51.0,forest,forest
241118183206,oxygen_saturation,2026-04-20,2026-04-13,eligible,92.92484393861795,0.06793906651988688,False,51.0,forest,forest
241118183206,ph,2026-04-20,2026-04-13,eligible,7.4,0.1254434636340316,True,45.0,last_observation,forest
241118183206,conductivity,2026-04-20,2026-04-13,eligible,176.6518338307733,0.18059299191374664,False,45.0,forest,constant_prevalence
241118183206,nitrate,2026-04-20,2026-04-13,eligible,1.13,0.3110155867304516,True,45.0,site_median,forest
241118183206,phosphate,2026-04-20,2026-04-13,insufficient_training_history,,,,,,
241118183206,turbidity_reported,2026-04-20,2026-04-13,eligible,5.195910304392874,0.07426735350051002,False,45.0,site_seasonal,forest
241118183206,turbidity_legacy,2026-04-20,2026-04-13,fewer_than_two_available_target_samples,,,,,,
241118183206,suspended_solids,2026-04-20,2026-04-13,insufficient_training_history,,,,,,
241118183206,alkalinity,2026-04-20,2026-04-13,fewer_than_two_available_target_samples,,,,,,
241118183206,hardness,2026-04-20,2026-04-13,fewer_than_two_available_target_samples,,,,,,
241118183206,salinity,2026-04-20,2026-04-13,fewer_than_two_available_target_samples,,,,,,
241118183308,ecoli,2026-04-20,2026-04-13,eligible,56.44415515172432,0.23236009732360097,False,108.0,forest,constant_prevalence
241118183308,other_coliform,2026-04-20,2026-04-13,eligible,200.0,0.25953104569112945,False,108.0,last_observation,forest
241118183308,water_temperature,2026-04-20,2026-04-13,eligible,10.525237588527249,0.02684380014974207,False,45.0,forest,forest
241118183308,dissolved_oxygen,2026-04-20,2026-04-13,eligible,10.860571643616158,0.010428530279788862,False,80.0,forest,forest
241118183308,oxygen_saturation,2026-04-20,2026-04-13,eligible,92.2751109336974,0.06525946619818129,False,80.0,forest,forest
241118183308,ph,2026-04-20,2026-04-13,eligible,7.5,0.12680878049516178,True,45.0,last_observation,forest
241118183308,conductivity,2026-04-20,2026-04-13,eligible,185.38751250125384,0.18059299191374664,False,45.0,forest,constant_prevalence
241118183308,nitrate,2026-04-20,2026-04-13,eligible,1.4248711305964281,0.3199990107253195,True,45.0,site_median,forest
241118183308,phosphate,2026-04-20,2026-04-13,insufficient_training_history,,,,,,
241118183308,turbidity_reported,2026-04-20,2026-04-13,eligible,13.15862070243354,0.33026716976769144,True,45.0,site_seasonal,forest
241118183308,turbidity_legacy,2026-04-20,2026-04-13,fewer_than_two_available_target_samples,,,,,,
241118183308,suspended_solids,2026-04-20,2026-04-13,insufficient_training_history,,,,,,
241118183308,alkalinity,2026-04-20,2026-04-13,fewer_than_two_available_target_samples,,,,,,
241118183308,hardness,2026-04-20,2026-04-13,fewer_than_two_available_target_samples,,,,,,
241118183308,salinity,2026-04-20,2026-04-13,fewer_than_two_available_target_samples,,,,,,
241118183404,ecoli,2026-04-20,2026-04-13,eligible,11.102593087078352,0.23236009732360097,False,108.0,forest,constant_prevalence
241118183404,other_coliform,2026-04-20,2026-04-13,eligible,133.32999999999996,0.23837011409922507,False,108.0,last_observation,forest
241118183404,water_temperature,2026-04-20,2026-04-13,eligible,10.415035091934199,0.02431825037039669,False,45.0,forest,forest
241118183404,dissolved_oxygen,2026-04-20,2026-04-13,eligible,11.003037348025893,0.010742388629452837,False,80.0,forest,forest
241118183404,oxygen_saturation,2026-04-20,2026-04-13,eligible,93.95006308724516,0.06705483254792911,False,80.0,forest,forest
241118183404,ph,2026-04-20,2026-04-13,eligible,7.86,0.17620103868800954,True,45.0,last_observation,forest
241118183404,conductivity,2026-04-20,2026-04-13,eligible,201.836288877685,0.18059299191374664,False,45.0,forest,constant_prevalence
241118183404,nitrate,2026-04-20,2026-04-13,eligible,1.573713270743266,0.32443852098924403,True,45.0,site_median,forest
241118183404,phosphate,2026-04-20,2026-04-13,insufficient_training_history,,,,,,
241118183404,turbidity_reported,2026-04-20,2026-04-13,eligible,9.76239094551716,0.11385917945348883,False,45.0,site_seasonal,forest
241118183404,turbidity_legacy,2026-04-20,2026-04-13,fewer_than_two_available_target_samples,,,,,,
241118183404,suspended_solids,2026-04-20,2026-04-13,insufficient_training_history,,,,,,
241118183404,alkalinity,2026-04-20,2026-04-13,fewer_than_two_available_target_samples,,,,,,
241118183404,hardness,2026-04-20,2026-04-13,fewer_than_two_available_target_samples,,,,,,
241118183404,salinity,2026-04-20,2026-04-13,fewer_than_two_available_target_samples,,,,,,
241118183501,ecoli,2026-04-20,2026-04-13,eligible,4.574976039720115,0.23236009732360097,False,108.0,forest,constant_prevalence
241118183501,other_coliform,2026-04-20,2026-04-13,eligible,66.67000000000003,0.05062544527850966,False,108.0,last_observation,forest
241118183501,water_temperature,2026-04-20,2026-04-13,eligible,10.910609050844945,0.03234210551911835,False,45.0,forest,forest
241118183501,dissolved_oxygen,2026-04-20,2026-04-13,eligible,10.553506245620785,0.014898265798660857,False,80.0,forest,forest
241118183501,oxygen_saturation,2026-04-20,2026-04-13,eligible,90.91847541709228,0.05904009090734058,False,80.0,forest,forest
241118183501,ph,2026-04-20,2026-04-13,eligible,7.4,0.13163273422822003,True,45.0,last_observation,forest
241118183501,conductivity,2026-04-20,2026-04-13,eligible,232.62474203001705,0.18059299191374664,False,45.0,forest,constant_prevalence
241118183501,nitrate,2026-04-20,2026-04-13,eligible,1.2,0.3363786106619581,True,45.0,site_median,forest
241118183501,phosphate,2026-04-20,2026-04-13,insufficient_training_history,,,,,,
241118183501,turbidity_reported,2026-04-20,2026-04-13,eligible,1.9272892521024245,0.25280866292645143,True,45.0,site_seasonal,forest
241118183501,turbidity_legacy,2026-04-20,2026-04-13,fewer_than_two_available_target_samples,,,,,,
241118183501,suspended_solids,2026-04-20,2026-04-13,insufficient_training_history,,,,,,
241118183501,alkalinity,2026-04-20,2026-04-13,fewer_than_two_available_target_samples,,,,,,
241118183501,hardness,2026-04-20,2026-04-13,fewer_than_two_available_target_samples,,,,,,
241118183501,salinity,2026-04-20,2026-04-13,fewer_than_two_available_target_samples,,,,,,
241118183629,ecoli,2026-04-20,2026-04-13,eligible,67.78941129281094,0.23236009732360097,False,45.0,forest,constant_prevalence
241118183629,other_coliform,2026-04-20,2026-04-13,eligible,7666.67,0.21141684317651097,False,80.0,last_observation,forest
241118183629,water_temperature,2026-04-20,2026-04-13,eligible,10.477079670113762,0.02898036514091726,False,45.0,forest,forest
241118183629,dissolved_oxygen,2026-04-20,2026-04-13,eligible,9.860342726906147,0.03477005619765884,False,45.0,forest,forest
241118183629,oxygen_saturation,2026-04-20,2026-04-13,eligible,88.61337495228192,0.08122210428018346,False,45.0,forest,forest
241118183629,ph,2026-04-20,2026-04-13,eligible,7.06,0.1357922330466053,True,45.0,last_observation,forest
241118183629,conductivity,2026-04-20,2026-04-13,eligible,218.22961070067777,0.18059299191374664,False,45.0,forest,constant_prevalence
241118183629,nitrate,2026-04-20,2026-04-13,eligible,1.2,0.37029972915910925,True,45.0,site_median,forest
241118183629,phosphate,2026-04-20,2026-04-13,insufficient_training_history,,,,,,
241118183629,turbidity_reported,2026-04-20,2026-04-13,eligible,4.741096356803999,0.25874642192523,True,45.0,site_seasonal,forest
241118183629,turbidity_legacy,2026-04-20,2026-04-13,fewer_than_two_available_target_samples,,,,,,
241118183629,suspended_solids,2026-04-20,2026-04-13,insufficient_training_history,,,,,,
241118183629,alkalinity,2026-04-20,2026-04-13,fewer_than_two_available_target_samples,,,,,,
241118183629,hardness,2026-04-20,2026-04-13,fewer_than_two_available_target_samples,,,,,,
241118183629,salinity,2026-04-20,2026-04-13,fewer_than_two_available_target_samples,,,,,,
251204213047,ecoli,2026-04-20,2026-04-13,fewer_than_two_available_target_samples,,,,,,
251204213047,other_coliform,2026-04-20,2026-04-13,fewer_than_two_available_target_samples,,,,,,
251204213047,water_temperature,2026-04-20,2026-04-13,eligible,11.353617077407305,0.03789973169787357,False,45.0,forest,forest
251204213047,dissolved_oxygen,2026-04-20,2026-04-13,eligible,10.77706735545423,0.018713449408752185,False,51.0,forest,forest
251204213047,oxygen_saturation,2026-04-20,2026-04-13,eligible,92.05656981372759,0.07294187577624614,False,51.0,forest,forest
251204213047,ph,2026-04-20,2026-04-13,eligible,7.5,0.17682174575030374,True,45.0,last_observation,forest
251204213047,conductivity,2026-04-20,2026-04-13,eligible,176.51499893144322,0.18059299191374664,False,45.0,forest,constant_prevalence
251204213047,nitrate,2026-04-20,2026-04-13,eligible,0.67,0.3671620414413522,True,45.0,site_median,forest
251204213047,phosphate,2026-04-20,2026-04-13,insufficient_training_history,,,,,,
251204213047,turbidity_reported,2026-04-20,2026-04-13,eligible,4.654423047491228,0.07812871774678545,False,45.0,site_seasonal,forest
251204213047,turbidity_legacy,2026-04-20,2026-04-13,fewer_than_two_available_target_samples,,,,,,
251204213047,suspended_solids,2026-04-20,2026-04-13,insufficient_training_history,,,,,,
251204213047,alkalinity,2026-04-20,2026-04-13,fewer_than_two_available_target_samples,,,,,,
251204213047,hardness,2026-04-20,2026-04-13,fewer_than_two_available_target_samples,,,,,,
251204213047,salinity,2026-04-20,2026-04-13,fewer_than_two_available_target_samples,,,,,,
251204215153,ecoli,2026-04-20,2026-04-13,eligible,171.4370411089377,0.23236009732360097,False,45.0,forest,constant_prevalence
251204215153,other_coliform,2026-04-20,2026-04-13,eligible,700.0,0.14054248536412575,False,45.0,last_observation,forest
251204215153,water_temperature,2026-04-20,2026-04-13,eligible,10.685685982234391,0.04859553516719933,False,45.0,forest,forest
251204215153,dissolved_oxygen,2026-04-20,2026-04-13,eligible,11.20624803671995,0.026365638796288882,False,45.0,forest,forest
251204215153,oxygen_saturation,2026-04-20,2026-04-13,eligible,94.3415342367497,0.07474282490581105,False,45.0,forest,forest
251204215153,ph,2026-04-20,2026-04-13,eligible,7.84,0.13731997542274324,True,45.0,last_observation,forest
251204215153,conductivity,2026-04-20,2026-04-13,eligible,170.15231831451743,0.18059299191374664,False,45.0,forest,constant_prevalence
251204215153,nitrate,2026-04-20,2026-04-13,eligible,3.0170884979049193,0.7329166043551919,True,45.0,site_median,forest
251204215153,phosphate,2026-04-20,2026-04-13,insufficient_training_history,,,,,,
251204215153,turbidity_reported,2026-04-20,2026-04-13,eligible,34.64723411430402,0.13664817428400536,False,45.0,site_seasonal,forest
251204215153,turbidity_legacy,2026-04-20,2026-04-13,fewer_than_two_available_target_samples,,,,,,
251204215153,suspended_solids,2026-04-20,2026-04-13,insufficient_training_history,,,,,,
251204215153,alkalinity,2026-04-20,2026-04-13,fewer_than_two_available_target_samples,,,,,,
251204215153,hardness,2026-04-20,2026-04-13,fewer_than_two_available_target_samples,,,,,,
251204215153,salinity,2026-04-20,2026-04-13,fewer_than_two_available_target_samples,,,,,,
251204215814,ecoli,2026-04-20,2026-04-13,eligible,77.0078771464104,0.23236009732360097,False,45.0,forest,constant_prevalence
251204215814,other_coliform,2026-04-20,2026-04-13,eligible,0.0,0.20435099559617703,False,45.0,last_observation,forest
251204215814,water_temperature,2026-04-20,2026-04-13,eligible,11.464833852104235,0.05870525787272413,False,45.0,forest,forest
251204215814,dissolved_oxygen,2026-04-20,2026-04-13,eligible,11.215962512035091,0.021271722823645898,False,45.0,forest,forest
251204215814,oxygen_saturation,2026-04-20,2026-04-13,eligible,95.79411161882905,0.07548833852702108,False,45.0,forest,forest
251204215814,ph,2026-04-20,2026-04-13,eligible,7.55,0.13168263280976944,True,45.0,last_observation,forest
251204215814,conductivity,2026-04-20,2026-04-13,eligible,152.52453622015213,0.18059299191374664,False,45.0,forest,constant_prevalence
251204215814,nitrate,2026-04-20,2026-04-13,eligible,1.65329983228432,0.45575397080040175,True,45.0,site_median,forest
251204215814,phosphate,2026-04-20,2026-04-13,insufficient_training_history,,,,,,
251204215814,turbidity_reported,2026-04-20,2026-04-13,eligible,21.006449054765746,0.13820375483081399,False,45.0,site_seasonal,forest
251204215814,turbidity_legacy,2026-04-20,2026-04-13,fewer_than_two_available_target_samples,,,,,,
251204215814,suspended_solids,2026-04-20,2026-04-13,insufficient_training_history,,,,,,
251204215814,alkalinity,2026-04-20,2026-04-13,fewer_than_two_available_target_samples,,,,,,
251204215814,hardness,2026-04-20,2026-04-13,fewer_than_two_available_target_samples,,,,,,
251204215814,salinity,2026-04-20,2026-04-13,fewer_than_two_available_target_samples,,,,,,
251204220155,ecoli,2026-04-20,2026-04-13,eligible,107.15009038704848,0.23236009732360097,False,45.0,forest,constant_prevalence
251204220155,other_coliform,2026-04-20,2026-04-13,eligible,1066.6700000000005,0.17660971639487785,False,45.0,last_observation,forest
251204220155,water_temperature,2026-04-20,2026-04-13,eligible,10.683379742497118,0.04661016421631113,False,45.0,forest,forest
251204220155,dissolved_oxygen,2026-04-20,2026-04-13,eligible,11.173110564350402,0.027487861018511098,False,45.0,forest,forest
251204220155,oxygen_saturation,2026-04-20,2026-04-13,eligible,94.64051558405734,0.07357732782978767,False,45.0,forest,forest
251204220155,ph,2026-04-20,2026-04-13,eligible,7.83,0.1316858066872089,True,45.0,last_observation,forest
251204220155,conductivity,2026-04-20,2026-04-13,eligible,196.9558506382502,0.18059299191374664,False,45.0,forest,constant_prevalence
251204220155,nitrate,2026-04-20,2026-04-13,eligible,3.0348482003664032,0.7181051851036153,True,45.0,site_median,forest
251204220155,phosphate,2026-04-20,2026-04-13,insufficient_training_history,,,,,,
251204220155,turbidity_reported,2026-04-20,2026-04-13,eligible,40.87921560870023,0.13593162612628074,False,45.0,site_seasonal,forest
251204220155,turbidity_legacy,2026-04-20,2026-04-13,fewer_than_two_available_target_samples,,,,,,
251204220155,suspended_solids,2026-04-20,2026-04-13,insufficient_training_history,,,,,,
251204220155,alkalinity,2026-04-20,2026-04-13,fewer_than_two_available_target_samples,,,,,,
251204220155,hardness,2026-04-20,2026-04-13,fewer_than_two_available_target_samples,,,,,,
251204220155,salinity,2026-04-20,2026-04-13,fewer_than_two_available_target_samples,,,,,,
251204220610,ecoli,2026-04-20,2026-04-13,eligible,9.03787913700443,0.23236009732360097,False,43.0,forest,constant_prevalence
251204220610,other_coliform,2026-04-20,2026-04-13,eligible,66.67000000000003,0.032303747520137434,False,43.0,last_observation,forest
251204220610,water_temperature,2026-04-20,2026-04-13,eligible,10.650266807286764,0.043110182042049,False,60.0,forest,forest
251204220610,dissolved_oxygen,2026-04-20,2026-04-13,eligible,9.994548169822234,0.021024820000041387,False,60.0,forest,forest
251204220610,oxygen_saturation,2026-04-20,2026-04-13,eligible,89.26946934656294,0.06166516483355816,False,60.0,forest,forest
251204220610,ph,2026-04-20,2026-04-13,eligible,7.19,0.2008228314785994,True,60.0,last_observation,forest
251204220610,conductivity,2026-04-20,2026-04-13,fewer_than_two_available_target_samples,,,,,,
251204220610,nitrate,2026-04-20,2026-04-13,eligible,0.8646715528478467,0.3541248466099179,True,60.0,site_median,forest
251204220610,phosphate,2026-04-20,2026-04-13,insufficient_training_history,,,,,,
251204220610,turbidity_reported,2026-04-20,2026-04-13,eligible,10.336939622314306,0.41607901871992614,True,60.0,site_seasonal,forest
251204220610,turbidity_legacy,2026-04-20,2026-04-13,fewer_than_two_available_target_samples,,,,,,
251204220610,suspended_solids,2026-04-20,2026-04-13,insufficient_training_history,,,,,,
251204220610,alkalinity,2026-04-20,2026-04-13,fewer_than_two_available_target_samples,,,,,,
251204220610,hardness,2026-04-20,2026-04-13,fewer_than_two_available_target_samples,,,,,,
251204220610,salinity,2026-04-20,2026-04-13,fewer_than_two_available_target_samples,,,,,,
251221144813,ecoli,2026-04-20,2026-04-13,fewer_than_two_available_target_samples,,,,,,
251221144813,other_coliform,2026-04-20,2026-04-13,fewer_than_two_available_target_samples,,,,,,
251221144813,water_temperature,2026-04-20,2026-04-13,target_history_older_than_120_days,,,,,,
251221144813,dissolved_oxygen,2026-04-20,2026-04-13,target_history_older_than_120_days,,,,,,
251221144813,oxygen_saturation,2026-04-20,2026-04-13,target_history_older_than_120_days,,,,,,
251221144813,ph,2026-04-20,2026-04-13,target_history_older_than_120_days,,,,,,
251221144813,conductivity,2026-04-20,2026-04-13,target_history_older_than_120_days,,,,,,
251221144813,nitrate,2026-04-20,2026-04-13,target_history_older_than_120_days,,,,,,
251221144813,phosphate,2026-04-20,2026-04-13,insufficient_training_history,,,,,,
251221144813,turbidity_reported,2026-04-20,2026-04-13,target_history_older_than_120_days,,,,,,
251221144813,turbidity_legacy,2026-04-20,2026-04-13,fewer_than_two_available_target_samples,,,,,,
251221144813,suspended_solids,2026-04-20,2026-04-13,insufficient_training_history,,,,,,
251221144813,alkalinity,2026-04-20,2026-04-13,target_history_older_than_120_days,,,,,,
251221144813,hardness,2026-04-20,2026-04-13,target_history_older_than_120_days,,,,,,
251221144813,salinity,2026-04-20,2026-04-13,target_history_older_than_120_days,,,,,,
251221145424,ecoli,2026-04-20,2026-04-13,fewer_than_two_available_target_samples,,,,,,
251221145424,other_coliform,2026-04-20,2026-04-13,fewer_than_two_available_target_samples,,,,,,
251221145424,water_temperature,2026-04-20,2026-04-13,target_history_older_than_120_days,,,,,,
251221145424,dissolved_oxygen,2026-04-20,2026-04-13,target_history_older_than_120_days,,,,,,
251221145424,oxygen_saturation,2026-04-20,2026-04-13,target_history_older_than_120_days,,,,,,
251221145424,ph,2026-04-20,2026-04-13,target_history_older_than_120_days,,,,,,
251221145424,conductivity,2026-04-20,2026-04-13,target_history_older_than_120_days,,,,,,
251221145424,nitrate,2026-04-20,2026-04-13,target_history_older_than_120_days,,,,,,
251221145424,phosphate,2026-04-20,2026-04-13,insufficient_training_history,,,,,,
251221145424,turbidity_reported,2026-04-20,2026-04-13,target_history_older_than_120_days,,,,,,
251221145424,turbidity_legacy,2026-04-20,2026-04-13,fewer_than_two_available_target_samples,,,,,,
251221145424,suspended_solids,2026-04-20,2026-04-13,insufficient_training_history,,,,,,
251221145424,alkalinity,2026-04-20,2026-04-13,target_history_older_than_120_days,,,,,,
251221145424,hardness,2026-04-20,2026-04-13,target_history_older_than_120_days,,,,,,
251221145424,salinity,2026-04-20,2026-04-13,target_history_older_than_120_days,,,,,,
251221145617,ecoli,2026-04-20,2026-04-13,fewer_than_two_available_target_samples,,,,,,
251221145617,other_coliform,2026-04-20,2026-04-13,fewer_than_two_available_target_samples,,,,,,
251221145617,water_temperature,2026-04-20,2026-04-13,target_history_older_than_120_days,,,,,,
251221145617,dissolved_oxygen,2026-04-20,2026-04-13,target_history_older_than_120_days,,,,,,
251221145617,oxygen_saturation,2026-04-20,2026-04-13,target_history_older_than_120_days,,,,,,
251221145617,ph,2026-04-20,2026-04-13,target_history_older_than_120_days,,,,,,
251221145617,conductivity,2026-04-20,2026-04-13,target_history_older_than_120_days,,,,,,
251221145617,nitrate,2026-04-20,2026-04-13,target_history_older_than_120_days,,,,,,
251221145617,phosphate,2026-04-20,2026-04-13,insufficient_training_history,,,,,,
251221145617,turbidity_reported,2026-04-20,2026-04-13,target_history_older_than_120_days,,,,,,
251221145617,turbidity_legacy,2026-04-20,2026-04-13,fewer_than_two_available_target_samples,,,,,,
251221145617,suspended_solids,2026-04-20,2026-04-13,insufficient_training_history,,,,,,
251221145617,alkalinity,2026-04-20,2026-04-13,target_history_older_than_120_days,,,,,,
251221145617,hardness,2026-04-20,2026-04-13,target_history_older_than_120_days,,,,,,
251221145617,salinity,2026-04-20,2026-04-13,target_history_older_than_120_days,,,,,,
251221145854,ecoli,2026-04-20,2026-04-13,fewer_than_two_available_target_samples,,,,,,
251221145854,other_coliform,2026-04-20,2026-04-13,fewer_than_two_available_target_samples,,,,,,
251221145854,water_temperature,2026-04-20,2026-04-13,target_history_older_than_120_days,,,,,,
251221145854,dissolved_oxygen,2026-04-20,2026-04-13,target_history_older_than_120_days,,,,,,
251221145854,oxygen_saturation,2026-04-20,2026-04-13,target_history_older_than_120_days,,,,,,
251221145854,ph,2026-04-20,2026-04-13,target_history_older_than_120_days,,,,,,
251221145854,conductivity,2026-04-20,2026-04-13,target_history_older_than_120_days,,,,,,
251221145854,nitrate,2026-04-20,2026-04-13,target_history_older_than_120_days,,,,,,
251221145854,phosphate,2026-04-20,2026-04-13,insufficient_training_history,,,,,,
251221145854,turbidity_reported,2026-04-20,2026-04-13,target_history_older_than_120_days,,,,,,
251221145854,turbidity_legacy,2026-04-20,2026-04-13,fewer_than_two_available_target_samples,,,,,,
251221145854,suspended_solids,2026-04-20,2026-04-13,insufficient_training_history,,,,,,
251221145854,alkalinity,2026-04-20,2026-04-13,target_history_older_than_120_days,,,,,,
251221145854,hardness,2026-04-20,2026-04-13,target_history_older_than_120_days,,,,,,
251221145854,salinity,2026-04-20,2026-04-13,target_history_older_than_120_days,,,,,,
251221150008,ecoli,2026-04-20,2026-04-13,fewer_than_two_available_target_samples,,,,,,
251221150008,other_coliform,2026-04-20,2026-04-13,fewer_than_two_available_target_samples,,,,,,
251221150008,water_temperature,2026-04-20,2026-04-13,target_history_older_than_120_days,,,,,,
251221150008,dissolved_oxygen,2026-04-20,2026-04-13,target_history_older_than_120_days,,,,,,
251221150008,oxygen_saturation,2026-04-20,2026-04-13,target_history_older_than_120_days,,,,,,
251221150008,ph,2026-04-20,2026-04-13,target_history_older_than_120_days,,,,,,
251221150008,conductivity,2026-04-20,2026-04-13,target_history_older_than_120_days,,,,,,
251221150008,nitrate,2026-04-20,2026-04-13,target_history_older_than_120_days,,,,,,
251221150008,phosphate,2026-04-20,2026-04-13,insufficient_training_history,,,,,,
251221150008,turbidity_reported,2026-04-20,2026-04-13,target_history_older_than_120_days,,,,,,
251221150008,turbidity_legacy,2026-04-20,2026-04-13,fewer_than_two_available_target_samples,,,,,,
251221150008,suspended_solids,2026-04-20,2026-04-13,insufficient_training_history,,,,,,
251221150008,alkalinity,2026-04-20,2026-04-13,target_history_older_than_120_days,,,,,,
251221150008,hardness,2026-04-20,2026-04-13,target_history_older_than_120_days,,,,,,
251221150008,salinity,2026-04-20,2026-04-13,target_history_older_than_120_days,,,,,,
251221150125,ecoli,2026-04-20,2026-04-13,fewer_than_two_available_target_samples,,,,,,
251221150125,other_coliform,2026-04-20,2026-04-13,fewer_than_two_available_target_samples,,,,,,
251221150125,water_temperature,2026-04-20,2026-04-13,target_history_older_than_120_days,,,,,,
251221150125,dissolved_oxygen,2026-04-20,2026-04-13,target_history_older_than_120_days,,,,,,
251221150125,oxygen_saturation,2026-04-20,2026-04-13,target_history_older_than_120_days,,,,,,
251221150125,ph,2026-04-20,2026-04-13,target_history_older_than_120_days,,,,,,
251221150125,conductivity,2026-04-20,2026-04-13,target_history_older_than_120_days,,,,,,
251221150125,nitrate,2026-04-20,2026-04-13,target_history_older_than_120_days,,,,,,
251221150125,phosphate,2026-04-20,2026-04-13,insufficient_training_history,,,,,,
251221150125,turbidity_reported,2026-04-20,2026-04-13,target_history_older_than_120_days,,,,,,
251221150125,turbidity_legacy,2026-04-20,2026-04-13,fewer_than_two_available_target_samples,,,,,,
251221150125,suspended_solids,2026-04-20,2026-04-13,insufficient_training_history,,,,,,
251221150125,alkalinity,2026-04-20,2026-04-13,target_history_older_than_120_days,,,,,,
251221150125,hardness,2026-04-20,2026-04-13,target_history_older_than_120_days,,,,,,
251221150125,salinity,2026-04-20,2026-04-13,target_history_older_than_120_days,,,,,,
251221150232,ecoli,2026-04-20,2026-04-13,fewer_than_two_available_target_samples,,,,,,
251221150232,other_coliform,2026-04-20,2026-04-13,fewer_than_two_available_target_samples,,,,,,
251221150232,water_temperature,2026-04-20,2026-04-13,target_history_older_than_120_days,,,,,,
251221150232,dissolved_oxygen,2026-04-20,2026-04-13,target_history_older_than_120_days,,,,,,
251221150232,oxygen_saturation,2026-04-20,2026-04-13,target_history_older_than_120_days,,,,,,
251221150232,ph,2026-04-20,2026-04-13,target_history_older_than_120_days,,,,,,
251221150232,conductivity,2026-04-20,2026-04-13,target_history_older_than_120_days,,,,,,
251221150232,nitrate,2026-04-20,2026-04-13,target_history_older_than_120_days,,,,,,
251221150232,phosphate,2026-04-20,2026-04-13,insufficient_training_history,,,,,,
251221150232,turbidity_reported,2026-04-20,2026-04-13,target_history_older_than_120_days,,,,,,
251221150232,turbidity_legacy,2026-04-20,2026-04-13,fewer_than_two_available_target_samples,,,,,,
251221150232,suspended_solids,2026-04-20,2026-04-13,insufficient_training_history,,,,,,
251221150232,alkalinity,2026-04-20,2026-04-13,target_history_older_than_120_days,,,,,,
251221150232,hardness,2026-04-20,2026-04-13,target_history_older_than_120_days,,,,,,
251221150232,salinity,2026-04-20,2026-04-13,target_history_older_than_120_days,,,,,,
251221150343,ecoli,2026-04-20,2026-04-13,fewer_than_two_available_target_samples,,,,,,
251221150343,other_coliform,2026-04-20,2026-04-13,fewer_than_two_available_target_samples,,,,,,
251221150343,water_temperature,2026-04-20,2026-04-13,target_history_older_than_120_days,,,,,,
251221150343,dissolved_oxygen,2026-04-20,2026-04-13,target_history_older_than_120_days,,,,,,
251221150343,oxygen_saturation,2026-04-20,2026-04-13,target_history_older_than_120_days,,,,,,
251221150343,ph,2026-04-20,2026-04-13,target_history_older_than_120_days,,,,,,
251221150343,conductivity,2026-04-20,2026-04-13,target_history_older_than_120_days,,,,,,
251221150343,nitrate,2026-04-20,2026-04-13,target_history_older_than_120_days,,,,,,
251221150343,phosphate,2026-04-20,2026-04-13,insufficient_training_history,,,,,,
251221150343,turbidity_reported,2026-04-20,2026-04-13,target_history_older_than_120_days,,,,,,
251221150343,turbidity_legacy,2026-04-20,2026-04-13,fewer_than_two_available_target_samples,,,,,,
251221150343,suspended_solids,2026-04-20,2026-04-13,insufficient_training_history,,,,,,
251221150343,alkalinity,2026-04-20,2026-04-13,target_history_older_than_120_days,,,,,,
251221150343,hardness,2026-04-20,2026-04-13,target_history_older_than_120_days,,,,,,
251221150343,salinity,2026-04-20,2026-04-13,target_history_older_than_120_days,,,,,,
251221150501,ecoli,2026-04-20,2026-04-13,fewer_than_two_available_target_samples,,,,,,
251221150501,other_coliform,2026-04-20,2026-04-13,fewer_than_two_available_target_samples,,,,,,
251221150501,water_temperature,2026-04-20,2026-04-13,target_history_older_than_120_days,,,,,,
251221150501,dissolved_oxygen,2026-04-20,2026-04-13,target_history_older_than_120_days,,,,,,
251221150501,oxygen_saturation,2026-04-20,2026-04-13,target_history_older_than_120_days,,,,,,
251221150501,ph,2026-04-20,2026-04-13,target_history_older_than_120_days,,,,,,
251221150501,conductivity,2026-04-20,2026-04-13,target_history_older_than_120_days,,,,,,
251221150501,nitrate,2026-04-20,2026-04-13,target_history_older_than_120_days,,,,,,
251221150501,phosphate,2026-04-20,2026-04-13,insufficient_training_history,,,,,,
251221150501,turbidity_reported,2026-04-20,2026-04-13,target_history_older_than_120_days,,,,,,
251221150501,turbidity_legacy,2026-04-20,2026-04-13,fewer_than_two_available_target_samples,,,,,,
251221150501,suspended_solids,2026-04-20,2026-04-13,insufficient_training_history,,,,,,
251221150501,alkalinity,2026-04-20,2026-04-13,target_history_older_than_120_days,,,,,,
251221150501,hardness,2026-04-20,2026-04-13,target_history_older_than_120_days,,,,,,
251221150501,salinity,2026-04-20,2026-04-13,target_history_older_than_120_days,,,,,,
251221150619,ecoli,2026-04-20,2026-04-13,fewer_than_two_available_target_samples,,,,,,
251221150619,other_coliform,2026-04-20,2026-04-13,fewer_than_two_available_target_samples,,,,,,
251221150619,water_temperature,2026-04-20,2026-04-13,target_history_older_than_120_days,,,,,,
251221150619,dissolved_oxygen,2026-04-20,2026-04-13,target_history_older_than_120_days,,,,,,
251221150619,oxygen_saturation,2026-04-20,2026-04-13,target_history_older_than_120_days,,,,,,
251221150619,ph,2026-04-20,2026-04-13,target_history_older_than_120_days,,,,,,
251221150619,conductivity,2026-04-20,2026-04-13,target_history_older_than_120_days,,,,,,
251221150619,nitrate,2026-04-20,2026-04-13,target_history_older_than_120_days,,,,,,
251221150619,phosphate,2026-04-20,2026-04-13,insufficient_training_history,,,,,,
251221150619,turbidity_reported,2026-04-20,2026-04-13,target_history_older_than_120_days,,,,,,
251221150619,turbidity_legacy,2026-04-20,2026-04-13,fewer_than_two_available_target_samples,,,,,,
251221150619,suspended_solids,2026-04-20,2026-04-13,insufficient_training_history,,,,,,
251221150619,alkalinity,2026-04-20,2026-04-13,target_history_older_than_120_days,,,,,,
251221150619,hardness,2026-04-20,2026-04-13,target_history_older_than_120_days,,,,,,
251221150619,salinity,2026-04-20,2026-04-13,target_history_older_than_120_days,,,,,,
251221150716,ecoli,2026-04-20,2026-04-13,fewer_than_two_available_target_samples,,,,,,
251221150716,other_coliform,2026-04-20,2026-04-13,fewer_than_two_available_target_samples,,,,,,
251221150716,water_temperature,2026-04-20,2026-04-13,target_history_older_than_120_days,,,,,,
251221150716,dissolved_oxygen,2026-04-20,2026-04-13,target_history_older_than_120_days,,,,,,
251221150716,oxygen_saturation,2026-04-20,2026-04-13,target_history_older_than_120_days,,,,,,
251221150716,ph,2026-04-20,2026-04-13,target_history_older_than_120_days,,,,,,
251221150716,conductivity,2026-04-20,2026-04-13,target_history_older_than_120_days,,,,,,
251221150716,nitrate,2026-04-20,2026-04-13,target_history_older_than_120_days,,,,,,
251221150716,phosphate,2026-04-20,2026-04-13,insufficient_training_history,,,,,,
251221150716,turbidity_reported,2026-04-20,2026-04-13,target_history_older_than_120_days,,,,,,
251221150716,turbidity_legacy,2026-04-20,2026-04-13,fewer_than_two_available_target_samples,,,,,,
251221150716,suspended_solids,2026-04-20,2026-04-13,insufficient_training_history,,,,,,
251221150716,alkalinity,2026-04-20,2026-04-13,target_history_older_than_120_days,,,,,,
251221150716,hardness,2026-04-20,2026-04-13,target_history_older_than_120_days,,,,,,
251221150716,salinity,2026-04-20,2026-04-13,target_history_older_than_120_days,,,,,,
251221150808,ecoli,2026-04-20,2026-04-13,fewer_than_two_available_target_samples,,,,,,
251221150808,other_coliform,2026-04-20,2026-04-13,fewer_than_two_available_target_samples,,,,,,
251221150808,water_temperature,2026-04-20,2026-04-13,target_history_older_than_120_days,,,,,,
251221150808,dissolved_oxygen,2026-04-20,2026-04-13,target_history_older_than_120_days,,,,,,
251221150808,oxygen_saturation,2026-04-20,2026-04-13,target_history_older_than_120_days,,,,,,
251221150808,ph,2026-04-20,2026-04-13,target_history_older_than_120_days,,,,,,
251221150808,conductivity,2026-04-20,2026-04-13,target_history_older_than_120_days,,,,,,
251221150808,nitrate,2026-04-20,2026-04-13,target_history_older_than_120_days,,,,,,
251221150808,phosphate,2026-04-20,2026-04-13,insufficient_training_history,,,,,,
251221150808,turbidity_reported,2026-04-20,2026-04-13,target_history_older_than_120_days,,,,,,
251221150808,turbidity_legacy,2026-04-20,2026-04-13,fewer_than_two_available_target_samples,,,,,,
251221150808,suspended_solids,2026-04-20,2026-04-13,insufficient_training_history,,,,,,
251221150808,alkalinity,2026-04-20,2026-04-13,target_history_older_than_120_days,,,,,,
251221150808,hardness,2026-04-20,2026-04-13,target_history_older_than_120_days,,,,,,
251221150808,salinity,2026-04-20,2026-04-13,target_history_older_than_120_days,,,,,,
251221150928,ecoli,2026-04-20,2026-04-13,fewer_than_two_available_target_samples,,,,,,
251221150928,other_coliform,2026-04-20,2026-04-13,fewer_than_two_available_target_samples,,,,,,
251221150928,water_temperature,2026-04-20,2026-04-13,target_history_older_than_120_days,,,,,,
251221150928,dissolved_oxygen,2026-04-20,2026-04-13,target_history_older_than_120_days,,,,,,
251221150928,oxygen_saturation,2026-04-20,2026-04-13,target_history_older_than_120_days,,,,,,
251221150928,ph,2026-04-20,2026-04-13,target_history_older_than_120_days,,,,,,
251221150928,conductivity,2026-04-20,2026-04-13,target_history_older_than_120_days,,,,,,
251221150928,nitrate,2026-04-20,2026-04-13,target_history_older_than_120_days,,,,,,
251221150928,phosphate,2026-04-20,2026-04-13,insufficient_training_history,,,,,,
251221150928,turbidity_reported,2026-04-20,2026-04-13,target_history_older_than_120_days,,,,,,
251221150928,turbidity_legacy,2026-04-20,2026-04-13,fewer_than_two_available_target_samples,,,,,,
251221150928,suspended_solids,2026-04-20,2026-04-13,insufficient_training_history,,,,,,
251221150928,alkalinity,2026-04-20,2026-04-13,fewer_than_two_available_target_samples,,,,,,
251221150928,hardness,2026-04-20,2026-04-13,fewer_than_two_available_target_samples,,,,,,
251221150928,salinity,2026-04-20,2026-04-13,target_history_older_than_120_days,,,,,,
251221151121,ecoli,2026-04-20,2026-04-13,fewer_than_two_available_target_samples,,,,,,
251221151121,other_coliform,2026-04-20,2026-04-13,fewer_than_two_available_target_samples,,,,,,
251221151121,water_temperature,2026-04-20,2026-04-13,target_history_older_than_120_days,,,,,,
251221151121,dissolved_oxygen,2026-04-20,2026-04-13,target_history_older_than_120_days,,,,,,
251221151121,oxygen_saturation,2026-04-20,2026-04-13,target_history_older_than_120_days,,,,,,
251221151121,ph,2026-04-20,2026-04-13,target_history_older_than_120_days,,,,,,
251221151121,conductivity,2026-04-20,2026-04-13,target_history_older_than_120_days,,,,,,
251221151121,nitrate,2026-04-20,2026-04-13,target_history_older_than_120_days,,,,,,
251221151121,phosphate,2026-04-20,2026-04-13,insufficient_training_history,,,,,,
251221151121,turbidity_reported,2026-04-20,2026-04-13,target_history_older_than_120_days,,,,,,
251221151121,turbidity_legacy,2026-04-20,2026-04-13,fewer_than_two_available_target_samples,,,,,,
251221151121,suspended_solids,2026-04-20,2026-04-13,insufficient_training_history,,,,,,
251221151121,alkalinity,2026-04-20,2026-04-13,fewer_than_two_available_target_samples,,,,,,
251221151121,hardness,2026-04-20,2026-04-13,fewer_than_two_available_target_samples,,,,,,
251221151121,salinity,2026-04-20,2026-04-13,target_history_older_than_120_days,,,,,,
251221151218,ecoli,2026-04-20,2026-04-13,fewer_than_two_available_target_samples,,,,,,
251221151218,other_coliform,2026-04-20,2026-04-13,fewer_than_two_available_target_samples,,,,,,
251221151218,water_temperature,2026-04-20,2026-04-13,target_history_older_than_120_days,,,,,,
251221151218,dissolved_oxygen,2026-04-20,2026-04-13,target_history_older_than_120_days,,,,,,
251221151218,oxygen_saturation,2026-04-20,2026-04-13,target_history_older_than_120_days,,,,,,
251221151218,ph,2026-04-20,2026-04-13,target_history_older_than_120_days,,,,,,
251221151218,conductivity,2026-04-20,2026-04-13,target_history_older_than_120_days,,,,,,
251221151218,nitrate,2026-04-20,2026-04-13,fewer_than_two_available_target_samples,,,,,,
251221151218,phosphate,2026-04-20,2026-04-13,insufficient_training_history,,,,,,
251221151218,turbidity_reported,2026-04-20,2026-04-13,target_history_older_than_120_days,,,,,,
251221151218,turbidity_legacy,2026-04-20,2026-04-13,fewer_than_two_available_target_samples,,,,,,
251221151218,suspended_solids,2026-04-20,2026-04-13,insufficient_training_history,,,,,,
251221151218,alkalinity,2026-04-20,2026-04-13,fewer_than_two_available_target_samples,,,,,,
251221151218,hardness,2026-04-20,2026-04-13,fewer_than_two_available_target_samples,,,,,,
251221151218,salinity,2026-04-20,2026-04-13,target_history_older_than_120_days,,,,,,
251221151317,ecoli,2026-04-20,2026-04-13,fewer_than_two_available_target_samples,,,,,,
251221151317,other_coliform,2026-04-20,2026-04-13,fewer_than_two_available_target_samples,,,,,,
251221151317,water_temperature,2026-04-20,2026-04-13,target_history_older_than_120_days,,,,,,
251221151317,dissolved_oxygen,2026-04-20,2026-04-13,target_history_older_than_120_days,,,,,,
251221151317,oxygen_saturation,2026-04-20,2026-04-13,target_history_older_than_120_days,,,,,,
251221151317,ph,2026-04-20,2026-04-13,target_history_older_than_120_days,,,,,,
251221151317,conductivity,2026-04-20,2026-04-13,target_history_older_than_120_days,,,,,,
251221151317,nitrate,2026-04-20,2026-04-13,fewer_than_two_available_target_samples,,,,,,
251221151317,phosphate,2026-04-20,2026-04-13,insufficient_training_history,,,,,,
251221151317,turbidity_reported,2026-04-20,2026-04-13,target_history_older_than_120_days,,,,,,
251221151317,turbidity_legacy,2026-04-20,2026-04-13,fewer_than_two_available_target_samples,,,,,,
251221151317,suspended_solids,2026-04-20,2026-04-13,insufficient_training_history,,,,,,
251221151317,alkalinity,2026-04-20,2026-04-13,fewer_than_two_available_target_samples,,,,,,
251221151317,hardness,2026-04-20,2026-04-13,fewer_than_two_available_target_samples,,,,,,
251221151317,salinity,2026-04-20,2026-04-13,target_history_older_than_120_days,,,,,,
251221151517,ecoli,2026-04-20,2026-04-13,fewer_than_two_available_target_samples,,,,,,
251221151517,other_coliform,2026-04-20,2026-04-13,fewer_than_two_available_target_samples,,,,,,
251221151517,water_temperature,2026-04-20,2026-04-13,target_history_older_than_120_days,,,,,,
251221151517,dissolved_oxygen,2026-04-20,2026-04-13,target_history_older_than_120_days,,,,,,
251221151517,oxygen_saturation,2026-04-20,2026-04-13,target_history_older_than_120_days,,,,,,
251221151517,ph,2026-04-20,2026-04-13,target_history_older_than_120_days,,,,,,
251221151517,conductivity,2026-04-20,2026-04-13,target_history_older_than_120_days,,,,,,
251221151517,nitrate,2026-04-20,2026-04-13,fewer_than_two_available_target_samples,,,,,,
251221151517,phosphate,2026-04-20,2026-04-13,insufficient_training_history,,,,,,
251221151517,turbidity_reported,2026-04-20,2026-04-13,target_history_older_than_120_days,,,,,,
251221151517,turbidity_legacy,2026-04-20,2026-04-13,fewer_than_two_available_target_samples,,,,,,
251221151517,suspended_solids,2026-04-20,2026-04-13,insufficient_training_history,,,,,,
251221151517,alkalinity,2026-04-20,2026-04-13,fewer_than_two_available_target_samples,,,,,,
251221151517,hardness,2026-04-20,2026-04-13,fewer_than_two_available_target_samples,,,,,,
251221151517,salinity,2026-04-20,2026-04-13,target_history_older_than_120_days,,,,,,
251221151617,ecoli,2026-04-20,2026-04-13,fewer_than_two_available_target_samples,,,,,,
251221151617,other_coliform,2026-04-20,2026-04-13,fewer_than_two_available_target_samples,,,,,,
251221151617,water_temperature,2026-04-20,2026-04-13,target_history_older_than_120_days,,,,,,
251221151617,dissolved_oxygen,2026-04-20,2026-04-13,target_history_older_than_120_days,,,,,,
251221151617,oxygen_saturation,2026-04-20,2026-04-13,target_history_older_than_120_days,,,,,,
251221151617,ph,2026-04-20,2026-04-13,target_history_older_than_120_days,,,,,,
251221151617,conductivity,2026-04-20,2026-04-13,target_history_older_than_120_days,,,,,,
251221151617,nitrate,2026-04-20,2026-04-13,fewer_than_two_available_target_samples,,,,,,
251221151617,phosphate,2026-04-20,2026-04-13,insufficient_training_history,,,,,,
251221151617,turbidity_reported,2026-04-20,2026-04-13,target_history_older_than_120_days,,,,,,
251221151617,turbidity_legacy,2026-04-20,2026-04-13,fewer_than_two_available_target_samples,,,,,,
251221151617,suspended_solids,2026-04-20,2026-04-13,insufficient_training_history,,,,,,
251221151617,alkalinity,2026-04-20,2026-04-13,fewer_than_two_available_target_samples,,,,,,
251221151617,hardness,2026-04-20,2026-04-13,fewer_than_two_available_target_samples,,,,,,
251221151617,salinity,2026-04-20,2026-04-13,target_history_older_than_120_days,,,,,,
251221151814,ecoli,2026-04-20,2026-04-13,fewer_than_two_available_target_samples,,,,,,
251221151814,other_coliform,2026-04-20,2026-04-13,fewer_than_two_available_target_samples,,,,,,
251221151814,water_temperature,2026-04-20,2026-04-13,target_history_older_than_120_days,,,,,,
251221151814,dissolved_oxygen,2026-04-20,2026-04-13,target_history_older_than_120_days,,,,,,
251221151814,oxygen_saturation,2026-04-20,2026-04-13,target_history_older_than_120_days,,,,,,
251221151814,ph,2026-04-20,2026-04-13,target_history_older_than_120_days,,,,,,
251221151814,conductivity,2026-04-20,2026-04-13,target_history_older_than_120_days,,,,,,
251221151814,nitrate,2026-04-20,2026-04-13,fewer_than_two_available_target_samples,,,,,,
251221151814,phosphate,2026-04-20,2026-04-13,insufficient_training_history,,,,,,
251221151814,turbidity_reported,2026-04-20,2026-04-13,target_history_older_than_120_days,,,,,,
251221151814,turbidity_legacy,2026-04-20,2026-04-13,fewer_than_two_available_target_samples,,,,,,
251221151814,suspended_solids,2026-04-20,2026-04-13,insufficient_training_history,,,,,,
251221151814,alkalinity,2026-04-20,2026-04-13,fewer_than_two_available_target_samples,,,,,,
251221151814,hardness,2026-04-20,2026-04-13,fewer_than_two_available_target_samples,,,,,,
251221151814,salinity,2026-04-20,2026-04-13,target_history_older_than_120_days,,,,,,
251221151903,ecoli,2026-04-20,2026-04-13,fewer_than_two_available_target_samples,,,,,,
251221151903,other_coliform,2026-04-20,2026-04-13,fewer_than_two_available_target_samples,,,,,,
251221151903,water_temperature,2026-04-20,2026-04-13,target_history_older_than_120_days,,,,,,
251221151903,dissolved_oxygen,2026-04-20,2026-04-13,target_history_older_than_120_days,,,,,,
251221151903,oxygen_saturation,2026-04-20,2026-04-13,target_history_older_than_120_days,,,,,,
251221151903,ph,2026-04-20,2026-04-13,target_history_older_than_120_days,,,,,,
251221151903,conductivity,2026-04-20,2026-04-13,target_history_older_than_120_days,,,,,,
251221151903,nitrate,2026-04-20,2026-04-13,target_history_older_than_120_days,,,,,,
251221151903,phosphate,2026-04-20,2026-04-13,insufficient_training_history,,,,,,
251221151903,turbidity_reported,2026-04-20,2026-04-13,target_history_older_than_120_days,,,,,,
251221151903,turbidity_legacy,2026-04-20,2026-04-13,fewer_than_two_available_target_samples,,,,,,
251221151903,suspended_solids,2026-04-20,2026-04-13,insufficient_training_history,,,,,,
251221151903,alkalinity,2026-04-20,2026-04-13,fewer_than_two_available_target_samples,,,,,,
251221151903,hardness,2026-04-20,2026-04-13,fewer_than_two_available_target_samples,,,,,,
251221151903,salinity,2026-04-20,2026-04-13,target_history_older_than_120_days,,,,,,
251221152037,ecoli,2026-04-20,2026-04-13,fewer_than_two_available_target_samples,,,,,,
251221152037,other_coliform,2026-04-20,2026-04-13,fewer_than_two_available_target_samples,,,,,,
251221152037,water_temperature,2026-04-20,2026-04-13,target_history_older_than_120_days,,,,,,
251221152037,dissolved_oxygen,2026-04-20,2026-04-13,target_history_older_than_120_days,,,,,,
251221152037,oxygen_saturation,2026-04-20,2026-04-13,target_history_older_than_120_days,,,,,,
251221152037,ph,2026-04-20,2026-04-13,target_history_older_than_120_days,,,,,,
251221152037,conductivity,2026-04-20,2026-04-13,target_history_older_than_120_days,,,,,,
251221152037,nitrate,2026-04-20,2026-04-13,target_history_older_than_120_days,,,,,,
251221152037,phosphate,2026-04-20,2026-04-13,insufficient_training_history,,,,,,
251221152037,turbidity_reported,2026-04-20,2026-04-13,target_history_older_than_120_days,,,,,,
251221152037,turbidity_legacy,2026-04-20,2026-04-13,fewer_than_two_available_target_samples,,,,,,
251221152037,suspended_solids,2026-04-20,2026-04-13,insufficient_training_history,,,,,,
251221152037,alkalinity,2026-04-20,2026-04-13,fewer_than_two_available_target_samples,,,,,,
251221152037,hardness,2026-04-20,2026-04-13,fewer_than_two_available_target_samples,,,,,,
251221152037,salinity,2026-04-20,2026-04-13,target_history_older_than_120_days,,,,,,
251221152129,ecoli,2026-04-20,2026-04-13,fewer_than_two_available_target_samples,,,,,,
251221152129,other_coliform,2026-04-20,2026-04-13,fewer_than_two_available_target_samples,,,,,,
251221152129,water_temperature,2026-04-20,2026-04-13,target_history_older_than_120_days,,,,,,
251221152129,dissolved_oxygen,2026-04-20,2026-04-13,target_history_older_than_120_days,,,,,,
251221152129,oxygen_saturation,2026-04-20,2026-04-13,target_history_older_than_120_days,,,,,,
251221152129,ph,2026-04-20,2026-04-13,target_history_older_than_120_days,,,,,,
251221152129,conductivity,2026-04-20,2026-04-13,target_history_older_than_120_days,,,,,,
251221152129,nitrate,2026-04-20,2026-04-13,fewer_than_two_available_target_samples,,,,,,
251221152129,phosphate,2026-04-20,2026-04-13,insufficient_training_history,,,,,,
251221152129,turbidity_reported,2026-04-20,2026-04-13,target_history_older_than_120_days,,,,,,
251221152129,turbidity_legacy,2026-04-20,2026-04-13,fewer_than_two_available_target_samples,,,,,,
251221152129,suspended_solids,2026-04-20,2026-04-13,insufficient_training_history,,,,,,
251221152129,alkalinity,2026-04-20,2026-04-13,fewer_than_two_available_target_samples,,,,,,
251221152129,hardness,2026-04-20,2026-04-13,fewer_than_two_available_target_samples,,,,,,
251221152129,salinity,2026-04-20,2026-04-13,target_history_older_than_120_days,,,,,,
251221152222,ecoli,2026-04-20,2026-04-13,fewer_than_two_available_target_samples,,,,,,
251221152222,other_coliform,2026-04-20,2026-04-13,fewer_than_two_available_target_samples,,,,,,
251221152222,water_temperature,2026-04-20,2026-04-13,target_history_older_than_120_days,,,,,,
251221152222,dissolved_oxygen,2026-04-20,2026-04-13,target_history_older_than_120_days,,,,,,
251221152222,oxygen_saturation,2026-04-20,2026-04-13,target_history_older_than_120_days,,,,,,
251221152222,ph,2026-04-20,2026-04-13,target_history_older_than_120_days,,,,,,
251221152222,conductivity,2026-04-20,2026-04-13,target_history_older_than_120_days,,,,,,
251221152222,nitrate,2026-04-20,2026-04-13,target_history_older_than_120_days,,,,,,
251221152222,phosphate,2026-04-20,2026-04-13,insufficient_training_history,,,,,,
251221152222,turbidity_reported,2026-04-20,2026-04-13,target_history_older_than_120_days,,,,,,
251221152222,turbidity_legacy,2026-04-20,2026-04-13,fewer_than_two_available_target_samples,,,,,,
251221152222,suspended_solids,2026-04-20,2026-04-13,insufficient_training_history,,,,,,
251221152222,alkalinity,2026-04-20,2026-04-13,fewer_than_two_available_target_samples,,,,,,
251221152222,hardness,2026-04-20,2026-04-13,fewer_than_two_available_target_samples,,,,,,
251221152222,salinity,2026-04-20,2026-04-13,target_history_older_than_120_days,,,,,,
251221152323,ecoli,2026-04-20,2026-04-13,fewer_than_two_available_target_samples,,,,,,
251221152323,other_coliform,2026-04-20,2026-04-13,fewer_than_two_available_target_samples,,,,,,
251221152323,water_temperature,2026-04-20,2026-04-13,target_history_older_than_120_days,,,,,,
251221152323,dissolved_oxygen,2026-04-20,2026-04-13,target_history_older_than_120_days,,,,,,
251221152323,oxygen_saturation,2026-04-20,2026-04-13,target_history_older_than_120_days,,,,,,
251221152323,ph,2026-04-20,2026-04-13,target_history_older_than_120_days,,,,,,
251221152323,conductivity,2026-04-20,2026-04-13,target_history_older_than_120_days,,,,,,
251221152323,nitrate,2026-04-20,2026-04-13,target_history_older_than_120_days,,,,,,
251221152323,phosphate,2026-04-20,2026-04-13,insufficient_training_history,,,,,,
251221152323,turbidity_reported,2026-04-20,2026-04-13,target_history_older_than_120_days,,,,,,
251221152323,turbidity_legacy,2026-04-20,2026-04-13,fewer_than_two_available_target_samples,,,,,,
251221152323,suspended_solids,2026-04-20,2026-04-13,insufficient_training_history,,,,,,
251221152323,alkalinity,2026-04-20,2026-04-13,fewer_than_two_available_target_samples,,,,,,
251221152323,hardness,2026-04-20,2026-04-13,fewer_than_two_available_target_samples,,,,,,
251221152323,salinity,2026-04-20,2026-04-13,target_history_older_than_120_days,,,,,,
251221152424,ecoli,2026-04-20,2026-04-13,fewer_than_two_available_target_samples,,,,,,
251221152424,other_coliform,2026-04-20,2026-04-13,fewer_than_two_available_target_samples,,,,,,
251221152424,water_temperature,2026-04-20,2026-04-13,target_history_older_than_120_days,,,,,,
251221152424,dissolved_oxygen,2026-04-20,2026-04-13,target_history_older_than_120_days,,,,,,
251221152424,oxygen_saturation,2026-04-20,2026-04-13,target_history_older_than_120_days,,,,,,
251221152424,ph,2026-04-20,2026-04-13,target_history_older_than_120_days,,,,,,
251221152424,conductivity,2026-04-20,2026-04-13,target_history_older_than_120_days,,,,,,
251221152424,nitrate,2026-04-20,2026-04-13,target_history_older_than_120_days,,,,,,
251221152424,phosphate,2026-04-20,2026-04-13,insufficient_training_history,,,,,,
251221152424,turbidity_reported,2026-04-20,2026-04-13,target_history_older_than_120_days,,,,,,
251221152424,turbidity_legacy,2026-04-20,2026-04-13,fewer_than_two_available_target_samples,,,,,,
251221152424,suspended_solids,2026-04-20,2026-04-13,insufficient_training_history,,,,,,
251221152424,alkalinity,2026-04-20,2026-04-13,fewer_than_two_available_target_samples,,,,,,
251221152424,hardness,2026-04-20,2026-04-13,fewer_than_two_available_target_samples,,,,,,
251221152424,salinity,2026-04-20,2026-04-13,target_history_older_than_120_days,,,,,,
251221152517,ecoli,2026-04-20,2026-04-13,fewer_than_two_available_target_samples,,,,,,
251221152517,other_coliform,2026-04-20,2026-04-13,fewer_than_two_available_target_samples,,,,,,
251221152517,water_temperature,2026-04-20,2026-04-13,target_history_older_than_120_days,,,,,,
251221152517,dissolved_oxygen,2026-04-20,2026-04-13,target_history_older_than_120_days,,,,,,
251221152517,oxygen_saturation,2026-04-20,2026-04-13,target_history_older_than_120_days,,,,,,
251221152517,ph,2026-04-20,2026-04-13,target_history_older_than_120_days,,,,,,
251221152517,conductivity,2026-04-20,2026-04-13,target_history_older_than_120_days,,,,,,
251221152517,nitrate,2026-04-20,2026-04-13,target_history_older_than_120_days,,,,,,
251221152517,phosphate,2026-04-20,2026-04-13,insufficient_training_history,,,,,,
251221152517,turbidity_reported,2026-04-20,2026-04-13,target_history_older_than_120_days,,,,,,
251221152517,turbidity_legacy,2026-04-20,2026-04-13,fewer_than_two_available_target_samples,,,,,,
251221152517,suspended_solids,2026-04-20,2026-04-13,insufficient_training_history,,,,,,
251221152517,alkalinity,2026-04-20,2026-04-13,target_history_older_than_120_days,,,,,,
251221152517,hardness,2026-04-20,2026-04-13,fewer_than_two_available_target_samples,,,,,,
251221152517,salinity,2026-04-20,2026-04-13,target_history_older_than_120_days,,,,,,
251221152605,ecoli,2026-04-20,2026-04-13,fewer_than_two_available_target_samples,,,,,,
251221152605,other_coliform,2026-04-20,2026-04-13,fewer_than_two_available_target_samples,,,,,,
251221152605,water_temperature,2026-04-20,2026-04-13,target_history_older_than_120_days,,,,,,
251221152605,dissolved_oxygen,2026-04-20,2026-04-13,target_history_older_than_120_days,,,,,,
251221152605,oxygen_saturation,2026-04-20,2026-04-13,target_history_older_than_120_days,,,,,,
251221152605,ph,2026-04-20,2026-04-13,target_history_older_than_120_days,,,,,,
251221152605,conductivity,2026-04-20,2026-04-13,target_history_older_than_120_days,,,,,,
251221152605,nitrate,2026-04-20,2026-04-13,target_history_older_than_120_days,,,,,,
251221152605,phosphate,2026-04-20,2026-04-13,insufficient_training_history,,,,,,
251221152605,turbidity_reported,2026-04-20,2026-04-13,target_history_older_than_120_days,,,,,,
251221152605,turbidity_legacy,2026-04-20,2026-04-13,fewer_than_two_available_target_samples,,,,,,
251221152605,suspended_solids,2026-04-20,2026-04-13,insufficient_training_history,,,,,,
251221152605,alkalinity,2026-04-20,2026-04-13,fewer_than_two_available_target_samples,,,,,,
251221152605,hardness,2026-04-20,2026-04-13,fewer_than_two_available_target_samples,,,,,,
251221152605,salinity,2026-04-20,2026-04-13,target_history_older_than_120_days,,,,,,
251221152655,ecoli,2026-04-20,2026-04-13,fewer_than_two_available_target_samples,,,,,,
251221152655,other_coliform,2026-04-20,2026-04-13,fewer_than_two_available_target_samples,,,,,,
251221152655,water_temperature,2026-04-20,2026-04-13,target_history_older_than_120_days,,,,,,
251221152655,dissolved_oxygen,2026-04-20,2026-04-13,target_history_older_than_120_days,,,,,,
251221152655,oxygen_saturation,2026-04-20,2026-04-13,target_history_older_than_120_days,,,,,,
251221152655,ph,2026-04-20,2026-04-13,target_history_older_than_120_days,,,,,,
251221152655,conductivity,2026-04-20,2026-04-13,target_history_older_than_120_days,,,,,,
251221152655,nitrate,2026-04-20,2026-04-13,target_history_older_than_120_days,,,,,,
251221152655,phosphate,2026-04-20,2026-04-13,insufficient_training_history,,,,,,
251221152655,turbidity_reported,2026-04-20,2026-04-13,target_history_older_than_120_days,,,,,,
251221152655,turbidity_legacy,2026-04-20,2026-04-13,fewer_than_two_available_target_samples,,,,,,
251221152655,suspended_solids,2026-04-20,2026-04-13,insufficient_training_history,,,,,,
251221152655,alkalinity,2026-04-20,2026-04-13,target_history_older_than_120_days,,,,,,
251221152655,hardness,2026-04-20,2026-04-13,fewer_than_two_available_target_samples,,,,,,
251221152655,salinity,2026-04-20,2026-04-13,target_history_older_than_120_days,,,,,,
251221152745,ecoli,2026-04-20,2026-04-13,fewer_than_two_available_target_samples,,,,,,
251221152745,other_coliform,2026-04-20,2026-04-13,fewer_than_two_available_target_samples,,,,,,
251221152745,water_temperature,2026-04-20,2026-04-13,target_history_older_than_120_days,,,,,,
251221152745,dissolved_oxygen,2026-04-20,2026-04-13,target_history_older_than_120_days,,,,,,
251221152745,oxygen_saturation,2026-04-20,2026-04-13,target_history_older_than_120_days,,,,,,
251221152745,ph,2026-04-20,2026-04-13,target_history_older_than_120_days,,,,,,
251221152745,conductivity,2026-04-20,2026-04-13,target_history_older_than_120_days,,,,,,
251221152745,nitrate,2026-04-20,2026-04-13,target_history_older_than_120_days,,,,,,
251221152745,phosphate,2026-04-20,2026-04-13,insufficient_training_history,,,,,,
251221152745,turbidity_reported,2026-04-20,2026-04-13,target_history_older_than_120_days,,,,,,
251221152745,turbidity_legacy,2026-04-20,2026-04-13,fewer_than_two_available_target_samples,,,,,,
251221152745,suspended_solids,2026-04-20,2026-04-13,insufficient_training_history,,,,,,
251221152745,alkalinity,2026-04-20,2026-04-13,fewer_than_two_available_target_samples,,,,,,
251221152745,hardness,2026-04-20,2026-04-13,fewer_than_two_available_target_samples,,,,,,
251221152745,salinity,2026-04-20,2026-04-13,target_history_older_than_120_days,,,,,,
251221152839,ecoli,2026-04-20,2026-04-13,fewer_than_two_available_target_samples,,,,,,
251221152839,other_coliform,2026-04-20,2026-04-13,fewer_than_two_available_target_samples,,,,,,
251221152839,water_temperature,2026-04-20,2026-04-13,target_history_older_than_120_days,,,,,,
251221152839,dissolved_oxygen,2026-04-20,2026-04-13,target_history_older_than_120_days,,,,,,
251221152839,oxygen_saturation,2026-04-20,2026-04-13,target_history_older_than_120_days,,,,,,
251221152839,ph,2026-04-20,2026-04-13,target_history_older_than_120_days,,,,,,
251221152839,conductivity,2026-04-20,2026-04-13,target_history_older_than_120_days,,,,,,
251221152839,nitrate,2026-04-20,2026-04-13,target_history_older_than_120_days,,,,,,
251221152839,phosphate,2026-04-20,2026-04-13,insufficient_training_history,,,,,,
251221152839,turbidity_reported,2026-04-20,2026-04-13,target_history_older_than_120_days,,,,,,
251221152839,turbidity_legacy,2026-04-20,2026-04-13,fewer_than_two_available_target_samples,,,,,,
251221152839,suspended_solids,2026-04-20,2026-04-13,insufficient_training_history,,,,,,
251221152839,alkalinity,2026-04-20,2026-04-13,fewer_than_two_available_target_samples,,,,,,
251221152839,hardness,2026-04-20,2026-04-13,fewer_than_two_available_target_samples,,,,,,
251221152839,salinity,2026-04-20,2026-04-13,target_history_older_than_120_days,,,,,,
251221152931,ecoli,2026-04-20,2026-04-13,fewer_than_two_available_target_samples,,,,,,
251221152931,other_coliform,2026-04-20,2026-04-13,fewer_than_two_available_target_samples,,,,,,
251221152931,water_temperature,2026-04-20,2026-04-13,target_history_older_than_120_days,,,,,,
251221152931,dissolved_oxygen,2026-04-20,2026-04-13,target_history_older_than_120_days,,,,,,
251221152931,oxygen_saturation,2026-04-20,2026-04-13,target_history_older_than_120_days,,,,,,
251221152931,ph,2026-04-20,2026-04-13,target_history_older_than_120_days,,,,,,
251221152931,conductivity,2026-04-20,2026-04-13,target_history_older_than_120_days,,,,,,
251221152931,nitrate,2026-04-20,2026-04-13,target_history_older_than_120_days,,,,,,
251221152931,phosphate,2026-04-20,2026-04-13,insufficient_training_history,,,,,,
251221152931,turbidity_reported,2026-04-20,2026-04-13,target_history_older_than_120_days,,,,,,
251221152931,turbidity_legacy,2026-04-20,2026-04-13,fewer_than_two_available_target_samples,,,,,,
251221152931,suspended_solids,2026-04-20,2026-04-13,insufficient_training_history,,,,,,
251221152931,alkalinity,2026-04-20,2026-04-13,fewer_than_two_available_target_samples,,,,,,
251221152931,hardness,2026-04-20,2026-04-13,fewer_than_two_available_target_samples,,,,,,
251221152931,salinity,2026-04-20,2026-04-13,target_history_older_than_120_days,,,,,,
251221153056,ecoli,2026-04-20,2026-04-13,fewer_than_two_available_target_samples,,,,,,
251221153056,other_coliform,2026-04-20,2026-04-13,fewer_than_two_available_target_samples,,,,,,
251221153056,water_temperature,2026-04-20,2026-04-13,target_history_older_than_120_days,,,,,,
251221153056,dissolved_oxygen,2026-04-20,2026-04-13,target_history_older_than_120_days,,,,,,
251221153056,oxygen_saturation,2026-04-20,2026-04-13,target_history_older_than_120_days,,,,,,
251221153056,ph,2026-04-20,2026-04-13,target_history_older_than_120_days,,,,,,
251221153056,conductivity,2026-04-20,2026-04-13,target_history_older_than_120_days,,,,,,
251221153056,nitrate,2026-04-20,2026-04-13,target_history_older_than_120_days,,,,,,
251221153056,phosphate,2026-04-20,2026-04-13,insufficient_training_history,,,,,,
251221153056,turbidity_reported,2026-04-20,2026-04-13,target_history_older_than_120_days,,,,,,
251221153056,turbidity_legacy,2026-04-20,2026-04-13,fewer_than_two_available_target_samples,,,,,,
251221153056,suspended_solids,2026-04-20,2026-04-13,insufficient_training_history,,,,,,
251221153056,alkalinity,2026-04-20,2026-04-13,fewer_than_two_available_target_samples,,,,,,
251221153056,hardness,2026-04-20,2026-04-13,fewer_than_two_available_target_samples,,,,,,
251221153056,salinity,2026-04-20,2026-04-13,target_history_older_than_120_days,,,,,,
251221153156,ecoli,2026-04-20,2026-04-13,fewer_than_two_available_target_samples,,,,,,
251221153156,other_coliform,2026-04-20,2026-04-13,fewer_than_two_available_target_samples,,,,,,
251221153156,water_temperature,2026-04-20,2026-04-13,target_history_older_than_120_days,,,,,,
251221153156,dissolved_oxygen,2026-04-20,2026-04-13,target_history_older_than_120_days,,,,,,
251221153156,oxygen_saturation,2026-04-20,2026-04-13,target_history_older_than_120_days,,,,,,
251221153156,ph,2026-04-20,2026-04-13,target_history_older_than_120_days,,,,,,
251221153156,conductivity,2026-04-20,2026-04-13,target_history_older_than_120_days,,,,,,
251221153156,nitrate,2026-04-20,2026-04-13,target_history_older_than_120_days,,,,,,
251221153156,phosphate,2026-04-20,2026-04-13,insufficient_training_history,,,,,,
251221153156,turbidity_reported,2026-04-20,2026-04-13,target_history_older_than_120_days,,,,,,
251221153156,turbidity_legacy,2026-04-20,2026-04-13,fewer_than_two_available_target_samples,,,,,,
251221153156,suspended_solids,2026-04-20,2026-04-13,insufficient_training_history,,,,,,
251221153156,alkalinity,2026-04-20,2026-04-13,fewer_than_two_available_target_samples,,,,,,
251221153156,hardness,2026-04-20,2026-04-13,fewer_than_two_available_target_samples,,,,,,
251221153156,salinity,2026-04-20,2026-04-13,target_history_older_than_120_days,,,,,,
251221153641,ecoli,2026-04-20,2026-04-13,fewer_than_two_available_target_samples,,,,,,
251221153641,other_coliform,2026-04-20,2026-04-13,fewer_than_two_available_target_samples,,,,,,
251221153641,water_temperature,2026-04-20,2026-04-13,target_history_older_than_120_days,,,,,,
251221153641,dissolved_oxygen,2026-04-20,2026-04-13,target_history_older_than_120_days,,,,,,
251221153641,oxygen_saturation,2026-04-20,2026-04-13,target_history_older_than_120_days,,,,,,
251221153641,ph,2026-04-20,2026-04-13,target_history_older_than_120_days,,,,,,
251221153641,conductivity,2026-04-20,2026-04-13,target_history_older_than_120_days,,,,,,
251221153641,nitrate,2026-04-20,2026-04-13,fewer_than_two_available_target_samples,,,,,,
251221153641,phosphate,2026-04-20,2026-04-13,insufficient_training_history,,,,,,
251221153641,turbidity_reported,2026-04-20,2026-04-13,target_history_older_than_120_days,,,,,,
251221153641,turbidity_legacy,2026-04-20,2026-04-13,fewer_than_two_available_target_samples,,,,,,
251221153641,suspended_solids,2026-04-20,2026-04-13,insufficient_training_history,,,,,,
251221153641,alkalinity,2026-04-20,2026-04-13,fewer_than_two_available_target_samples,,,,,,
251221153641,hardness,2026-04-20,2026-04-13,fewer_than_two_available_target_samples,,,,,,
251221153641,salinity,2026-04-20,2026-04-13,target_history_older_than_120_days,,,,,,
251221153821,ecoli,2026-04-20,2026-04-13,fewer_than_two_available_target_samples,,,,,,
251221153821,other_coliform,2026-04-20,2026-04-13,fewer_than_two_available_target_samples,,,,,,
251221153821,water_temperature,2026-04-20,2026-04-13,target_history_older_than_120_days,,,,,,
251221153821,dissolved_oxygen,2026-04-20,2026-04-13,target_history_older_than_120_days,,,,,,
251221153821,oxygen_saturation,2026-04-20,2026-04-13,target_history_older_than_120_days,,,,,,
251221153821,ph,2026-04-20,2026-04-13,target_history_older_than_120_days,,,,,,
251221153821,conductivity,2026-04-20,2026-04-13,target_history_older_than_120_days,,,,,,
251221153821,nitrate,2026-04-20,2026-04-13,fewer_than_two_available_target_samples,,,,,,
251221153821,phosphate,2026-04-20,2026-04-13,insufficient_training_history,,,,,,
251221153821,turbidity_reported,2026-04-20,2026-04-13,target_history_older_than_120_days,,,,,,
251221153821,turbidity_legacy,2026-04-20,2026-04-13,fewer_than_two_available_target_samples,,,,,,
251221153821,suspended_solids,2026-04-20,2026-04-13,insufficient_training_history,,,,,,
251221153821,alkalinity,2026-04-20,2026-04-13,fewer_than_two_available_target_samples,,,,,,
251221153821,hardness,2026-04-20,2026-04-13,fewer_than_two_available_target_samples,,,,,,
251221153821,salinity,2026-04-20,2026-04-13,target_history_older_than_120_days,,,,,,
251221153909,ecoli,2026-04-20,2026-04-13,fewer_than_two_available_target_samples,,,,,,
251221153909,other_coliform,2026-04-20,2026-04-13,fewer_than_two_available_target_samples,,,,,,
251221153909,water_temperature,2026-04-20,2026-04-13,target_history_older_than_120_days,,,,,,
251221153909,dissolved_oxygen,2026-04-20,2026-04-13,target_history_older_than_120_days,,,,,,
251221153909,oxygen_saturation,2026-04-20,2026-04-13,target_history_older_than_120_days,,,,,,
251221153909,ph,2026-04-20,2026-04-13,target_history_older_than_120_days,,,,,,
251221153909,conductivity,2026-04-20,2026-04-13,target_history_older_than_120_days,,,,,,
251221153909,nitrate,2026-04-20,2026-04-13,fewer_than_two_available_target_samples,,,,,,
251221153909,phosphate,2026-04-20,2026-04-13,insufficient_training_history,,,,,,
251221153909,turbidity_reported,2026-04-20,2026-04-13,target_history_older_than_120_days,,,,,,
251221153909,turbidity_legacy,2026-04-20,2026-04-13,fewer_than_two_available_target_samples,,,,,,
251221153909,suspended_solids,2026-04-20,2026-04-13,insufficient_training_history,,,,,,
251221153909,alkalinity,2026-04-20,2026-04-13,fewer_than_two_available_target_samples,,,,,,
251221153909,hardness,2026-04-20,2026-04-13,fewer_than_two_available_target_samples,,,,,,
251221153909,salinity,2026-04-20,2026-04-13,target_history_older_than_120_days,,,,,,
251221154015,ecoli,2026-04-20,2026-04-13,fewer_than_two_available_target_samples,,,,,,
251221154015,other_coliform,2026-04-20,2026-04-13,fewer_than_two_available_target_samples,,,,,,
251221154015,water_temperature,2026-04-20,2026-04-13,target_history_older_than_120_days,,,,,,
251221154015,dissolved_oxygen,2026-04-20,2026-04-13,target_history_older_than_120_days,,,,,,
251221154015,oxygen_saturation,2026-04-20,2026-04-13,target_history_older_than_120_days,,,,,,
251221154015,ph,2026-04-20,2026-04-13,target_history_older_than_120_days,,,,,,
251221154015,conductivity,2026-04-20,2026-04-13,target_history_older_than_120_days,,,,,,
251221154015,nitrate,2026-04-20,2026-04-13,fewer_than_two_available_target_samples,,,,,,
251221154015,phosphate,2026-04-20,2026-04-13,insufficient_training_history,,,,,,
251221154015,turbidity_reported,2026-04-20,2026-04-13,target_history_older_than_120_days,,,,,,
251221154015,turbidity_legacy,2026-04-20,2026-04-13,fewer_than_two_available_target_samples,,,,,,
251221154015,suspended_solids,2026-04-20,2026-04-13,insufficient_training_history,,,,,,
251221154015,alkalinity,2026-04-20,2026-04-13,fewer_than_two_available_target_samples,,,,,,
251221154015,hardness,2026-04-20,2026-04-13,fewer_than_two_available_target_samples,,,,,,
251221154015,salinity,2026-04-20,2026-04-13,target_history_older_than_120_days,,,,,,
251221154202,ecoli,2026-04-20,2026-04-13,fewer_than_two_available_target_samples,,,,,,
251221154202,other_coliform,2026-04-20,2026-04-13,fewer_than_two_available_target_samples,,,,,,
251221154202,water_temperature,2026-04-20,2026-04-13,target_history_older_than_120_days,,,,,,
251221154202,dissolved_oxygen,2026-04-20,2026-04-13,target_history_older_than_120_days,,,,,,
251221154202,oxygen_saturation,2026-04-20,2026-04-13,target_history_older_than_120_days,,,,,,
251221154202,ph,2026-04-20,2026-04-13,target_history_older_than_120_days,,,,,,
251221154202,conductivity,2026-04-20,2026-04-13,target_history_older_than_120_days,,,,,,
251221154202,nitrate,2026-04-20,2026-04-13,fewer_than_two_available_target_samples,,,,,,
251221154202,phosphate,2026-04-20,2026-04-13,insufficient_training_history,,,,,,
251221154202,turbidity_reported,2026-04-20,2026-04-13,target_history_older_than_120_days,,,,,,
251221154202,turbidity_legacy,2026-04-20,2026-04-13,fewer_than_two_available_target_samples,,,,,,
251221154202,suspended_solids,2026-04-20,2026-04-13,insufficient_training_history,,,,,,
251221154202,alkalinity,2026-04-20,2026-04-13,fewer_than_two_available_target_samples,,,,,,
251221154202,hardness,2026-04-20,2026-04-13,fewer_than_two_available_target_samples,,,,,,
251221154202,salinity,2026-04-20,2026-04-13,target_history_older_than_120_days,,,,,,
251221154334,ecoli,2026-04-20,2026-04-13,fewer_than_two_available_target_samples,,,,,,
251221154334,other_coliform,2026-04-20,2026-04-13,fewer_than_two_available_target_samples,,,,,,
251221154334,water_temperature,2026-04-20,2026-04-13,fewer_than_two_available_target_samples,,,,,,
251221154334,dissolved_oxygen,2026-04-20,2026-04-13,fewer_than_two_available_target_samples,,,,,,
251221154334,oxygen_saturation,2026-04-20,2026-04-13,fewer_than_two_available_target_samples,,,,,,
251221154334,ph,2026-04-20,2026-04-13,fewer_than_two_available_target_samples,,,,,,
251221154334,conductivity,2026-04-20,2026-04-13,fewer_than_two_available_target_samples,,,,,,
251221154334,nitrate,2026-04-20,2026-04-13,fewer_than_two_available_target_samples,,,,,,
251221154334,phosphate,2026-04-20,2026-04-13,insufficient_training_history,,,,,,
251221154334,turbidity_reported,2026-04-20,2026-04-13,fewer_than_two_available_target_samples,,,,,,
251221154334,turbidity_legacy,2026-04-20,2026-04-13,fewer_than_two_available_target_samples,,,,,,
251221154334,suspended_solids,2026-04-20,2026-04-13,insufficient_training_history,,,,,,
251221154334,alkalinity,2026-04-20,2026-04-13,fewer_than_two_available_target_samples,,,,,,
251221154334,hardness,2026-04-20,2026-04-13,fewer_than_two_available_target_samples,,,,,,
251221154334,salinity,2026-04-20,2026-04-13,fewer_than_two_available_target_samples,,,,,,
5303301,ecoli,2026-04-20,2026-04-13,target_history_older_than_120_days,,,,,,
5303301,other_coliform,2026-04-20,2026-04-13,target_history_older_than_120_days,,,,,,
5303301,water_temperature,2026-04-20,2026-04-13,target_history_older_than_120_days,,,,,,
5303301,dissolved_oxygen,2026-04-20,2026-04-13,target_history_older_than_120_days,,,,,,
5303301,oxygen_saturation,2026-04-20,2026-04-13,target_history_older_than_120_days,,,,,,
5303301,ph,2026-04-20,2026-04-13,target_history_older_than_120_days,,,,,,
5303301,conductivity,2026-04-20,2026-04-13,fewer_than_two_available_target_samples,,,,,,
5303301,nitrate,2026-04-20,2026-04-13,fewer_than_two_available_target_samples,,,,,,
5303301,phosphate,2026-04-20,2026-04-13,insufficient_training_history,,,,,,
5303301,turbidity_reported,2026-04-20,2026-04-13,fewer_than_two_available_target_samples,,,,,,
5303301,turbidity_legacy,2026-04-20,2026-04-13,target_history_older_than_120_days,,,,,,
5303301,suspended_solids,2026-04-20,2026-04-13,insufficient_training_history,,,,,,
5303301,alkalinity,2026-04-20,2026-04-13,target_history_older_than_120_days,,,,,,
5303301,hardness,2026-04-20,2026-04-13,target_history_older_than_120_days,,,,,,
5303301,salinity,2026-04-20,2026-04-13,fewer_than_two_available_target_samples,,,,,,
5303302,ecoli,2026-04-20,2026-04-13,fewer_than_two_available_target_samples,,,,,,
5303302,other_coliform,2026-04-20,2026-04-13,fewer_than_two_available_target_samples,,,,,,
5303302,water_temperature,2026-04-20,2026-04-13,target_history_older_than_120_days,,,,,,
5303302,dissolved_oxygen,2026-04-20,2026-04-13,target_history_older_than_120_days,,,,,,
5303302,oxygen_saturation,2026-04-20,2026-04-13,target_history_older_than_120_days,,,,,,
5303302,ph,2026-04-20,2026-04-13,target_history_older_than_120_days,,,,,,
5303302,conductivity,2026-04-20,2026-04-13,fewer_than_two_available_target_samples,,,,,,
5303302,nitrate,2026-04-20,2026-04-13,fewer_than_two_available_target_samples,,,,,,
5303302,phosphate,2026-04-20,2026-04-13,insufficient_training_history,,,,,,
5303302,turbidity_reported,2026-04-20,2026-04-13,fewer_than_two_available_target_samples,,,,,,
5303302,turbidity_legacy,2026-04-20,2026-04-13,target_history_older_than_120_days,,,,,,
5303302,suspended_solids,2026-04-20,2026-04-13,insufficient_training_history,,,,,,
5303302,alkalinity,2026-04-20,2026-04-13,target_history_older_than_120_days,,,,,,
5303302,hardness,2026-04-20,2026-04-13,target_history_older_than_120_days,,,,,,
5303302,salinity,2026-04-20,2026-04-13,fewer_than_two_available_target_samples,,,,,,
5303303,ecoli,2026-04-20,2026-04-13,target_history_older_than_120_days,,,,,,
5303303,other_coliform,2026-04-20,2026-04-13,target_history_older_than_120_days,,,,,,
5303303,water_temperature,2026-04-20,2026-04-13,fewer_than_two_available_target_samples,,,,,,
5303303,dissolved_oxygen,2026-04-20,2026-04-13,fewer_than_two_available_target_samples,,,,,,
5303303,oxygen_saturation,2026-04-20,2026-04-13,fewer_than_two_available_target_samples,,,,,,
5303303,ph,2026-04-20,2026-04-13,fewer_than_two_available_target_samples,,,,,,
5303303,conductivity,2026-04-20,2026-04-13,fewer_than_two_available_target_samples,,,,,,
5303303,nitrate,2026-04-20,2026-04-13,fewer_than_two_available_target_samples,,,,,,
5303303,phosphate,2026-04-20,2026-04-13,insufficient_training_history,,,,,,
5303303,turbidity_reported,2026-04-20,2026-04-13,fewer_than_two_available_target_samples,,,,,,
5303303,turbidity_legacy,2026-04-20,2026-04-13,fewer_than_two_available_target_samples,,,,,,
5303303,suspended_solids,2026-04-20,2026-04-13,insufficient_training_history,,,,,,
5303303,alkalinity,2026-04-20,2026-04-13,fewer_than_two_available_target_samples,,,,,,
5303303,hardness,2026-04-20,2026-04-13,fewer_than_two_available_target_samples,,,,,,
5303303,salinity,2026-04-20,2026-04-13,fewer_than_two_available_target_samples,,,,,,
5303304,ecoli,2026-04-20,2026-04-13,fewer_than_two_available_target_samples,,,,,,
5303304,other_coliform,2026-04-20,2026-04-13,fewer_than_two_available_target_samples,,,,,,
5303304,water_temperature,2026-04-20,2026-04-13,fewer_than_two_available_target_samples,,,,,,
5303304,dissolved_oxygen,2026-04-20,2026-04-13,fewer_than_two_available_target_samples,,,,,,
5303304,oxygen_saturation,2026-04-20,2026-04-13,fewer_than_two_available_target_samples,,,,,,
5303304,ph,2026-04-20,2026-04-13,fewer_than_two_available_target_samples,,,,,,
5303304,conductivity,2026-04-20,2026-04-13,fewer_than_two_available_target_samples,,,,,,
5303304,nitrate,2026-04-20,2026-04-13,fewer_than_two_available_target_samples,,,,,,
5303304,phosphate,2026-04-20,2026-04-13,insufficient_training_history,,,,,,
5303304,turbidity_reported,2026-04-20,2026-04-13,fewer_than_two_available_target_samples,,,,,,
5303304,turbidity_legacy,2026-04-20,2026-04-13,fewer_than_two_available_target_samples,,,,,,
5303304,suspended_solids,2026-04-20,2026-04-13,insufficient_training_history,,,,,,
5303304,alkalinity,2026-04-20,2026-04-13,fewer_than_two_available_target_samples,,,,,,
5303304,hardness,2026-04-20,2026-04-13,fewer_than_two_available_target_samples,,,,,,
5303304,salinity,2026-04-20,2026-04-13,fewer_than_two_available_target_samples,,,,,,
5303305,ecoli,2026-04-20,2026-04-13,eligible,32.64769693424973,0.23236009732360097,False,22.0,forest,constant_prevalence
5303305,other_coliform,2026-04-20,2026-04-13,eligible,911.1100000000005,0.13895236408175604,False,22.0,last_observation,forest
5303305,water_temperature,2026-04-20,2026-04-13,eligible,9.875232889701223,0.025071948758821114,False,22.0,forest,forest
5303305,dissolved_oxygen,2026-04-20,2026-04-13,eligible,9.810085387541482,0.04753649436801391,False,22.0,forest,forest
5303305,oxygen_saturation,2026-04-20,2026-04-13,eligible,84.35552687240352,0.1808715000694508,False,22.0,forest,forest
5303305,ph,2026-04-20,2026-04-13,eligible,7.5,0.053545859251256094,False,22.0,last_observation,forest
5303305,conductivity,2026-04-20,2026-04-13,eligible,189.50169974468952,0.18059299191374664,False,55.0,forest,constant_prevalence
5303305,nitrate,2026-04-20,2026-04-13,fewer_than_two_available_target_samples,,,,,,
5303305,phosphate,2026-04-20,2026-04-13,insufficient_training_history,,,,,,
5303305,turbidity_reported,2026-04-20,2026-04-13,eligible,8.000000000000002,0.01683675687863315,False,22.0,site_seasonal,forest
5303305,turbidity_legacy,2026-04-20,2026-04-13,eligible,2.0000000000000004,0.13146015159910981,False,22.0,site_median,forest
5303305,suspended_solids,2026-04-20,2026-04-13,insufficient_training_history,,,,,,
5303305,alkalinity,2026-04-20,2026-04-13,eligible,99.47631738401545,0.16393777130871828,True,22.0,forest,forest
5303305,hardness,2026-04-20,2026-04-13,eligible,68.52248927047717,0.03183959473446183,False,22.0,forest,forest
5303305,salinity,2026-04-20,2026-04-13,fewer_than_two_available_target_samples,,,,,,
5303306,ecoli,2026-04-20,2026-04-13,eligible,159.59739849734993,0.23236009732360097,False,78.0,forest,constant_prevalence
5303306,other_coliform,2026-04-20,2026-04-13,target_history_older_than_120_days,,,,,,
5303306,water_temperature,2026-04-20,2026-04-13,eligible,9.97990846496891,0.0037601296205947367,False,50.0,forest,forest
5303306,dissolved_oxygen,2026-04-20,2026-04-13,eligible,9.930366342507096,0.014993264570390984,False,50.0,forest,forest
5303306,oxygen_saturation,2026-04-20,2026-04-13,eligible,87.6814684386573,0.04572294904452127,False,50.0,forest,forest
5303306,ph,2026-04-20,2026-04-13,eligible,7.0,0.0031327758156402654,False,50.0,last_observation,forest
5303306,conductivity,2026-04-20,2026-04-13,eligible,157.2587167483068,0.18059299191374664,False,50.0,forest,constant_prevalence
5303306,nitrate,2026-04-20,2026-04-13,fewer_than_two_available_target_samples,,,,,,
5303306,phosphate,2026-04-20,2026-04-13,insufficient_training_history,,,,,,
5303306,turbidity_reported,2026-04-20,2026-04-13,fewer_than_two_available_target_samples,,,,,,
5303306,turbidity_legacy,2026-04-20,2026-04-13,eligible,2.0000000000000004,0.3299023483018563,True,50.0,site_median,forest
5303306,suspended_solids,2026-04-20,2026-04-13,insufficient_training_history,,,,,,
5303306,alkalinity,2026-04-20,2026-04-13,eligible,78.82713951170653,0.08125712832617647,False,50.0,forest,forest
5303306,hardness,2026-04-20,2026-04-13,eligible,67.3694935132901,0.07519629421662519,False,50.0,forest,forest
5303306,salinity,2026-04-20,2026-04-13,fewer_than_two_available_target_samples,,,,,,
5303307,ecoli,2026-04-20,2026-04-13,target_history_older_than_120_days,,,,,,
5303307,other_coliform,2026-04-20,2026-04-13,target_history_older_than_120_days,,,,,,
5303307,water_temperature,2026-04-20,2026-04-13,fewer_than_two_available_target_samples,,,,,,
5303307,dissolved_oxygen,2026-04-20,2026-04-13,fewer_than_two_available_target_samples,,,,,,
5303307,oxygen_saturation,2026-04-20,2026-04-13,fewer_than_two_available_target_samples,,,,,,
5303307,ph,2026-04-20,2026-04-13,fewer_than_two_available_target_samples,,,,,,
5303307,conductivity,2026-04-20,2026-04-13,fewer_than_two_available_target_samples,,,,,,
5303307,nitrate,2026-04-20,2026-04-13,fewer_than_two_available_target_samples,,,,,,
5303307,phosphate,2026-04-20,2026-04-13,insufficient_training_history,,,,,,
5303307,turbidity_reported,2026-04-20,2026-04-13,fewer_than_two_available_target_samples,,,,,,
5303307,turbidity_legacy,2026-04-20,2026-04-13,fewer_than_two_available_target_samples,,,,,,
5303307,suspended_solids,2026-04-20,2026-04-13,insufficient_training_history,,,,,,
5303307,alkalinity,2026-04-20,2026-04-13,fewer_than_two_available_target_samples,,,,,,
5303307,hardness,2026-04-20,2026-04-13,fewer_than_two_available_target_samples,,,,,,
5303307,salinity,2026-04-20,2026-04-13,fewer_than_two_available_target_samples,,,,,,
5303308,ecoli,2026-04-20,2026-04-13,target_history_older_than_120_days,,,,,,
5303308,other_coliform,2026-04-20,2026-04-13,target_history_older_than_120_days,,,,,,
5303308,water_temperature,2026-04-20,2026-04-13,target_history_older_than_120_days,,,,,,
5303308,dissolved_oxygen,2026-04-20,2026-04-13,target_history_older_than_120_days,,,,,,
5303308,oxygen_saturation,2026-04-20,2026-04-13,target_history_older_than_120_days,,,,,,
5303308,ph,2026-04-20,2026-04-13,target_history_older_than_120_days,,,,,,
5303308,conductivity,2026-04-20,2026-04-13,target_history_older_than_120_days,,,,,,
5303308,nitrate,2026-04-20,2026-04-13,target_history_older_than_120_days,,,,,,
5303308,phosphate,2026-04-20,2026-04-13,insufficient_training_history,,,,,,
5303308,turbidity_reported,2026-04-20,2026-04-13,target_history_older_than_120_days,,,,,,
5303308,turbidity_legacy,2026-04-20,2026-04-13,target_history_older_than_120_days,,,,,,
5303308,suspended_solids,2026-04-20,2026-04-13,insufficient_training_history,,,,,,
5303308,alkalinity,2026-04-20,2026-04-13,target_history_older_than_120_days,,,,,,
5303308,hardness,2026-04-20,2026-04-13,target_history_older_than_120_days,,,,,,
5303308,salinity,2026-04-20,2026-04-13,fewer_than_two_available_target_samples,,,,,,
5303309,ecoli,2026-04-20,2026-04-13,target_history_older_than_120_days,,,,,,
5303309,other_coliform,2026-04-20,2026-04-13,target_history_older_than_120_days,,,,,,
5303309,water_temperature,2026-04-20,2026-04-13,target_history_older_than_120_days,,,,,,
5303309,dissolved_oxygen,2026-04-20,2026-04-13,target_history_older_than_120_days,,,,,,
5303309,oxygen_saturation,2026-04-20,2026-04-13,target_history_older_than_120_days,,,,,,
5303309,ph,2026-04-20,2026-04-13,target_history_older_than_120_days,,,,,,
5303309,conductivity,2026-04-20,2026-04-13,target_history_older_than_120_days,,,,,,
5303309,nitrate,2026-04-20,2026-04-13,target_history_older_than_120_days,,,,,,
5303309,phosphate,2026-04-20,2026-04-13,insufficient_training_history,,,,,,
5303309,turbidity_reported,2026-04-20,2026-04-13,target_history_older_than_120_days,,,,,,
5303309,turbidity_legacy,2026-04-20,2026-04-13,target_history_older_than_120_days,,,,,,
5303309,suspended_solids,2026-04-20,2026-04-13,insufficient_training_history,,,,,,
5303309,alkalinity,2026-04-20,2026-04-13,target_history_older_than_120_days,,,,,,
5303309,hardness,2026-04-20,2026-04-13,target_history_older_than_120_days,,,,,,
5303309,salinity,2026-04-20,2026-04-13,fewer_than_two_available_target_samples,,,,,,
5303310,ecoli,2026-04-20,2026-04-13,target_history_older_than_120_days,,,,,,
5303310,other_coliform,2026-04-20,2026-04-13,target_history_older_than_120_days,,,,,,
5303310,water_temperature,2026-04-20,2026-04-13,target_history_older_than_120_days,,,,,,
5303310,dissolved_oxygen,2026-04-20,2026-04-13,target_history_older_than_120_days,,,,,,
5303310,oxygen_saturation,2026-04-20,2026-04-13,target_history_older_than_120_days,,,,,,
5303310,ph,2026-04-20,2026-04-13,target_history_older_than_120_days,,,,,,
5303310,conductivity,2026-04-20,2026-04-13,fewer_than_two_available_target_samples,,,,,,
5303310,nitrate,2026-04-20,2026-04-13,fewer_than_two_available_target_samples,,,,,,
5303310,phosphate,2026-04-20,2026-04-13,insufficient_training_history,,,,,,
5303310,turbidity_reported,2026-04-20,2026-04-13,fewer_than_two_available_target_samples,,,,,,
5303310,turbidity_legacy,2026-04-20,2026-04-13,target_history_older_than_120_days,,,,,,
5303310,suspended_solids,2026-04-20,2026-04-13,insufficient_training_history,,,,,,
5303310,alkalinity,2026-04-20,2026-04-13,target_history_older_than_120_days,,,,,,
5303310,hardness,2026-04-20,2026-04-13,target_history_older_than_120_days,,,,,,
5303310,salinity,2026-04-20,2026-04-13,fewer_than_two_available_target_samples,,,,,,
53033100,ecoli,2026-04-20,2026-04-13,target_history_older_than_120_days,,,,,,
53033100,other_coliform,2026-04-20,2026-04-13,fewer_than_two_available_target_samples,,,,,,
53033100,water_temperature,2026-04-20,2026-04-13,eligible,11.929167026003903,0.5205730817494558,True,29.0,forest,forest
53033100,dissolved_oxygen,2026-04-20,2026-04-13,eligible,6.836939506879151,0.8312574319193604,True,29.0,forest,forest
53033100,oxygen_saturation,2026-04-20,2026-04-13,eligible,62.88518981538542,0.8200837816753379,True,29.0,forest,forest
53033100,ph,2026-04-20,2026-04-13,eligible,7.0,0.004983469245490477,False,29.0,last_observation,forest
53033100,conductivity,2026-04-20,2026-04-13,target_history_older_than_120_days,,,,,,
53033100,nitrate,2026-04-20,2026-04-13,fewer_than_two_available_target_samples,,,,,,
53033100,phosphate,2026-04-20,2026-04-13,insufficient_training_history,,,,,,
53033100,turbidity_reported,2026-04-20,2026-04-13,fewer_than_two_available_target_samples,,,,,,
53033100,turbidity_legacy,2026-04-20,2026-04-13,eligible,10.000000000000002,0.6102826021779214,True,29.0,site_median,forest
53033100,suspended_solids,2026-04-20,2026-04-13,insufficient_training_history,,,,,,
53033100,alkalinity,2026-04-20,2026-04-13,eligible,122.45403838012757,0.3606596997789564,True,29.0,forest,forest
53033100,hardness,2026-04-20,2026-04-13,eligible,75.12837428656061,0.09151613972821467,False,29.0,forest,forest
53033100,salinity,2026-04-20,2026-04-13,fewer_than_two_available_target_samples,,,,,,
53033101,ecoli,2026-04-20,2026-04-13,eligible,45.844557157961866,0.23236009732360097,False,37.0,forest,constant_prevalence
53033101,other_coliform,2026-04-20,2026-04-13,fewer_than_two_available_target_samples,,,,,,
53033101,water_temperature,2026-04-20,2026-04-13,eligible,10.54810116897738,0.031727437186564476,False,37.0,forest,forest
53033101,dissolved_oxygen,2026-04-20,2026-04-13,eligible,9.670815381345774,0.03408177341441441,False,37.0,forest,forest
53033101,oxygen_saturation,2026-04-20,2026-04-13,eligible,85.13750669537431,0.05355504128811589,False,37.0,forest,forest
53033101,ph,2026-04-20,2026-04-13,eligible,7.5,0.006707891363379168,False,37.0,last_observation,forest
53033101,conductivity,2026-04-20,2026-04-13,eligible,206.55021468103806,0.18059299191374664,False,37.0,forest,constant_prevalence
53033101,nitrate,2026-04-20,2026-04-13,fewer_than_two_available_target_samples,,,,,,
53033101,phosphate,2026-04-20,2026-04-13,insufficient_training_history,,,,,,
53033101,turbidity_reported,2026-04-20,2026-04-13,fewer_than_two_available_target_samples,,,,,,
53033101,turbidity_legacy,2026-04-20,2026-04-13,eligible,10.000000000000002,0.6788484079343242,True,37.0,site_median,forest
53033101,suspended_solids,2026-04-20,2026-04-13,insufficient_training_history,,,,,,
53033101,alkalinity,2026-04-20,2026-04-13,eligible,97.86769417602001,0.37940774372359376,True,37.0,forest,forest
53033101,hardness,2026-04-20,2026-04-13,eligible,82.15079797650378,0.14485249567269565,True,37.0,forest,forest
53033101,salinity,2026-04-20,2026-04-13,fewer_than_two_available_target_samples,,,,,,
53033102,ecoli,2026-04-20,2026-04-13,eligible,4.999150746720741,0.23236009732360097,False,61.0,forest,constant_prevalence
53033102,other_coliform,2026-04-20,2026-04-13,fewer_than_two_available_target_samples,,,,,,
53033102,water_temperature,2026-04-20,2026-04-13,eligible,10.240791415778903,0.02376378818612866,False,25.0,forest,forest
53033102,dissolved_oxygen,2026-04-20,2026-04-13,eligible,7.691164074775156,0.6718387749363508,True,25.0,forest,forest
53033102,oxygen_saturation,2026-04-20,2026-04-13,eligible,72.71377118373367,0.48552590301208826,True,25.0,forest,forest
53033102,ph,2026-04-20,2026-04-13,eligible,6.5,0.31683930426683904,True,25.0,last_observation,forest
53033102,conductivity,2026-04-20,2026-04-13,eligible,156.86553785660448,0.18059299191374664,False,25.0,forest,constant_prevalence
53033102,nitrate,2026-04-20,2026-04-13,fewer_than_two_available_target_samples,,,,,,
53033102,phosphate,2026-04-20,2026-04-13,insufficient_training_history,,,,,,
53033102,turbidity_reported,2026-04-20,2026-04-13,fewer_than_two_available_target_samples,,,,,,
53033102,turbidity_legacy,2026-04-20,2026-04-13,eligible,10.000000000000002,0.6392612821895515,True,25.0,site_median,forest
53033102,suspended_solids,2026-04-20,2026-04-13,insufficient_training_history,,,,,,
53033102,alkalinity,2026-04-20,2026-04-13,eligible,93.04804587279193,0.06752001031192076,False,25.0,forest,forest
53033102,hardness,2026-04-20,2026-04-13,eligible,80.3977360225504,0.1455082300034743,True,25.0,forest,forest
53033102,salinity,2026-04-20,2026-04-13,fewer_than_two_available_target_samples,,,,,,
53033103,ecoli,2026-04-20,2026-04-13,eligible,3.8486579967507217,0.23236009732360097,False,61.0,forest,constant_prevalence
53033103,other_coliform,2026-04-20,2026-04-13,fewer_than_two_available_target_samples,,,,,,
53033103,water_temperature,2026-04-20,2026-04-13,eligible,10.250737513821202,0.01819736905072312,False,25.0,forest,forest
53033103,dissolved_oxygen,2026-04-20,2026-04-13,eligible,6.218863714721228,0.9115461095390227,True,25.0,forest,forest
53033103,oxygen_saturation,2026-04-20,2026-04-13,eligible,60.90171208223663,0.8838992390850546,True,25.0,forest,forest
53033103,ph,2026-04-20,2026-04-13,eligible,7.0,0.27595635309350114,True,25.0,last_observation,forest
53033103,conductivity,2026-04-20,2026-04-13,eligible,154.8617948709784,0.18059299191374664,False,25.0,forest,constant_prevalence
53033103,nitrate,2026-04-20,2026-04-13,fewer_than_two_available_target_samples,,,,,,
53033103,phosphate,2026-04-20,2026-04-13,insufficient_training_history,,,,,,
53033103,turbidity_reported,2026-04-20,2026-04-13,fewer_than_two_available_target_samples,,,,,,
53033103,turbidity_legacy,2026-04-20,2026-04-13,eligible,5.0,0.34116803847521365,True,25.0,site_median,forest
53033103,suspended_solids,2026-04-20,2026-04-13,insufficient_training_history,,,,,,
53033103,alkalinity,2026-04-20,2026-04-13,eligible,79.3407595533394,0.0741829876956329,False,25.0,forest,forest
53033103,hardness,2026-04-20,2026-04-13,eligible,69.53109938386491,0.11413429869459892,False,25.0,forest,forest
53033103,salinity,2026-04-20,2026-04-13,fewer_than_two_available_target_samples,,,,,,
53033104,ecoli,2026-04-20,2026-04-13,target_history_older_than_120_days,,,,,,
53033104,other_coliform,2026-04-20,2026-04-13,fewer_than_two_available_target_samples,,,,,,
53033104,water_temperature,2026-04-20,2026-04-13,eligible,11.090991665166676,0.03547289878523998,False,80.0,forest,forest
53033104,dissolved_oxygen,2026-04-20,2026-04-13,target_history_older_than_120_days,,,,,,
53033104,oxygen_saturation,2026-04-20,2026-04-13,target_history_older_than_120_days,,,,,,
53033104,ph,2026-04-20,2026-04-13,eligible,8.0,0.07978556586571652,False,80.0,last_observation,forest
53033104,conductivity,2026-04-20,2026-04-13,eligible,262.8391646120449,0.18059299191374664,False,80.0,forest,constant_prevalence
53033104,nitrate,2026-04-20,2026-04-13,fewer_than_two_available_target_samples,,,,,,
53033104,phosphate,2026-04-20,2026-04-13,insufficient_training_history,,,,,,
53033104,turbidity_reported,2026-04-20,2026-04-13,target_history_older_than_120_days,,,,,,
53033104,turbidity_legacy,2026-04-20,2026-04-13,eligible,2.0000000000000004,0.6348599079434343,True,80.0,site_median,forest
53033104,suspended_solids,2026-04-20,2026-04-13,insufficient_training_history,,,,,,
53033104,alkalinity,2026-04-20,2026-04-13,eligible,122.30645795746088,0.37151458241396734,True,80.0,forest,forest
53033104,hardness,2026-04-20,2026-04-13,target_history_older_than_120_days,,,,,,
53033104,salinity,2026-04-20,2026-04-13,fewer_than_two_available_target_samples,,,,,,
53033105,ecoli,2026-04-20,2026-04-13,eligible,20.36197671872149,0.23236009732360097,False,30.0,forest,constant_prevalence
53033105,other_coliform,2026-04-20,2026-04-13,fewer_than_two_available_target_samples,,,,,,
53033105,water_temperature,2026-04-20,2026-04-13,eligible,12.212376233709676,0.11729184584558998,False,30.0,forest,forest
53033105,dissolved_oxygen,2026-04-20,2026-04-13,eligible,6.119487906119783,0.9479932322307644,True,30.0,forest,forest
53033105,oxygen_saturation,2026-04-20,2026-04-13,eligible,58.236208189594215,0.9854989297182616,True,30.0,forest,forest
53033105,ph,2026-04-20,2026-04-13,eligible,7.0,0.043541821153771657,False,30.0,last_observation,forest
53033105,conductivity,2026-04-20,2026-04-13,eligible,174.15319584985946,0.18059299191374664,False,30.0,forest,constant_prevalence
53033105,nitrate,2026-04-20,2026-04-13,fewer_than_two_available_target_samples,,,,,,
53033105,phosphate,2026-04-20,2026-04-13,insufficient_training_history,,,,,,
53033105,turbidity_reported,2026-04-20,2026-04-13,fewer_than_two_available_target_samples,,,,,,
53033105,turbidity_legacy,2026-04-20,2026-04-13,eligible,2.0000000000000004,0.05894427256264076,False,30.0,site_median,forest
53033105,suspended_solids,2026-04-20,2026-04-13,insufficient_training_history,,,,,,
53033105,alkalinity,2026-04-20,2026-04-13,eligible,86.02744666809099,0.031109086324137062,False,30.0,forest,forest
53033105,hardness,2026-04-20,2026-04-13,eligible,106.84008438508423,0.5452900634816172,True,30.0,forest,forest
53033105,salinity,2026-04-20,2026-04-13,fewer_than_two_available_target_samples,,,,,,
5303311,ecoli,2026-04-20,2026-04-13,target_history_older_than_120_days,,,,,,
5303311,other_coliform,2026-04-20,2026-04-13,target_history_older_than_120_days,,,,,,
5303311,water_temperature,2026-04-20,2026-04-13,target_history_older_than_120_days,,,,,,
5303311,dissolved_oxygen,2026-04-20,2026-04-13,target_history_older_than_120_days,,,,,,
5303311,oxygen_saturation,2026-04-20,2026-04-13,target_history_older_than_120_days,,,,,,
5303311,ph,2026-04-20,2026-04-13,target_history_older_than_120_days,,,,,,
5303311,conductivity,2026-04-20,2026-04-13,fewer_than_two_available_target_samples,,,,,,
5303311,nitrate,2026-04-20,2026-04-13,fewer_than_two_available_target_samples,,,,,,
5303311,phosphate,2026-04-20,2026-04-13,insufficient_training_history,,,,,,
5303311,turbidity_reported,2026-04-20,2026-04-13,fewer_than_two_available_target_samples,,,,,,
5303311,turbidity_legacy,2026-04-20,2026-04-13,target_history_older_than_120_days,,,,,,
5303311,suspended_solids,2026-04-20,2026-04-13,insufficient_training_history,,,,,,
5303311,alkalinity,2026-04-20,2026-04-13,target_history_older_than_120_days,,,,,,
5303311,hardness,2026-04-20,2026-04-13,target_history_older_than_120_days,,,,,,
5303311,salinity,2026-04-20,2026-04-13,fewer_than_two_available_target_samples,,,,,,
5303312,ecoli,2026-04-20,2026-04-13,target_history_older_than_120_days,,,,,,
5303312,other_coliform,2026-04-20,2026-04-13,target_history_older_than_120_days,,,,,,
5303312,water_temperature,2026-04-20,2026-04-13,target_history_older_than_120_days,,,,,,
5303312,dissolved_oxygen,2026-04-20,2026-04-13,target_history_older_than_120_days,,,,,,
5303312,oxygen_saturation,2026-04-20,2026-04-13,target_history_older_than_120_days,,,,,,
5303312,ph,2026-04-20,2026-04-13,target_history_older_than_120_days,,,,,,
5303312,conductivity,2026-04-20,2026-04-13,fewer_than_two_available_target_samples,,,,,,
5303312,nitrate,2026-04-20,2026-04-13,fewer_than_two_available_target_samples,,,,,,
5303312,phosphate,2026-04-20,2026-04-13,insufficient_training_history,,,,,,
5303312,turbidity_reported,2026-04-20,2026-04-13,fewer_than_two_available_target_samples,,,,,,
5303312,turbidity_legacy,2026-04-20,2026-04-13,target_history_older_than_120_days,,,,,,
5303312,suspended_solids,2026-04-20,2026-04-13,insufficient_training_history,,,,,,
5303312,alkalinity,2026-04-20,2026-04-13,target_history_older_than_120_days,,,,,,
5303312,hardness,2026-04-20,2026-04-13,target_history_older_than_120_days,,,,,,
5303312,salinity,2026-04-20,2026-04-13,fewer_than_two_available_target_samples,,,,,,
5303313,ecoli,2026-04-20,2026-04-13,target_history_older_than_120_days,,,,,,
5303313,other_coliform,2026-04-20,2026-04-13,target_history_older_than_120_days,,,,,,
5303313,water_temperature,2026-04-20,2026-04-13,target_history_older_than_120_days,,,,,,
5303313,dissolved_oxygen,2026-04-20,2026-04-13,target_history_older_than_120_days,,,,,,
5303313,oxygen_saturation,2026-04-20,2026-04-13,target_history_older_than_120_days,,,,,,
5303313,ph,2026-04-20,2026-04-13,target_history_older_than_120_days,,,,,,
5303313,conductivity,2026-04-20,2026-04-13,fewer_than_two_available_target_samples,,,,,,
5303313,nitrate,2026-04-20,2026-04-13,fewer_than_two_available_target_samples,,,,,,
5303313,phosphate,2026-04-20,2026-04-13,insufficient_training_history,,,,,,
5303313,turbidity_reported,2026-04-20,2026-04-13,fewer_than_two_available_target_samples,,,,,,
5303313,turbidity_legacy,2026-04-20,2026-04-13,target_history_older_than_120_days,,,,,,
5303313,suspended_solids,2026-04-20,2026-04-13,insufficient_training_history,,,,,,
5303313,alkalinity,2026-04-20,2026-04-13,target_history_older_than_120_days,,,,,,
5303313,hardness,2026-04-20,2026-04-13,target_history_older_than_120_days,,,,,,
5303313,salinity,2026-04-20,2026-04-13,fewer_than_two_available_target_samples,,,,,,
5303314,ecoli,2026-04-20,2026-04-13,fewer_than_two_available_target_samples,,,,,,
5303314,other_coliform,2026-04-20,2026-04-13,fewer_than_two_available_target_samples,,,,,,
5303314,water_temperature,2026-04-20,2026-04-13,target_history_older_than_120_days,,,,,,
5303314,dissolved_oxygen,2026-04-20,2026-04-13,target_history_older_than_120_days,,,,,,
5303314,oxygen_saturation,2026-04-20,2026-04-13,target_history_older_than_120_days,,,,,,
5303314,ph,2026-04-20,2026-04-13,target_history_older_than_120_days,,,,,,
5303314,conductivity,2026-04-20,2026-04-13,fewer_than_two_available_target_samples,,,,,,
5303314,nitrate,2026-04-20,2026-04-13,fewer_than_two_available_target_samples,,,,,,
5303314,phosphate,2026-04-20,2026-04-13,insufficient_training_history,,,,,,
5303314,turbidity_reported,2026-04-20,2026-04-13,fewer_than_two_available_target_samples,,,,,,
5303314,turbidity_legacy,2026-04-20,2026-04-13,target_history_older_than_120_days,,,,,,
5303314,suspended_solids,2026-04-20,2026-04-13,insufficient_training_history,,,,,,
5303314,alkalinity,2026-04-20,2026-04-13,target_history_older_than_120_days,,,,,,
5303314,hardness,2026-04-20,2026-04-13,target_history_older_than_120_days,,,,,,
5303314,salinity,2026-04-20,2026-04-13,fewer_than_two_available_target_samples,,,,,,
5303315,ecoli,2026-04-20,2026-04-13,target_history_older_than_120_days,,,,,,
5303315,other_coliform,2026-04-20,2026-04-13,target_history_older_than_120_days,,,,,,
5303315,water_temperature,2026-04-20,2026-04-13,target_history_older_than_120_days,,,,,,
5303315,dissolved_oxygen,2026-04-20,2026-04-13,target_history_older_than_120_days,,,,,,
5303315,oxygen_saturation,2026-04-20,2026-04-13,target_history_older_than_120_days,,,,,,
5303315,ph,2026-04-20,2026-04-13,target_history_older_than_120_days,,,,,,
5303315,conductivity,2026-04-20,2026-04-13,fewer_than_two_available_target_samples,,,,,,
5303315,nitrate,2026-04-20,2026-04-13,fewer_than_two_available_target_samples,,,,,,
5303315,phosphate,2026-04-20,2026-04-13,insufficient_training_history,,,,,,
5303315,turbidity_reported,2026-04-20,2026-04-13,fewer_than_two_available_target_samples,,,,,,
5303315,turbidity_legacy,2026-04-20,2026-04-13,target_history_older_than_120_days,,,,,,
5303315,suspended_solids,2026-04-20,2026-04-13,insufficient_training_history,,,,,,
5303315,alkalinity,2026-04-20,2026-04-13,target_history_older_than_120_days,,,,,,
5303315,hardness,2026-04-20,2026-04-13,target_history_older_than_120_days,,,,,,
5303315,salinity,2026-04-20,2026-04-13,fewer_than_two_available_target_samples,,,,,,
5303316,ecoli,2026-04-20,2026-04-13,target_history_older_than_120_days,,,,,,
5303316,other_coliform,2026-04-20,2026-04-13,target_history_older_than_120_days,,,,,,
5303316,water_temperature,2026-04-20,2026-04-13,target_history_older_than_120_days,,,,,,
5303316,dissolved_oxygen,2026-04-20,2026-04-13,target_history_older_than_120_days,,,,,,
5303316,oxygen_saturation,2026-04-20,2026-04-13,target_history_older_than_120_days,,,,,,
5303316,ph,2026-04-20,2026-04-13,target_history_older_than_120_days,,,,,,
5303316,conductivity,2026-04-20,2026-04-13,fewer_than_two_available_target_samples,,,,,,
5303316,nitrate,2026-04-20,2026-04-13,fewer_than_two_available_target_samples,,,,,,
5303316,phosphate,2026-04-20,2026-04-13,insufficient_training_history,,,,,,
5303316,turbidity_reported,2026-04-20,2026-04-13,fewer_than_two_available_target_samples,,,,,,
5303316,turbidity_legacy,2026-04-20,2026-04-13,target_history_older_than_120_days,,,,,,
5303316,suspended_solids,2026-04-20,2026-04-13,insufficient_training_history,,,,,,
5303316,alkalinity,2026-04-20,2026-04-13,target_history_older_than_120_days,,,,,,
5303316,hardness,2026-04-20,2026-04-13,target_history_older_than_120_days,,,,,,
5303316,salinity,2026-04-20,2026-04-13,fewer_than_two_available_target_samples,,,,,,
5303317,ecoli,2026-04-20,2026-04-13,target_history_older_than_120_days,,,,,,
5303317,other_coliform,2026-04-20,2026-04-13,target_history_older_than_120_days,,,,,,
5303317,water_temperature,2026-04-20,2026-04-13,target_history_older_than_120_days,,,,,,
5303317,dissolved_oxygen,2026-04-20,2026-04-13,target_history_older_than_120_days,,,,,,
5303317,oxygen_saturation,2026-04-20,2026-04-13,target_history_older_than_120_days,,,,,,
5303317,ph,2026-04-20,2026-04-13,target_history_older_than_120_days,,,,,,
5303317,conductivity,2026-04-20,2026-04-13,fewer_than_two_available_target_samples,,,,,,
5303317,nitrate,2026-04-20,2026-04-13,fewer_than_two_available_target_samples,,,,,,
5303317,phosphate,2026-04-20,2026-04-13,insufficient_training_history,,,,,,
5303317,turbidity_reported,2026-04-20,2026-04-13,fewer_than_two_available_target_samples,,,,,,
5303317,turbidity_legacy,2026-04-20,2026-04-13,target_history_older_than_120_days,,,,,,
5303317,suspended_solids,2026-04-20,2026-04-13,insufficient_training_history,,,,,,
5303317,alkalinity,2026-04-20,2026-04-13,target_history_older_than_120_days,,,,,,
5303317,hardness,2026-04-20,2026-04-13,target_history_older_than_120_days,,,,,,
5303317,salinity,2026-04-20,2026-04-13,fewer_than_two_available_target_samples,,,,,,
5303318,ecoli,2026-04-20,2026-04-13,target_history_older_than_120_days,,,,,,
5303318,other_coliform,2026-04-20,2026-04-13,target_history_older_than_120_days,,,,,,
5303318,water_temperature,2026-04-20,2026-04-13,target_history_older_than_120_days,,,,,,
5303318,dissolved_oxygen,2026-04-20,2026-04-13,target_history_older_than_120_days,,,,,,
5303318,oxygen_saturation,2026-04-20,2026-04-13,target_history_older_than_120_days,,,,,,
5303318,ph,2026-04-20,2026-04-13,target_history_older_than_120_days,,,,,,
5303318,conductivity,2026-04-20,2026-04-13,target_history_older_than_120_days,,,,,,
5303318,nitrate,2026-04-20,2026-04-13,target_history_older_than_120_days,,,,,,
5303318,phosphate,2026-04-20,2026-04-13,insufficient_training_history,,,,,,
5303318,turbidity_reported,2026-04-20,2026-04-13,target_history_older_than_120_days,,,,,,
5303318,turbidity_legacy,2026-04-20,2026-04-13,target_history_older_than_120_days,,,,,,
5303318,suspended_solids,2026-04-20,2026-04-13,insufficient_training_history,,,,,,
5303318,alkalinity,2026-04-20,2026-04-13,target_history_older_than_120_days,,,,,,
5303318,hardness,2026-04-20,2026-04-13,target_history_older_than_120_days,,,,,,
5303318,salinity,2026-04-20,2026-04-13,fewer_than_two_available_target_samples,,,,,,
5303319,ecoli,2026-04-20,2026-04-13,target_history_older_than_120_days,,,,,,
5303319,other_coliform,2026-04-20,2026-04-13,target_history_older_than_120_days,,,,,,
5303319,water_temperature,2026-04-20,2026-04-13,target_history_older_than_120_days,,,,,,
5303319,dissolved_oxygen,2026-04-20,2026-04-13,target_history_older_than_120_days,,,,,,
5303319,oxygen_saturation,2026-04-20,2026-04-13,target_history_older_than_120_days,,,,,,
5303319,ph,2026-04-20,2026-04-13,target_history_older_than_120_days,,,,,,
5303319,conductivity,2026-04-20,2026-04-13,target_history_older_than_120_days,,,,,,
5303319,nitrate,2026-04-20,2026-04-13,target_history_older_than_120_days,,,,,,
5303319,phosphate,2026-04-20,2026-04-13,insufficient_training_history,,,,,,
5303319,turbidity_reported,2026-04-20,2026-04-13,target_history_older_than_120_days,,,,,,
5303319,turbidity_legacy,2026-04-20,2026-04-13,target_history_older_than_120_days,,,,,,
5303319,suspended_solids,2026-04-20,2026-04-13,insufficient_training_history,,,,,,
5303319,alkalinity,2026-04-20,2026-04-13,target_history_older_than_120_days,,,,,,
5303319,hardness,2026-04-20,2026-04-13,target_history_older_than_120_days,,,,,,
5303319,salinity,2026-04-20,2026-04-13,fewer_than_two_available_target_samples,,,,,,
5303320,ecoli,2026-04-20,2026-04-13,eligible,117.30178729006826,0.23236009732360097,False,78.0,forest,constant_prevalence
5303320,other_coliform,2026-04-20,2026-04-13,target_history_older_than_120_days,,,,,,
5303320,water_temperature,2026-04-20,2026-04-13,eligible,9.999270489282988,0.0010252525252525252,False,49.0,forest,forest
5303320,dissolved_oxygen,2026-04-20,2026-04-13,eligible,9.907180252379177,0.027095802077557605,False,49.0,forest,forest
5303320,oxygen_saturation,2026-04-20,2026-04-13,eligible,87.82363024486403,0.025270141634161483,False,49.0,forest,forest
5303320,ph,2026-04-20,2026-04-13,eligible,7.0,0.0038205344278570822,False,49.0,last_observation,forest
5303320,conductivity,2026-04-20,2026-04-13,eligible,176.82284264168953,0.18059299191374664,False,49.0,forest,constant_prevalence
5303320,nitrate,2026-04-20,2026-04-13,fewer_than_two_available_target_samples,,,,,,
5303320,phosphate,2026-04-20,2026-04-13,insufficient_training_history,,,,,,
5303320,turbidity_reported,2026-04-20,2026-04-13,fewer_than_two_available_target_samples,,,,,,
5303320,turbidity_legacy,2026-04-20,2026-04-13,eligible,2.0000000000000004,0.3252879905389027,True,49.0,site_median,forest
5303320,suspended_solids,2026-04-20,2026-04-13,insufficient_training_history,,,,,,
5303320,alkalinity,2026-04-20,2026-04-13,eligible,80.94667426782048,0.1111741794102358,False,49.0,forest,forest
5303320,hardness,2026-04-20,2026-04-13,eligible,65.06328220411662,0.06775558665704275,False,49.0,forest,forest
5303320,salinity,2026-04-20,2026-04-13,fewer_than_two_available_target_samples,,,,,,
5303321,ecoli,2026-04-20,2026-04-13,eligible,22.049692648304656,0.23236009732360097,False,25.0,forest,constant_prevalence
5303321,other_coliform,2026-04-20,2026-04-13,target_history_older_than_120_days,,,,,,
5303321,water_temperature,2026-04-20,2026-04-13,eligible,9.917473061069812,0.01323107279079819,False,24.0,forest,forest
5303321,dissolved_oxygen,2026-04-20,2026-04-13,eligible,7.111470341742391,0.7533840353733804,True,24.0,forest,forest
5303321,oxygen_saturation,2026-04-20,2026-04-13,eligible,66.04835838206736,0.7660967282623372,True,24.0,forest,forest
5303321,ph,2026-04-20,2026-04-13,eligible,7.0,0.06337266597873156,False,24.0,last_observation,forest
5303321,conductivity,2026-04-20,2026-04-13,eligible,174.65104709216908,0.18059299191374664,False,24.0,forest,constant_prevalence
5303321,nitrate,2026-04-20,2026-04-13,fewer_than_two_available_target_samples,,,,,,
5303321,phosphate,2026-04-20,2026-04-13,insufficient_training_history,,,,,,
5303321,turbidity_reported,2026-04-20,2026-04-13,eligible,8.000000000000002,0.013099313319608093,False,24.0,site_seasonal,forest
5303321,turbidity_legacy,2026-04-20,2026-04-13,eligible,2.0000000000000004,0.18044466789871205,True,24.0,site_median,forest
5303321,suspended_solids,2026-04-20,2026-04-13,insufficient_training_history,,,,,,
5303321,alkalinity,2026-04-20,2026-04-13,eligible,80.76040523170434,0.043441710539597146,False,24.0,forest,forest
5303321,hardness,2026-04-20,2026-04-13,eligible,71.4338304371364,0.034826113245121866,False,24.0,forest,forest
5303321,salinity,2026-04-20,2026-04-13,fewer_than_two_available_target_samples,,,,,,
5303322,ecoli,2026-04-20,2026-04-13,eligible,48.35016399124362,0.23236009732360097,False,57.0,forest,constant_prevalence
5303322,other_coliform,2026-04-20,2026-04-13,target_history_older_than_120_days,,,,,,
5303322,water_temperature,2026-04-20,2026-04-13,eligible,9.887924354748167,0.010425163450575746,False,57.0,forest,forest
5303322,dissolved_oxygen,2026-04-20,2026-04-13,eligible,9.828525540623634,0.02234136043117272,False,57.0,forest,forest
5303322,oxygen_saturation,2026-04-20,2026-04-13,eligible,86.50251749806027,0.018705268410022017,False,57.0,forest,forest
5303322,ph,2026-04-20,2026-04-13,eligible,7.0,0.004316903369534949,False,57.0,last_observation,forest
5303322,conductivity,2026-04-20,2026-04-13,eligible,183.72868571367206,0.18059299191374664,False,57.0,forest,constant_prevalence
5303322,nitrate,2026-04-20,2026-04-13,fewer_than_two_available_target_samples,,,,,,
5303322,phosphate,2026-04-20,2026-04-13,insufficient_training_history,,,,,,
5303322,turbidity_reported,2026-04-20,2026-04-13,fewer_than_two_available_target_samples,,,,,,
5303322,turbidity_legacy,2026-04-20,2026-04-13,eligible,2.0000000000000004,0.13704634021685255,False,57.0,site_median,forest
5303322,suspended_solids,2026-04-20,2026-04-13,insufficient_training_history,,,,,,
5303322,alkalinity,2026-04-20,2026-04-13,eligible,77.44901575489976,0.03329216586918176,False,57.0,forest,forest
5303322,hardness,2026-04-20,2026-04-13,eligible,63.575310312404,0.1069649077767148,False,57.0,forest,forest
5303322,salinity,2026-04-20,2026-04-13,fewer_than_two_available_target_samples,,,,,,
5303323,ecoli,2026-04-20,2026-04-13,target_history_older_than_120_days,,,,,,
5303323,other_coliform,2026-04-20,2026-04-13,target_history_older_than_120_days,,,,,,
5303323,water_temperature,2026-04-20,2026-04-13,target_history_older_than_120_days,,,,,,
5303323,dissolved_oxygen,2026-04-20,2026-04-13,target_history_older_than_120_days,,,,,,
5303323,oxygen_saturation,2026-04-20,2026-04-13,target_history_older_than_120_days,,,,,,
5303323,ph,2026-04-20,2026-04-13,target_history_older_than_120_days,,,,,,
5303323,conductivity,2026-04-20,2026-04-13,fewer_than_two_available_target_samples,,,,,,
5303323,nitrate,2026-04-20,2026-04-13,fewer_than_two_available_target_samples,,,,,,
5303323,phosphate,2026-04-20,2026-04-13,insufficient_training_history,,,,,,
5303323,turbidity_reported,2026-04-20,2026-04-13,fewer_than_two_available_target_samples,,,,,,
5303323,turbidity_legacy,2026-04-20,2026-04-13,target_history_older_than_120_days,,,,,,
5303323,suspended_solids,2026-04-20,2026-04-13,insufficient_training_history,,,,,,
5303323,alkalinity,2026-04-20,2026-04-13,target_history_older_than_120_days,,,,,,
5303323,hardness,2026-04-20,2026-04-13,target_history_older_than_120_days,,,,,,
5303323,salinity,2026-04-20,2026-04-13,fewer_than_two_available_target_samples,,,,,,
5303324,ecoli,2026-04-20,2026-04-13,target_history_older_than_120_days,,,,,,
5303324,other_coliform,2026-04-20,2026-04-13,target_history_older_than_120_days,,,,,,
5303324,water_temperature,2026-04-20,2026-04-13,target_history_older_than_120_days,,,,,,
5303324,dissolved_oxygen,2026-04-20,2026-04-13,target_history_older_than_120_days,,,,,,
5303324,oxygen_saturation,2026-04-20,2026-04-13,target_history_older_than_120_days,,,,,,
5303324,ph,2026-04-20,2026-04-13,target_history_older_than_120_days,,,,,,
5303324,conductivity,2026-04-20,2026-04-13,fewer_than_two_available_target_samples,,,,,,
5303324,nitrate,2026-04-20,2026-04-13,fewer_than_two_available_target_samples,,,,,,
5303324,phosphate,2026-04-20,2026-04-13,insufficient_training_history,,,,,,
5303324,turbidity_reported,2026-04-20,2026-04-13,fewer_than_two_available_target_samples,,,,,,
5303324,turbidity_legacy,2026-04-20,2026-04-13,target_history_older_than_120_days,,,,,,
5303324,suspended_solids,2026-04-20,2026-04-13,insufficient_training_history,,,,,,
5303324,alkalinity,2026-04-20,2026-04-13,target_history_older_than_120_days,,,,,,
5303324,hardness,2026-04-20,2026-04-13,target_history_older_than_120_days,,,,,,
5303324,salinity,2026-04-20,2026-04-13,fewer_than_two_available_target_samples,,,,,,
5303325,ecoli,2026-04-20,2026-04-13,target_history_older_than_120_days,,,,,,
5303325,other_coliform,2026-04-20,2026-04-13,target_history_older_than_120_days,,,,,,
5303325,water_temperature,2026-04-20,2026-04-13,target_history_older_than_120_days,,,,,,
5303325,dissolved_oxygen,2026-04-20,2026-04-13,target_history_older_than_120_days,,,,,,
5303325,oxygen_saturation,2026-04-20,2026-04-13,target_history_older_than_120_days,,,,,,
5303325,ph,2026-04-20,2026-04-13,target_history_older_than_120_days,,,,,,
5303325,conductivity,2026-04-20,2026-04-13,fewer_than_two_available_target_samples,,,,,,
5303325,nitrate,2026-04-20,2026-04-13,fewer_than_two_available_target_samples,,,,,,
5303325,phosphate,2026-04-20,2026-04-13,insufficient_training_history,,,,,,
5303325,turbidity_reported,2026-04-20,2026-04-13,fewer_than_two_available_target_samples,,,,,,
5303325,turbidity_legacy,2026-04-20,2026-04-13,target_history_older_than_120_days,,,,,,
5303325,suspended_solids,2026-04-20,2026-04-13,insufficient_training_history,,,,,,
5303325,alkalinity,2026-04-20,2026-04-13,target_history_older_than_120_days,,,,,,
5303325,hardness,2026-04-20,2026-04-13,target_history_older_than_120_days,,,,,,
5303325,salinity,2026-04-20,2026-04-13,fewer_than_two_available_target_samples,,,,,,
5303327,ecoli,2026-04-20,2026-04-13,target_history_older_than_120_days,,,,,,
5303327,other_coliform,2026-04-20,2026-04-13,target_history_older_than_120_days,,,,,,
5303327,water_temperature,2026-04-20,2026-04-13,target_history_older_than_120_days,,,,,,
5303327,dissolved_oxygen,2026-04-20,2026-04-13,target_history_older_than_120_days,,,,,,
5303327,oxygen_saturation,2026-04-20,2026-04-13,target_history_older_than_120_days,,,,,,
5303327,ph,2026-04-20,2026-04-13,target_history_older_than_120_days,,,,,,
5303327,conductivity,2026-04-20,2026-04-13,fewer_than_two_available_target_samples,,,,,,
5303327,nitrate,2026-04-20,2026-04-13,fewer_than_two_available_target_samples,,,,,,
5303327,phosphate,2026-04-20,2026-04-13,insufficient_training_history,,,,,,
5303327,turbidity_reported,2026-04-20,2026-04-13,fewer_than_two_available_target_samples,,,,,,
5303327,turbidity_legacy,2026-04-20,2026-04-13,target_history_older_than_120_days,,,,,,
5303327,suspended_solids,2026-04-20,2026-04-13,insufficient_training_history,,,,,,
5303327,alkalinity,2026-04-20,2026-04-13,target_history_older_than_120_days,,,,,,
5303327,hardness,2026-04-20,2026-04-13,target_history_older_than_120_days,,,,,,
5303327,salinity,2026-04-20,2026-04-13,fewer_than_two_available_target_samples,,,,,,
5303328,ecoli,2026-04-20,2026-04-13,fewer_than_two_available_target_samples,,,,,,
5303328,other_coliform,2026-04-20,2026-04-13,fewer_than_two_available_target_samples,,,,,,
5303328,water_temperature,2026-04-20,2026-04-13,target_history_older_than_120_days,,,,,,
5303328,dissolved_oxygen,2026-04-20,2026-04-13,target_history_older_than_120_days,,,,,,
5303328,oxygen_saturation,2026-04-20,2026-04-13,target_history_older_than_120_days,,,,,,
5303328,ph,2026-04-20,2026-04-13,target_history_older_than_120_days,,,,,,
5303328,conductivity,2026-04-20,2026-04-13,fewer_than_two_available_target_samples,,,,,,
5303328,nitrate,2026-04-20,2026-04-13,fewer_than_two_available_target_samples,,,,,,
5303328,phosphate,2026-04-20,2026-04-13,insufficient_training_history,,,,,,
5303328,turbidity_reported,2026-04-20,2026-04-13,fewer_than_two_available_target_samples,,,,,,
5303328,turbidity_legacy,2026-04-20,2026-04-13,target_history_older_than_120_days,,,,,,
5303328,suspended_solids,2026-04-20,2026-04-13,insufficient_training_history,,,,,,
5303328,alkalinity,2026-04-20,2026-04-13,target_history_older_than_120_days,,,,,,
5303328,hardness,2026-04-20,2026-04-13,target_history_older_than_120_days,,,,,,
5303328,salinity,2026-04-20,2026-04-13,fewer_than_two_available_target_samples,,,,,,
5303330,ecoli,2026-04-20,2026-04-13,target_history_older_than_120_days,,,,,,
5303330,other_coliform,2026-04-20,2026-04-13,target_history_older_than_120_days,,,,,,
5303330,water_temperature,2026-04-20,2026-04-13,target_history_older_than_120_days,,,,,,
5303330,dissolved_oxygen,2026-04-20,2026-04-13,target_history_older_than_120_days,,,,,,
5303330,oxygen_saturation,2026-04-20,2026-04-13,target_history_older_than_120_days,,,,,,
5303330,ph,2026-04-20,2026-04-13,target_history_older_than_120_days,,,,,,
5303330,conductivity,2026-04-20,2026-04-13,fewer_than_two_available_target_samples,,,,,,
5303330,nitrate,2026-04-20,2026-04-13,fewer_than_two_available_target_samples,,,,,,
5303330,phosphate,2026-04-20,2026-04-13,insufficient_training_history,,,,,,
5303330,turbidity_reported,2026-04-20,2026-04-13,fewer_than_two_available_target_samples,,,,,,
5303330,turbidity_legacy,2026-04-20,2026-04-13,target_history_older_than_120_days,,,,,,
5303330,suspended_solids,2026-04-20,2026-04-13,insufficient_training_history,,,,,,
5303330,alkalinity,2026-04-20,2026-04-13,target_history_older_than_120_days,,,,,,
5303330,hardness,2026-04-20,2026-04-13,target_history_older_than_120_days,,,,,,
5303330,salinity,2026-04-20,2026-04-13,fewer_than_two_available_target_samples,,,,,,
5303331,ecoli,2026-04-20,2026-04-13,fewer_than_two_available_target_samples,,,,,,
5303331,other_coliform,2026-04-20,2026-04-13,fewer_than_two_available_target_samples,,,,,,
5303331,water_temperature,2026-04-20,2026-04-13,target_history_older_than_120_days,,,,,,
5303331,dissolved_oxygen,2026-04-20,2026-04-13,target_history_older_than_120_days,,,,,,
5303331,oxygen_saturation,2026-04-20,2026-04-13,target_history_older_than_120_days,,,,,,
5303331,ph,2026-04-20,2026-04-13,target_history_older_than_120_days,,,,,,
5303331,conductivity,2026-04-20,2026-04-13,fewer_than_two_available_target_samples,,,,,,
5303331,nitrate,2026-04-20,2026-04-13,fewer_than_two_available_target_samples,,,,,,
5303331,phosphate,2026-04-20,2026-04-13,insufficient_training_history,,,,,,
5303331,turbidity_reported,2026-04-20,2026-04-13,fewer_than_two_available_target_samples,,,,,,
5303331,turbidity_legacy,2026-04-20,2026-04-13,target_history_older_than_120_days,,,,,,
5303331,suspended_solids,2026-04-20,2026-04-13,insufficient_training_history,,,,,,
5303331,alkalinity,2026-04-20,2026-04-13,target_history_older_than_120_days,,,,,,
5303331,hardness,2026-04-20,2026-04-13,target_history_older_than_120_days,,,,,,
5303331,salinity,2026-04-20,2026-04-13,fewer_than_two_available_target_samples,,,,,,
5303332,ecoli,2026-04-20,2026-04-13,target_history_older_than_120_days,,,,,,
5303332,other_coliform,2026-04-20,2026-04-13,target_history_older_than_120_days,,,,,,
5303332,water_temperature,2026-04-20,2026-04-13,target_history_older_than_120_days,,,,,,
5303332,dissolved_oxygen,2026-04-20,2026-04-13,target_history_older_than_120_days,,,,,,
5303332,oxygen_saturation,2026-04-20,2026-04-13,target_history_older_than_120_days,,,,,,
5303332,ph,2026-04-20,2026-04-13,target_history_older_than_120_days,,,,,,
5303332,conductivity,2026-04-20,2026-04-13,fewer_than_two_available_target_samples,,,,,,
5303332,nitrate,2026-04-20,2026-04-13,fewer_than_two_available_target_samples,,,,,,
5303332,phosphate,2026-04-20,2026-04-13,insufficient_training_history,,,,,,
5303332,turbidity_reported,2026-04-20,2026-04-13,fewer_than_two_available_target_samples,,,,,,
5303332,turbidity_legacy,2026-04-20,2026-04-13,target_history_older_than_120_days,,,,,,
5303332,suspended_solids,2026-04-20,2026-04-13,insufficient_training_history,,,,,,
5303332,alkalinity,2026-04-20,2026-04-13,target_history_older_than_120_days,,,,,,
5303332,hardness,2026-04-20,2026-04-13,target_history_older_than_120_days,,,,,,
5303332,salinity,2026-04-20,2026-04-13,fewer_than_two_available_target_samples,,,,,,
5303333,ecoli,2026-04-20,2026-04-13,fewer_than_two_available_target_samples,,,,,,
5303333,other_coliform,2026-04-20,2026-04-13,fewer_than_two_available_target_samples,,,,,,
5303333,water_temperature,2026-04-20,2026-04-13,target_history_older_than_120_days,,,,,,
5303333,dissolved_oxygen,2026-04-20,2026-04-13,target_history_older_than_120_days,,,,,,
5303333,oxygen_saturation,2026-04-20,2026-04-13,target_history_older_than_120_days,,,,,,
5303333,ph,2026-04-20,2026-04-13,target_history_older_than_120_days,,,,,,
5303333,conductivity,2026-04-20,2026-04-13,fewer_than_two_available_target_samples,,,,,,
5303333,nitrate,2026-04-20,2026-04-13,fewer_than_two_available_target_samples,,,,,,
5303333,phosphate,2026-04-20,2026-04-13,insufficient_training_history,,,,,,
5303333,turbidity_reported,2026-04-20,2026-04-13,fewer_than_two_available_target_samples,,,,,,
5303333,turbidity_legacy,2026-04-20,2026-04-13,target_history_older_than_120_days,,,,,,
5303333,suspended_solids,2026-04-20,2026-04-13,insufficient_training_history,,,,,,
5303333,alkalinity,2026-04-20,2026-04-13,target_history_older_than_120_days,,,,,,
5303333,hardness,2026-04-20,2026-04-13,target_history_older_than_120_days,,,,,,
5303333,salinity,2026-04-20,2026-04-13,fewer_than_two_available_target_samples,,,,,,
5303334,ecoli,2026-04-20,2026-04-13,target_history_older_than_120_days,,,,,,
5303334,other_coliform,2026-04-20,2026-04-13,target_history_older_than_120_days,,,,,,
5303334,water_temperature,2026-04-20,2026-04-13,target_history_older_than_120_days,,,,,,
5303334,dissolved_oxygen,2026-04-20,2026-04-13,target_history_older_than_120_days,,,,,,
5303334,oxygen_saturation,2026-04-20,2026-04-13,target_history_older_than_120_days,,,,,,
5303334,ph,2026-04-20,2026-04-13,target_history_older_than_120_days,,,,,,
5303334,conductivity,2026-04-20,2026-04-13,fewer_than_two_available_target_samples,,,,,,
5303334,nitrate,2026-04-20,2026-04-13,fewer_than_two_available_target_samples,,,,,,
5303334,phosphate,2026-04-20,2026-04-13,insufficient_training_history,,,,,,
5303334,turbidity_reported,2026-04-20,2026-04-13,fewer_than_two_available_target_samples,,,,,,
5303334,turbidity_legacy,2026-04-20,2026-04-13,target_history_older_than_120_days,,,,,,
5303334,suspended_solids,2026-04-20,2026-04-13,insufficient_training_history,,,,,,
5303334,alkalinity,2026-04-20,2026-04-13,target_history_older_than_120_days,,,,,,
5303334,hardness,2026-04-20,2026-04-13,target_history_older_than_120_days,,,,,,
5303334,salinity,2026-04-20,2026-04-13,fewer_than_two_available_target_samples,,,,,,
5303335,ecoli,2026-04-20,2026-04-13,target_history_older_than_120_days,,,,,,
5303335,other_coliform,2026-04-20,2026-04-13,target_history_older_than_120_days,,,,,,
5303335,water_temperature,2026-04-20,2026-04-13,target_history_older_than_120_days,,,,,,
5303335,dissolved_oxygen,2026-04-20,2026-04-13,target_history_older_than_120_days,,,,,,
5303335,oxygen_saturation,2026-04-20,2026-04-13,target_history_older_than_120_days,,,,,,
5303335,ph,2026-04-20,2026-04-13,target_history_older_than_120_days,,,,,,
5303335,conductivity,2026-04-20,2026-04-13,target_history_older_than_120_days,,,,,,
5303335,nitrate,2026-04-20,2026-04-13,fewer_than_two_available_target_samples,,,,,,
5303335,phosphate,2026-04-20,2026-04-13,insufficient_training_history,,,,,,
5303335,turbidity_reported,2026-04-20,2026-04-13,target_history_older_than_120_days,,,,,,
5303335,turbidity_legacy,2026-04-20,2026-04-13,target_history_older_than_120_days,,,,,,
5303335,suspended_solids,2026-04-20,2026-04-13,insufficient_training_history,,,,,,
5303335,alkalinity,2026-04-20,2026-04-13,target_history_older_than_120_days,,,,,,
5303335,hardness,2026-04-20,2026-04-13,target_history_older_than_120_days,,,,,,
5303335,salinity,2026-04-20,2026-04-13,fewer_than_two_available_target_samples,,,,,,
5303336,ecoli,2026-04-20,2026-04-13,fewer_than_two_available_target_samples,,,,,,
5303336,other_coliform,2026-04-20,2026-04-13,fewer_than_two_available_target_samples,,,,,,
5303336,water_temperature,2026-04-20,2026-04-13,fewer_than_two_available_target_samples,,,,,,
5303336,dissolved_oxygen,2026-04-20,2026-04-13,fewer_than_two_available_target_samples,,,,,,
5303336,oxygen_saturation,2026-04-20,2026-04-13,fewer_than_two_available_target_samples,,,,,,
5303336,ph,2026-04-20,2026-04-13,fewer_than_two_available_target_samples,,,,,,
5303336,conductivity,2026-04-20,2026-04-13,fewer_than_two_available_target_samples,,,,,,
5303336,nitrate,2026-04-20,2026-04-13,fewer_than_two_available_target_samples,,,,,,
5303336,phosphate,2026-04-20,2026-04-13,insufficient_training_history,,,,,,
5303336,turbidity_reported,2026-04-20,2026-04-13,fewer_than_two_available_target_samples,,,,,,
5303336,turbidity_legacy,2026-04-20,2026-04-13,fewer_than_two_available_target_samples,,,,,,
5303336,suspended_solids,2026-04-20,2026-04-13,insufficient_training_history,,,,,,
5303336,alkalinity,2026-04-20,2026-04-13,fewer_than_two_available_target_samples,,,,,,
5303336,hardness,2026-04-20,2026-04-13,fewer_than_two_available_target_samples,,,,,,
5303336,salinity,2026-04-20,2026-04-13,fewer_than_two_available_target_samples,,,,,,
5303337,ecoli,2026-04-20,2026-04-13,fewer_than_two_available_target_samples,,,,,,
5303337,other_coliform,2026-04-20,2026-04-13,fewer_than_two_available_target_samples,,,,,,
5303337,water_temperature,2026-04-20,2026-04-13,fewer_than_two_available_target_samples,,,,,,
5303337,dissolved_oxygen,2026-04-20,2026-04-13,fewer_than_two_available_target_samples,,,,,,
5303337,oxygen_saturation,2026-04-20,2026-04-13,fewer_than_two_available_target_samples,,,,,,
5303337,ph,2026-04-20,2026-04-13,fewer_than_two_available_target_samples,,,,,,
5303337,conductivity,2026-04-20,2026-04-13,fewer_than_two_available_target_samples,,,,,,
5303337,nitrate,2026-04-20,2026-04-13,fewer_than_two_available_target_samples,,,,,,
5303337,phosphate,2026-04-20,2026-04-13,insufficient_training_history,,,,,,
5303337,turbidity_reported,2026-04-20,2026-04-13,fewer_than_two_available_target_samples,,,,,,
5303337,turbidity_legacy,2026-04-20,2026-04-13,fewer_than_two_available_target_samples,,,,,,
5303337,suspended_solids,2026-04-20,2026-04-13,insufficient_training_history,,,,,,
5303337,alkalinity,2026-04-20,2026-04-13,fewer_than_two_available_target_samples,,,,,,
5303337,hardness,2026-04-20,2026-04-13,fewer_than_two_available_target_samples,,,,,,
5303337,salinity,2026-04-20,2026-04-13,fewer_than_two_available_target_samples,,,,,,
5303338,ecoli,2026-04-20,2026-04-13,fewer_than_two_available_target_samples,,,,,,
5303338,other_coliform,2026-04-20,2026-04-13,fewer_than_two_available_target_samples,,,,,,
5303338,water_temperature,2026-04-20,2026-04-13,target_history_older_than_120_days,,,,,,
5303338,dissolved_oxygen,2026-04-20,2026-04-13,target_history_older_than_120_days,,,,,,
5303338,oxygen_saturation,2026-04-20,2026-04-13,target_history_older_than_120_days,,,,,,
5303338,ph,2026-04-20,2026-04-13,target_history_older_than_120_days,,,,,,
5303338,conductivity,2026-04-20,2026-04-13,fewer_than_two_available_target_samples,,,,,,
5303338,nitrate,2026-04-20,2026-04-13,fewer_than_two_available_target_samples,,,,,,
5303338,phosphate,2026-04-20,2026-04-13,insufficient_training_history,,,,,,
5303338,turbidity_reported,2026-04-20,2026-04-13,fewer_than_two_available_target_samples,,,,,,
5303338,turbidity_legacy,2026-04-20,2026-04-13,target_history_older_than_120_days,,,,,,
5303338,suspended_solids,2026-04-20,2026-04-13,insufficient_training_history,,,,,,
5303338,alkalinity,2026-04-20,2026-04-13,fewer_than_two_available_target_samples,,,,,,
5303338,hardness,2026-04-20,2026-04-13,fewer_than_two_available_target_samples,,,,,,
5303338,salinity,2026-04-20,2026-04-13,fewer_than_two_available_target_samples,,,,,,
5303339,ecoli,2026-04-20,2026-04-13,fewer_than_two_available_target_samples,,,,,,
5303339,other_coliform,2026-04-20,2026-04-13,fewer_than_two_available_target_samples,,,,,,
5303339,water_temperature,2026-04-20,2026-04-13,target_history_older_than_120_days,,,,,,
5303339,dissolved_oxygen,2026-04-20,2026-04-13,target_history_older_than_120_days,,,,,,
5303339,oxygen_saturation,2026-04-20,2026-04-13,target_history_older_than_120_days,,,,,,
5303339,ph,2026-04-20,2026-04-13,target_history_older_than_120_days,,,,,,
5303339,conductivity,2026-04-20,2026-04-13,fewer_than_two_available_target_samples,,,,,,
5303339,nitrate,2026-04-20,2026-04-13,fewer_than_two_available_target_samples,,,,,,
5303339,phosphate,2026-04-20,2026-04-13,insufficient_training_history,,,,,,
5303339,turbidity_reported,2026-04-20,2026-04-13,fewer_than_two_available_target_samples,,,,,,
5303339,turbidity_legacy,2026-04-20,2026-04-13,target_history_older_than_120_days,,,,,,
5303339,suspended_solids,2026-04-20,2026-04-13,insufficient_training_history,,,,,,
5303339,alkalinity,2026-04-20,2026-04-13,target_history_older_than_120_days,,,,,,
5303339,hardness,2026-04-20,2026-04-13,target_history_older_than_120_days,,,,,,
5303339,salinity,2026-04-20,2026-04-13,fewer_than_two_available_target_samples,,,,,,
5303340,ecoli,2026-04-20,2026-04-13,fewer_than_two_available_target_samples,,,,,,
5303340,other_coliform,2026-04-20,2026-04-13,fewer_than_two_available_target_samples,,,,,,
5303340,water_temperature,2026-04-20,2026-04-13,target_history_older_than_120_days,,,,,,
5303340,dissolved_oxygen,2026-04-20,2026-04-13,target_history_older_than_120_days,,,,,,
5303340,oxygen_saturation,2026-04-20,2026-04-13,target_history_older_than_120_days,,,,,,
5303340,ph,2026-04-20,2026-04-13,target_history_older_than_120_days,,,,,,
5303340,conductivity,2026-04-20,2026-04-13,fewer_than_two_available_target_samples,,,,,,
5303340,nitrate,2026-04-20,2026-04-13,fewer_than_two_available_target_samples,,,,,,
5303340,phosphate,2026-04-20,2026-04-13,insufficient_training_history,,,,,,
5303340,turbidity_reported,2026-04-20,2026-04-13,fewer_than_two_available_target_samples,,,,,,
5303340,turbidity_legacy,2026-04-20,2026-04-13,target_history_older_than_120_days,,,,,,
5303340,suspended_solids,2026-04-20,2026-04-13,insufficient_training_history,,,,,,
5303340,alkalinity,2026-04-20,2026-04-13,target_history_older_than_120_days,,,,,,
5303340,hardness,2026-04-20,2026-04-13,target_history_older_than_120_days,,,,,,
5303340,salinity,2026-04-20,2026-04-13,fewer_than_two_available_target_samples,,,,,,
5303341,ecoli,2026-04-20,2026-04-13,fewer_than_two_available_target_samples,,,,,,
5303341,other_coliform,2026-04-20,2026-04-13,fewer_than_two_available_target_samples,,,,,,
5303341,water_temperature,2026-04-20,2026-04-13,target_history_older_than_120_days,,,,,,
5303341,dissolved_oxygen,2026-04-20,2026-04-13,target_history_older_than_120_days,,,,,,
5303341,oxygen_saturation,2026-04-20,2026-04-13,target_history_older_than_120_days,,,,,,
5303341,ph,2026-04-20,2026-04-13,target_history_older_than_120_days,,,,,,
5303341,conductivity,2026-04-20,2026-04-13,fewer_than_two_available_target_samples,,,,,,
5303341,nitrate,2026-04-20,2026-04-13,fewer_than_two_available_target_samples,,,,,,
5303341,phosphate,2026-04-20,2026-04-13,insufficient_training_history,,,,,,
5303341,turbidity_reported,2026-04-20,2026-04-13,fewer_than_two_available_target_samples,,,,,,
5303341,turbidity_legacy,2026-04-20,2026-04-13,target_history_older_than_120_days,,,,,,
5303341,suspended_solids,2026-04-20,2026-04-13,insufficient_training_history,,,,,,
5303341,alkalinity,2026-04-20,2026-04-13,target_history_older_than_120_days,,,,,,
5303341,hardness,2026-04-20,2026-04-13,target_history_older_than_120_days,,,,,,
5303341,salinity,2026-04-20,2026-04-13,fewer_than_two_available_target_samples,,,,,,
5303343,ecoli,2026-04-20,2026-04-13,fewer_than_two_available_target_samples,,,,,,
5303343,other_coliform,2026-04-20,2026-04-13,fewer_than_two_available_target_samples,,,,,,
5303343,water_temperature,2026-04-20,2026-04-13,target_history_older_than_120_days,,,,,,
5303343,dissolved_oxygen,2026-04-20,2026-04-13,target_history_older_than_120_days,,,,,,
5303343,oxygen_saturation,2026-04-20,2026-04-13,target_history_older_than_120_days,,,,,,
5303343,ph,2026-04-20,2026-04-13,target_history_older_than_120_days,,,,,,
5303343,conductivity,2026-04-20,2026-04-13,fewer_than_two_available_target_samples,,,,,,
5303343,nitrate,2026-04-20,2026-04-13,fewer_than_two_available_target_samples,,,,,,
5303343,phosphate,2026-04-20,2026-04-13,insufficient_training_history,,,,,,
5303343,turbidity_reported,2026-04-20,2026-04-13,fewer_than_two_available_target_samples,,,,,,
5303343,turbidity_legacy,2026-04-20,2026-04-13,target_history_older_than_120_days,,,,,,
5303343,suspended_solids,2026-04-20,2026-04-13,insufficient_training_history,,,,,,
5303343,alkalinity,2026-04-20,2026-04-13,target_history_older_than_120_days,,,,,,
5303343,hardness,2026-04-20,2026-04-13,target_history_older_than_120_days,,,,,,
5303343,salinity,2026-04-20,2026-04-13,fewer_than_two_available_target_samples,,,,,,
5303344,ecoli,2026-04-20,2026-04-13,fewer_than_two_available_target_samples,,,,,,
5303344,other_coliform,2026-04-20,2026-04-13,fewer_than_two_available_target_samples,,,,,,
5303344,water_temperature,2026-04-20,2026-04-13,target_history_older_than_120_days,,,,,,
5303344,dissolved_oxygen,2026-04-20,2026-04-13,target_history_older_than_120_days,,,,,,
5303344,oxygen_saturation,2026-04-20,2026-04-13,target_history_older_than_120_days,,,,,,
5303344,ph,2026-04-20,2026-04-13,target_history_older_than_120_days,,,,,,
5303344,conductivity,2026-04-20,2026-04-13,fewer_than_two_available_target_samples,,,,,,
5303344,nitrate,2026-04-20,2026-04-13,fewer_than_two_available_target_samples,,,,,,
5303344,phosphate,2026-04-20,2026-04-13,insufficient_training_history,,,,,,
5303344,turbidity_reported,2026-04-20,2026-04-13,fewer_than_two_available_target_samples,,,,,,
5303344,turbidity_legacy,2026-04-20,2026-04-13,target_history_older_than_120_days,,,,,,
5303344,suspended_solids,2026-04-20,2026-04-13,insufficient_training_history,,,,,,
5303344,alkalinity,2026-04-20,2026-04-13,target_history_older_than_120_days,,,,,,
5303344,hardness,2026-04-20,2026-04-13,target_history_older_than_120_days,,,,,,
5303344,salinity,2026-04-20,2026-04-13,fewer_than_two_available_target_samples,,,,,,
5303345,ecoli,2026-04-20,2026-04-13,fewer_than_two_available_target_samples,,,,,,
5303345,other_coliform,2026-04-20,2026-04-13,fewer_than_two_available_target_samples,,,,,,
5303345,water_temperature,2026-04-20,2026-04-13,target_history_older_than_120_days,,,,,,
5303345,dissolved_oxygen,2026-04-20,2026-04-13,target_history_older_than_120_days,,,,,,
5303345,oxygen_saturation,2026-04-20,2026-04-13,target_history_older_than_120_days,,,,,,
5303345,ph,2026-04-20,2026-04-13,target_history_older_than_120_days,,,,,,
5303345,conductivity,2026-04-20,2026-04-13,fewer_than_two_available_target_samples,,,,,,
5303345,nitrate,2026-04-20,2026-04-13,fewer_than_two_available_target_samples,,,,,,
5303345,phosphate,2026-04-20,2026-04-13,insufficient_training_history,,,,,,
5303345,turbidity_reported,2026-04-20,2026-04-13,fewer_than_two_available_target_samples,,,,,,
5303345,turbidity_legacy,2026-04-20,2026-04-13,target_history_older_than_120_days,,,,,,
5303345,suspended_solids,2026-04-20,2026-04-13,insufficient_training_history,,,,,,
5303345,alkalinity,2026-04-20,2026-04-13,fewer_than_two_available_target_samples,,,,,,
5303345,hardness,2026-04-20,2026-04-13,target_history_older_than_120_days,,,,,,
5303345,salinity,2026-04-20,2026-04-13,fewer_than_two_available_target_samples,,,,,,
5303346,ecoli,2026-04-20,2026-04-13,eligible,51.11326327898793,0.23236009732360097,False,106.0,forest,constant_prevalence
5303346,other_coliform,2026-04-20,2026-04-13,target_history_older_than_120_days,,,,,,
5303346,water_temperature,2026-04-20,2026-04-13,eligible,9.907549104731178,0.0363003171087546,False,106.0,forest,forest
5303346,dissolved_oxygen,2026-04-20,2026-04-13,eligible,9.562546975148416,0.3039812853958307,False,106.0,forest,forest
5303346,oxygen_saturation,2026-04-20,2026-04-13,eligible,85.26428571665842,0.16221135835012085,False,106.0,forest,forest
5303346,ph,2026-04-20,2026-04-13,eligible,7.0,0.16722791666201078,True,106.0,last_observation,forest
5303346,conductivity,2026-04-20,2026-04-13,fewer_than_two_available_target_samples,,,,,,
5303346,nitrate,2026-04-20,2026-04-13,eligible,0.25,0.385958909687562,True,106.0,site_median,forest
5303346,phosphate,2026-04-20,2026-04-13,insufficient_training_history,,,,,,
5303346,turbidity_reported,2026-04-20,2026-04-13,target_history_older_than_120_days,,,,,,
5303346,turbidity_legacy,2026-04-20,2026-04-13,eligible,2.0000000000000004,0.34511900631246784,True,106.0,site_median,forest
5303346,suspended_solids,2026-04-20,2026-04-13,insufficient_training_history,,,,,,
5303346,alkalinity,2026-04-20,2026-04-13,eligible,67.49961904064457,0.19865763492635294,True,106.0,forest,forest
5303346,hardness,2026-04-20,2026-04-13,eligible,57.983954906642545,0.1741507639666553,True,106.0,forest,forest
5303346,salinity,2026-04-20,2026-04-13,fewer_than_two_available_target_samples,,,,,,
5303348,ecoli,2026-04-20,2026-04-13,target_history_older_than_120_days,,,,,,
5303348,other_coliform,2026-04-20,2026-04-13,target_history_older_than_120_days,,,,,,
5303348,water_temperature,2026-04-20,2026-04-13,target_history_older_than_120_days,,,,,,
5303348,dissolved_oxygen,2026-04-20,2026-04-13,target_history_older_than_120_days,,,,,,
5303348,oxygen_saturation,2026-04-20,2026-04-13,target_history_older_than_120_days,,,,,,
5303348,ph,2026-04-20,2026-04-13,target_history_older_than_120_days,,,,,,
5303348,conductivity,2026-04-20,2026-04-13,fewer_than_two_available_target_samples,,,,,,
5303348,nitrate,2026-04-20,2026-04-13,fewer_than_two_available_target_samples,,,,,,
5303348,phosphate,2026-04-20,2026-04-13,insufficient_training_history,,,,,,
5303348,turbidity_reported,2026-04-20,2026-04-13,fewer_than_two_available_target_samples,,,,,,
5303348,turbidity_legacy,2026-04-20,2026-04-13,target_history_older_than_120_days,,,,,,
5303348,suspended_solids,2026-04-20,2026-04-13,insufficient_training_history,,,,,,
5303348,alkalinity,2026-04-20,2026-04-13,target_history_older_than_120_days,,,,,,
5303348,hardness,2026-04-20,2026-04-13,target_history_older_than_120_days,,,,,,
5303348,salinity,2026-04-20,2026-04-13,fewer_than_two_available_target_samples,,,,,,
5303349,ecoli,2026-04-20,2026-04-13,target_history_older_than_120_days,,,,,,
5303349,other_coliform,2026-04-20,2026-04-13,target_history_older_than_120_days,,,,,,
5303349,water_temperature,2026-04-20,2026-04-13,target_history_older_than_120_days,,,,,,
5303349,dissolved_oxygen,2026-04-20,2026-04-13,target_history_older_than_120_days,,,,,,
5303349,oxygen_saturation,2026-04-20,2026-04-13,target_history_older_than_120_days,,,,,,
5303349,ph,2026-04-20,2026-04-13,target_history_older_than_120_days,,,,,,
5303349,conductivity,2026-04-20,2026-04-13,fewer_than_two_available_target_samples,,,,,,
5303349,nitrate,2026-04-20,2026-04-13,fewer_than_two_available_target_samples,,,,,,
5303349,phosphate,2026-04-20,2026-04-13,insufficient_training_history,,,,,,
5303349,turbidity_reported,2026-04-20,2026-04-13,fewer_than_two_available_target_samples,,,,,,
5303349,turbidity_legacy,2026-04-20,2026-04-13,target_history_older_than_120_days,,,,,,
5303349,suspended_solids,2026-04-20,2026-04-13,insufficient_training_history,,,,,,
5303349,alkalinity,2026-04-20,2026-04-13,target_history_older_than_120_days,,,,,,
5303349,hardness,2026-04-20,2026-04-13,target_history_older_than_120_days,,,,,,
5303349,salinity,2026-04-20,2026-04-13,fewer_than_two_available_target_samples,,,,,,
5303350,ecoli,2026-04-20,2026-04-13,target_history_older_than_120_days,,,,,,
5303350,other_coliform,2026-04-20,2026-04-13,target_history_older_than_120_days,,,,,,
5303350,water_temperature,2026-04-20,2026-04-13,target_history_older_than_120_days,,,,,,
5303350,dissolved_oxygen,2026-04-20,2026-04-13,target_history_older_than_120_days,,,,,,
5303350,oxygen_saturation,2026-04-20,2026-04-13,target_history_older_than_120_days,,,,,,
5303350,ph,2026-04-20,2026-04-13,target_history_older_than_120_days,,,,,,
5303350,conductivity,2026-04-20,2026-04-13,fewer_than_two_available_target_samples,,,,,,
5303350,nitrate,2026-04-20,2026-04-13,fewer_than_two_available_target_samples,,,,,,
5303350,phosphate,2026-04-20,2026-04-13,insufficient_training_history,,,,,,
5303350,turbidity_reported,2026-04-20,2026-04-13,fewer_than_two_available_target_samples,,,,,,
5303350,turbidity_legacy,2026-04-20,2026-04-13,target_history_older_than_120_days,,,,,,
5303350,suspended_solids,2026-04-20,2026-04-13,insufficient_training_history,,,,,,
5303350,alkalinity,2026-04-20,2026-04-13,target_history_older_than_120_days,,,,,,
5303350,hardness,2026-04-20,2026-04-13,target_history_older_than_120_days,,,,,,
5303350,salinity,2026-04-20,2026-04-13,fewer_than_two_available_target_samples,,,,,,
5303351,ecoli,2026-04-20,2026-04-13,fewer_than_two_available_target_samples,,,,,,
5303351,other_coliform,2026-04-20,2026-04-13,fewer_than_two_available_target_samples,,,,,,
5303351,water_temperature,2026-04-20,2026-04-13,target_history_older_than_120_days,,,,,,
5303351,dissolved_oxygen,2026-04-20,2026-04-13,target_history_older_than_120_days,,,,,,
5303351,oxygen_saturation,2026-04-20,2026-04-13,target_history_older_than_120_days,,,,,,
5303351,ph,2026-04-20,2026-04-13,target_history_older_than_120_days,,,,,,
5303351,conductivity,2026-04-20,2026-04-13,fewer_than_two_available_target_samples,,,,,,
5303351,nitrate,2026-04-20,2026-04-13,fewer_than_two_available_target_samples,,,,,,
5303351,phosphate,2026-04-20,2026-04-13,insufficient_training_history,,,,,,
5303351,turbidity_reported,2026-04-20,2026-04-13,fewer_than_two_available_target_samples,,,,,,
5303351,turbidity_legacy,2026-04-20,2026-04-13,target_history_older_than_120_days,,,,,,
5303351,suspended_solids,2026-04-20,2026-04-13,insufficient_training_history,,,,,,
5303351,alkalinity,2026-04-20,2026-04-13,target_history_older_than_120_days,,,,,,
5303351,hardness,2026-04-20,2026-04-13,target_history_older_than_120_days,,,,,,
5303351,salinity,2026-04-20,2026-04-13,fewer_than_two_available_target_samples,,,,,,
5303352,ecoli,2026-04-20,2026-04-13,fewer_than_two_available_target_samples,,,,,,
5303352,other_coliform,2026-04-20,2026-04-13,fewer_than_two_available_target_samples,,,,,,
5303352,water_temperature,2026-04-20,2026-04-13,target_history_older_than_120_days,,,,,,
5303352,dissolved_oxygen,2026-04-20,2026-04-13,target_history_older_than_120_days,,,,,,
5303352,oxygen_saturation,2026-04-20,2026-04-13,target_history_older_than_120_days,,,,,,
5303352,ph,2026-04-20,2026-04-13,target_history_older_than_120_days,,,,,,
5303352,conductivity,2026-04-20,2026-04-13,fewer_than_two_available_target_samples,,,,,,
5303352,nitrate,2026-04-20,2026-04-13,fewer_than_two_available_target_samples,,,,,,
5303352,phosphate,2026-04-20,2026-04-13,insufficient_training_history,,,,,,
5303352,turbidity_reported,2026-04-20,2026-04-13,fewer_than_two_available_target_samples,,,,,,
5303352,turbidity_legacy,2026-04-20,2026-04-13,target_history_older_than_120_days,,,,,,
5303352,suspended_solids,2026-04-20,2026-04-13,insufficient_training_history,,,,,,
5303352,alkalinity,2026-04-20,2026-04-13,target_history_older_than_120_days,,,,,,
5303352,hardness,2026-04-20,2026-04-13,target_history_older_than_120_days,,,,,,
5303352,salinity,2026-04-20,2026-04-13,fewer_than_two_available_target_samples,,,,,,
5303353,ecoli,2026-04-20,2026-04-13,fewer_than_two_available_target_samples,,,,,,
5303353,other_coliform,2026-04-20,2026-04-13,fewer_than_two_available_target_samples,,,,,,
5303353,water_temperature,2026-04-20,2026-04-13,target_history_older_than_120_days,,,,,,
5303353,dissolved_oxygen,2026-04-20,2026-04-13,target_history_older_than_120_days,,,,,,
5303353,oxygen_saturation,2026-04-20,2026-04-13,target_history_older_than_120_days,,,,,,
5303353,ph,2026-04-20,2026-04-13,target_history_older_than_120_days,,,,,,
5303353,conductivity,2026-04-20,2026-04-13,fewer_than_two_available_target_samples,,,,,,
5303353,nitrate,2026-04-20,2026-04-13,fewer_than_two_available_target_samples,,,,,,
5303353,phosphate,2026-04-20,2026-04-13,insufficient_training_history,,,,,,
5303353,turbidity_reported,2026-04-20,2026-04-13,fewer_than_two_available_target_samples,,,,,,
5303353,turbidity_legacy,2026-04-20,2026-04-13,target_history_older_than_120_days,,,,,,
5303353,suspended_solids,2026-04-20,2026-04-13,insufficient_training_history,,,,,,
5303353,alkalinity,2026-04-20,2026-04-13,target_history_older_than_120_days,,,,,,
5303353,hardness,2026-04-20,2026-04-13,target_history_older_than_120_days,,,,,,
5303353,salinity,2026-04-20,2026-04-13,fewer_than_two_available_target_samples,,,,,,
5303354,ecoli,2026-04-20,2026-04-13,fewer_than_two_available_target_samples,,,,,,
5303354,other_coliform,2026-04-20,2026-04-13,fewer_than_two_available_target_samples,,,,,,
5303354,water_temperature,2026-04-20,2026-04-13,eligible,11.337471392079722,0.0230568479341824,False,33.0,forest,forest
5303354,dissolved_oxygen,2026-04-20,2026-04-13,eligible,8.667529403256326,0.32236427964178244,False,33.0,forest,forest
5303354,oxygen_saturation,2026-04-20,2026-04-13,eligible,78.61535160676122,0.1575604329155149,False,33.0,forest,forest
5303354,ph,2026-04-20,2026-04-13,eligible,7.0,0.025947442864261337,False,33.0,last_observation,forest
5303354,conductivity,2026-04-20,2026-04-13,fewer_than_two_available_target_samples,,,,,,
5303354,nitrate,2026-04-20,2026-04-13,fewer_than_two_available_target_samples,,,,,,
5303354,phosphate,2026-04-20,2026-04-13,insufficient_training_history,,,,,,
5303354,turbidity_reported,2026-04-20,2026-04-13,fewer_than_two_available_target_samples,,,,,,
5303354,turbidity_legacy,2026-04-20,2026-04-13,eligible,2.0000000000000004,0.043065314460579054,False,33.0,site_median,forest
5303354,suspended_solids,2026-04-20,2026-04-13,insufficient_training_history,,,,,,
5303354,alkalinity,2026-04-20,2026-04-13,eligible,84.86971727903058,0.07097616181125846,False,33.0,forest,forest
5303354,hardness,2026-04-20,2026-04-13,eligible,59.512652597669806,0.11388048720569872,False,33.0,forest,forest
5303354,salinity,2026-04-20,2026-04-13,fewer_than_two_available_target_samples,,,,,,
5303355,ecoli,2026-04-20,2026-04-13,fewer_than_two_available_target_samples,,,,,,
5303355,other_coliform,2026-04-20,2026-04-13,fewer_than_two_available_target_samples,,,,,,
5303355,water_temperature,2026-04-20,2026-04-13,target_history_older_than_120_days,,,,,,
5303355,dissolved_oxygen,2026-04-20,2026-04-13,target_history_older_than_120_days,,,,,,
5303355,oxygen_saturation,2026-04-20,2026-04-13,target_history_older_than_120_days,,,,,,
5303355,ph,2026-04-20,2026-04-13,target_history_older_than_120_days,,,,,,
5303355,conductivity,2026-04-20,2026-04-13,fewer_than_two_available_target_samples,,,,,,
5303355,nitrate,2026-04-20,2026-04-13,fewer_than_two_available_target_samples,,,,,,
5303355,phosphate,2026-04-20,2026-04-13,insufficient_training_history,,,,,,
5303355,turbidity_reported,2026-04-20,2026-04-13,fewer_than_two_available_target_samples,,,,,,
5303355,turbidity_legacy,2026-04-20,2026-04-13,target_history_older_than_120_days,,,,,,
5303355,suspended_solids,2026-04-20,2026-04-13,insufficient_training_history,,,,,,
5303355,alkalinity,2026-04-20,2026-04-13,target_history_older_than_120_days,,,,,,
5303355,hardness,2026-04-20,2026-04-13,target_history_older_than_120_days,,,,,,
5303355,salinity,2026-04-20,2026-04-13,fewer_than_two_available_target_samples,,,,,,
5303356,ecoli,2026-04-20,2026-04-13,fewer_than_two_available_target_samples,,,,,,
5303356,other_coliform,2026-04-20,2026-04-13,fewer_than_two_available_target_samples,,,,,,
5303356,water_temperature,2026-04-20,2026-04-13,target_history_older_than_120_days,,,,,,
5303356,dissolved_oxygen,2026-04-20,2026-04-13,target_history_older_than_120_days,,,,,,
5303356,oxygen_saturation,2026-04-20,2026-04-13,target_history_older_than_120_days,,,,,,
5303356,ph,2026-04-20,2026-04-13,target_history_older_than_120_days,,,,,,
5303356,conductivity,2026-04-20,2026-04-13,fewer_than_two_available_target_samples,,,,,,
5303356,nitrate,2026-04-20,2026-04-13,fewer_than_two_available_target_samples,,,,,,
5303356,phosphate,2026-04-20,2026-04-13,insufficient_training_history,,,,,,
5303356,turbidity_reported,2026-04-20,2026-04-13,fewer_than_two_available_target_samples,,,,,,
5303356,turbidity_legacy,2026-04-20,2026-04-13,target_history_older_than_120_days,,,,,,
5303356,suspended_solids,2026-04-20,2026-04-13,insufficient_training_history,,,,,,
5303356,alkalinity,2026-04-20,2026-04-13,target_history_older_than_120_days,,,,,,
5303356,hardness,2026-04-20,2026-04-13,target_history_older_than_120_days,,,,,,
5303356,salinity,2026-04-20,2026-04-13,fewer_than_two_available_target_samples,,,,,,
5303358,ecoli,2026-04-20,2026-04-13,fewer_than_two_available_target_samples,,,,,,
5303358,other_coliform,2026-04-20,2026-04-13,fewer_than_two_available_target_samples,,,,,,
5303358,water_temperature,2026-04-20,2026-04-13,fewer_than_two_available_target_samples,,,,,,
5303358,dissolved_oxygen,2026-04-20,2026-04-13,fewer_than_two_available_target_samples,,,,,,
5303358,oxygen_saturation,2026-04-20,2026-04-13,fewer_than_two_available_target_samples,,,,,,
5303358,ph,2026-04-20,2026-04-13,fewer_than_two_available_target_samples,,,,,,
5303358,conductivity,2026-04-20,2026-04-13,fewer_than_two_available_target_samples,,,,,,
5303358,nitrate,2026-04-20,2026-04-13,fewer_than_two_available_target_samples,,,,,,
5303358,phosphate,2026-04-20,2026-04-13,insufficient_training_history,,,,,,
5303358,turbidity_reported,2026-04-20,2026-04-13,fewer_than_two_available_target_samples,,,,,,
5303358,turbidity_legacy,2026-04-20,2026-04-13,fewer_than_two_available_target_samples,,,,,,
5303358,suspended_solids,2026-04-20,2026-04-13,insufficient_training_history,,,,,,
5303358,alkalinity,2026-04-20,2026-04-13,fewer_than_two_available_target_samples,,,,,,
5303358,hardness,2026-04-20,2026-04-13,fewer_than_two_available_target_samples,,,,,,
5303358,salinity,2026-04-20,2026-04-13,fewer_than_two_available_target_samples,,,,,,
5303359,ecoli,2026-04-20,2026-04-13,fewer_than_two_available_target_samples,,,,,,
5303359,other_coliform,2026-04-20,2026-04-13,fewer_than_two_available_target_samples,,,,,,
5303359,water_temperature,2026-04-20,2026-04-13,fewer_than_two_available_target_samples,,,,,,
5303359,dissolved_oxygen,2026-04-20,2026-04-13,fewer_than_two_available_target_samples,,,,,,
5303359,oxygen_saturation,2026-04-20,2026-04-13,fewer_than_two_available_target_samples,,,,,,
5303359,ph,2026-04-20,2026-04-13,fewer_than_two_available_target_samples,,,,,,
5303359,conductivity,2026-04-20,2026-04-13,fewer_than_two_available_target_samples,,,,,,
5303359,nitrate,2026-04-20,2026-04-13,fewer_than_two_available_target_samples,,,,,,
5303359,phosphate,2026-04-20,2026-04-13,insufficient_training_history,,,,,,
5303359,turbidity_reported,2026-04-20,2026-04-13,fewer_than_two_available_target_samples,,,,,,
5303359,turbidity_legacy,2026-04-20,2026-04-13,fewer_than_two_available_target_samples,,,,,,
5303359,suspended_solids,2026-04-20,2026-04-13,insufficient_training_history,,,,,,
5303359,alkalinity,2026-04-20,2026-04-13,fewer_than_two_available_target_samples,,,,,,
5303359,hardness,2026-04-20,2026-04-13,fewer_than_two_available_target_samples,,,,,,
5303359,salinity,2026-04-20,2026-04-13,fewer_than_two_available_target_samples,,,,,,
5303360,ecoli,2026-04-20,2026-04-13,eligible,11.30598333356934,0.23236009732360097,False,90.0,forest,constant_prevalence
5303360,other_coliform,2026-04-20,2026-04-13,target_history_older_than_120_days,,,,,,
5303360,water_temperature,2026-04-20,2026-04-13,eligible,9.66381834859543,0.036914722446454086,False,90.0,forest,forest
5303360,dissolved_oxygen,2026-04-20,2026-04-13,eligible,6.644863530704715,0.8131797278614193,True,90.0,forest,forest
5303360,oxygen_saturation,2026-04-20,2026-04-13,eligible,62.1459710926707,0.9248884445656398,True,90.0,forest,forest
5303360,ph,2026-04-20,2026-04-13,eligible,7.0,0.07234733657637608,False,90.0,last_observation,forest
5303360,conductivity,2026-04-20,2026-04-13,eligible,153.27501987146675,0.18059299191374664,False,90.0,forest,constant_prevalence
5303360,nitrate,2026-04-20,2026-04-13,fewer_than_two_available_target_samples,,,,,,
5303360,phosphate,2026-04-20,2026-04-13,insufficient_training_history,,,,,,
5303360,turbidity_reported,2026-04-20,2026-04-13,eligible,8.000000000000002,0.11137045848067349,False,90.0,site_seasonal,forest
5303360,turbidity_legacy,2026-04-20,2026-04-13,eligible,2.0000000000000004,0.12457100043939962,False,90.0,site_median,forest
5303360,suspended_solids,2026-04-20,2026-04-13,insufficient_training_history,,,,,,
5303360,alkalinity,2026-04-20,2026-04-13,eligible,71.99786272581926,0.027924221312747223,False,90.0,forest,forest
5303360,hardness,2026-04-20,2026-04-13,eligible,66.81034439713923,0.061745556618910985,False,90.0,forest,forest
5303360,salinity,2026-04-20,2026-04-13,fewer_than_two_available_target_samples,,,,,,
5303361,ecoli,2026-04-20,2026-04-13,eligible,11.391194386503175,0.23236009732360097,False,90.0,forest,constant_prevalence
5303361,other_coliform,2026-04-20,2026-04-13,target_history_older_than_120_days,,,,,,
5303361,water_temperature,2026-04-20,2026-04-13,eligible,9.715612653705914,0.02882131366328957,False,90.0,forest,forest
5303361,dissolved_oxygen,2026-04-20,2026-04-13,eligible,9.65626764849213,0.08519208454690616,False,90.0,forest,forest
5303361,oxygen_saturation,2026-04-20,2026-04-13,eligible,82.78991564757271,0.1613728080574132,False,90.0,forest,forest
5303361,ph,2026-04-20,2026-04-13,eligible,8.0,0.04534549435179688,False,90.0,last_observation,forest
5303361,conductivity,2026-04-20,2026-04-13,eligible,148.22276064273257,0.18059299191374664,False,90.0,forest,constant_prevalence
5303361,nitrate,2026-04-20,2026-04-13,fewer_than_two_available_target_samples,,,,,,
5303361,phosphate,2026-04-20,2026-04-13,insufficient_training_history,,,,,,
5303361,turbidity_reported,2026-04-20,2026-04-13,eligible,8.000000000000002,0.07499071336604768,False,90.0,site_seasonal,forest
5303361,turbidity_legacy,2026-04-20,2026-04-13,eligible,2.0000000000000004,0.10613102866020382,False,90.0,site_median,forest
5303361,suspended_solids,2026-04-20,2026-04-13,insufficient_training_history,,,,,,
5303361,alkalinity,2026-04-20,2026-04-13,eligible,68.54550513266872,0.1696545284470313,True,90.0,forest,forest
5303361,hardness,2026-04-20,2026-04-13,eligible,54.98232841562177,0.18415191307326453,True,90.0,forest,forest
5303361,salinity,2026-04-20,2026-04-13,fewer_than_two_available_target_samples,,,,,,
5303363,ecoli,2026-04-20,2026-04-13,fewer_than_two_available_target_samples,,,,,,
5303363,other_coliform,2026-04-20,2026-04-13,fewer_than_two_available_target_samples,,,,,,
5303363,water_temperature,2026-04-20,2026-04-13,fewer_than_two_available_target_samples,,,,,,
5303363,dissolved_oxygen,2026-04-20,2026-04-13,fewer_than_two_available_target_samples,,,,,,
5303363,oxygen_saturation,2026-04-20,2026-04-13,fewer_than_two_available_target_samples,,,,,,
5303363,ph,2026-04-20,2026-04-13,fewer_than_two_available_target_samples,,,,,,
5303363,conductivity,2026-04-20,2026-04-13,fewer_than_two_available_target_samples,,,,,,
5303363,nitrate,2026-04-20,2026-04-13,fewer_than_two_available_target_samples,,,,,,
5303363,phosphate,2026-04-20,2026-04-13,insufficient_training_history,,,,,,
5303363,turbidity_reported,2026-04-20,2026-04-13,fewer_than_two_available_target_samples,,,,,,
5303363,turbidity_legacy,2026-04-20,2026-04-13,fewer_than_two_available_target_samples,,,,,,
5303363,suspended_solids,2026-04-20,2026-04-13,insufficient_training_history,,,,,,
5303363,alkalinity,2026-04-20,2026-04-13,fewer_than_two_available_target_samples,,,,,,
5303363,hardness,2026-04-20,2026-04-13,fewer_than_two_available_target_samples,,,,,,
5303363,salinity,2026-04-20,2026-04-13,fewer_than_two_available_target_samples,,,,,,
5303364,ecoli,2026-04-20,2026-04-13,fewer_than_two_available_target_samples,,,,,,
5303364,other_coliform,2026-04-20,2026-04-13,fewer_than_two_available_target_samples,,,,,,
5303364,water_temperature,2026-04-20,2026-04-13,target_history_older_than_120_days,,,,,,
5303364,dissolved_oxygen,2026-04-20,2026-04-13,target_history_older_than_120_days,,,,,,
5303364,oxygen_saturation,2026-04-20,2026-04-13,target_history_older_than_120_days,,,,,,
5303364,ph,2026-04-20,2026-04-13,target_history_older_than_120_days,,,,,,
5303364,conductivity,2026-04-20,2026-04-13,fewer_than_two_available_target_samples,,,,,,
5303364,nitrate,2026-04-20,2026-04-13,fewer_than_two_available_target_samples,,,,,,
5303364,phosphate,2026-04-20,2026-04-13,insufficient_training_history,,,,,,
5303364,turbidity_reported,2026-04-20,2026-04-13,fewer_than_two_available_target_samples,,,,,,
5303364,turbidity_legacy,2026-04-20,2026-04-13,target_history_older_than_120_days,,,,,,
5303364,suspended_solids,2026-04-20,2026-04-13,insufficient_training_history,,,,,,
5303364,alkalinity,2026-04-20,2026-04-13,target_history_older_than_120_days,,,,,,
5303364,hardness,2026-04-20,2026-04-13,target_history_older_than_120_days,,,,,,
5303364,salinity,2026-04-20,2026-04-13,fewer_than_two_available_target_samples,,,,,,
5303365,ecoli,2026-04-20,2026-04-13,target_history_older_than_120_days,,,,,,
5303365,other_coliform,2026-04-20,2026-04-13,target_history_older_than_120_days,,,,,,
5303365,water_temperature,2026-04-20,2026-04-13,fewer_than_two_available_target_samples,,,,,,
5303365,dissolved_oxygen,2026-04-20,2026-04-13,fewer_than_two_available_target_samples,,,,,,
5303365,oxygen_saturation,2026-04-20,2026-04-13,fewer_than_two_available_target_samples,,,,,,
5303365,ph,2026-04-20,2026-04-13,fewer_than_two_available_target_samples,,,,,,
5303365,conductivity,2026-04-20,2026-04-13,fewer_than_two_available_target_samples,,,,,,
5303365,nitrate,2026-04-20,2026-04-13,fewer_than_two_available_target_samples,,,,,,
5303365,phosphate,2026-04-20,2026-04-13,insufficient_training_history,,,,,,
5303365,turbidity_reported,2026-04-20,2026-04-13,fewer_than_two_available_target_samples,,,,,,
5303365,turbidity_legacy,2026-04-20,2026-04-13,fewer_than_two_available_target_samples,,,,,,
5303365,suspended_solids,2026-04-20,2026-04-13,insufficient_training_history,,,,,,
5303365,alkalinity,2026-04-20,2026-04-13,fewer_than_two_available_target_samples,,,,,,
5303365,hardness,2026-04-20,2026-04-13,fewer_than_two_available_target_samples,,,,,,
5303365,salinity,2026-04-20,2026-04-13,fewer_than_two_available_target_samples,,,,,,
5303366,ecoli,2026-04-20,2026-04-13,target_history_older_than_120_days,,,,,,
5303366,other_coliform,2026-04-20,2026-04-13,target_history_older_than_120_days,,,,,,
5303366,water_temperature,2026-04-20,2026-04-13,target_history_older_than_120_days,,,,,,
5303366,dissolved_oxygen,2026-04-20,2026-04-13,target_history_older_than_120_days,,,,,,
5303366,oxygen_saturation,2026-04-20,2026-04-13,target_history_older_than_120_days,,,,,,
5303366,ph,2026-04-20,2026-04-13,target_history_older_than_120_days,,,,,,
5303366,conductivity,2026-04-20,2026-04-13,fewer_than_two_available_target_samples,,,,,,
5303366,nitrate,2026-04-20,2026-04-13,fewer_than_two_available_target_samples,,,,,,
5303366,phosphate,2026-04-20,2026-04-13,insufficient_training_history,,,,,,
5303366,turbidity_reported,2026-04-20,2026-04-13,fewer_than_two_available_target_samples,,,,,,
5303366,turbidity_legacy,2026-04-20,2026-04-13,target_history_older_than_120_days,,,,,,
5303366,suspended_solids,2026-04-20,2026-04-13,insufficient_training_history,,,,,,
5303366,alkalinity,2026-04-20,2026-04-13,target_history_older_than_120_days,,,,,,
5303366,hardness,2026-04-20,2026-04-13,target_history_older_than_120_days,,,,,,
5303366,salinity,2026-04-20,2026-04-13,fewer_than_two_available_target_samples,,,,,,
5303368,ecoli,2026-04-20,2026-04-13,fewer_than_two_available_target_samples,,,,,,
5303368,other_coliform,2026-04-20,2026-04-13,fewer_than_two_available_target_samples,,,,,,
5303368,water_temperature,2026-04-20,2026-04-13,fewer_than_two_available_target_samples,,,,,,
5303368,dissolved_oxygen,2026-04-20,2026-04-13,fewer_than_two_available_target_samples,,,,,,
5303368,oxygen_saturation,2026-04-20,2026-04-13,fewer_than_two_available_target_samples,,,,,,
5303368,ph,2026-04-20,2026-04-13,fewer_than_two_available_target_samples,,,,,,
5303368,conductivity,2026-04-20,2026-04-13,fewer_than_two_available_target_samples,,,,,,
5303368,nitrate,2026-04-20,2026-04-13,fewer_than_two_available_target_samples,,,,,,
5303368,phosphate,2026-04-20,2026-04-13,insufficient_training_history,,,,,,
5303368,turbidity_reported,2026-04-20,2026-04-13,fewer_than_two_available_target_samples,,,,,,
5303368,turbidity_legacy,2026-04-20,2026-04-13,fewer_than_two_available_target_samples,,,,,,
5303368,suspended_solids,2026-04-20,2026-04-13,insufficient_training_history,,,,,,
5303368,alkalinity,2026-04-20,2026-04-13,fewer_than_two_available_target_samples,,,,,,
5303368,hardness,2026-04-20,2026-04-13,fewer_than_two_available_target_samples,,,,,,
5303368,salinity,2026-04-20,2026-04-13,fewer_than_two_available_target_samples,,,,,,
5303369,ecoli,2026-04-20,2026-04-13,target_history_older_than_120_days,,,,,,
5303369,other_coliform,2026-04-20,2026-04-13,target_history_older_than_120_days,,,,,,
5303369,water_temperature,2026-04-20,2026-04-13,target_history_older_than_120_days,,,,,,
5303369,dissolved_oxygen,2026-04-20,2026-04-13,target_history_older_than_120_days,,,,,,
5303369,oxygen_saturation,2026-04-20,2026-04-13,target_history_older_than_120_days,,,,,,
5303369,ph,2026-04-20,2026-04-13,target_history_older_than_120_days,,,,,,
5303369,conductivity,2026-04-20,2026-04-13,fewer_than_two_available_target_samples,,,,,,
5303369,nitrate,2026-04-20,2026-04-13,fewer_than_two_available_target_samples,,,,,,
5303369,phosphate,2026-04-20,2026-04-13,insufficient_training_history,,,,,,
5303369,turbidity_reported,2026-04-20,2026-04-13,fewer_than_two_available_target_samples,,,,,,
5303369,turbidity_legacy,2026-04-20,2026-04-13,target_history_older_than_120_days,,,,,,
5303369,suspended_solids,2026-04-20,2026-04-13,insufficient_training_history,,,,,,
5303369,alkalinity,2026-04-20,2026-04-13,target_history_older_than_120_days,,,,,,
5303369,hardness,2026-04-20,2026-04-13,target_history_older_than_120_days,,,,,,
5303369,salinity,2026-04-20,2026-04-13,fewer_than_two_available_target_samples,,,,,,
5303371,ecoli,2026-04-20,2026-04-13,eligible,24.967908286398195,0.23236009732360097,False,74.0,forest,constant_prevalence
5303371,other_coliform,2026-04-20,2026-04-13,target_history_older_than_120_days,,,,,,
5303371,water_temperature,2026-04-20,2026-04-13,eligible,11.457011387612889,0.05848160467783493,False,74.0,forest,forest
5303371,dissolved_oxygen,2026-04-20,2026-04-13,eligible,9.809186710399219,0.06597414427185945,False,74.0,forest,forest
5303371,oxygen_saturation,2026-04-20,2026-04-13,eligible,88.38563818097886,0.017034712651083455,False,74.0,forest,forest
5303371,ph,2026-04-20,2026-04-13,eligible,7.0,0.052913880627845064,False,74.0,last_observation,forest
5303371,conductivity,2026-04-20,2026-04-13,eligible,197.79692935727894,0.18059299191374664,False,74.0,forest,constant_prevalence
5303371,nitrate,2026-04-20,2026-04-13,eligible,1.1,0.3210280803285015,True,74.0,site_median,forest
5303371,phosphate,2026-04-20,2026-04-13,insufficient_training_history,,,,,,
5303371,turbidity_reported,2026-04-20,2026-04-13,eligible,8.000000000000002,0.15904438741492885,False,74.0,site_seasonal,forest
5303371,turbidity_legacy,2026-04-20,2026-04-13,eligible,2.0000000000000004,0.06173863032809006,False,74.0,site_median,forest
5303371,suspended_solids,2026-04-20,2026-04-13,insufficient_training_history,,,,,,
5303371,alkalinity,2026-04-20,2026-04-13,eligible,70.03846600852309,0.1639655915080837,True,74.0,forest,forest
5303371,hardness,2026-04-20,2026-04-13,eligible,52.62308941519075,0.3525075675647942,True,74.0,forest,forest
5303371,salinity,2026-04-20,2026-04-13,fewer_than_two_available_target_samples,,,,,,
5303372,ecoli,2026-04-20,2026-04-13,fewer_than_two_available_target_samples,,,,,,
5303372,other_coliform,2026-04-20,2026-04-13,fewer_than_two_available_target_samples,,,,,,
5303372,water_temperature,2026-04-20,2026-04-13,target_history_older_than_120_days,,,,,,
5303372,dissolved_oxygen,2026-04-20,2026-04-13,target_history_older_than_120_days,,,,,,
5303372,oxygen_saturation,2026-04-20,2026-04-13,target_history_older_than_120_days,,,,,,
5303372,ph,2026-04-20,2026-04-13,target_history_older_than_120_days,,,,,,
5303372,conductivity,2026-04-20,2026-04-13,fewer_than_two_available_target_samples,,,,,,
5303372,nitrate,2026-04-20,2026-04-13,fewer_than_two_available_target_samples,,,,,,
5303372,phosphate,2026-04-20,2026-04-13,insufficient_training_history,,,,,,
5303372,turbidity_reported,2026-04-20,2026-04-13,fewer_than_two_available_target_samples,,,,,,
5303372,turbidity_legacy,2026-04-20,2026-04-13,target_history_older_than_120_days,,,,,,
5303372,suspended_solids,2026-04-20,2026-04-13,insufficient_training_history,,,,,,
5303372,alkalinity,2026-04-20,2026-04-13,target_history_older_than_120_days,,,,,,
5303372,hardness,2026-04-20,2026-04-13,target_history_older_than_120_days,,,,,,
5303372,salinity,2026-04-20,2026-04-13,fewer_than_two_available_target_samples,,,,,,
5303377,ecoli,2026-04-20,2026-04-13,fewer_than_two_available_target_samples,,,,,,
5303377,other_coliform,2026-04-20,2026-04-13,fewer_than_two_available_target_samples,,,,,,
5303377,water_temperature,2026-04-20,2026-04-13,fewer_than_two_available_target_samples,,,,,,
5303377,dissolved_oxygen,2026-04-20,2026-04-13,fewer_than_two_available_target_samples,,,,,,
5303377,oxygen_saturation,2026-04-20,2026-04-13,fewer_than_two_available_target_samples,,,,,,
5303377,ph,2026-04-20,2026-04-13,fewer_than_two_available_target_samples,,,,,,
5303377,conductivity,2026-04-20,2026-04-13,fewer_than_two_available_target_samples,,,,,,
5303377,nitrate,2026-04-20,2026-04-13,fewer_than_two_available_target_samples,,,,,,
5303377,phosphate,2026-04-20,2026-04-13,insufficient_training_history,,,,,,
5303377,turbidity_reported,2026-04-20,2026-04-13,fewer_than_two_available_target_samples,,,,,,
5303377,turbidity_legacy,2026-04-20,2026-04-13,fewer_than_two_available_target_samples,,,,,,
5303377,suspended_solids,2026-04-20,2026-04-13,insufficient_training_history,,,,,,
5303377,alkalinity,2026-04-20,2026-04-13,fewer_than_two_available_target_samples,,,,,,
5303377,hardness,2026-04-20,2026-04-13,fewer_than_two_available_target_samples,,,,,,
5303377,salinity,2026-04-20,2026-04-13,fewer_than_two_available_target_samples,,,,,,
5303378,ecoli,2026-04-20,2026-04-13,fewer_than_two_available_target_samples,,,,,,
5303378,other_coliform,2026-04-20,2026-04-13,fewer_than_two_available_target_samples,,,,,,
5303378,water_temperature,2026-04-20,2026-04-13,fewer_than_two_available_target_samples,,,,,,
5303378,dissolved_oxygen,2026-04-20,2026-04-13,fewer_than_two_available_target_samples,,,,,,
5303378,oxygen_saturation,2026-04-20,2026-04-13,fewer_than_two_available_target_samples,,,,,,
5303378,ph,2026-04-20,2026-04-13,fewer_than_two_available_target_samples,,,,,,
5303378,conductivity,2026-04-20,2026-04-13,fewer_than_two_available_target_samples,,,,,,
5303378,nitrate,2026-04-20,2026-04-13,fewer_than_two_available_target_samples,,,,,,
5303378,phosphate,2026-04-20,2026-04-13,insufficient_training_history,,,,,,
5303378,turbidity_reported,2026-04-20,2026-04-13,fewer_than_two_available_target_samples,,,,,,
5303378,turbidity_legacy,2026-04-20,2026-04-13,fewer_than_two_available_target_samples,,,,,,
5303378,suspended_solids,2026-04-20,2026-04-13,insufficient_training_history,,,,,,
5303378,alkalinity,2026-04-20,2026-04-13,fewer_than_two_available_target_samples,,,,,,
5303378,hardness,2026-04-20,2026-04-13,fewer_than_two_available_target_samples,,,,,,
5303378,salinity,2026-04-20,2026-04-13,fewer_than_two_available_target_samples,,,,,,
5303379,ecoli,2026-04-20,2026-04-13,fewer_than_two_available_target_samples,,,,,,
5303379,other_coliform,2026-04-20,2026-04-13,fewer_than_two_available_target_samples,,,,,,
5303379,water_temperature,2026-04-20,2026-04-13,fewer_than_two_available_target_samples,,,,,,
5303379,dissolved_oxygen,2026-04-20,2026-04-13,fewer_than_two_available_target_samples,,,,,,
5303379,oxygen_saturation,2026-04-20,2026-04-13,fewer_than_two_available_target_samples,,,,,,
5303379,ph,2026-04-20,2026-04-13,fewer_than_two_available_target_samples,,,,,,
5303379,conductivity,2026-04-20,2026-04-13,fewer_than_two_available_target_samples,,,,,,
5303379,nitrate,2026-04-20,2026-04-13,fewer_than_two_available_target_samples,,,,,,
5303379,phosphate,2026-04-20,2026-04-13,insufficient_training_history,,,,,,
5303379,turbidity_reported,2026-04-20,2026-04-13,fewer_than_two_available_target_samples,,,,,,
5303379,turbidity_legacy,2026-04-20,2026-04-13,fewer_than_two_available_target_samples,,,,,,
5303379,suspended_solids,2026-04-20,2026-04-13,insufficient_training_history,,,,,,
5303379,alkalinity,2026-04-20,2026-04-13,fewer_than_two_available_target_samples,,,,,,
5303379,hardness,2026-04-20,2026-04-13,fewer_than_two_available_target_samples,,,,,,
5303379,salinity,2026-04-20,2026-04-13,fewer_than_two_available_target_samples,,,,,,
5303380,ecoli,2026-04-20,2026-04-13,fewer_than_two_available_target_samples,,,,,,
5303380,other_coliform,2026-04-20,2026-04-13,fewer_than_two_available_target_samples,,,,,,
5303380,water_temperature,2026-04-20,2026-04-13,fewer_than_two_available_target_samples,,,,,,
5303380,dissolved_oxygen,2026-04-20,2026-04-13,fewer_than_two_available_target_samples,,,,,,
5303380,oxygen_saturation,2026-04-20,2026-04-13,fewer_than_two_available_target_samples,,,,,,
5303380,ph,2026-04-20,2026-04-13,fewer_than_two_available_target_samples,,,,,,
5303380,conductivity,2026-04-20,2026-04-13,fewer_than_two_available_target_samples,,,,,,
5303380,nitrate,2026-04-20,2026-04-13,fewer_than_two_available_target_samples,,,,,,
5303380,phosphate,2026-04-20,2026-04-13,insufficient_training_history,,,,,,
5303380,turbidity_reported,2026-04-20,2026-04-13,fewer_than_two_available_target_samples,,,,,,
5303380,turbidity_legacy,2026-04-20,2026-04-13,fewer_than_two_available_target_samples,,,,,,
5303380,suspended_solids,2026-04-20,2026-04-13,insufficient_training_history,,,,,,
5303380,alkalinity,2026-04-20,2026-04-13,fewer_than_two_available_target_samples,,,,,,
5303380,hardness,2026-04-20,2026-04-13,fewer_than_two_available_target_samples,,,,,,
5303380,salinity,2026-04-20,2026-04-13,fewer_than_two_available_target_samples,,,,,,
5303382,ecoli,2026-04-20,2026-04-13,target_history_older_than_120_days,,,,,,
5303382,other_coliform,2026-04-20,2026-04-13,target_history_older_than_120_days,,,,,,
5303382,water_temperature,2026-04-20,2026-04-13,target_history_older_than_120_days,,,,,,
5303382,dissolved_oxygen,2026-04-20,2026-04-13,target_history_older_than_120_days,,,,,,
5303382,oxygen_saturation,2026-04-20,2026-04-13,target_history_older_than_120_days,,,,,,
5303382,ph,2026-04-20,2026-04-13,target_history_older_than_120_days,,,,,,
5303382,conductivity,2026-04-20,2026-04-13,fewer_than_two_available_target_samples,,,,,,
5303382,nitrate,2026-04-20,2026-04-13,fewer_than_two_available_target_samples,,,,,,
5303382,phosphate,2026-04-20,2026-04-13,insufficient_training_history,,,,,,
5303382,turbidity_reported,2026-04-20,2026-04-13,target_history_older_than_120_days,,,,,,
5303382,turbidity_legacy,2026-04-20,2026-04-13,target_history_older_than_120_days,,,,,,
5303382,suspended_solids,2026-04-20,2026-04-13,insufficient_training_history,,,,,,
5303382,alkalinity,2026-04-20,2026-04-13,target_history_older_than_120_days,,,,,,
5303382,hardness,2026-04-20,2026-04-13,target_history_older_than_120_days,,,,,,
5303382,salinity,2026-04-20,2026-04-13,fewer_than_two_available_target_samples,,,,,,
5303383,ecoli,2026-04-20,2026-04-13,eligible,19.13467110269609,0.23236009732360097,False,90.0,forest,constant_prevalence
5303383,other_coliform,2026-04-20,2026-04-13,fewer_than_two_available_target_samples,,,,,,
5303383,water_temperature,2026-04-20,2026-04-13,eligible,9.538078027164625,0.022368562126327506,False,90.0,forest,forest
5303383,dissolved_oxygen,2026-04-20,2026-04-13,eligible,10.140067010345845,0.04923074976208227,False,90.0,forest,forest
5303383,oxygen_saturation,2026-04-20,2026-04-13,eligible,84.09085296384492,0.053011797511833575,False,90.0,forest,forest
5303383,ph,2026-04-20,2026-04-13,eligible,8.0,0.06340808794173049,False,90.0,last_observation,forest
5303383,conductivity,2026-04-20,2026-04-13,eligible,177.79652685042413,0.18059299191374664,False,90.0,forest,constant_prevalence
5303383,nitrate,2026-04-20,2026-04-13,fewer_than_two_available_target_samples,,,,,,
5303383,phosphate,2026-04-20,2026-04-13,insufficient_training_history,,,,,,
5303383,turbidity_reported,2026-04-20,2026-04-13,eligible,8.000000000000002,0.06452269006804727,False,90.0,site_seasonal,forest
5303383,turbidity_legacy,2026-04-20,2026-04-13,eligible,2.0000000000000004,0.0769622668594862,False,90.0,site_median,forest
5303383,suspended_solids,2026-04-20,2026-04-13,insufficient_training_history,,,,,,
5303383,alkalinity,2026-04-20,2026-04-13,eligible,74.845129847675,0.024480132259259248,False,90.0,forest,forest
5303383,hardness,2026-04-20,2026-04-13,eligible,69.18071201410272,0.03435625732232218,False,90.0,forest,forest
5303383,salinity,2026-04-20,2026-04-13,fewer_than_two_available_target_samples,,,,,,
5303384,ecoli,2026-04-20,2026-04-13,eligible,8.834231699177959,0.23236009732360097,False,90.0,forest,constant_prevalence
5303384,other_coliform,2026-04-20,2026-04-13,fewer_than_two_available_target_samples,,,,,,
5303384,water_temperature,2026-04-20,2026-04-13,eligible,9.902845003082401,0.03153778894967516,False,90.0,forest,forest
5303384,dissolved_oxygen,2026-04-20,2026-04-13,eligible,8.853518256338605,0.49955854008773515,True,90.0,forest,forest
5303384,oxygen_saturation,2026-04-20,2026-04-13,eligible,79.8058262169949,0.3605618112477468,False,90.0,forest,forest
5303384,ph,2026-04-20,2026-04-13,eligible,8.0,0.029855625685109886,False,90.0,last_observation,forest
5303384,conductivity,2026-04-20,2026-04-13,eligible,169.21915508403492,0.18059299191374664,False,90.0,forest,constant_prevalence
5303384,nitrate,2026-04-20,2026-04-13,fewer_than_two_available_target_samples,,,,,,
5303384,phosphate,2026-04-20,2026-04-13,insufficient_training_history,,,,,,
5303384,turbidity_reported,2026-04-20,2026-04-13,eligible,8.000000000000002,0.07097703343352717,False,90.0,site_seasonal,forest
5303384,turbidity_legacy,2026-04-20,2026-04-13,eligible,2.0000000000000004,0.07119007499493259,False,90.0,site_median,forest
5303384,suspended_solids,2026-04-20,2026-04-13,insufficient_training_history,,,,,,
5303384,alkalinity,2026-04-20,2026-04-13,eligible,77.6007924576295,0.017580341229033434,False,90.0,forest,forest
5303384,hardness,2026-04-20,2026-04-13,eligible,66.25991367726726,0.03601255389942396,False,90.0,forest,forest
5303384,salinity,2026-04-20,2026-04-13,fewer_than_two_available_target_samples,,,,,,
5303386,ecoli,2026-04-20,2026-04-13,target_history_older_than_120_days,,,,,,
5303386,other_coliform,2026-04-20,2026-04-13,fewer_than_two_available_target_samples,,,,,,
5303386,water_temperature,2026-04-20,2026-04-13,target_history_older_than_120_days,,,,,,
5303386,dissolved_oxygen,2026-04-20,2026-04-13,target_history_older_than_120_days,,,,,,
5303386,oxygen_saturation,2026-04-20,2026-04-13,target_history_older_than_120_days,,,,,,
5303386,ph,2026-04-20,2026-04-13,target_history_older_than_120_days,,,,,,
5303386,conductivity,2026-04-20,2026-04-13,target_history_older_than_120_days,,,,,,
5303386,nitrate,2026-04-20,2026-04-13,fewer_than_two_available_target_samples,,,,,,
5303386,phosphate,2026-04-20,2026-04-13,insufficient_training_history,,,,,,
5303386,turbidity_reported,2026-04-20,2026-04-13,target_history_older_than_120_days,,,,,,
5303386,turbidity_legacy,2026-04-20,2026-04-13,target_history_older_than_120_days,,,,,,
5303386,suspended_solids,2026-04-20,2026-04-13,insufficient_training_history,,,,,,
5303386,alkalinity,2026-04-20,2026-04-13,target_history_older_than_120_days,,,,,,
5303386,hardness,2026-04-20,2026-04-13,target_history_older_than_120_days,,,,,,
5303386,salinity,2026-04-20,2026-04-13,fewer_than_two_available_target_samples,,,,,,
5303387,ecoli,2026-04-20,2026-04-13,eligible,235.27121520836135,0.23236009732360097,False,47.0,forest,constant_prevalence
5303387,other_coliform,2026-04-20,2026-04-13,target_history_older_than_120_days,,,,,,
5303387,water_temperature,2026-04-20,2026-04-13,eligible,10.688920885787622,0.03224850918623172,False,52.0,forest,forest
5303387,dissolved_oxygen,2026-04-20,2026-04-13,eligible,6.297606934036978,0.9331526506724244,True,52.0,forest,forest
5303387,oxygen_saturation,2026-04-20,2026-04-13,eligible,59.52082792921465,0.9749316730581923,True,52.0,forest,forest
5303387,ph,2026-04-20,2026-04-13,eligible,6.0,0.5594356761312829,True,52.0,last_observation,forest
5303387,conductivity,2026-04-20,2026-04-13,eligible,187.33296751818443,0.18059299191374664,False,52.0,forest,constant_prevalence
5303387,nitrate,2026-04-20,2026-04-13,fewer_than_two_available_target_samples,,,,,,
5303387,phosphate,2026-04-20,2026-04-13,insufficient_training_history,,,,,,
5303387,turbidity_reported,2026-04-20,2026-04-13,fewer_than_two_available_target_samples,,,,,,
5303387,turbidity_legacy,2026-04-20,2026-04-13,eligible,10.000000000000002,0.6260185594129964,True,52.0,site_median,forest
5303387,suspended_solids,2026-04-20,2026-04-13,insufficient_training_history,,,,,,
5303387,alkalinity,2026-04-20,2026-04-13,eligible,97.5349127284823,0.09787095407305438,False,52.0,forest,forest
5303387,hardness,2026-04-20,2026-04-13,eligible,67.82778808497332,0.049449851044136316,False,52.0,forest,forest
5303387,salinity,2026-04-20,2026-04-13,fewer_than_two_available_target_samples,,,,,,
5303389,ecoli,2026-04-20,2026-04-13,target_history_older_than_120_days,,,,,,
5303389,other_coliform,2026-04-20,2026-04-13,target_history_older_than_120_days,,,,,,
5303389,water_temperature,2026-04-20,2026-04-13,target_history_older_than_120_days,,,,,,
5303389,dissolved_oxygen,2026-04-20,2026-04-13,target_history_older_than_120_days,,,,,,
5303389,oxygen_saturation,2026-04-20,2026-04-13,target_history_older_than_120_days,,,,,,
5303389,ph,2026-04-20,2026-04-13,target_history_older_than_120_days,,,,,,
5303389,conductivity,2026-04-20,2026-04-13,target_history_older_than_120_days,,,,,,
5303389,nitrate,2026-04-20,2026-04-13,fewer_than_two_available_target_samples,,,,,,
5303389,phosphate,2026-04-20,2026-04-13,insufficient_training_history,,,,,,
5303389,turbidity_reported,2026-04-20,2026-04-13,target_history_older_than_120_days,,,,,,
5303389,turbidity_legacy,2026-04-20,2026-04-13,fewer_than_two_available_target_samples,,,,,,
5303389,suspended_solids,2026-04-20,2026-04-13,insufficient_training_history,,,,,,
5303389,alkalinity,2026-04-20,2026-04-13,target_history_older_than_120_days,,,,,,
5303389,hardness,2026-04-20,2026-04-13,target_history_older_than_120_days,,,,,,
5303389,salinity,2026-04-20,2026-04-13,fewer_than_two_available_target_samples,,,,,,
5303390,ecoli,2026-04-20,2026-04-13,target_history_older_than_120_days,,,,,,
5303390,other_coliform,2026-04-20,2026-04-13,target_history_older_than_120_days,,,,,,
5303390,water_temperature,2026-04-20,2026-04-13,target_history_older_than_120_days,,,,,,
5303390,dissolved_oxygen,2026-04-20,2026-04-13,target_history_older_than_120_days,,,,,,
5303390,oxygen_saturation,2026-04-20,2026-04-13,target_history_older_than_120_days,,,,,,
5303390,ph,2026-04-20,2026-04-13,target_history_older_than_120_days,,,,,,
5303390,conductivity,2026-04-20,2026-04-13,target_history_older_than_120_days,,,,,,
5303390,nitrate,2026-04-20,2026-04-13,fewer_than_two_available_target_samples,,,,,,
5303390,phosphate,2026-04-20,2026-04-13,insufficient_training_history,,,,,,
5303390,turbidity_reported,2026-04-20,2026-04-13,target_history_older_than_120_days,,,,,,
5303390,turbidity_legacy,2026-04-20,2026-04-13,fewer_than_two_available_target_samples,,,,,,
5303390,suspended_solids,2026-04-20,2026-04-13,insufficient_training_history,,,,,,
5303390,alkalinity,2026-04-20,2026-04-13,target_history_older_than_120_days,,,,,,
5303390,hardness,2026-04-20,2026-04-13,target_history_older_than_120_days,,,,,,
5303390,salinity,2026-04-20,2026-04-13,fewer_than_two_available_target_samples,,,,,,
5303391,ecoli,2026-04-20,2026-04-13,eligible,33.73637769036954,0.23236009732360097,False,22.0,forest,constant_prevalence
5303391,other_coliform,2026-04-20,2026-04-13,eligible,477.7800000000002,0.026751314663010207,False,22.0,last_observation,forest
5303391,water_temperature,2026-04-20,2026-04-13,eligible,10.335571274036711,0.01903867621848631,False,22.0,forest,forest
5303391,dissolved_oxygen,2026-04-20,2026-04-13,eligible,10.480129929790202,0.024590881361274,False,22.0,forest,forest
5303391,oxygen_saturation,2026-04-20,2026-04-13,eligible,91.28887162166657,0.0384108217578354,False,22.0,forest,forest
5303391,ph,2026-04-20,2026-04-13,eligible,7.5,0.07580236929438047,False,22.0,last_observation,forest
5303391,conductivity,2026-04-20,2026-04-13,eligible,228.40088147572555,0.18059299191374664,False,22.0,forest,constant_prevalence
5303391,nitrate,2026-04-20,2026-04-13,fewer_than_two_available_target_samples,,,,,,
5303391,phosphate,2026-04-20,2026-04-13,insufficient_training_history,,,,,,
5303391,turbidity_reported,2026-04-20,2026-04-13,eligible,8.000000000000002,0.021252693868662288,False,106.0,site_seasonal,forest
5303391,turbidity_legacy,2026-04-20,2026-04-13,eligible,2.0000000000000004,0.33362464899915123,True,22.0,site_median,forest
5303391,suspended_solids,2026-04-20,2026-04-13,insufficient_training_history,,,,,,
5303391,alkalinity,2026-04-20,2026-04-13,eligible,85.42806045942586,0.10276660163660362,False,22.0,forest,forest
5303391,hardness,2026-04-20,2026-04-13,eligible,73.34674393751266,0.0650721660589043,False,22.0,forest,forest
5303391,salinity,2026-04-20,2026-04-13,fewer_than_two_available_target_samples,,,,,,
5303392,ecoli,2026-04-20,2026-04-13,eligible,21.37532737928044,0.23236009732360097,False,40.0,forest,constant_prevalence
5303392,other_coliform,2026-04-20,2026-04-13,target_history_older_than_120_days,,,,,,
5303392,water_temperature,2026-04-20,2026-04-13,eligible,10.172287369182085,0.004879321539786656,False,19.0,forest,forest
5303392,dissolved_oxygen,2026-04-20,2026-04-13,eligible,9.96313665865445,0.029623041608099806,False,19.0,forest,forest
5303392,oxygen_saturation,2026-04-20,2026-04-13,eligible,86.3276526016754,0.01814988747244298,False,19.0,forest,forest
5303392,ph,2026-04-20,2026-04-13,eligible,8.0,0.07069662618674309,False,19.0,last_observation,forest
5303392,conductivity,2026-04-20,2026-04-13,eligible,187.90623652113115,0.18059299191374664,False,40.0,forest,constant_prevalence
5303392,nitrate,2026-04-20,2026-04-13,fewer_than_two_available_target_samples,,,,,,
5303392,phosphate,2026-04-20,2026-04-13,insufficient_training_history,,,,,,
5303392,turbidity_reported,2026-04-20,2026-04-13,eligible,8.000000000000002,0.05722162377777913,False,94.0,site_seasonal,forest
5303392,turbidity_legacy,2026-04-20,2026-04-13,eligible,2.0000000000000004,0.030176020261459248,False,19.0,site_median,forest
5303392,suspended_solids,2026-04-20,2026-04-13,insufficient_training_history,,,,,,
5303392,alkalinity,2026-04-20,2026-04-13,eligible,98.05699797209299,0.038542743184016966,False,25.0,forest,forest
5303392,hardness,2026-04-20,2026-04-13,eligible,77.894750054449,0.02970596085924312,False,19.0,forest,forest
5303392,salinity,2026-04-20,2026-04-13,fewer_than_two_available_target_samples,,,,,,
5303393,ecoli,2026-04-20,2026-04-13,eligible,3.958795967141341,0.23236009732360097,False,10.0,forest,constant_prevalence
5303393,other_coliform,2026-04-20,2026-04-13,eligible,50.0,0.05063892339580537,False,10.0,last_observation,forest
5303393,water_temperature,2026-04-20,2026-04-13,eligible,11.201450247198187,0.04918101928183698,False,10.0,forest,forest
5303393,dissolved_oxygen,2026-04-20,2026-04-13,eligible,10.024798296501944,0.06099522463598859,False,10.0,forest,forest
5303393,oxygen_saturation,2026-04-20,2026-04-13,eligible,88.66642553392006,0.05081509141012301,False,10.0,forest,forest
5303393,ph,2026-04-20,2026-04-13,eligible,9.0,0.5997004821180596,True,10.0,last_observation,forest
5303393,conductivity,2026-04-20,2026-04-13,eligible,249.7583769068634,0.18059299191374664,False,10.0,forest,constant_prevalence
5303393,nitrate,2026-04-20,2026-04-13,fewer_than_two_available_target_samples,,,,,,
5303393,phosphate,2026-04-20,2026-04-13,insufficient_training_history,,,,,,
5303393,turbidity_reported,2026-04-20,2026-04-13,eligible,8.000000000000002,0.11579635254069925,False,93.0,site_seasonal,forest
5303393,turbidity_legacy,2026-04-20,2026-04-13,eligible,2.0000000000000004,0.34768240141986606,True,10.0,site_median,forest
5303393,suspended_solids,2026-04-20,2026-04-13,insufficient_training_history,,,,,,
5303393,alkalinity,2026-04-20,2026-04-13,eligible,104.76556554773414,0.14539947750565055,False,10.0,forest,forest
5303393,hardness,2026-04-20,2026-04-13,eligible,89.84481082606166,0.23053567643000847,True,54.0,forest,forest
5303393,salinity,2026-04-20,2026-04-13,fewer_than_two_available_target_samples,,,,,,
5303394,ecoli,2026-04-20,2026-04-13,eligible,19.911285958350028,0.23236009732360097,False,23.0,forest,constant_prevalence
5303394,other_coliform,2026-04-20,2026-04-13,target_history_older_than_120_days,,,,,,
5303394,water_temperature,2026-04-20,2026-04-13,eligible,11.286298143883414,0.031382780184399994,False,23.0,forest,forest
5303394,dissolved_oxygen,2026-04-20,2026-04-13,eligible,10.016709127306605,0.014909989614811102,False,23.0,forest,forest
5303394,oxygen_saturation,2026-04-20,2026-04-13,eligible,89.10167209774207,0.009479067318777764,False,23.0,forest,forest
5303394,ph,2026-04-20,2026-04-13,eligible,8.0,0.10744698611365845,False,23.0,last_observation,forest
5303394,conductivity,2026-04-20,2026-04-13,eligible,248.99975783439194,0.18059299191374664,False,23.0,forest,constant_prevalence
5303394,nitrate,2026-04-20,2026-04-13,fewer_than_two_available_target_samples,,,,,,
5303394,phosphate,2026-04-20,2026-04-13,insufficient_training_history,,,,,,
5303394,turbidity_reported,2026-04-20,2026-04-13,eligible,8.000000000000002,0.03719844477216195,False,68.0,site_seasonal,forest
5303394,turbidity_legacy,2026-04-20,2026-04-13,eligible,2.0000000000000004,0.0602661799121953,False,23.0,site_median,forest
5303394,suspended_solids,2026-04-20,2026-04-13,insufficient_training_history,,,,,,
5303394,alkalinity,2026-04-20,2026-04-13,eligible,110.49182261763531,0.22913844396495378,True,23.0,forest,forest
5303394,hardness,2026-04-20,2026-04-13,eligible,93.90283284090802,0.15913875854115397,True,37.0,forest,forest
5303394,salinity,2026-04-20,2026-04-13,fewer_than_two_available_target_samples,,,,,,
5303395,ecoli,2026-04-20,2026-04-13,eligible,18.44320985717499,0.23236009732360097,False,57.0,forest,constant_prevalence
5303395,other_coliform,2026-04-20,2026-04-13,eligible,3716.6699999999987,0.307958133006953,False,57.0,last_observation,forest
5303395,water_temperature,2026-04-20,2026-04-13,eligible,11.302738550503545,0.033480942459586764,False,44.0,forest,forest
5303395,dissolved_oxygen,2026-04-20,2026-04-13,eligible,9.64585721656265,0.04068843232086149,False,44.0,forest,forest
5303395,oxygen_saturation,2026-04-20,2026-04-13,eligible,89.25776679652736,0.022847521058594895,False,44.0,forest,forest
5303395,ph,2026-04-20,2026-04-13,eligible,8.0,0.09659619032982321,False,44.0,last_observation,forest
5303395,conductivity,2026-04-20,2026-04-13,eligible,257.8366730828154,0.18059299191374664,False,44.0,forest,constant_prevalence
5303395,nitrate,2026-04-20,2026-04-13,fewer_than_two_available_target_samples,,,,,,
5303395,phosphate,2026-04-20,2026-04-13,insufficient_training_history,,,,,,
5303395,turbidity_reported,2026-04-20,2026-04-13,fewer_than_two_available_target_samples,,,,,,
5303395,turbidity_legacy,2026-04-20,2026-04-13,eligible,2.0000000000000004,0.06963252916452119,False,44.0,site_median,forest
5303395,suspended_solids,2026-04-20,2026-04-13,insufficient_training_history,,,,,,
5303395,alkalinity,2026-04-20,2026-04-13,eligible,104.81622042957632,0.16219418588163975,True,44.0,forest,forest
5303395,hardness,2026-04-20,2026-04-13,eligible,81.19665599348778,0.06611326544619522,False,44.0,forest,forest
5303395,salinity,2026-04-20,2026-04-13,fewer_than_two_available_target_samples,,,,,,
5303396,ecoli,2026-04-20,2026-04-13,eligible,40.14220160395709,0.23236009732360097,False,15.0,forest,constant_prevalence
5303396,other_coliform,2026-04-20,2026-04-13,target_history_older_than_120_days,,,,,,
5303396,water_temperature,2026-04-20,2026-04-13,eligible,11.256936142172314,0.049522965499018454,False,15.0,forest,forest
5303396,dissolved_oxygen,2026-04-20,2026-04-13,eligible,9.772899878989742,0.026040101636113894,False,15.0,forest,forest
5303396,oxygen_saturation,2026-04-20,2026-04-13,eligible,87.83184261749929,0.011733851608276159,False,15.0,forest,forest
5303396,ph,2026-04-20,2026-04-13,eligible,8.0,0.0710506265549839,False,15.0,last_observation,forest
5303396,conductivity,2026-04-20,2026-04-13,eligible,256.8392073020066,0.18059299191374664,False,29.0,forest,constant_prevalence
5303396,nitrate,2026-04-20,2026-04-13,fewer_than_two_available_target_samples,,,,,,
5303396,phosphate,2026-04-20,2026-04-13,insufficient_training_history,,,,,,
5303396,turbidity_reported,2026-04-20,2026-04-13,fewer_than_two_available_target_samples,,,,,,
5303396,turbidity_legacy,2026-04-20,2026-04-13,eligible,0.0,0.16202487929988854,True,15.0,site_median,forest
5303396,suspended_solids,2026-04-20,2026-04-13,insufficient_training_history,,,,,,
5303396,alkalinity,2026-04-20,2026-04-13,eligible,102.71415256012776,0.11493331385593342,False,29.0,forest,forest
5303396,hardness,2026-04-20,2026-04-13,eligible,80.83521341400494,0.06754521174051087,False,15.0,forest,forest
5303396,salinity,2026-04-20,2026-04-13,fewer_than_two_available_target_samples,,,,,,
5303397,ecoli,2026-04-20,2026-04-13,eligible,18.75648143080112,0.23236009732360097,False,44.0,forest,constant_prevalence
5303397,other_coliform,2026-04-20,2026-04-13,target_history_older_than_120_days,,,,,,
5303397,water_temperature,2026-04-20,2026-04-13,eligible,11.088242569981873,0.02011996580044667,False,44.0,forest,forest
5303397,dissolved_oxygen,2026-04-20,2026-04-13,eligible,9.794677109995911,0.03694920355272474,False,44.0,forest,forest
5303397,oxygen_saturation,2026-04-20,2026-04-13,eligible,86.78321546162066,0.011009752527145674,False,44.0,forest,forest
5303397,ph,2026-04-20,2026-04-13,eligible,8.0,0.08285779475268136,False,44.0,last_observation,forest
5303397,conductivity,2026-04-20,2026-04-13,eligible,245.4944261555359,0.18059299191374664,False,44.0,forest,constant_prevalence
5303397,nitrate,2026-04-20,2026-04-13,fewer_than_two_available_target_samples,,,,,,
5303397,phosphate,2026-04-20,2026-04-13,insufficient_training_history,,,,,,
5303397,turbidity_reported,2026-04-20,2026-04-13,target_history_older_than_120_days,,,,,,
5303397,turbidity_legacy,2026-04-20,2026-04-13,eligible,2.0000000000000004,0.29970583616944174,True,44.0,site_median,forest
5303397,suspended_solids,2026-04-20,2026-04-13,insufficient_training_history,,,,,,
5303397,alkalinity,2026-04-20,2026-04-13,eligible,103.0274736270568,0.1384283300585294,False,44.0,forest,forest
5303397,hardness,2026-04-20,2026-04-13,eligible,75.03467782916508,0.06738318576379054,False,44.0,forest,forest
5303397,salinity,2026-04-20,2026-04-13,fewer_than_two_available_target_samples,,,,,,
5303398,ecoli,2026-04-20,2026-04-13,eligible,24.369290835006442,0.23236009732360097,False,29.0,forest,constant_prevalence
5303398,other_coliform,2026-04-20,2026-04-13,eligible,0.0,0.015299362052565713,False,29.0,last_observation,forest
5303398,water_temperature,2026-04-20,2026-04-13,eligible,10.509705914275182,0.017523540527146615,False,29.0,forest,forest
5303398,dissolved_oxygen,2026-04-20,2026-04-13,eligible,9.807510544183598,0.02206674603361748,False,29.0,forest,forest
5303398,oxygen_saturation,2026-04-20,2026-04-13,eligible,88.24412906243413,0.022558942460307006,False,29.0,forest,forest
5303398,ph,2026-04-20,2026-04-13,eligible,8.0,0.12556878274462147,True,29.0,last_observation,forest
5303398,conductivity,2026-04-20,2026-04-13,target_history_older_than_120_days,,,,,,
5303398,nitrate,2026-04-20,2026-04-13,fewer_than_two_available_target_samples,,,,,,
5303398,phosphate,2026-04-20,2026-04-13,insufficient_training_history,,,,,,
5303398,turbidity_reported,2026-04-20,2026-04-13,fewer_than_two_available_target_samples,,,,,,
5303398,turbidity_legacy,2026-04-20,2026-04-13,eligible,2.0000000000000004,0.12644545463609508,False,29.0,site_median,forest
5303398,suspended_solids,2026-04-20,2026-04-13,insufficient_training_history,,,,,,
5303398,alkalinity,2026-04-20,2026-04-13,eligible,107.24526165907413,0.10122388912075675,False,29.0,forest,forest
5303398,hardness,2026-04-20,2026-04-13,eligible,98.88017885629445,0.32666650021321114,True,29.0,forest,forest
5303398,salinity,2026-04-20,2026-04-13,fewer_than_two_available_target_samples,,,,,,
5306101,ecoli,2026-04-20,2026-04-13,eligible,27.301865072335538,0.23236009732360097,False,71.0,forest,constant_prevalence
5306101,other_coliform,2026-04-20,2026-04-13,target_history_older_than_120_days,,,,,,
5306101,water_temperature,2026-04-20,2026-04-13,eligible,10.438885480839094,0.0357962540962515,False,71.0,forest,forest
5306101,dissolved_oxygen,2026-04-20,2026-04-13,eligible,9.76336179961575,0.028478102741207868,False,71.0,forest,forest
5306101,oxygen_saturation,2026-04-20,2026-04-13,eligible,87.62169595359995,0.019325161200355535,False,71.0,forest,forest
5306101,ph,2026-04-20,2026-04-13,eligible,7.0,0.12419001194121265,True,71.0,last_observation,forest
5306101,conductivity,2026-04-20,2026-04-13,eligible,175.62863794603368,0.18059299191374664,False,71.0,forest,constant_prevalence
5306101,nitrate,2026-04-20,2026-04-13,eligible,2.2,0.5016106407599192,True,71.0,site_median,forest
5306101,phosphate,2026-04-20,2026-04-13,insufficient_training_history,,,,,,
5306101,turbidity_reported,2026-04-20,2026-04-13,eligible,8.000000000000002,0.15604044105152096,False,71.0,site_seasonal,forest
5306101,turbidity_legacy,2026-04-20,2026-04-13,eligible,2.0000000000000004,0.06397657684674195,False,71.0,site_median,forest
5306101,suspended_solids,2026-04-20,2026-04-13,insufficient_training_history,,,,,,
5306101,alkalinity,2026-04-20,2026-04-13,eligible,68.51438591204126,0.16388047410596437,True,71.0,forest,forest
5306101,hardness,2026-04-20,2026-04-13,eligible,60.788044991538726,0.2375981582629756,True,71.0,forest,forest
5306101,salinity,2026-04-20,2026-04-13,fewer_than_two_available_target_samples,,,,,,
5306102,ecoli,2026-04-20,2026-04-13,target_history_older_than_120_days,,,,,,
5306102,other_coliform,2026-04-20,2026-04-13,target_history_older_than_120_days,,,,,,
5306102,water_temperature,2026-04-20,2026-04-13,target_history_older_than_120_days,,,,,,
5306102,dissolved_oxygen,2026-04-20,2026-04-13,target_history_older_than_120_days,,,,,,
5306102,oxygen_saturation,2026-04-20,2026-04-13,target_history_older_than_120_days,,,,,,
5306102,ph,2026-04-20,2026-04-13,target_history_older_than_120_days,,,,,,
5306102,conductivity,2026-04-20,2026-04-13,fewer_than_two_available_target_samples,,,,,,
5306102,nitrate,2026-04-20,2026-04-13,fewer_than_two_available_target_samples,,,,,,
5306102,phosphate,2026-04-20,2026-04-13,insufficient_training_history,,,,,,
5306102,turbidity_reported,2026-04-20,2026-04-13,fewer_than_two_available_target_samples,,,,,,
5306102,turbidity_legacy,2026-04-20,2026-04-13,target_history_older_than_120_days,,,,,,
5306102,suspended_solids,2026-04-20,2026-04-13,insufficient_training_history,,,,,,
5306102,alkalinity,2026-04-20,2026-04-13,target_history_older_than_120_days,,,,,,
5306102,hardness,2026-04-20,2026-04-13,target_history_older_than_120_days,,,,,,
5306102,salinity,2026-04-20,2026-04-13,fewer_than_two_available_target_samples,,,,,,
5306103,ecoli,2026-04-20,2026-04-13,eligible,34.887540427496916,0.23236009732360097,False,24.0,forest,constant_prevalence
5306103,other_coliform,2026-04-20,2026-04-13,target_history_older_than_120_days,,,,,,
5306103,water_temperature,2026-04-20,2026-04-13,eligible,9.975176121543596,0.01249033205005745,False,24.0,forest,forest
5306103,dissolved_oxygen,2026-04-20,2026-04-13,eligible,8.146435712675451,0.4778434805522711,True,24.0,forest,forest
5306103,oxygen_saturation,2026-04-20,2026-04-13,eligible,73.34393881245443,0.5369346920943443,True,24.0,forest,forest
5306103,ph,2026-04-20,2026-04-13,eligible,7.0,0.3227169993338351,True,24.0,last_observation,forest
5306103,conductivity,2026-04-20,2026-04-13,eligible,189.4306304177925,0.18059299191374664,False,24.0,forest,constant_prevalence
5306103,nitrate,2026-04-20,2026-04-13,fewer_than_two_available_target_samples,,,,,,
5306103,phosphate,2026-04-20,2026-04-13,insufficient_training_history,,,,,,
5306103,turbidity_reported,2026-04-20,2026-04-13,eligible,8.000000000000002,0.014029610075991806,False,24.0,site_seasonal,forest
5306103,turbidity_legacy,2026-04-20,2026-04-13,eligible,2.0000000000000004,0.1691168234035659,True,24.0,site_median,forest
5306103,suspended_solids,2026-04-20,2026-04-13,insufficient_training_history,,,,,,
5306103,alkalinity,2026-04-20,2026-04-13,eligible,79.74361654923777,0.04474366260031499,False,24.0,forest,forest
5306103,hardness,2026-04-20,2026-04-13,eligible,68.80410556010223,0.034167390593934574,False,24.0,forest,forest
5306103,salinity,2026-04-20,2026-04-13,fewer_than_two_available_target_samples,,,,,,
5306105,ecoli,2026-04-20,2026-04-13,target_history_older_than_120_days,,,,,,
5306105,other_coliform,2026-04-20,2026-04-13,target_history_older_than_120_days,,,,,,
5306105,water_temperature,2026-04-20,2026-04-13,target_history_older_than_120_days,,,,,,
5306105,dissolved_oxygen,2026-04-20,2026-04-13,target_history_older_than_120_days,,,,,,
5306105,oxygen_saturation,2026-04-20,2026-04-13,target_history_older_than_120_days,,,,,,
5306105,ph,2026-04-20,2026-04-13,target_history_older_than_120_days,,,,,,
5306105,conductivity,2026-04-20,2026-04-13,fewer_than_two_available_target_samples,,,,,,
5306105,nitrate,2026-04-20,2026-04-13,fewer_than_two_available_target_samples,,,,,,
5306105,phosphate,2026-04-20,2026-04-13,insufficient_training_history,,,,,,
5306105,turbidity_reported,2026-04-20,2026-04-13,fewer_than_two_available_target_samples,,,,,,
5306105,turbidity_legacy,2026-04-20,2026-04-13,target_history_older_than_120_days,,,,,,
5306105,suspended_solids,2026-04-20,2026-04-13,insufficient_training_history,,,,,,
5306105,alkalinity,2026-04-20,2026-04-13,target_history_older_than_120_days,,,,,,
5306105,hardness,2026-04-20,2026-04-13,target_history_older_than_120_days,,,,,,
5306105,salinity,2026-04-20,2026-04-13,fewer_than_two_available_target_samples,,,,,,
5306106,ecoli,2026-04-20,2026-04-13,target_history_older_than_120_days,,,,,,
5306106,other_coliform,2026-04-20,2026-04-13,target_history_older_than_120_days,,,,,,
5306106,water_temperature,2026-04-20,2026-04-13,target_history_older_than_120_days,,,,,,
5306106,dissolved_oxygen,2026-04-20,2026-04-13,target_history_older_than_120_days,,,,,,
5306106,oxygen_saturation,2026-04-20,2026-04-13,target_history_older_than_120_days,,,,,,
5306106,ph,2026-04-20,2026-04-13,target_history_older_than_120_days,,,,,,
5306106,conductivity,2026-04-20,2026-04-13,fewer_than_two_available_target_samples,,,,,,
5306106,nitrate,2026-04-20,2026-04-13,fewer_than_two_available_target_samples,,,,,,
5306106,phosphate,2026-04-20,2026-04-13,insufficient_training_history,,,,,,
5306106,turbidity_reported,2026-04-20,2026-04-13,fewer_than_two_available_target_samples,,,,,,
5306106,turbidity_legacy,2026-04-20,2026-04-13,target_history_older_than_120_days,,,,,,
5306106,suspended_solids,2026-04-20,2026-04-13,insufficient_training_history,,,,,,
5306106,alkalinity,2026-04-20,2026-04-13,target_history_older_than_120_days,,,,,,
5306106,hardness,2026-04-20,2026-04-13,target_history_older_than_120_days,,,,,,
5306106,salinity,2026-04-20,2026-04-13,fewer_than_two_available_target_samples,,,,,,
5306107,ecoli,2026-04-20,2026-04-13,target_history_older_than_120_days,,,,,,
5306107,other_coliform,2026-04-20,2026-04-13,target_history_older_than_120_days,,,,,,
5306107,water_temperature,2026-04-20,2026-04-13,target_history_older_than_120_days,,,,,,
5306107,dissolved_oxygen,2026-04-20,2026-04-13,target_history_older_than_120_days,,,,,,
5306107,oxygen_saturation,2026-04-20,2026-04-13,target_history_older_than_120_days,,,,,,
5306107,ph,2026-04-20,2026-04-13,target_history_older_than_120_days,,,,,,
5306107,conductivity,2026-04-20,2026-04-13,fewer_than_two_available_target_samples,,,,,,
5306107,nitrate,2026-04-20,2026-04-13,fewer_than_two_available_target_samples,,,,,,
5306107,phosphate,2026-04-20,2026-04-13,insufficient_training_history,,,,,,
5306107,turbidity_reported,2026-04-20,2026-04-13,fewer_than_two_available_target_samples,,,,,,
5306107,turbidity_legacy,2026-04-20,2026-04-13,target_history_older_than_120_days,,,,,,
5306107,suspended_solids,2026-04-20,2026-04-13,insufficient_training_history,,,,,,
5306107,alkalinity,2026-04-20,2026-04-13,target_history_older_than_120_days,,,,,,
5306107,hardness,2026-04-20,2026-04-13,target_history_older_than_120_days,,,,,,
5306107,salinity,2026-04-20,2026-04-13,fewer_than_two_available_target_samples,,,,,,
5306108,ecoli,2026-04-20,2026-04-13,target_history_older_than_120_days,,,,,,
5306108,other_coliform,2026-04-20,2026-04-13,target_history_older_than_120_days,,,,,,
5306108,water_temperature,2026-04-20,2026-04-13,target_history_older_than_120_days,,,,,,
5306108,dissolved_oxygen,2026-04-20,2026-04-13,target_history_older_than_120_days,,,,,,
5306108,oxygen_saturation,2026-04-20,2026-04-13,target_history_older_than_120_days,,,,,,
5306108,ph,2026-04-20,2026-04-13,target_history_older_than_120_days,,,,,,
5306108,conductivity,2026-04-20,2026-04-13,fewer_than_two_available_target_samples,,,,,,
5306108,nitrate,2026-04-20,2026-04-13,fewer_than_two_available_target_samples,,,,,,
5306108,phosphate,2026-04-20,2026-04-13,insufficient_training_history,,,,,,
5306108,turbidity_reported,2026-04-20,2026-04-13,fewer_than_two_available_target_samples,,,,,,
5306108,turbidity_legacy,2026-04-20,2026-04-13,target_history_older_than_120_days,,,,,,
5306108,suspended_solids,2026-04-20,2026-04-13,insufficient_training_history,,,,,,
5306108,alkalinity,2026-04-20,2026-04-13,target_history_older_than_120_days,,,,,,
5306108,hardness,2026-04-20,2026-04-13,target_history_older_than_120_days,,,,,,
5306108,salinity,2026-04-20,2026-04-13,fewer_than_two_available_target_samples,,,,,,
5306109,ecoli,2026-04-20,2026-04-13,target_history_older_than_120_days,,,,,,
5306109,other_coliform,2026-04-20,2026-04-13,target_history_older_than_120_days,,,,,,
5306109,water_temperature,2026-04-20,2026-04-13,target_history_older_than_120_days,,,,,,
5306109,dissolved_oxygen,2026-04-20,2026-04-13,target_history_older_than_120_days,,,,,,
5306109,oxygen_saturation,2026-04-20,2026-04-13,target_history_older_than_120_days,,,,,,
5306109,ph,2026-04-20,2026-04-13,target_history_older_than_120_days,,,,,,
5306109,conductivity,2026-04-20,2026-04-13,fewer_than_two_available_target_samples,,,,,,
5306109,nitrate,2026-04-20,2026-04-13,fewer_than_two_available_target_samples,,,,,,
5306109,phosphate,2026-04-20,2026-04-13,insufficient_training_history,,,,,,
5306109,turbidity_reported,2026-04-20,2026-04-13,fewer_than_two_available_target_samples,,,,,,
5306109,turbidity_legacy,2026-04-20,2026-04-13,target_history_older_than_120_days,,,,,,
5306109,suspended_solids,2026-04-20,2026-04-13,insufficient_training_history,,,,,,
5306109,alkalinity,2026-04-20,2026-04-13,target_history_older_than_120_days,,,,,,
5306109,hardness,2026-04-20,2026-04-13,target_history_older_than_120_days,,,,,,
5306109,salinity,2026-04-20,2026-04-13,fewer_than_two_available_target_samples,,,,,,
5306110,ecoli,2026-04-20,2026-04-13,target_history_older_than_120_days,,,,,,
5306110,other_coliform,2026-04-20,2026-04-13,target_history_older_than_120_days,,,,,,
5306110,water_temperature,2026-04-20,2026-04-13,target_history_older_than_120_days,,,,,,
5306110,dissolved_oxygen,2026-04-20,2026-04-13,target_history_older_than_120_days,,,,,,
5306110,oxygen_saturation,2026-04-20,2026-04-13,target_history_older_than_120_days,,,,,,
5306110,ph,2026-04-20,2026-04-13,target_history_older_than_120_days,,,,,,
5306110,conductivity,2026-04-20,2026-04-13,fewer_than_two_available_target_samples,,,,,,
5306110,nitrate,2026-04-20,2026-04-13,fewer_than_two_available_target_samples,,,,,,
5306110,phosphate,2026-04-20,2026-04-13,insufficient_training_history,,,,,,
5306110,turbidity_reported,2026-04-20,2026-04-13,fewer_than_two_available_target_samples,,,,,,
5306110,turbidity_legacy,2026-04-20,2026-04-13,target_history_older_than_120_days,,,,,,
5306110,suspended_solids,2026-04-20,2026-04-13,insufficient_training_history,,,,,,
5306110,alkalinity,2026-04-20,2026-04-13,target_history_older_than_120_days,,,,,,
5306110,hardness,2026-04-20,2026-04-13,target_history_older_than_120_days,,,,,,
5306110,salinity,2026-04-20,2026-04-13,fewer_than_two_available_target_samples,,,,,,
5306111,ecoli,2026-04-20,2026-04-13,fewer_than_two_available_target_samples,,,,,,
5306111,other_coliform,2026-04-20,2026-04-13,fewer_than_two_available_target_samples,,,,,,
5306111,water_temperature,2026-04-20,2026-04-13,fewer_than_two_available_target_samples,,,,,,
5306111,dissolved_oxygen,2026-04-20,2026-04-13,fewer_than_two_available_target_samples,,,,,,
5306111,oxygen_saturation,2026-04-20,2026-04-13,fewer_than_two_available_target_samples,,,,,,
5306111,ph,2026-04-20,2026-04-13,fewer_than_two_available_target_samples,,,,,,
5306111,conductivity,2026-04-20,2026-04-13,fewer_than_two_available_target_samples,,,,,,
5306111,nitrate,2026-04-20,2026-04-13,fewer_than_two_available_target_samples,,,,,,
5306111,phosphate,2026-04-20,2026-04-13,insufficient_training_history,,,,,,
5306111,turbidity_reported,2026-04-20,2026-04-13,fewer_than_two_available_target_samples,,,,,,
5306111,turbidity_legacy,2026-04-20,2026-04-13,fewer_than_two_available_target_samples,,,,,,
5306111,suspended_solids,2026-04-20,2026-04-13,insufficient_training_history,,,,,,
5306111,alkalinity,2026-04-20,2026-04-13,fewer_than_two_available_target_samples,,,,,,
5306111,hardness,2026-04-20,2026-04-13,fewer_than_two_available_target_samples,,,,,,
5306111,salinity,2026-04-20,2026-04-13,fewer_than_two_available_target_samples,,,,,,
5306113,ecoli,2026-04-20,2026-04-13,target_history_older_than_120_days,,,,,,
5306113,other_coliform,2026-04-20,2026-04-13,target_history_older_than_120_days,,,,,,
5306113,water_temperature,2026-04-20,2026-04-13,target_history_older_than_120_days,,,,,,
5306113,dissolved_oxygen,2026-04-20,2026-04-13,target_history_older_than_120_days,,,,,,
5306113,oxygen_saturation,2026-04-20,2026-04-13,target_history_older_than_120_days,,,,,,
5306113,ph,2026-04-20,2026-04-13,target_history_older_than_120_days,,,,,,
5306113,conductivity,2026-04-20,2026-04-13,fewer_than_two_available_target_samples,,,,,,
5306113,nitrate,2026-04-20,2026-04-13,fewer_than_two_available_target_samples,,,,,,
5306113,phosphate,2026-04-20,2026-04-13,insufficient_training_history,,,,,,
5306113,turbidity_reported,2026-04-20,2026-04-13,fewer_than_two_available_target_samples,,,,,,
5306113,turbidity_legacy,2026-04-20,2026-04-13,target_history_older_than_120_days,,,,,,
5306113,suspended_solids,2026-04-20,2026-04-13,insufficient_training_history,,,,,,
5306113,alkalinity,2026-04-20,2026-04-13,target_history_older_than_120_days,,,,,,
5306113,hardness,2026-04-20,2026-04-13,target_history_older_than_120_days,,,,,,
5306113,salinity,2026-04-20,2026-04-13,fewer_than_two_available_target_samples,,,,,,
5306114,ecoli,2026-04-20,2026-04-13,target_history_older_than_120_days,,,,,,
5306114,other_coliform,2026-04-20,2026-04-13,target_history_older_than_120_days,,,,,,
5306114,water_temperature,2026-04-20,2026-04-13,target_history_older_than_120_days,,,,,,
5306114,dissolved_oxygen,2026-04-20,2026-04-13,target_history_older_than_120_days,,,,,,
5306114,oxygen_saturation,2026-04-20,2026-04-13,target_history_older_than_120_days,,,,,,
5306114,ph,2026-04-20,2026-04-13,target_history_older_than_120_days,,,,,,
5306114,conductivity,2026-04-20,2026-04-13,fewer_than_two_available_target_samples,,,,,,
5306114,nitrate,2026-04-20,2026-04-13,fewer_than_two_available_target_samples,,,,,,
5306114,phosphate,2026-04-20,2026-04-13,insufficient_training_history,,,,,,
5306114,turbidity_reported,2026-04-20,2026-04-13,fewer_than_two_available_target_samples,,,,,,
5306114,turbidity_legacy,2026-04-20,2026-04-13,target_history_older_than_120_days,,,,,,
5306114,suspended_solids,2026-04-20,2026-04-13,insufficient_training_history,,,,,,
5306114,alkalinity,2026-04-20,2026-04-13,target_history_older_than_120_days,,,,,,
5306114,hardness,2026-04-20,2026-04-13,target_history_older_than_120_days,,,,,,
5306114,salinity,2026-04-20,2026-04-13,fewer_than_two_available_target_samples,,,,,,
5306121,ecoli,2026-04-20,2026-04-13,target_history_older_than_120_days,,,,,,
5306121,other_coliform,2026-04-20,2026-04-13,target_history_older_than_120_days,,,,,,
5306121,water_temperature,2026-04-20,2026-04-13,target_history_older_than_120_days,,,,,,
5306121,dissolved_oxygen,2026-04-20,2026-04-13,target_history_older_than_120_days,,,,,,
5306121,oxygen_saturation,2026-04-20,2026-04-13,target_history_older_than_120_days,,,,,,
5306121,ph,2026-04-20,2026-04-13,target_history_older_than_120_days,,,,,,
5306121,conductivity,2026-04-20,2026-04-13,fewer_than_two_available_target_samples,,,,,,
5306121,nitrate,2026-04-20,2026-04-13,fewer_than_two_available_target_samples,,,,,,
5306121,phosphate,2026-04-20,2026-04-13,insufficient_training_history,,,,,,
5306121,turbidity_reported,2026-04-20,2026-04-13,fewer_than_two_available_target_samples,,,,,,
5306121,turbidity_legacy,2026-04-20,2026-04-13,target_history_older_than_120_days,,,,,,
5306121,suspended_solids,2026-04-20,2026-04-13,insufficient_training_history,,,,,,
5306121,alkalinity,2026-04-20,2026-04-13,target_history_older_than_120_days,,,,,,
5306121,hardness,2026-04-20,2026-04-13,target_history_older_than_120_days,,,,,,
5306121,salinity,2026-04-20,2026-04-13,fewer_than_two_available_target_samples,,,,,,
5306122,ecoli,2026-04-20,2026-04-13,target_history_older_than_120_days,,,,,,
5306122,other_coliform,2026-04-20,2026-04-13,target_history_older_than_120_days,,,,,,
5306122,water_temperature,2026-04-20,2026-04-13,target_history_older_than_120_days,,,,,,
5306122,dissolved_oxygen,2026-04-20,2026-04-13,target_history_older_than_120_days,,,,,,
5306122,oxygen_saturation,2026-04-20,2026-04-13,target_history_older_than_120_days,,,,,,
5306122,ph,2026-04-20,2026-04-13,target_history_older_than_120_days,,,,,,
5306122,conductivity,2026-04-20,2026-04-13,fewer_than_two_available_target_samples,,,,,,
5306122,nitrate,2026-04-20,2026-04-13,fewer_than_two_available_target_samples,,,,,,
5306122,phosphate,2026-04-20,2026-04-13,insufficient_training_history,,,,,,
5306122,turbidity_reported,2026-04-20,2026-04-13,fewer_than_two_available_target_samples,,,,,,
5306122,turbidity_legacy,2026-04-20,2026-04-13,target_history_older_than_120_days,,,,,,
5306122,suspended_solids,2026-04-20,2026-04-13,insufficient_training_history,,,,,,
5306122,alkalinity,2026-04-20,2026-04-13,target_history_older_than_120_days,,,,,,
5306122,hardness,2026-04-20,2026-04-13,target_history_older_than_120_days,,,,,,
5306122,salinity,2026-04-20,2026-04-13,fewer_than_two_available_target_samples,,,,,,
5306123,ecoli,2026-04-20,2026-04-13,target_history_older_than_120_days,,,,,,
5306123,other_coliform,2026-04-20,2026-04-13,target_history_older_than_120_days,,,,,,
5306123,water_temperature,2026-04-20,2026-04-13,target_history_older_than_120_days,,,,,,
5306123,dissolved_oxygen,2026-04-20,2026-04-13,target_history_older_than_120_days,,,,,,
5306123,oxygen_saturation,2026-04-20,2026-04-13,target_history_older_than_120_days,,,,,,
5306123,ph,2026-04-20,2026-04-13,target_history_older_than_120_days,,,,,,
5306123,conductivity,2026-04-20,2026-04-13,fewer_than_two_available_target_samples,,,,,,
5306123,nitrate,2026-04-20,2026-04-13,fewer_than_two_available_target_samples,,,,,,
5306123,phosphate,2026-04-20,2026-04-13,insufficient_training_history,,,,,,
5306123,turbidity_reported,2026-04-20,2026-04-13,fewer_than_two_available_target_samples,,,,,,
5306123,turbidity_legacy,2026-04-20,2026-04-13,target_history_older_than_120_days,,,,,,
5306123,suspended_solids,2026-04-20,2026-04-13,insufficient_training_history,,,,,,
5306123,alkalinity,2026-04-20,2026-04-13,target_history_older_than_120_days,,,,,,
5306123,hardness,2026-04-20,2026-04-13,target_history_older_than_120_days,,,,,,
5306123,salinity,2026-04-20,2026-04-13,fewer_than_two_available_target_samples,,,,,,
