csv_line,target,reported,candidate_count_volume_formula,matches_candidate_formula,discrepancy_type
2,ecoli,33.33,33.33333333333333,True,match
3,ecoli,33.33,33.33333333333333,True,match
4,ecoli,0.0,0.0,True,match
5,ecoli,200.0,200.0,True,match
6,ecoli,200.0,200.0,True,match
7,ecoli,700.0,700.0,True,match
8,ecoli,100.0,100.0,True,match
9,ecoli,66.67,66.66666666666666,True,match
10,ecoli,83.33333333,83.33333333333334,True,match
11,ecoli,66.66666667,66.66666666666666,True,match
12,ecoli,166.6666667,166.66666666666669,True,match
13,ecoli,50.0,50.0,True,match
14,ecoli,300.0,300.0,True,match
15,ecoli,83.33333333,83.33333333333334,True,match
16,ecoli,150.0,150.0,True,match
17,ecoli,0.0,0.0,True,match
18,ecoli,0.0,0.0,True,match
19,ecoli,133.3333333,133.33333333333331,True,match
20,ecoli,0.0,0.0,True,match
21,ecoli,0.0,0.0,True,match
22,ecoli,33.33333333,33.33333333333333,True,match
23,ecoli,33.33333333,33.33333333333333,True,match
24,ecoli,0.0,0.0,True,match
25,ecoli,16.66666667,16.666666666666664,True,match
26,ecoli,33.33333333,33.33333333333333,True,match
27,ecoli,66.66666667,66.66666666666666,True,match
28,ecoli,666.6666667,666.6666666666667,True,match
29,ecoli,0.0,0.0,True,match
30,ecoli,16.66666667,16.666666666666664,True,match
31,ecoli,16.66666667,16.666666666666664,True,match
32,ecoli,0.0,0.0,True,match
33,ecoli,0.0,0.0,True,match
34,ecoli,0.0,0.0,True,match
35,ecoli,83.33333333,83.33333333333334,True,match
36,ecoli,66.66666667,66.66666666666666,True,match
37,ecoli,266.6666667,266.66666666666663,True,match
38,ecoli,150.0,150.0,True,match
39,ecoli,0.0,0.0,True,match
40,ecoli,66.66666667,66.66666666666666,True,match
41,ecoli,250.0,250.0,True,match
42,ecoli,33.33333333,33.33333333333333,True,match
43,ecoli,100.0,100.0,True,match
44,ecoli,533.3333333,533.3333333333333,True,match
45,ecoli,133.3333333,133.33333333333331,True,match
46,ecoli,0.0,0.0,True,match
47,ecoli,300.0,300.0,True,match
48,ecoli,0.0,0.0,True,match
49,ecoli,33.33333333,33.33333333333333,True,match
50,ecoli,166.6666667,166.66666666666669,True,match
51,ecoli,200.0,200.0,True,match
52,ecoli,0.0,0.0,True,match
53,ecoli,1066.666667,1066.6666666666665,True,match
54,ecoli,166.6666667,166.66666666666669,True,match
55,ecoli,0.0,0.0,True,match
56,ecoli,0.0,0.0,True,match
57,ecoli,0.0,0.0,True,match
59,ecoli,300.0,300.0,True,match
60,ecoli,600.0,600.0,True,match
61,ecoli,116.6666667,116.66666666666667,True,match
62,ecoli,550.0,550.0,True,match
63,ecoli,566.6666667,566.6666666666667,True,match
64,ecoli,266.6666667,266.66666666666663,True,match
65,ecoli,100.0,100.0,True,match
66,ecoli,116.6666667,116.66666666666667,True,match
67,ecoli,33.33333333,33.33333333333333,True,match
68,ecoli,0.0,0.0,True,match
69,ecoli,0.0,0.0,True,match
70,ecoli,166.6666667,166.66666666666669,True,match
71,ecoli,0.0,0.0,True,match
72,ecoli,33.33333333,33.33333333333333,True,match
73,ecoli,133.3333333,133.33333333333331,True,match
74,ecoli,6166.666667,6166.666666666666,True,match
75,ecoli,0.0,0.0,True,match
76,ecoli,0.0,0.0,True,match
77,ecoli,133.3333333,133.33333333333331,True,match
78,ecoli,0.0,0.0,True,match
79,ecoli,33.33333333,33.33333333333333,True,match
80,ecoli,33.33333333,33.33333333333333,True,match
81,ecoli,0.0,0.0,True,match
82,ecoli,133.3333333,133.33333333333331,True,match
85,ecoli,0.0,0.0,True,match
86,ecoli,133.33,133.33333333333331,True,match
87,ecoli,33.33,33.33333333333333,True,match
88,ecoli,33.33,33.33333333333333,True,match
89,ecoli,33.33,33.33333333333333,True,match
90,ecoli,0.0,0.0,True,match
91,ecoli,0.0,0.0,True,match
92,ecoli,0.0,0.0,True,match
93,ecoli,0.0,0.0,True,match
94,ecoli,100.0,100.0,True,match
95,ecoli,350.0,350.0,True,match
96,ecoli,83.33333333,83.33333333333334,True,match
97,ecoli,283.3333333,283.33333333333337,True,match
98,ecoli,200.0,200.0,True,match
99,ecoli,400.0,400.0,True,match
100,ecoli,266.6666667,266.66666666666663,True,match
101,ecoli,33.33333333,33.33333333333333,True,match
102,ecoli,0.0,0.0,True,match
103,ecoli,33.33333333,33.33333333333333,True,match
104,ecoli,66.66666667,66.66666666666666,True,match
105,ecoli,0.0,0.0,True,match
106,ecoli,0.0,0.0,True,match
107,ecoli,0.0,0.0,True,match
108,ecoli,133.3333333,133.33333333333331,True,match
109,ecoli,266.6666667,266.66666666666663,True,match
110,ecoli,900.0,900.0,True,match
111,ecoli,133.3333333,133.33333333333331,True,match
112,ecoli,33.33333333,33.33333333333333,True,match
113,ecoli,133.3333333,133.33333333333331,True,match
114,ecoli,0.0,0.0,True,match
115,ecoli,0.0,0.0,True,match
116,ecoli,0.0,0.0,True,match
117,ecoli,300.0,300.0,True,match
118,ecoli,33.33333333,33.33333333333333,True,match
119,ecoli,366.6666667,366.66666666666663,True,match
120,ecoli,0.0,0.0,True,match
121,ecoli,0.0,0.0,True,match
122,ecoli,0.0,0.0,True,match
123,ecoli,400.0,400.0,True,match
124,ecoli,16.66666667,16.666666666666664,True,match
125,ecoli,66.66666667,66.66666666666666,True,match
126,ecoli,433.3333333,433.3333333333333,True,match
127,ecoli,366.6666667,366.66666666666663,True,match
128,ecoli,316.6666667,316.66666666666663,True,match
129,ecoli,0.0,0.0,True,match
130,ecoli,16.66666667,16.666666666666664,True,match
131,ecoli,66.66666667,66.66666666666666,True,match
132,ecoli,66.66666667,66.66666666666666,True,match
133,ecoli,150.0,150.0,True,match
134,ecoli,250.0,250.0,True,match
135,ecoli,66.66666667,66.66666666666666,True,match
136,ecoli,116.6666667,116.66666666666667,True,match
137,ecoli,133.3333333,133.33333333333331,True,match
138,ecoli,33.33333333,33.33333333333333,True,match
139,ecoli,33.33333333,33.33333333333333,True,match
140,ecoli,166.6666667,166.66666666666669,True,match
141,ecoli,100.0,100.0,True,match
142,ecoli,33.33333333,33.33333333333333,True,match
143,ecoli,1033.333333,1033.3333333333335,True,match
144,ecoli,33.33333333,33.33333333333333,True,match
145,ecoli,166.6666667,166.66666666666669,True,match
146,ecoli,250.0,250.0,True,match
147,ecoli,266.6666667,266.66666666666663,True,match
148,ecoli,33.33333333,33.33333333333333,True,match
149,ecoli,300.0,300.0,True,match
150,ecoli,100.0,100.0,True,match
151,ecoli,66.66666667,66.66666666666666,True,match
152,ecoli,66.66666667,66.66666666666666,True,match
153,ecoli,300.0,300.0,True,match
154,ecoli,433.3333333,433.3333333333333,True,match
155,ecoli,0.0,0.0,True,match
156,ecoli,33.33333333,33.33333333333333,True,match
157,ecoli,300.0,300.0,True,match
158,ecoli,400.0,400.0,True,match
159,ecoli,0.0,0.0,True,match
160,ecoli,266.6666667,266.66666666666663,True,match
161,ecoli,266.6666667,266.66666666666663,True,match
163,ecoli,900.0,900.0,True,match
164,ecoli,100.0,100.0,True,match
165,ecoli,133.33,133.33333333333331,True,match
166,ecoli,200.0,200.0,True,match
167,ecoli,0.0,0.0,True,match
168,ecoli,166.67,166.66666666666669,True,match
169,ecoli,166.67,166.66666666666669,True,match
170,ecoli,200.0,200.0,True,match
171,ecoli,366.67,366.66666666666663,True,match
172,ecoli,200.0,200.0,True,match
173,ecoli,66.67,66.66666666666666,True,match
174,ecoli,0.0,0.0,True,match
175,ecoli,3333.333333,3333.3333333333335,True,match
176,ecoli,33.33333333,33.33333333333333,True,match
177,ecoli,0.0,0.0,True,match
178,ecoli,66.66666667,66.66666666666666,True,match
179,ecoli,33.33333333,33.33333333333333,True,match
180,ecoli,100.0,100.0,True,match
181,ecoli,66.67,66.66666666666666,True,match
182,ecoli,166.67,166.66666666666666,True,match
183,ecoli,77.78,77.77777777777779,True,match
184,ecoli,44.44,44.444444444444436,True,match
185,ecoli,100.0,100.0,True,match
186,ecoli,11.11,11.111111111111109,True,match
187,ecoli,22.22,22.222222222222218,True,match
188,ecoli,200.0,200.0,True,match
189,ecoli,22.22,22.222222222222218,True,match
190,ecoli,22.22,22.222222222222218,True,match
191,ecoli,33.33333333,33.33333333333333,True,match
192,ecoli,0.0,0.0,True,match
193,ecoli,0.0,0.0,True,match
194,ecoli,0.0,0.0,True,match
195,ecoli,200.0,200.0,True,match
196,ecoli,100.0,100.0,True,match
197,ecoli,66.66666667,66.66666666666666,True,match
198,ecoli,0.0,0.0,True,match
200,ecoli,100.0,100.0,True,match
201,ecoli,133.3333333,133.33333333333331,True,match
202,ecoli,0.0,0.0,True,match
203,ecoli,333.3333333,333.33333333333337,True,match
204,ecoli,233.3333333,233.33333333333334,True,match
205,ecoli,0.0,0.0,True,match
206,ecoli,0.0,0.0,True,match
208,ecoli,33.33333333,33.33333333333333,True,match
209,ecoli,300.0,300.0,True,match
210,ecoli,1366.666667,1366.6666666666665,True,match
211,ecoli,483.3333333,483.3333333333333,True,match
212,ecoli,733.3333333,733.3333333333333,True,match
213,ecoli,100.0,100.0,True,match
214,ecoli,300.0,300.0,True,match
215,ecoli,33.33333333,33.33333333333333,True,match
216,ecoli,1400.0,1400.0,True,match
217,ecoli,0.0,0.0,True,match
218,ecoli,400.0,400.0,True,match
219,ecoli,33.33333333,33.33333333333333,True,match
220,ecoli,66.66666667,66.66666666666666,True,match
221,ecoli,33.33333333,33.33333333333333,True,match
222,ecoli,33.33333333,33.33333333333333,True,match
223,ecoli,66.66666667,66.66666666666666,True,match
224,ecoli,0.0,0.0,True,match
225,ecoli,0.0,0.0,True,match
226,ecoli,0.0,0.0,True,match
227,ecoli,166.6666667,166.66666666666669,True,match
228,ecoli,133.3333333,133.33333333333331,True,match
229,ecoli,100.0,100.0,True,match
230,ecoli,200.0,200.0,True,match
231,ecoli,0.0,0.0,True,match
232,ecoli,100.0,100.0,True,match
233,ecoli,100.0,100.0,True,match
234,ecoli,233.3333333,233.33333333333334,True,match
235,ecoli,100.0,100.0,True,match
236,ecoli,100.0,100.0,True,match
237,ecoli,33.33333333,33.33333333333333,True,match
238,ecoli,0.0,0.0,True,match
239,ecoli,0.0,0.0,True,match
240,ecoli,0.0,0.0,True,match
241,ecoli,0.0,0.0,True,match
242,ecoli,0.0,0.0,True,match
243,ecoli,0.0,0.0,True,match
244,ecoli,33.33333333,33.33333333333333,True,match
245,ecoli,0.0,0.0,True,match
246,ecoli,8500.0,8500.0,True,match
247,ecoli,0.0,0.0,True,match
248,ecoli,133.3333333,133.33333333333331,True,match
249,ecoli,33.33333333,33.33333333333333,True,match
250,ecoli,0.0,0.0,True,match
251,ecoli,100.0,100.0,True,match
252,ecoli,600.0,600.0,True,match
253,ecoli,33.33,33.33333333333333,True,match
254,ecoli,966.67,966.6666666666666,True,match
255,ecoli,2033.33,2033.3333333333333,True,match
256,ecoli,11.11,11.111111111111109,True,match
257,ecoli,33.33,33.33333333333333,True,match
258,ecoli,333.3333333,333.33333333333337,True,match
260,ecoli,300.0,300.0,True,match
261,ecoli,1366.67,1366.6666666666665,True,match
262,ecoli,133.3333333,133.33333333333331,True,match
263,ecoli,100.0,100.0,True,match
264,ecoli,166.6666667,166.66666666666669,True,match
265,ecoli,166.6666667,166.66666666666669,True,match
266,ecoli,266.6666667,266.66666666666663,True,match
267,ecoli,0.0,0.0,True,match
268,ecoli,400.0,400.0,True,match
269,ecoli,166.6666667,166.66666666666669,True,match
270,ecoli,166.6666667,166.66666666666669,True,match
271,ecoli,0.0,0.0,True,match
272,ecoli,0.0,0.0,True,match
273,ecoli,0.0,0.0,True,match
274,ecoli,0.0,0.0,True,match
275,ecoli,0.0,0.0,True,match
276,ecoli,0.0,0.0,True,match
277,ecoli,133.3333333,133.33333333333331,True,match
278,ecoli,1300.0,1300.0,True,match
279,ecoli,66.66666667,66.66666666666666,True,match
280,ecoli,10066.66667,10066.666666666668,True,match
281,ecoli,200.0,200.0,True,match
282,ecoli,133.3333333,133.33333333333331,True,match
283,ecoli,400.0,400.0,True,match
284,ecoli,300.0,300.0,True,match
285,ecoli,33.33333333,33.33333333333333,True,match
286,ecoli,33.33333333,33.33333333333333,True,match
287,ecoli,233.3333333,233.33333333333334,True,match
288,ecoli,0.0,0.0,True,match
289,ecoli,333.3333333,333.33333333333337,True,match
290,ecoli,0.0,0.0,True,match
291,ecoli,66.66666667,66.66666666666666,True,match
292,ecoli,0.0,0.0,True,match
293,ecoli,433.3333333,433.3333333333333,True,match
294,ecoli,66.66666667,66.66666666666666,True,match
295,ecoli,233.33,233.33333333333334,True,match
296,ecoli,0.0,0.0,True,match
297,ecoli,33.33,33.33333333333333,True,match
298,ecoli,33.33,33.33333333333333,True,match
299,ecoli,33.33,33.33333333333333,True,match
300,ecoli,166.67,166.66666666666669,True,match
302,ecoli,0.0,0.0,True,match
303,ecoli,100.0,100.0,True,match
304,ecoli,100.0,100.0,True,match
305,ecoli,166.67,166.66666666666669,True,match
306,ecoli,466.67,466.6666666666667,True,match
307,ecoli,700.0,700.0,True,match
308,ecoli,100.0,100.0,True,match
309,ecoli,100.0,100.0,True,match
310,ecoli,700.0,700.0,True,match
311,ecoli,266.67,266.66666666666663,True,match
312,ecoli,233.33,233.33333333333334,True,match
313,ecoli,400.0,400.0,True,match
314,ecoli,66.67,66.66666666666666,True,match
315,ecoli,33.33,33.33333333333333,True,match
316,ecoli,100.0,100.0,True,match
317,ecoli,166.67,166.66666666666669,True,match
318,ecoli,0.0,0.0,True,match
319,ecoli,1666.67,1666.6666666666667,True,match
320,ecoli,1666.67,1666.6666666666667,True,match
321,ecoli,0.0,0.0,True,match
322,ecoli,500.0,500.0,True,match
323,ecoli,400.0,400.0,True,match
324,ecoli,333.33,333.33333333333337,True,match
325,ecoli,0.0,0.0,True,match
326,ecoli,666.67,666.6666666666667,True,match
327,ecoli,266.67,266.66666666666663,True,match
328,ecoli,133.33,133.33333333333331,True,match
329,ecoli,933.3333333,933.3333333333334,True,match
330,ecoli,0.0,0.0,True,match
331,ecoli,0.0,0.0,True,match
332,ecoli,0.0,0.0,True,match
333,ecoli,0.0,0.0,True,match
334,ecoli,0.0,0.0,True,match
335,ecoli,0.0,0.0,True,match
336,ecoli,0.0,0.0,True,match
337,ecoli,0.0,0.0,True,match
338,ecoli,0.0,0.0,True,match
339,ecoli,233.3333333,233.33333333333334,True,match
340,ecoli,0.0,0.0,True,match
341,ecoli,0.0,0.0,True,match
342,ecoli,33.33333333,33.33333333333333,True,match
343,ecoli,33.33333333,33.33333333333333,True,match
344,ecoli,133.3333333,133.33333333333331,True,match
345,ecoli,66.66666667,66.66666666666666,True,match
346,ecoli,0.0,0.0,True,match
347,ecoli,0.0,0.0,True,match
348,ecoli,0.0,0.0,True,match
349,ecoli,200.0,200.0,True,match
350,ecoli,133.3333333,133.33333333333331,True,match
351,ecoli,33.33333333,33.33333333333333,True,match
352,ecoli,33.33333333,33.33333333333333,True,match
353,ecoli,0.0,0.0,True,match
354,ecoli,100.0,100.0,True,match
355,ecoli,33.33333333,33.33333333333333,True,match
356,ecoli,33.33333333,33.33333333333333,True,match
357,ecoli,0.0,0.0,True,match
358,ecoli,33.33333333,33.33333333333333,True,match
360,ecoli,0.0,0.0,True,match
361,ecoli,0.0,0.0,True,match
362,ecoli,400.0,400.0,True,match
363,ecoli,0.0,0.0,True,match
364,ecoli,0.0,0.0,True,match
365,ecoli,11.11111111,11.111111111111109,True,match
366,ecoli,166.6666667,166.66666666666669,True,match
367,ecoli,0.0,0.0,True,match
368,ecoli,33.33333333,33.333333333333336,True,match
369,ecoli,11.11111111,11.111111111111109,True,match
370,ecoli,0.0,0.0,True,match
371,ecoli,0.0,0.0,True,match
372,ecoli,116.67,116.66666666666667,True,match
373,ecoli,0.0,0.0,True,match
374,ecoli,150.0,150.0,True,match
375,ecoli,100.0,100.0,True,match
376,ecoli,50.0,50.0,True,match
377,ecoli,0.0,0.0,True,match
378,ecoli,0.0,0.0,True,match
379,ecoli,16.66666667,16.666666666666664,True,match
380,ecoli,33.33333333,33.33333333333333,True,match
381,ecoli,0.0,0.0,True,match
382,ecoli,400.0,400.0,True,match
383,ecoli,166.6666667,166.66666666666669,True,match
384,ecoli,0.0,0.0,True,match
385,ecoli,733.3333333,733.3333333333333,True,match
386,ecoli,0.0,0.0,True,match
387,ecoli,533.3333333,533.3333333333333,True,match
388,ecoli,166.6666667,166.66666666666666,True,match
389,ecoli,133.3333333,133.33333333333331,True,match
390,ecoli,33.33333333,33.33333333333333,True,match
391,ecoli,0.0,0.0,True,match
392,ecoli,200.0,200.0,True,match
393,ecoli,0.0,0.0,True,match
394,ecoli,0.0,0.0,True,match
395,ecoli,33.33333333,33.33333333333333,True,match
396,ecoli,16.66666667,16.666666666666664,True,match
397,ecoli,266.6666667,266.66666666666663,True,match
398,ecoli,100.0,100.0,True,match
399,ecoli,0.0,0.0,True,match
400,ecoli,83.33,83.33333333333334,True,match
401,ecoli,0.0,0.0,True,match
402,ecoli,0.0,0.0,True,match
403,ecoli,0.0,0.0,True,match
404,ecoli,0.0,0.0,True,match
405,ecoli,16.67,16.666666666666664,True,match
406,ecoli,116.67,116.66666666666667,True,match
407,ecoli,0.0,0.0,True,match
408,ecoli,50.0,50.0,True,match
409,ecoli,50.0,50.0,True,match
410,ecoli,50.0,50.0,True,match
411,ecoli,0.0,0.0,True,match
412,ecoli,266.6666667,266.66666666666663,True,match
413,ecoli,3666.666667,3666.6666666666665,True,match
414,ecoli,3966.666667,3966.6666666666665,True,match
415,ecoli,200.0,200.0,True,match
416,ecoli,466.6666667,466.6666666666667,True,match
417,ecoli,500.0,500.0,True,match
418,ecoli,383.3333333,383.33333333333337,True,match
419,ecoli,33.33333333,33.33333333333333,True,match
420,ecoli,266.6666667,266.66666666666663,True,match
421,ecoli,33.33333333,33.33333333333333,True,match
422,ecoli,66.66666667,66.66666666666666,True,match
423,ecoli,400.0,400.0,True,match
424,ecoli,200.0,200.0,True,match
425,ecoli,933.3333333,933.3333333333334,True,match
426,ecoli,200.0,200.0,True,match
427,ecoli,66.67,66.66666666666667,True,match
428,ecoli,233.33,233.33333333333334,True,match
429,ecoli,0.0,0.0,True,match
430,ecoli,2233.33,2233.333333333333,True,match
431,ecoli,2300.0,2300.0,True,match
433,ecoli,233.33,233.33333333333334,True,match
434,ecoli,266.67,266.66666666666663,True,match
435,ecoli,1533.33,1533.3333333333335,True,match
436,ecoli,0.0,0.0,True,match
437,ecoli,133.33,133.33333333333331,True,match
438,ecoli,11.11,11.111111111111109,True,match
439,ecoli,33.33,33.33333333333333,True,match
440,ecoli,0.0,0.0,True,match
441,ecoli,0.0,0.0,True,match
442,ecoli,0.0,0.0,True,match
443,ecoli,0.0,0.0,True,match
444,ecoli,283.33,283.33333333333337,True,match
445,ecoli,200.0,200.0,True,match
446,ecoli,166.67,166.66666666666666,True,match
447,ecoli,166.67,166.66666666666666,True,match
448,ecoli,100.0,100.0,True,match
449,ecoli,33.33,33.333333333333336,True,match
450,ecoli,11.11,11.111111111111109,True,match
452,ecoli,333.33,333.33333333333337,True,match
453,ecoli,166.67,166.66666666666669,True,match
454,ecoli,66.67,66.66666666666666,True,match
455,ecoli,133.33,133.33333333333331,True,match
456,ecoli,200.0,200.0,True,match
457,ecoli,100.0,100.0,True,match
458,ecoli,133.33,133.33333333333331,True,match
459,ecoli,166.67,166.66666666666669,True,match
460,ecoli,300.0,300.0,True,match
461,ecoli,266.67,266.66666666666663,True,match
462,ecoli,600.0,600.0,True,match
463,ecoli,33.33,33.33333333333333,True,match
464,ecoli,1366.67,1366.6666666666665,True,match
465,ecoli,2333.33,2333.333333333333,True,match
466,ecoli,0.0,0.0,True,match
467,ecoli,0.0,0.0,True,match
490,ecoli,266.67,266.6666666666667,True,match
491,ecoli,50.0,50.0,True,match
492,ecoli,55.56,55.555555555555564,True,match
494,ecoli,55.56,55.555555555555564,True,match
495,ecoli,0.0,0.0,True,match
496,ecoli,16.67,16.666666666666664,True,match
497,ecoli,0.0,0.0,True,match
498,ecoli,0.0,0.0,True,match
499,ecoli,0.0,0.0,True,match
500,ecoli,33.33333333,33.33333333333333,True,match
501,ecoli,266.6666667,266.66666666666663,True,match
502,ecoli,33.33333333,33.33333333333333,True,match
503,ecoli,0.0,0.0,True,match
504,ecoli,133.3333333,133.33333333333331,True,match
505,ecoli,100.0,100.0,True,match
506,ecoli,133.3333333,133.33333333333331,True,match
507,ecoli,166.6666667,166.66666666666669,True,match
508,ecoli,100.0,100.0,True,match
509,ecoli,166.6666667,166.66666666666669,True,match
510,ecoli,466.6666667,466.6666666666667,True,match
511,ecoli,200.0,200.0,True,match
512,ecoli,166.6666667,166.66666666666669,True,match
513,ecoli,3500.0,3500.0,True,match
514,ecoli,1566.666667,1566.6666666666665,True,match
515,ecoli,200.0,200.0,True,match
516,ecoli,366.6666667,366.66666666666663,True,match
517,ecoli,33.33333333,33.33333333333333,True,match
518,ecoli,0.0,0.0,True,match
519,ecoli,300.0,300.0,True,match
520,ecoli,66.66666667,66.66666666666666,True,match
521,ecoli,233.33,233.33333333333334,True,match
522,ecoli,0.0,0.0,True,match
523,ecoli,0.0,0.0,True,match
524,ecoli,0.0,0.0,True,match
525,ecoli,1466.666667,1466.6666666666665,True,match
527,ecoli,133.3333333,133.33333333333331,True,match
528,ecoli,33.33333333,33.33333333333333,True,match
529,ecoli,0.0,0.0,True,match
530,ecoli,33.33333333,33.33333333333333,True,match
531,ecoli,66.66666667,66.66666666666666,True,match
532,ecoli,633.3333333,633.3333333333333,True,match
533,ecoli,166.6666667,166.66666666666669,True,match
534,ecoli,800.0,800.0,True,match
535,ecoli,366.6666667,366.66666666666663,True,match
536,ecoli,166.6666667,166.66666666666669,True,match
537,ecoli,400.0,400.0,True,match
538,ecoli,0.0,0.0,True,match
539,ecoli,400.0,400.0,True,match
540,ecoli,200.0,200.0,True,match
541,ecoli,3233.333333,3233.3333333333335,True,match
542,ecoli,233.3333333,233.33333333333334,True,match
543,ecoli,400.0,400.0,True,match
544,ecoli,0.0,0.0,True,match
545,ecoli,0.0,0.0,True,match
546,ecoli,200.0,200.0,True,match
547,ecoli,366.6666667,366.66666666666663,True,match
548,ecoli,66.66666667,66.66666666666666,True,match
549,ecoli,166.6666667,166.66666666666669,True,match
550,ecoli,400.0,400.0,True,match
551,ecoli,66.66666667,66.66666666666666,True,match
552,ecoli,66.66666667,66.66666666666666,True,match
553,ecoli,133.3333333,133.33333333333331,True,match
554,ecoli,200.0,200.0,True,match
555,ecoli,7800.0,7800.0,True,match
556,ecoli,33.33333333,33.33333333333333,True,match
557,ecoli,133.3333333,133.33333333333331,True,match
558,ecoli,66.66666667,66.66666666666666,True,match
559,ecoli,33.33333333,33.33333333333333,True,match
560,ecoli,33.33333333,33.33333333333333,True,match
561,ecoli,233.3333333,233.33333333333334,True,match
562,ecoli,0.0,0.0,True,match
563,ecoli,0.0,0.0,True,match
564,ecoli,633.3333333,633.3333333333333,True,match
565,ecoli,500.0,500.0,True,match
566,ecoli,66.66666667,66.66666666666666,True,match
567,ecoli,33.33333333,33.33333333333333,True,match
568,ecoli,66.66666667,66.66666666666666,True,match
569,ecoli,33.33333333,33.33333333333333,True,match
570,ecoli,235.884699,125.0,False,requires_protocol_review
571,ecoli,11.11111111,11.111111111111109,True,match
572,ecoli,0.0,0.0,True,match
573,ecoli,0.0,0.0,True,match
574,ecoli,33.33333333,33.33333333333333,True,match
577,ecoli,116.6666667,116.66666666666667,True,match
578,ecoli,55266.66667,55266.666666666664,True,match
579,ecoli,116.6666667,116.66666666666667,True,match
580,ecoli,133.3333333,133.33333333333331,True,match
581,ecoli,100.0,100.0,True,match
582,ecoli,0.0,0.0,True,match
584,ecoli,33.33333333,33.33333333333333,True,match
585,ecoli,0.0,0.0,True,match
586,ecoli,16.66666667,16.666666666666664,True,match
587,ecoli,0.0,0.0,True,match
588,ecoli,0.0,0.0,True,match
589,ecoli,116.6666667,116.66666666666667,True,match
590,ecoli,50.0,50.0,True,match
591,ecoli,16.66666667,16.666666666666664,True,match
592,ecoli,66.66666667,66.66666666666666,True,match
593,ecoli,116.6666667,116.66666666666667,True,match
594,ecoli,1650.0,1650.0,True,match
595,ecoli,16.66666667,16.666666666666664,True,match
596,ecoli,33.33333333,33.33333333333333,True,match
597,ecoli,133.3333333,133.33333333333331,True,match
598,ecoli,0.0,0.0,True,match
605,ecoli,117.0,116.66666666666667,False,within_half_unit_rounding
606,ecoli,55267.0,55266.666666666664,True,match
607,ecoli,33.0,33.33333333333333,False,within_half_unit_rounding
611,ecoli,133.0,133.33333333333331,False,within_half_unit_rounding
612,ecoli,100.0,100.0,True,match
613,ecoli,1.0,0.0,False,possible_zero_floor_to_one
614,ecoli,50.0,50.0,True,match
615,ecoli,33.0,33.33333333333333,False,within_half_unit_rounding
616,ecoli,1.0,0.0,False,possible_zero_floor_to_one
617,ecoli,17.0,16.666666666666664,False,within_half_unit_rounding
618,ecoli,1.0,0.0,False,possible_zero_floor_to_one
619,ecoli,1.0,0.0,False,possible_zero_floor_to_one
620,ecoli,117.0,116.66666666666667,False,within_half_unit_rounding
621,ecoli,50.0,50.0,True,match
622,ecoli,17.0,16.666666666666664,False,within_half_unit_rounding
623,ecoli,67.0,66.66666666666666,False,within_half_unit_rounding
624,ecoli,117.0,116.66666666666667,False,within_half_unit_rounding
626,ecoli,17.0,16.666666666666664,False,within_half_unit_rounding
627,ecoli,33.0,33.33333333333333,False,within_half_unit_rounding
628,ecoli,133.0,133.33333333333331,False,within_half_unit_rounding
629,ecoli,50.0,50.0,True,match
630,ecoli,1.0,0.0,False,possible_zero_floor_to_one
631,ecoli,1.0,0.0,False,possible_zero_floor_to_one
632,ecoli,350.0,350.0,True,match
633,ecoli,200.0,200.0,True,match
634,ecoli,517.0,516.6666666666667,True,match
635,ecoli,117.0,116.66666666666667,False,within_half_unit_rounding
636,ecoli,100.0,100.0,True,match
637,ecoli,67.0,66.66666666666666,False,within_half_unit_rounding
638,ecoli,767.0,766.6666666666667,True,match
639,ecoli,133.0,133.33333333333331,False,within_half_unit_rounding
640,ecoli,100.0,100.0,True,match
641,ecoli,400.0,400.0,True,match
642,ecoli,100.0,100.0,True,match
643,ecoli,300.0,300.0,True,match
645,ecoli,67.0,66.66666666666666,False,within_half_unit_rounding
646,ecoli,767.0,766.6666666666667,True,match
647,ecoli,567.0,566.6666666666667,True,match
648,ecoli,1067.0,1066.6666666666665,True,match
649,ecoli,133.0,133.33333333333331,False,within_half_unit_rounding
650,ecoli,2133.0,2133.333333333333,True,match
651,ecoli,200.0,200.0,True,match
652,ecoli,100.0,100.0,True,match
653,ecoli,33.0,33.33333333333333,False,within_half_unit_rounding
655,ecoli,1.0,0.0,False,possible_zero_floor_to_one
656,ecoli,300.0,300.0,True,match
658,ecoli,1.0,0.0,False,possible_zero_floor_to_one
659,ecoli,1.0,0.0,False,possible_zero_floor_to_one
660,ecoli,33.0,33.33333333333333,False,within_half_unit_rounding
662,ecoli,1.0,0.0,False,possible_zero_floor_to_one
663,ecoli,200.0,200.0,True,match
664,ecoli,1.0,0.0,False,possible_zero_floor_to_one
665,ecoli,167.0,166.66666666666669,False,within_half_unit_rounding
667,ecoli,733.0,733.3333333333333,True,match
670,ecoli,2733.0,2733.333333333333,True,match
671,ecoli,433.0,433.3333333333333,True,match
672,ecoli,2233.0,2233.333333333333,True,match
673,ecoli,1867.0,1866.6666666666667,True,match
674,ecoli,633.0,633.3333333333333,True,match
675,ecoli,1100.0,1100.0,True,match
676,ecoli,933.0,933.3333333333334,True,match
677,ecoli,367.0,366.66666666666663,True,match
678,ecoli,1100.0,1100.0,True,match
679,ecoli,200.0,200.0,True,match
680,ecoli,500.0,500.0,True,match
681,ecoli,1.0,0.0,False,possible_zero_floor_to_one
682,ecoli,233.0,233.33333333333334,False,within_half_unit_rounding
683,ecoli,100.0,100.0,True,match
684,ecoli,33.0,33.33333333333333,False,within_half_unit_rounding
685,ecoli,33.0,33.33333333333333,False,within_half_unit_rounding
686,ecoli,67.0,66.66666666666666,False,within_half_unit_rounding
687,ecoli,167.0,166.66666666666669,False,within_half_unit_rounding
688,ecoli,2500.0,2500.0,True,match
689,ecoli,1233.0,1233.3333333333335,True,match
690,ecoli,33.0,33.33333333333333,False,within_half_unit_rounding
691,ecoli,413.0,413.33333333333337,True,match
692,ecoli,200.0,200.0,True,match
693,ecoli,133.0,133.33333333333331,False,within_half_unit_rounding
694,ecoli,333.0,333.33333333333337,True,match
695,ecoli,3033.0,3033.333333333333,True,match
696,ecoli,33.0,33.33333333333333,False,within_half_unit_rounding
697,ecoli,0.1,0.0,False,within_half_unit_rounding
698,ecoli,100.0,100.0,True,match
699,ecoli,0.1,0.0,False,within_half_unit_rounding
700,ecoli,67.0,66.66666666666666,False,within_half_unit_rounding
701,ecoli,0.1,0.0,False,within_half_unit_rounding
702,ecoli,0.1,0.0,False,within_half_unit_rounding
703,ecoli,0.1,0.0,False,within_half_unit_rounding
704,ecoli,0.1,0.0,False,within_half_unit_rounding
705,ecoli,167.0,166.66666666666669,False,within_half_unit_rounding
706,ecoli,33.0,33.33333333333333,False,within_half_unit_rounding
707,ecoli,66.67,66.66666666666666,True,match
708,ecoli,133.33,133.33333333333331,True,match
709,ecoli,0.0,0.0,True,match
710,ecoli,783.33,783.3333333333333,True,match
711,ecoli,400.0,400.0,True,match
712,ecoli,350.0,350.0,True,match
713,ecoli,216.67,216.66666666666666,True,match
714,ecoli,583.33,583.3333333333333,True,match
715,ecoli,83.33,83.33333333333334,True,match
716,ecoli,1133.33,1133.3333333333335,True,match
717,ecoli,50.0,50.0,True,match
718,ecoli,250.0,250.0,True,match
719,ecoli,633.3333333,633.3333333333333,True,match
720,ecoli,0.0,0.0,True,match
721,ecoli,166.6666667,166.66666666666669,True,match
722,ecoli,166.6666667,166.66666666666669,True,match
723,ecoli,0.0,0.0,True,match
724,ecoli,0.0,0.0,True,match
725,ecoli,0.0,0.0,True,match
726,ecoli,100.0,100.0,True,match
727,ecoli,0.0,0.0,True,match
728,ecoli,0.0,0.0,True,match
729,ecoli,0.0,0.0,True,match
730,ecoli,0.0,0.0,True,match
731,ecoli,0.0,0.0,True,match
732,ecoli,0.0,0.0,True,match
733,ecoli,457.885697,233.33333333333334,False,requires_protocol_review
734,ecoli,216.67,216.66666666666666,True,match
735,ecoli,366.67,366.66666666666663,True,match
758,ecoli,122.22,122.22222222222221,True,match
759,ecoli,100.0,100.0,True,match
760,ecoli,183.33,183.33333333333331,True,match
761,ecoli,33.33,33.33333333333333,True,match
762,ecoli,50.0,50.0,True,match
763,ecoli,1011.11,1011.111111111111,True,match
764,ecoli,0.0,0.0,True,match
765,ecoli,16.67,16.666666666666664,True,match
766,ecoli,133.33,133.33333333333334,True,match
767,ecoli,33.33,33.33333333333333,True,match
768,ecoli,16.67,16.666666666666664,True,match
769,ecoli,355.56,355.5555555555555,True,match
770,ecoli,66.66666667,66.66666666666666,True,match
771,ecoli,266.6666667,266.66666666666663,True,match
772,ecoli,233.3333333,233.33333333333334,True,match
773,ecoli,100.0,100.0,True,match
774,ecoli,0.0,0.0,True,match
775,ecoli,433.3333333,433.3333333333333,True,match
776,ecoli,0.0,0.0,True,match
777,ecoli,1100.0,1100.0,True,match
778,ecoli,233.3333333,233.33333333333334,True,match
779,ecoli,0.0,0.0,True,match
780,ecoli,0.0,0.0,True,match
781,ecoli,0.0,0.0,True,match
782,ecoli,333.3333333,333.33333333333337,True,match
783,ecoli,16.66666667,16.666666666666664,True,match
784,ecoli,0.0,0.0,True,match
785,ecoli,0.0,0.0,True,match
786,ecoli,77.78,77.77777777777779,True,match
787,ecoli,77.78,77.77777777777779,True,match
788,ecoli,33.33,33.333333333333336,True,match
789,ecoli,0.0,0.0,True,match
790,ecoli,200.0,200.0,True,match
791,ecoli,1400.0,1400.0,True,match
792,ecoli,166.67,166.66666666666669,True,match
793,ecoli,33.33,33.33333333333333,True,match
794,ecoli,0.0,0.0,True,match
795,ecoli,16.67,16.666666666666664,True,match
796,ecoli,0.0,0.0,True,match
797,ecoli,0.0,0.0,True,match
798,ecoli,183.33,183.33333333333331,True,match
799,ecoli,116.67,116.66666666666667,True,match
800,ecoli,55.56,55.555555555555564,True,match
801,ecoli,88.89,88.88888888888887,True,match
802,ecoli,55.56,55.555555555555564,True,match
803,ecoli,33.33,33.333333333333336,True,match
804,ecoli,44.44,44.444444444444436,True,match
805,ecoli,400.0,400.0,True,match
806,ecoli,600.0,600.0,True,match
807,ecoli,366.6666667,366.66666666666663,True,match
808,ecoli,166.6666667,166.66666666666669,True,match
809,ecoli,600.0,600.0,True,match
810,ecoli,33.33333333,33.33333333333333,True,match
811,ecoli,33.33333333,33.33333333333333,True,match
812,ecoli,466.6666667,466.6666666666667,True,match
813,ecoli,0.0,0.0,True,match
814,ecoli,0.0,0.0,True,match
815,ecoli,0.0,0.0,True,match
816,ecoli,2566.666667,2566.666666666667,True,match
817,ecoli,66.66666667,66.66666666666666,True,match
818,ecoli,433.3333333,433.3333333333333,True,match
819,ecoli,100.0,100.0,True,match
820,ecoli,333.3333333,333.33333333333337,True,match
821,ecoli,33.33333333,33.33333333333333,True,match
822,ecoli,33.33333333,33.33333333333333,True,match
823,ecoli,0.0,0.0,True,match
824,ecoli,66.66666667,66.66666666666666,True,match
825,ecoli,0.0,0.0,True,match
826,ecoli,333.3333333,333.33333333333337,True,match
827,ecoli,333.3333333,333.33333333333337,True,match
828,ecoli,100.0,100.0,True,match
829,ecoli,100.0,100.0,True,match
830,ecoli,100.0,100.0,True,match
833,ecoli,183.3333333,183.33333333333331,True,match
834,ecoli,266.6666667,266.66666666666663,True,match
835,ecoli,233.3333333,233.33333333333334,True,match
836,ecoli,466.6666667,466.6666666666667,True,match
837,ecoli,33.33333333,33.33333333333333,True,match
839,ecoli,0.0,0.0,True,match
840,ecoli,233.3333333,233.33333333333334,True,match
841,ecoli,133.3333333,133.33333333333331,True,match
842,ecoli,233.3333333,233.33333333333334,True,match
843,ecoli,133.3333333,133.33333333333331,True,match
844,ecoli,55.55555556,55.555555555555564,True,match
845,ecoli,166.6666667,166.66666666666669,True,match
846,ecoli,266.6666667,266.66666666666663,True,match
847,ecoli,22.22222222,22.222222222222218,True,match
848,ecoli,22.22222222,22.222222222222218,True,match
849,ecoli,133.33,133.33333333333331,True,match
850,ecoli,100.0,100.0,True,match
851,ecoli,266.67,266.66666666666663,True,match
852,ecoli,66.67,66.66666666666666,True,match
853,ecoli,133.33,133.33333333333331,True,match
854,ecoli,33.33,33.33333333333333,True,match
855,ecoli,0.0,0.0,True,match
856,ecoli,0.0,0.0,True,match
857,ecoli,0.0,0.0,True,match
858,ecoli,250.0,250.0,True,match
859,ecoli,116.67,116.66666666666667,True,match
860,ecoli,133.33,133.33333333333331,True,match
861,ecoli,633.33,633.3333333333333,True,match
862,ecoli,66.66666667,66.66666666666666,True,match
863,ecoli,33.33333333,33.33333333333333,True,match
864,ecoli,33.33333333,33.33333333333333,True,match
865,ecoli,433.3333333,433.3333333333333,True,match
866,ecoli,366.6666667,366.66666666666663,True,match
867,ecoli,133.3333333,133.33333333333331,True,match
868,ecoli,266.6666667,266.66666666666663,True,match
869,ecoli,266.6666667,266.66666666666663,True,match
870,ecoli,166.6666667,166.66666666666669,True,match
871,ecoli,166.6666667,166.66666666666669,True,match
872,ecoli,1133.333333,1133.3333333333335,True,match
873,ecoli,1133.333333,1133.3333333333335,True,match
874,ecoli,466.6666667,466.6666666666667,True,match
875,ecoli,866.6666667,866.6666666666666,True,match
876,ecoli,1133.333333,1133.3333333333335,True,match
877,ecoli,866.6666667,866.6666666666666,True,match
878,ecoli,500.0,500.0,True,match
879,ecoli,233.3333333,233.33333333333334,True,match
880,ecoli,866.6666667,866.6666666666666,True,match
881,ecoli,633.3333333,633.3333333333333,True,match
882,ecoli,33.33333333,33.33333333333333,True,match
883,ecoli,33.33333333,33.33333333333333,True,match
884,ecoli,0.0,0.0,True,match
885,ecoli,266.6666667,266.66666666666663,True,match
886,ecoli,0.0,0.0,True,match
887,ecoli,0.0,0.0,True,match
888,ecoli,266.6666667,266.66666666666663,True,match
890,ecoli,133.3333333,133.33333333333331,True,match
891,ecoli,33.33333333,33.33333333333333,True,match
892,ecoli,100.0,100.0,True,match
893,ecoli,433.3333333,433.3333333333333,True,match
894,ecoli,500.0,500.0,True,match
895,ecoli,33.33,33.33333333333333,True,match
896,ecoli,66.67,66.66666666666666,True,match
897,ecoli,116.67,116.66666666666667,True,match
898,ecoli,0.0,0.0,True,match
899,ecoli,111.11,111.11111111111113,True,match
900,ecoli,66.66666667,66.66666666666666,True,match
901,ecoli,655.56,655.5555555555555,True,match
902,ecoli,188.89,188.8888888888889,True,match
903,ecoli,488.89,488.88888888888886,True,match
904,ecoli,5311.11,5311.111111111111,True,match
905,ecoli,66.67,66.66666666666667,True,match
906,ecoli,33.33,33.333333333333336,True,match
907,ecoli,0.0,0.0,True,match
908,ecoli,66.67,66.66666666666666,True,match
909,ecoli,33.33,33.33333333333333,True,match
910,ecoli,111.11,111.11111111111113,True,match
911,ecoli,466.67,466.6666666666667,True,match
934,ecoli,55.56,55.555555555555564,True,match
935,ecoli,433.33,433.3333333333333,True,match
936,ecoli,33.33,33.333333333333336,True,match
937,ecoli,77.78,77.77777777777779,True,match
938,ecoli,222.22,222.22222222222226,True,match
939,ecoli,111.11,111.11111111111113,True,match
940,ecoli,0.0,0.0,True,match
941,ecoli,11.11,11.111111111111109,True,match
942,ecoli,0.0,0.0,True,match
943,ecoli,33.33,33.333333333333336,True,match
944,ecoli,44.44,44.444444444444436,True,match
945,ecoli,44.44,44.444444444444436,True,match
947,ecoli,666.67,666.6666666666667,True,match
948,ecoli,633.33,633.3333333333333,True,match
949,ecoli,2200.0,2200.0,True,match
950,ecoli,2200.0,2200.0,True,match
951,ecoli,133.33,133.33333333333331,True,match
952,ecoli,133.33,133.33333333333331,True,match
953,ecoli,0.0,0.0,True,match
954,ecoli,1133.33,1133.3333333333335,True,match
955,ecoli,300.0,300.0,True,match
956,ecoli,366.67,366.66666666666663,True,match
957,ecoli,100.0,100.0,True,match
958,ecoli,33.33,33.33333333333333,True,match
959,ecoli,0.0,0.0,True,match
960,ecoli,22.22,22.222222222222218,True,match
961,ecoli,55.56,55.555555555555564,True,match
962,ecoli,100.0,100.0,True,match
989,ecoli,83.33,83.33333333333334,True,match
990,ecoli,111.11,111.11111111111113,True,match
991,ecoli,33.33,33.333333333333336,True,match
992,ecoli,66.67,66.66666666666667,True,match
993,ecoli,11.11,11.111111111111109,True,match
994,ecoli,0.0,0.0,True,match
995,ecoli,66.67,66.66666666666667,True,match
996,ecoli,22.22,22.222222222222218,True,match
997,ecoli,0.0,0.0,True,match
998,ecoli,0.0,0.0,True,match
999,ecoli,133.33,133.33333333333331,True,match
1000,ecoli,0.0,0.0,True,match
1001,ecoli,100.0,100.0,True,match
1002,ecoli,1800.0,1800.0,True,match
1003,ecoli,133.3333333,133.33333333333331,True,match
1004,ecoli,0.0,0.0,True,match
1005,ecoli,233.3333333,233.33333333333334,True,match
1006,ecoli,33.33333333,33.33333333333333,True,match
1007,ecoli,265.6646423,133.33333333333331,False,requires_protocol_review
1008,ecoli,166.6666667,166.66666666666669,True,match
1010,ecoli,0.0,0.0,True,match
1011,ecoli,50.0,50.0,True,match
1012,ecoli,0.0,0.0,True,match
1013,ecoli,133.3333333,133.33333333333331,True,match
1014,ecoli,4266.67,4266.666666666666,True,match
1015,ecoli,1433.33,1433.3333333333335,True,match
1016,ecoli,200.0,200.0,True,match
1017,ecoli,0.0,0.0,True,match
1018,ecoli,616.67,616.6666666666667,True,match
1043,ecoli,33.33,33.333333333333336,True,match
1044,ecoli,377.78,377.7777777777778,True,match
1045,ecoli,33.33,33.333333333333336,True,match
1046,ecoli,133.33,133.33333333333331,True,match
1047,ecoli,33.33,33.333333333333336,True,match
1048,ecoli,800.0,800.0,True,match
1049,ecoli,144.44,144.44444444444443,True,match
1050,ecoli,300.0,300.0,True,match
1051,ecoli,133.33,133.33333333333331,True,match
1052,ecoli,133.33,133.33333333333334,True,match
1053,ecoli,11.11,11.111111111111109,True,match
1054,ecoli,11.11,11.111111111111109,True,match
1055,ecoli,266.67,266.66666666666663,True,match
1056,ecoli,111.11,111.11111111111113,True,match
1058,ecoli,100.0,100.0,True,match
1059,ecoli,1166.67,1166.6666666666665,True,match
1060,ecoli,1133.33,1133.3333333333335,True,match
1061,ecoli,100.0,100.0,True,match
1062,ecoli,300.0,300.0,True,match
1063,ecoli,5733.33,5733.333333333334,True,match
1064,ecoli,500.0,500.0,True,match
1065,ecoli,233.33,233.33333333333334,True,match
1066,ecoli,100.0,100.0,True,match
1067,ecoli,233.3333333,233.33333333333334,True,match
1068,ecoli,100.0,100.0,True,match
1069,ecoli,233.3333333,233.33333333333334,True,match
1070,ecoli,200.0,200.0,True,match
1071,ecoli,400.0,400.0,True,match
1072,ecoli,33.33333333,33.33333333333333,True,match
1073,ecoli,66.66666667,66.66666666666666,True,match
1074,ecoli,333.3333333,333.33333333333337,True,match
1075,ecoli,0.0,0.0,True,match
1076,ecoli,0.0,0.0,True,match
1077,ecoli,0.0,0.0,True,match
1078,ecoli,533.3333333,533.3333333333333,True,match
1079,ecoli,100.0,100.0,True,match
1080,ecoli,266.6666667,266.66666666666663,True,match
1081,ecoli,400.0,400.0,True,match
1082,ecoli,266.6666667,266.66666666666663,True,match
1083,ecoli,366.6666667,366.66666666666663,True,match
1084,ecoli,333.3333333,333.33333333333337,True,match
1085,ecoli,100.0,100.0,True,match
1086,ecoli,0.0,0.0,True,match
1087,ecoli,33.33333333,33.33333333333333,True,match
1088,ecoli,66.66666667,66.66666666666666,True,match
1089,ecoli,33.33333333,33.33333333333333,True,match
1090,ecoli,100.0,100.0,True,match
1091,ecoli,66.66666667,66.66666666666666,True,match
1092,ecoli,33.33333333,33.33333333333333,True,match
1093,ecoli,33.33333333,33.33333333333333,True,match
1094,ecoli,0.0,0.0,True,match
1095,ecoli,166.6666667,166.66666666666669,True,match
1096,ecoli,266.6666667,266.66666666666663,True,match
1097,ecoli,4200.0,4200.0,True,match
1098,ecoli,300.0,300.0,True,match
1099,ecoli,200.0,200.0,True,match
1100,ecoli,83.33333333,83.33333333333334,True,match
1101,ecoli,33.33333333,33.33333333333333,True,match
1102,ecoli,0.0,0.0,True,match
1103,ecoli,0.0,0.0,True,match
1104,ecoli,100.0,100.0,True,match
1105,ecoli,83.33,83.33333333333334,True,match
1106,ecoli,2183.33,2183.333333333333,True,match
1107,ecoli,16.67,16.666666666666664,True,match
1108,ecoli,66.67,66.66666666666666,True,match
1109,ecoli,100.0,100.0,True,match
1132,ecoli,150.0,150.0,True,match
1133,ecoli,100.0,100.0,True,match
1134,ecoli,150.0,150.0,True,match
1135,ecoli,11.11,11.111111111111109,True,match
1136,ecoli,833.33,833.3333333333334,True,match
1138,ecoli,55.56,55.555555555555564,True,match
1139,ecoli,11.11,11.111111111111109,True,match
1140,ecoli,433.33,433.3333333333333,True,match
1141,ecoli,100.0,100.0,True,match
1142,ecoli,400.0,400.0,True,match
1143,ecoli,450.0,450.0,True,match
1144,ecoli,166.67,166.66666666666669,True,match
1145,ecoli,100.0,100.0,True,match
1146,ecoli,83.33333333,83.33333333333334,True,match
1147,ecoli,50.0,50.0,True,match
1148,ecoli,116.6666667,116.66666666666667,True,match
1149,ecoli,0.0,0.0,True,match
1150,ecoli,366.6666667,366.66666666666663,True,match
1152,ecoli,0.0,0.0,True,match
1153,ecoli,0.0,0.0,True,match
1154,ecoli,33.33333333,33.33333333333333,True,match
1155,ecoli,0.0,0.0,True,match
1156,ecoli,0.0,0.0,True,match
1157,ecoli,0.0,0.0,True,match
1158,ecoli,0.0,0.0,True,match
1159,ecoli,0.0,0.0,True,match
1160,ecoli,0.0,0.0,True,match
1161,ecoli,833.3333333,833.3333333333334,True,match
1162,ecoli,66.66666667,66.66666666666666,True,match
1163,ecoli,100.0,100.0,True,match
1164,ecoli,0.0,0.0,True,match
1165,ecoli,0.0,0.0,True,match
1166,ecoli,33.33333333,33.33333333333333,True,match
1167,ecoli,0.0,0.0,True,match
1168,ecoli,0.0,0.0,True,match
1169,ecoli,0.0,0.0,True,match
1170,ecoli,0.0,0.0,True,match
1171,ecoli,33.33333333,33.33333333333333,True,match
1172,ecoli,0.0,0.0,True,match
1173,ecoli,50.0,50.0,True,match
1174,ecoli,0.0,0.0,True,match
1175,ecoli,200.0,200.0,True,match
1176,ecoli,0.0,0.0,True,match
1177,ecoli,150.0,150.0,True,match
1178,ecoli,100.0,100.0,True,match
1179,ecoli,333.3333333,333.33333333333337,True,match
1181,ecoli,0.0,0.0,True,match
1182,ecoli,66.66666667,66.66666666666666,True,match
1183,ecoli,33.33333333,33.33333333333333,True,match
1184,ecoli,83.33333333,83.33333333333334,True,match
1185,ecoli,350.0,350.0,True,match
1186,ecoli,0.0,0.0,True,match
1187,ecoli,0.0,0.0,True,match
1188,ecoli,0.0,0.0,True,match
1189,ecoli,0.0,0.0,True,match
1190,ecoli,200.0,200.0,True,match
1191,ecoli,383.33,383.33333333333337,True,match
1192,ecoli,116.67,116.66666666666667,True,match
1193,ecoli,66.67,66.66666666666666,True,match
1194,ecoli,50.0,50.0,True,match
1195,ecoli,16.67,16.666666666666664,True,match
1196,ecoli,16.67,16.666666666666664,True,match
1197,ecoli,100.0,100.0,True,match
1198,ecoli,183.33,183.33333333333331,True,match
1199,ecoli,150.0,150.0,True,match
1200,ecoli,266.67,266.66666666666663,True,match
1201,ecoli,183.33,183.33333333333331,True,match
1202,ecoli,1033.33,1033.3333333333335,True,match
1203,ecoli,133.33,133.33333333333331,True,match
1204,ecoli,233.33,233.33333333333334,True,match
1206,ecoli,33.33,33.33333333333333,True,match
1207,ecoli,1966.67,1966.6666666666667,True,match
1208,ecoli,233.33,233.33333333333334,True,match
1209,ecoli,131.0370697,66.66666666666666,False,requires_protocol_review
1210,ecoli,33.33333333,33.33333333333333,True,match
1211,ecoli,33.33333333,33.33333333333333,True,match
1212,ecoli,100.0,100.0,True,match
1213,ecoli,66.66666667,66.66666666666666,True,match
1214,ecoli,0.0,0.0,True,match
1215,ecoli,0.0,0.0,True,match
1216,ecoli,0.0,0.0,True,match
1217,ecoli,0.0,0.0,True,match
1218,ecoli,0.0,0.0,True,match
1219,ecoli,0.0,0.0,True,match
1220,ecoli,33.33333333,33.33333333333333,True,match
1221,ecoli,0.0,0.0,True,match
1222,ecoli,0.0,0.0,True,match
1223,ecoli,0.0,0.0,True,match
1224,ecoli,0.0,0.0,True,match
1225,ecoli,1833.333333,1833.3333333333333,True,match
1227,ecoli,0.0,0.0,True,match
1228,ecoli,16.66666667,16.666666666666664,True,match
1229,ecoli,0.0,0.0,True,match
1230,ecoli,66.66666667,66.66666666666666,True,match
1231,ecoli,0.0,0.0,True,match
1232,ecoli,133.3333333,133.33333333333331,True,match
1233,ecoli,1233.333333,1233.3333333333335,True,match
1234,ecoli,1133.333333,1133.3333333333335,True,match
1235,ecoli,233.3333333,233.33333333333334,True,match
1236,ecoli,0.0,0.0,True,match
1237,ecoli,33.33333333,33.33333333333333,True,match
1238,ecoli,0.0,0.0,True,match
1239,ecoli,0.0,0.0,True,match
1240,ecoli,166.6666667,166.66666666666669,True,match
1241,ecoli,0.0,0.0,True,match
1242,ecoli,300.0,300.0,True,match
1243,ecoli,0.0,0.0,True,match
1244,ecoli,66.66666667,66.66666666666666,True,match
1245,ecoli,133.3333333,133.33333333333331,True,match
1246,ecoli,133.3333333,133.33333333333331,True,match
1247,ecoli,3600.0,3600.0,True,match
1248,ecoli,166.6666667,166.66666666666669,True,match
1249,ecoli,100.0,100.0,True,match
1250,ecoli,0.0,0.0,True,match
1251,ecoli,0.0,0.0,True,match
1252,ecoli,0.0,0.0,True,match
1253,ecoli,33.33333333,33.33333333333333,True,match
1254,ecoli,66.66666667,66.66666666666666,True,match
1257,ecoli,300.0,300.0,True,match
1258,ecoli,133.33,133.33333333333331,True,match
1260,ecoli,566.67,566.6666666666667,True,match
1261,ecoli,633.33,633.3333333333333,True,match
1262,ecoli,133.3333333,133.33333333333331,True,match
1263,ecoli,33.33333333,33.33333333333333,True,match
1264,ecoli,66.66666667,66.66666666666666,True,match
1265,ecoli,100.0,100.0,True,match
1266,ecoli,2333.333333,2333.333333333333,True,match
1267,ecoli,100.0,100.0,True,match
1268,ecoli,33.33333333,33.33333333333333,True,match
1269,ecoli,0.0,0.0,True,match
1270,ecoli,0.0,0.0,True,match
1271,ecoli,33.33333333,33.33333333333333,True,match
1272,ecoli,0.0,0.0,True,match
1273,ecoli,33.33333333,33.33333333333333,True,match
1274,ecoli,0.0,0.0,True,match
1275,ecoli,333.3333333,333.33333333333337,True,match
1276,ecoli,566.6666667,566.6666666666667,True,match
1277,ecoli,33.33333333,33.33333333333333,True,match
1278,ecoli,100.0,100.0,True,match
1279,ecoli,233.3333333,233.33333333333334,True,match
1280,ecoli,233.3333333,233.33333333333334,True,match
1281,ecoli,233.3333333,233.33333333333334,True,match
1282,ecoli,33.33333333,33.33333333333333,True,match
1283,ecoli,1433.333333,1433.3333333333335,True,match
1284,ecoli,266.6666667,266.66666666666663,True,match
1285,ecoli,1000.0,1000.0,True,match
1286,ecoli,300.0,300.0,True,match
1287,ecoli,700.0,700.0,True,match
1288,ecoli,700.0,700.0,True,match
1289,ecoli,133.3333333,133.33333333333331,True,match
1290,ecoli,66.66666667,66.66666666666666,True,match
1291,ecoli,100.0,100.0,True,match
1292,ecoli,166.6666667,166.66666666666669,True,match
1293,ecoli,166.6666667,166.66666666666669,True,match
1295,ecoli,300.0,300.0,True,match
1296,ecoli,400.0,400.0,True,match
1297,ecoli,300.0,300.0,True,match
1298,ecoli,0.0,0.0,True,match
1299,ecoli,133.3333333,133.33333333333331,True,match
1300,ecoli,0.0,0.0,True,match
1301,ecoli,100.0,100.0,True,match
1302,ecoli,100.0,100.0,True,match
1303,ecoli,200.0,200.0,True,match
1304,ecoli,0.0,0.0,True,match
1305,ecoli,66.66666667,66.66666666666666,True,match
1306,ecoli,33.33333333,33.33333333333333,True,match
1307,ecoli,33.33333333,33.33333333333333,True,match
1308,ecoli,933.3333333,933.3333333333334,True,match
1309,ecoli,7966.666667,7966.666666666667,True,match
1310,ecoli,200.0,200.0,True,match
1311,ecoli,133.3333333,133.33333333333331,True,match
1312,ecoli,33.33333333,33.33333333333333,True,match
1313,ecoli,300.0,300.0,True,match
1314,ecoli,21833.33333,21833.333333333336,True,match
1315,ecoli,633.3333333,633.3333333333333,True,match
1316,ecoli,500.0,500.0,True,match
1317,ecoli,233.3333333,233.33333333333334,True,match
1318,ecoli,366.6666667,366.66666666666663,True,match
1319,ecoli,33.33333333,33.33333333333333,True,match
1320,ecoli,100.0,100.0,True,match
1321,ecoli,300.0,300.0,True,match
1322,ecoli,3033.333333,3033.333333333333,True,match
1323,ecoli,3100.0,3100.0,True,match
1324,ecoli,1900.0,1900.0,True,match
1325,ecoli,1133.333333,1133.3333333333335,True,match
1326,ecoli,133.3333333,133.33333333333331,True,match
1327,ecoli,6733.333333,6733.333333333333,True,match
1328,ecoli,100.0,100.0,True,match
1329,ecoli,166.6666667,166.66666666666669,True,match
1330,ecoli,0.0,0.0,True,match
1331,ecoli,166.6666667,166.66666666666669,True,match
1332,ecoli,0.0,0.0,True,match
1333,ecoli,0.0,0.0,True,match
1334,ecoli,66.66666667,66.66666666666666,True,match
1335,ecoli,33.33333333,33.33333333333333,True,match
1336,ecoli,1333.333333,1333.3333333333335,True,match
1337,ecoli,400.0,400.0,True,match
1338,ecoli,233.3333333,233.33333333333334,True,match
1339,ecoli,400.0,400.0,True,match
1340,ecoli,166.6666667,166.66666666666669,True,match
1341,ecoli,33.33333333,33.33333333333333,True,match
1342,ecoli,33.33333333,33.33333333333333,True,match
1343,ecoli,0.0,0.0,True,match
1344,ecoli,100.0,100.0,True,match
1345,ecoli,166.6666667,166.66666666666669,True,match
1346,ecoli,66.66666667,66.66666666666666,True,match
1347,ecoli,0.0,0.0,True,match
1348,ecoli,0.0,0.0,True,match
1349,ecoli,33.33333333,33.33333333333333,True,match
1350,ecoli,200.0,200.0,True,match
1351,ecoli,166.6666667,166.66666666666669,True,match
1352,ecoli,266.6666667,266.66666666666663,True,match
1353,ecoli,700.0,700.0,True,match
1354,ecoli,733.3333333,733.3333333333333,True,match
1355,ecoli,133.3333333,133.33333333333331,True,match
1356,ecoli,166.6666667,166.66666666666669,True,match
1357,ecoli,66.66666667,66.66666666666666,True,match
1358,ecoli,300.0,300.0,True,match
1359,ecoli,33.33333333,33.33333333333333,True,match
1360,ecoli,33.33333333,33.33333333333333,True,match
1361,ecoli,833.33,833.3333333333334,True,match
1362,ecoli,133.33,133.33333333333331,True,match
1363,ecoli,33.33,33.33333333333333,True,match
1364,ecoli,200.0,200.0,True,match
1365,ecoli,0.0,0.0,True,match
1366,ecoli,100.0,100.0,True,match
1367,ecoli,0.0,0.0,True,match
1368,ecoli,33.33,33.33333333333333,True,match
1369,ecoli,66.67,66.66666666666666,True,match
1370,ecoli,100.0,100.0,True,match
1371,ecoli,400.0,400.0,True,match
1372,ecoli,933.33,933.3333333333334,True,match
1373,ecoli,233.33,233.33333333333334,True,match
1374,ecoli,1733.33,1733.3333333333333,True,match
1375,ecoli,0.0,0.0,True,match
1376,ecoli,33.33333333,33.33333333333333,True,match
1377,ecoli,0.0,0.0,True,match
1378,ecoli,200.0,200.0,True,match
1379,ecoli,33.33333333,33.33333333333333,True,match
1380,ecoli,33.33333333,33.33333333333333,True,match
1381,ecoli,0.0,0.0,True,match
1382,ecoli,0.0,0.0,True,match
1383,ecoli,0.0,0.0,True,match
1384,ecoli,0.0,0.0,True,match
1385,ecoli,0.0,0.0,True,match
1386,ecoli,33.33333333,33.33333333333333,True,match
1387,ecoli,0.0,0.0,True,match
1388,ecoli,0.0,0.0,True,match
1389,ecoli,33.33333333,33.33333333333333,True,match
1390,ecoli,0.0,0.0,True,match
1391,ecoli,100.0,100.0,True,match
1392,ecoli,0.0,0.0,True,match
1393,ecoli,66.66666667,66.66666666666666,True,match
1394,ecoli,200.0,200.0,True,match
1395,ecoli,0.0,0.0,True,match
1396,ecoli,100.0,100.0,True,match
1397,ecoli,866.6666667,866.6666666666666,True,match
1398,ecoli,2266.666667,2266.666666666667,True,match
1399,ecoli,300.0,300.0,True,match
1400,ecoli,33.33333333,33.33333333333333,True,match
1401,ecoli,100.0,100.0,True,match
1402,ecoli,0.0,0.0,True,match
1403,ecoli,0.0,0.0,True,match
1404,ecoli,0.0,0.0,True,match
1405,ecoli,0.0,0.0,True,match
1406,ecoli,300.0,300.0,True,match
1407,ecoli,33.33333333,33.33333333333333,True,match
1408,ecoli,33.33333333,33.33333333333333,True,match
1409,ecoli,0.0,0.0,True,match
1410,ecoli,0.0,0.0,True,match
1411,ecoli,0.0,0.0,True,match
1412,ecoli,0.0,0.0,True,match
1413,ecoli,33.33333333,33.33333333333333,True,match
1414,ecoli,33.33333333,33.33333333333333,True,match
1415,ecoli,0.0,0.0,True,match
1416,ecoli,0.0,0.0,True,match
1417,ecoli,0.0,0.0,True,match
1418,ecoli,500.0,500.0,True,match
1419,ecoli,66.66666667,66.66666666666666,True,match
1420,ecoli,0.0,0.0,True,match
1421,ecoli,66.66666667,66.66666666666666,True,match
1422,ecoli,166.6666667,166.66666666666669,True,match
1423,ecoli,266.6666667,266.66666666666663,True,match
1424,ecoli,0.0,0.0,True,match
1425,ecoli,0.0,0.0,True,match
1426,ecoli,133.3333333,133.33333333333331,True,match
1427,ecoli,0.0,0.0,True,match
1428,ecoli,0.0,0.0,True,match
1429,ecoli,0.0,0.0,True,match
1430,ecoli,0.0,0.0,True,match
1431,ecoli,100.0,100.0,True,match
1432,ecoli,133.3333333,133.33333333333331,True,match
1433,ecoli,66.67,66.66666666666666,True,match
1434,ecoli,0.0,0.0,True,match
1435,ecoli,0.0,0.0,True,match
1436,ecoli,0.0,0.0,True,match
1437,ecoli,100.0,100.0,True,match
1438,ecoli,200.0,200.0,True,match
1439,ecoli,0.0,0.0,True,match
1440,ecoli,233.33,233.33333333333334,True,match
1441,ecoli,0.0,0.0,True,match
1442,ecoli,0.0,0.0,True,match
1443,ecoli,0.0,0.0,True,match
1444,ecoli,0.0,0.0,True,match
1445,ecoli,200.0,200.0,True,match
1446,ecoli,266.67,266.66666666666663,True,match
1447,ecoli,100.0,100.0,True,match
1448,ecoli,200.0,200.0,True,match
1449,ecoli,100.0,100.0,True,match
1450,ecoli,66.67,66.66666666666666,True,match
1451,ecoli,133.33,133.33333333333331,True,match
1452,ecoli,66.67,66.66666666666666,True,match
1453,ecoli,100.0,100.0,True,match
1454,ecoli,200.0,200.0,True,match
1455,ecoli,100.0,100.0,True,match
1456,ecoli,266.67,266.66666666666663,True,match
1457,ecoli,200.0,200.0,True,match
1458,ecoli,433.33,433.3333333333333,True,match
1459,ecoli,327.106631,175.0,False,requires_protocol_review
1460,ecoli,66.66666667,66.66666666666666,True,match
1461,ecoli,133.3333333,133.33333333333331,True,match
1462,ecoli,66.66666667,66.66666666666666,True,match
1463,ecoli,66.66666667,66.66666666666666,True,match
1464,ecoli,33.33333333,33.33333333333333,True,match
1465,ecoli,66.66666667,66.66666666666666,True,match
1466,ecoli,166.6666667,166.66666666666669,True,match
1467,ecoli,0.0,0.0,True,match
1468,ecoli,100.0,100.0,True,match
1469,ecoli,33.33333333,33.33333333333333,True,match
1470,ecoli,1033.333333,1033.3333333333335,True,match
1471,ecoli,600.0,600.0,True,match
1472,ecoli,0.0,0.0,True,match
1473,ecoli,366.6666667,366.66666666666663,True,match
1474,ecoli,33.33333333,33.33333333333333,True,match
1475,ecoli,100.0,100.0,True,match
1476,ecoli,33.33333333,33.33333333333333,True,match
1477,ecoli,166.6666667,166.66666666666669,True,match
1478,ecoli,0.0,0.0,True,match
1479,ecoli,466.6666667,466.6666666666667,True,match
1480,ecoli,0.0,0.0,True,match
1481,ecoli,0.0,0.0,True,match
1482,ecoli,200.0,200.0,True,match
1483,ecoli,100.0,100.0,True,match
1484,ecoli,0.0,0.0,True,match
1485,ecoli,483.3333333,483.3333333333333,True,match
1486,ecoli,266.6666667,266.66666666666663,True,match
1487,ecoli,0.0,0.0,True,match
1488,ecoli,766.6666667,766.6666666666667,True,match
1489,ecoli,66.66666667,66.66666666666666,True,match
1490,ecoli,3200.0,3200.0,True,match
1491,ecoli,66.66666667,66.66666666666666,True,match
1492,ecoli,100.0,100.0,True,match
1493,ecoli,400.0,400.0,True,match
1494,ecoli,33.33333333,33.33333333333333,True,match
1495,ecoli,133.3333333,133.33333333333331,True,match
1496,ecoli,0.0,0.0,True,match
1497,ecoli,100.0,100.0,True,match
1498,ecoli,233.3333333,233.33333333333334,True,match
1499,ecoli,66.66666667,66.66666666666667,True,match
1500,ecoli,0.0,0.0,True,match
1502,ecoli,33.33,33.333333333333336,True,match
1503,ecoli,33.33,33.333333333333336,True,match
1504,ecoli,166.67,166.66666666666666,True,match
1505,ecoli,0.0,0.0,True,match
1506,ecoli,4700.0,4700.0,True,match
1507,ecoli,1333.33,1333.3333333333335,True,match
1508,ecoli,0.0,0.0,True,match
1509,ecoli,400.0,400.0,True,match
1510,ecoli,766.67,766.6666666666667,True,match
1511,ecoli,3966.67,3966.6666666666665,True,match
1512,ecoli,200.0,200.0,True,match
1513,ecoli,16.67,16.666666666666664,True,match
1514,ecoli,0.0,0.0,True,match
1515,ecoli,0.0,0.0,True,match
1516,ecoli,0.0,0.0,True,match
1517,ecoli,50.0,50.0,True,match
1518,ecoli,0.0,0.0,True,match
1519,ecoli,50.0,50.0,True,match
1520,ecoli,0.0,0.0,True,match
1521,ecoli,44.44,44.444444444444436,True,match
1522,ecoli,188.89,188.8888888888889,True,match
1523,ecoli,11.11,11.111111111111109,True,match
1524,ecoli,177.78,177.77777777777774,True,match
1525,ecoli,33.33,33.333333333333336,True,match
1526,ecoli,333.33,333.33333333333337,True,match
1527,ecoli,100.0,100.0,True,match
1528,ecoli,1383.33,1383.3333333333335,True,match
1529,ecoli,16.67,16.666666666666664,True,match
1530,ecoli,33.33,33.33333333333333,True,match
1531,ecoli,0.0,0.0,True,match
1532,ecoli,66.67,66.66666666666666,True,match
1534,ecoli,533.33,533.3333333333333,True,match
1535,ecoli,300.0,300.0,True,match
1536,ecoli,400.0,400.0,True,match
1537,ecoli,0.0,0.0,True,match
1538,ecoli,66.67,66.66666666666666,True,match
1539,ecoli,100.0,100.0,True,match
1540,ecoli,50.0,50.0,True,match
1541,ecoli,66.67,66.66666666666666,True,match
1542,ecoli,0.0,0.0,True,match
1543,ecoli,0.0,0.0,True,match
1544,ecoli,233.3333333,233.33333333333334,True,match
1545,ecoli,0.0,0.0,True,match
1546,ecoli,33.33333333,33.33333333333333,True,match
1547,ecoli,0.0,0.0,True,match
1548,ecoli,33.33333333,33.33333333333333,True,match
1549,ecoli,0.0,0.0,True,match
1550,ecoli,233.3333333,233.33333333333334,True,match
1551,ecoli,66.66666667,66.66666666666666,True,match
1552,ecoli,300.0,300.0,True,match
1553,ecoli,33.33333333,33.33333333333333,True,match
1554,ecoli,0.0,0.0,True,match
1555,ecoli,33.33333333,33.33333333333333,True,match
1556,ecoli,0.0,0.0,True,match
1557,ecoli,100.0,100.0,True,match
1558,ecoli,33.33333333,33.33333333333333,True,match
1559,ecoli,100.0,100.0,True,match
1560,ecoli,100.0,100.0,True,match
1561,ecoli,100.0,100.0,True,match
1562,ecoli,33.33,33.33333333333333,True,match
1563,ecoli,33.33333333,33.33333333333333,True,match
1564,ecoli,0.0,0.0,True,match
1565,ecoli,0.0,0.0,True,match
1566,ecoli,16.66666667,16.666666666666664,True,match
1567,ecoli,33.33333333,33.33333333333333,True,match
1568,ecoli,33.33333333,33.33333333333333,True,match
1569,ecoli,33.33333333,33.33333333333333,True,match
1570,ecoli,33.33333333,33.33333333333333,True,match
1571,ecoli,0.0,0.0,True,match
1572,ecoli,33.33333333,33.33333333333333,True,match
1573,ecoli,166.6666667,166.66666666666669,True,match
1574,ecoli,0.0,0.0,True,match
1575,ecoli,500.0,500.0,True,match
1576,ecoli,33.33333333,33.33333333333333,True,match
1577,ecoli,66.66666667,66.66666666666666,True,match
1578,ecoli,100.0,100.0,True,match
1580,ecoli,16.66666667,16.666666666666664,True,match
1581,ecoli,166.6666667,166.66666666666669,True,match
1582,ecoli,366.6666667,366.66666666666663,True,match
1583,ecoli,133.3333333,133.33333333333331,True,match
1584,ecoli,200.0,200.0,True,match
1585,ecoli,100.0,100.0,True,match
1587,ecoli,0.0,0.0,True,match
1588,ecoli,33.33333333,33.33333333333333,True,match
1589,ecoli,366.6666667,366.66666666666663,True,match
1590,ecoli,66.66666667,66.66666666666666,True,match
1591,ecoli,166.6666667,166.66666666666669,True,match
1592,ecoli,366.6666667,366.66666666666663,True,match
1594,ecoli,166.6666667,166.66666666666669,True,match
1595,ecoli,16.66666667,16.666666666666664,True,match
1596,ecoli,0.0,0.0,True,match
1598,ecoli,233.3333333,233.33333333333334,True,match
1599,ecoli,66.66666667,66.66666666666666,True,match
1600,ecoli,766.6666667,766.6666666666667,True,match
1601,ecoli,233.3333333,233.33333333333334,True,match
1603,ecoli,88.88888889,88.88888888888887,True,match
1604,ecoli,33.33333333,33.33333333333333,True,match
1605,ecoli,33.33333333,33.33333333333333,True,match
1606,ecoli,1966.666667,1966.6666666666667,True,match
1607,ecoli,0.0,0.0,True,match
1608,ecoli,0.0,0.0,True,match
1609,ecoli,1000.0,1000.0,True,match
1610,ecoli,66.66666667,66.66666666666666,True,match
1611,ecoli,33.33333333,33.33333333333333,True,match
1612,ecoli,0.0,0.0,True,match
1613,ecoli,0.0,0.0,True,match
1614,ecoli,66.66666667,66.66666666666666,True,match
1615,ecoli,33.33333333,33.33333333333333,True,match
1616,ecoli,33.33333333,33.33333333333333,True,match
1617,ecoli,100.0,100.0,True,match
1618,ecoli,166.6666667,166.66666666666669,True,match
1619,ecoli,83.33333333,83.33333333333334,True,match
1620,ecoli,100.0,100.0,True,match
1621,ecoli,33.33333333,33.33333333333333,True,match
1622,ecoli,0.0,0.0,True,match
1623,ecoli,166.6666667,166.66666666666669,True,match
1624,ecoli,566.67,566.6666666666667,True,match
1625,ecoli,0.0,0.0,True,match
1626,ecoli,16.67,16.666666666666664,True,match
1627,ecoli,33.33,33.33333333333333,True,match
1628,ecoli,0.0,0.0,True,match
1629,ecoli,33.33,33.33333333333333,True,match
1630,ecoli,83.33,83.33333333333334,True,match
1631,ecoli,183.33,183.33333333333331,True,match
1632,ecoli,116.67,116.66666666666667,True,match
1633,ecoli,50.0,50.0,True,match
1634,ecoli,33.33,33.33333333333333,True,match
1635,ecoli,66.67,66.66666666666666,True,match
1636,ecoli,366.67,366.66666666666663,True,match
1637,ecoli,1333.33,1333.3333333333335,True,match
1638,ecoli,183.33,183.33333333333331,True,match
1639,ecoli,250.0,250.0,True,match
1640,ecoli,100.0,100.0,True,match
1641,ecoli,0.0,0.0,True,match
1642,ecoli,50.0,50.0,True,match
1643,ecoli,83.33333333,83.33333333333334,True,match
1644,ecoli,0.0,0.0,True,match
1645,ecoli,0.0,0.0,True,match
1646,ecoli,100.0,100.0,True,match
1647,ecoli,166.6666667,166.66666666666669,True,match
1648,ecoli,133.3333333,133.33333333333331,True,match
1649,ecoli,66.66666667,66.66666666666666,True,match
1650,ecoli,0.0,0.0,True,match
1651,ecoli,0.0,0.0,True,match
1652,ecoli,0.0,0.0,True,match
1653,ecoli,33.33333333,33.33333333333333,True,match
1654,ecoli,33.33333333,33.33333333333333,True,match
1655,ecoli,166.6666667,166.66666666666669,True,match
1656,ecoli,66.66666667,66.66666666666666,True,match
1657,ecoli,0.0,0.0,True,match
1658,ecoli,33.33333333,33.33333333333333,True,match
1659,ecoli,66.66666667,66.66666666666666,True,match
1660,ecoli,0.0,0.0,True,match
1661,ecoli,50.0,50.0,True,match
1662,ecoli,0.0,0.0,True,match
1663,ecoli,100.0,100.0,True,match
1664,ecoli,0.0,0.0,True,match
1665,ecoli,0.0,0.0,True,match
1666,ecoli,0.0,0.0,True,match
1667,ecoli,16.66666667,16.666666666666664,True,match
1668,ecoli,0.0,0.0,True,match
1669,ecoli,100.0,100.0,True,match
1670,ecoli,33.33333333,33.33333333333333,True,match
1671,ecoli,33.33333333,33.33333333333333,True,match
1672,ecoli,150.0,150.0,True,match
1673,ecoli,0.0,0.0,True,match
1674,ecoli,216.6666667,216.66666666666666,True,match
1675,ecoli,50.0,50.0,True,match
1676,ecoli,366.6666667,366.66666666666663,True,match
1677,ecoli,33.33333333,33.33333333333333,True,match
1678,ecoli,33.33333333,33.33333333333333,True,match
1679,ecoli,0.0,0.0,True,match
1680,ecoli,250.0,250.0,True,match
1681,ecoli,0.0,0.0,True,match
1682,ecoli,0.0,0.0,True,match
1683,ecoli,33.33333333,33.33333333333333,True,match
1684,ecoli,16.66666667,16.666666666666664,True,match
1685,ecoli,0.0,0.0,True,match
1686,ecoli,0.0,0.0,True,match
1687,ecoli,0.0,0.0,True,match
1688,ecoli,0.0,0.0,True,match
1689,ecoli,83.33,83.33333333333334,True,match
1690,ecoli,316.67,316.66666666666663,True,match
1691,ecoli,16.67,16.666666666666664,True,match
1692,ecoli,33.33,33.33333333333333,True,match
1693,ecoli,166.67,166.66666666666669,True,match
1694,ecoli,0.0,0.0,True,match
1695,ecoli,0.0,0.0,True,match
1696,ecoli,83.33,83.33333333333334,True,match
1697,ecoli,833.33,833.3333333333334,True,match
1698,ecoli,416.67,416.6666666666667,True,match
1699,ecoli,183.33,183.33333333333331,True,match
1700,ecoli,533.33,533.3333333333333,True,match
1701,ecoli,50.0,50.0,True,match
1702,ecoli,900.0,900.0,True,match
1703,ecoli,33.33,33.33333333333333,True,match
1704,ecoli,33.33,33.33333333333333,True,match
1705,ecoli,44.44,44.444444444444436,True,match
1706,ecoli,0.0,0.0,True,match
1707,ecoli,33.33,33.333333333333336,True,match
1708,ecoli,11.11,11.111111111111109,True,match
1709,ecoli,133.33,133.33333333333334,True,match
1710,ecoli,577.78,577.7777777777777,True,match
1711,ecoli,55.56,55.555555555555564,True,match
1712,ecoli,2144.44,2144.4444444444443,True,match
1713,ecoli,33.33,33.333333333333336,True,match
1714,ecoli,233.33,233.33333333333334,True,match
1715,ecoli,88.89,88.88888888888887,True,match
1716,ecoli,0.0,0.0,True,match
1717,ecoli,22.22,22.222222222222218,True,match
1718,ecoli,0.0,0.0,True,match
1719,ecoli,66.67,66.66666666666666,True,match
1720,ecoli,366.67,366.66666666666663,True,match
1721,ecoli,100.0,100.0,True,match
1722,ecoli,66.67,66.66666666666666,True,match
1723,ecoli,300.0,300.0,True,match
1724,ecoli,200.0,200.0,True,match
1725,ecoli,133.33,133.33333333333331,True,match
1726,ecoli,266.67,266.66666666666663,True,match
1727,ecoli,33.33,33.33333333333333,True,match
1729,ecoli,33.33,33.33333333333333,True,match
1730,ecoli,333.33,333.33333333333337,True,match
1731,ecoli,0.0,0.0,True,match
1732,ecoli,0.0,0.0,True,match
1733,ecoli,133.33,133.33333333333331,True,match
1734,ecoli,0.0,0.0,True,match
1735,ecoli,0.0,0.0,True,match
1736,ecoli,0.0,0.0,True,match
1737,ecoli,33.33,33.33333333333333,True,match
1738,ecoli,0.0,0.0,True,match
1739,ecoli,100.0,100.0,True,match
1740,ecoli,200.0,200.0,True,match
1742,ecoli,0.0,0.0,True,match
1743,ecoli,33.33,33.33333333333333,True,match
1744,ecoli,33.33,33.33333333333333,True,match
1745,ecoli,66.67,66.66666666666666,True,match
1746,ecoli,1200.0,1200.0,True,match
1747,ecoli,100.0,100.0,True,match
1748,ecoli,0.0,0.0,True,match
1749,ecoli,33.33,33.33333333333333,True,match
1750,ecoli,66.67,66.66666666666666,True,match
1751,ecoli,233.33,233.33333333333334,True,match
1752,ecoli,300.0,300.0,True,match
1753,ecoli,200.0,200.0,True,match
1754,ecoli,0.0,0.0,True,match
1756,ecoli,33.33,33.33333333333333,True,match
1757,ecoli,300.0,300.0,True,match
1758,ecoli,100.0,100.0,True,match
1759,ecoli,0.0,0.0,True,match
1760,ecoli,0.0,0.0,True,match
1761,ecoli,166.6666667,166.66666666666669,True,match
1762,ecoli,433.3333333,433.3333333333333,True,match
1763,ecoli,100.0,100.0,True,match
1764,ecoli,0.0,0.0,True,match
1765,ecoli,366.6666667,366.66666666666663,True,match
1766,ecoli,100.0,100.0,True,match
1767,ecoli,66.66666667,66.66666666666666,True,match
1768,ecoli,266.6666667,266.66666666666663,True,match
1769,ecoli,0.0,0.0,True,match
1770,ecoli,266.6666667,266.66666666666663,True,match
1771,ecoli,0.0,0.0,True,match
1772,ecoli,166.6666667,166.66666666666669,True,match
1773,ecoli,400.0,400.0,True,match
1774,ecoli,133.3333333,133.33333333333331,True,match
1775,ecoli,1966.666667,1966.6666666666667,True,match
1776,ecoli,866.6666667,866.6666666666666,True,match
1777,ecoli,33.33333333,33.33333333333333,True,match
1778,ecoli,0.0,0.0,True,match
1779,ecoli,0.0,0.0,True,match
1780,ecoli,66.66666667,66.66666666666666,True,match
1781,ecoli,200.0,200.0,True,match
1782,ecoli,0.0,0.0,True,match
1783,ecoli,33.33333333,33.33333333333333,True,match
1784,ecoli,0.0,0.0,True,match
1785,ecoli,0.0,0.0,True,match
1786,ecoli,66.66666667,66.66666666666666,True,match
1787,ecoli,100.0,100.0,True,match
1788,ecoli,100.0,100.0,True,match
1789,ecoli,33.33,33.33333333333333,True,match
1790,ecoli,100.0,100.0,True,match
1791,ecoli,800.0,800.0,True,match
1792,ecoli,1066.67,1066.6666666666665,True,match
1794,ecoli,0.0,0.0,True,match
1795,ecoli,66.67,66.66666666666666,True,match
1796,ecoli,66.67,66.66666666666666,True,match
1797,ecoli,0.0,0.0,True,match
1798,ecoli,433.33,433.3333333333333,True,match
1799,ecoli,100.0,100.0,True,match
1800,ecoli,33.33,33.33333333333333,True,match
1801,ecoli,100.0,100.0,True,match
1802,ecoli,0.0,0.0,True,match
1803,ecoli,166.6666667,166.66666666666669,True,match
1804,ecoli,633.3333333,633.3333333333333,True,match
1805,ecoli,66.66666667,66.66666666666666,True,match
1806,ecoli,33.33333333,33.33333333333333,True,match
1807,ecoli,366.6666667,366.66666666666663,True,match
1808,ecoli,166.6666667,166.66666666666669,True,match
1809,ecoli,133.3333333,133.33333333333331,True,match
1810,ecoli,133.3333333,133.33333333333331,True,match
1811,ecoli,133.3333333,133.33333333333331,True,match
1812,ecoli,0.0,0.0,True,match
1813,ecoli,600.0,600.0,True,match
1814,ecoli,33.33333333,33.33333333333333,True,match
1815,ecoli,133.3333333,133.33333333333331,True,match
1816,ecoli,33.33333333,33.33333333333333,True,match
1817,ecoli,100.0,100.0,True,match
1818,ecoli,333.3333333,333.33333333333337,True,match
1819,ecoli,66.66666667,66.66666666666666,True,match
1820,ecoli,33.33333333,33.33333333333333,True,match
1821,ecoli,0.0,0.0,True,match
1822,ecoli,400.0,400.0,True,match
1823,ecoli,277.78,277.77777777777777,True,match
1824,ecoli,188.89,188.8888888888889,True,match
1825,ecoli,300.0,300.0,True,match
1826,ecoli,100.0,100.0,True,match
1827,ecoli,0.0,0.0,True,match
1828,ecoli,133.3333333,133.33333333333331,True,match
1829,ecoli,16.66666667,16.666666666666664,True,match
1830,ecoli,55.55555556,55.555555555555564,True,match
1831,ecoli,2733.333333,2733.333333333333,True,match
1832,ecoli,83.33333333,83.33333333333334,True,match
1833,ecoli,1166.666667,1166.6666666666665,True,match
1834,ecoli,4766.666667,4766.666666666666,True,match
1835,ecoli,533.3333333,533.3333333333333,True,match
1836,ecoli,133.3333333,133.33333333333331,True,match
1837,ecoli,833.3333333,833.3333333333334,True,match
1838,ecoli,0.0,0.0,True,match
1839,ecoli,266.6666667,266.66666666666663,True,match
1840,ecoli,0.0,0.0,True,match
1841,ecoli,166.6666667,166.66666666666669,True,match
1842,ecoli,66.66666667,66.66666666666666,True,match
1843,ecoli,33.33333333,33.33333333333333,True,match
1844,ecoli,0.0,0.0,True,match
1845,ecoli,0.0,0.0,True,match
1846,ecoli,0.0,0.0,True,match
1847,ecoli,66.66666667,66.66666666666666,True,match
1848,ecoli,300.0,300.0,True,match
1849,ecoli,0.0,0.0,True,match
1850,ecoli,50.0,50.0,True,match
1851,ecoli,33.33333333,33.33333333333333,True,match
1852,ecoli,16.66666667,16.666666666666664,True,match
1853,ecoli,16.66666667,16.666666666666664,True,match
1854,ecoli,83.33333333,83.33333333333334,True,match
1855,ecoli,83.33333333,83.33333333333334,True,match
1856,ecoli,116.6666667,116.66666666666667,True,match
1857,ecoli,33.33333333,33.33333333333333,True,match
1858,ecoli,1233.333333,1233.3333333333335,True,match
1859,ecoli,633.3333333,633.3333333333333,True,match
1860,ecoli,133.3333333,133.33333333333331,True,match
1861,ecoli,233.3333333,233.33333333333334,True,match
1862,ecoli,366.6666667,366.66666666666663,True,match
1863,ecoli,333.3333333,333.33333333333337,True,match
1864,ecoli,500.0,500.0,True,match
1865,ecoli,166.6666667,166.66666666666669,True,match
1866,ecoli,66.66666667,66.66666666666666,True,match
1867,ecoli,150.0,150.0,True,match
1868,ecoli,33.33333333,33.33333333333333,True,match
1869,ecoli,177.7777778,177.77777777777774,True,match
1870,ecoli,150.0,150.0,True,match
1871,ecoli,33.33333333,33.33333333333333,True,match
1872,ecoli,83.33333333,83.33333333333334,True,match
1873,ecoli,6133.333333,6133.333333333334,True,match
1874,ecoli,450.0,450.0,True,match
1875,ecoli,1133.333333,1133.3333333333335,True,match
1876,ecoli,83.33333333,83.33333333333334,True,match
1877,ecoli,83.33333333,83.33333333333334,True,match
1878,ecoli,633.3333333,633.3333333333333,True,match
1879,ecoli,133.3333333,133.33333333333331,True,match
1880,ecoli,7333.333333,7333.333333333333,True,match
1881,ecoli,166.6666667,166.66666666666669,True,match
1882,ecoli,533.3333333,533.3333333333333,True,match
1883,ecoli,83.33333333,83.33333333333334,True,match
1884,ecoli,66.66666667,66.66666666666666,True,match
1885,ecoli,16.66666667,16.666666666666664,True,match
1886,ecoli,16.66666667,16.666666666666664,True,match
1887,ecoli,283.3333333,283.33333333333337,True,match
1888,ecoli,66.66666667,66.66666666666666,True,match
1889,ecoli,616.6666667,616.6666666666667,True,match
1890,ecoli,150.0,150.0,True,match
1891,ecoli,133.3333333,133.33333333333331,True,match
1892,ecoli,16.66666667,16.666666666666664,True,match
1893,ecoli,33.33333333,33.33333333333333,True,match
1894,ecoli,66.66666667,66.66666666666666,True,match
1895,ecoli,66.66666667,66.66666666666666,True,match
1896,ecoli,66.66666667,66.66666666666666,True,match
1897,ecoli,1700.0,1700.0,True,match
1898,ecoli,100.0,100.0,True,match
1899,ecoli,166.6666667,166.66666666666669,True,match
1900,ecoli,266.6666667,266.66666666666663,True,match
1901,ecoli,0.0,0.0,True,match
1902,ecoli,1466.666667,1466.6666666666665,True,match
1903,ecoli,66.66666667,66.66666666666666,True,match
1904,ecoli,66.66666667,66.66666666666666,True,match
1905,ecoli,800.0,800.0,True,match
1906,ecoli,100.0,100.0,True,match
1907,ecoli,300.0,300.0,True,match
1908,ecoli,50.0,50.0,True,match
1909,ecoli,216.6666667,216.66666666666666,True,match
1910,ecoli,133.3333333,133.33333333333334,True,match
1911,ecoli,22.22222222,22.222222222222218,True,match
1912,ecoli,122.2222222,122.22222222222221,True,match
1913,ecoli,0.0,0.0,True,match
1914,ecoli,33.33333333,33.33333333333333,True,match
1915,ecoli,16.66666667,16.666666666666664,True,match
1916,ecoli,166.6666667,166.66666666666669,True,match
1917,ecoli,650.0,650.0,True,match
1918,ecoli,500.0,500.0,True,match
1919,ecoli,866.6666667,866.6666666666666,True,match
1920,ecoli,177.7777778,177.77777777777774,True,match
1921,ecoli,16.66666667,16.666666666666664,True,match
1922,ecoli,33.33333333,33.33333333333333,True,match
1923,ecoli,66.66666667,66.66666666666666,True,match
1924,ecoli,250.0,250.0,True,match
1925,ecoli,83.33,83.33333333333334,True,match
1926,ecoli,0.0,0.0,True,match
1927,ecoli,316.67,316.66666666666663,True,match
1928,ecoli,50.0,50.0,True,match
1929,ecoli,100.0,100.0,True,match
1930,ecoli,83.33,83.33333333333334,True,match
1931,ecoli,33.33,33.333333333333336,True,match
1932,ecoli,133.33,133.33333333333334,True,match
1933,ecoli,100.0,100.0,True,match
1934,ecoli,77.78,77.77777777777779,True,match
1935,ecoli,3100.0,3100.0,True,match
1936,ecoli,100.0,100.0,True,match
1937,ecoli,77.78,77.77777777777779,True,match
1938,ecoli,0.0,0.0,True,match
1939,ecoli,22.22,22.222222222222218,True,match
1940,ecoli,100.0,100.0,True,match
1941,ecoli,22.22,22.222222222222218,True,match
1942,ecoli,100.0,100.0,True,match
1944,ecoli,100.0,100.0,True,match
1945,ecoli,0.0,0.0,True,match
1946,ecoli,33.33,33.33333333333333,True,match
1947,ecoli,233.33,233.33333333333334,True,match
1948,ecoli,0.0,0.0,True,match
1949,ecoli,166.67,166.66666666666669,True,match
1950,ecoli,100.0,100.0,True,match
1951,ecoli,33.33,33.33333333333333,True,match
1952,ecoli,1300.0,1300.0,True,match
1953,ecoli,133.33,133.33333333333331,True,match
1954,ecoli,66.67,66.66666666666666,True,match
1955,ecoli,1300.0,1300.0,True,match
1956,ecoli,2911.11,2911.111111111111,True,match
1957,ecoli,122.22,122.22222222222221,True,match
1958,ecoli,122.22,122.22222222222221,True,match
1959,ecoli,22.22,22.222222222222218,True,match
1960,ecoli,0.0,0.0,True,match
1961,ecoli,4666.67,4666.666666666666,True,match
1962,ecoli,483.33,483.3333333333333,True,match
1963,ecoli,0.0,0.0,True,match
1964,ecoli,0.0,0.0,True,match
1965,ecoli,0.0,0.0,True,match
1966,ecoli,0.0,0.0,True,match
1967,ecoli,0.0,0.0,True,match
1968,ecoli,300.0,300.0,True,match
1969,ecoli,0.0,0.0,True,match
1970,ecoli,11.11,11.111111111111109,True,match
1971,ecoli,33.33,33.333333333333336,True,match
1972,ecoli,33.33,33.333333333333336,True,match
1973,ecoli,611.11,611.1111111111111,True,match
1974,ecoli,0.0,0.0,True,match
1975,ecoli,66.66666667,66.66666666666666,True,match
1976,ecoli,0.0,0.0,True,match
1977,ecoli,166.6666667,166.66666666666669,True,match
1978,ecoli,266.6666667,266.66666666666663,True,match
1979,ecoli,100.0,100.0,True,match
1980,ecoli,33.33333333,33.33333333333333,True,match
1981,ecoli,333.3333333,333.33333333333337,True,match
1982,ecoli,1666.666667,1666.6666666666667,True,match
1983,ecoli,1600.0,1600.0,True,match
1984,ecoli,166.6666667,166.66666666666669,True,match
1985,ecoli,133.3333333,133.33333333333331,True,match
1986,ecoli,0.0,0.0,True,match
1987,ecoli,166.6666667,166.66666666666669,True,match
1988,ecoli,0.0,0.0,True,match
1989,ecoli,0.0,0.0,True,match
1990,ecoli,0.0,0.0,True,match
1991,ecoli,0.0,0.0,True,match
1992,ecoli,400.0,400.0,True,match
1993,ecoli,66.66666667,66.66666666666666,True,match
1994,ecoli,0.0,0.0,True,match
1995,ecoli,133.3333333,133.33333333333331,True,match
1996,ecoli,0.0,0.0,True,match
1997,ecoli,0.0,0.0,True,match
1998,ecoli,100.0,100.0,True,match
1999,ecoli,200.0,200.0,True,match
2000,ecoli,200.0,200.0,True,match
2001,ecoli,0.0,0.0,True,match
2002,ecoli,0.0,0.0,True,match
2003,ecoli,0.0,0.0,True,match
2004,ecoli,100.0,100.0,True,match
2005,ecoli,33.33333333,33.33333333333333,True,match
2006,ecoli,133.3333333,133.33333333333331,True,match
2007,ecoli,1200.0,1200.0,True,match
2008,ecoli,100.0,100.0,True,match
2009,ecoli,0.0,0.0,True,match
2010,ecoli,133.3333333,133.33333333333331,True,match
2011,ecoli,0.0,0.0,True,match
2012,ecoli,766.6666667,766.6666666666667,True,match
2013,ecoli,66.66666667,66.66666666666666,True,match
2014,ecoli,100.0,100.0,True,match
2015,ecoli,0.0,0.0,True,match
2016,ecoli,200.0,200.0,True,match
2017,ecoli,0.0,0.0,True,match
2018,ecoli,100.0,100.0,True,match
2019,ecoli,0.0,0.0,True,match
2020,ecoli,16.67,16.666666666666664,True,match
2021,ecoli,0.0,0.0,True,match
2022,ecoli,44.44,44.444444444444436,True,match
2023,ecoli,33.33,33.33333333333333,True,match
2024,ecoli,11.11,11.111111111111109,True,match
2036,ecoli,0.0,0.0,True,match
2037,ecoli,33.33,33.333333333333336,True,match
2038,ecoli,11.11,11.111111111111109,True,match
2039,ecoli,0.0,0.0,True,match
2040,ecoli,16.67,16.666666666666664,True,match
2041,ecoli,50.0,50.0,True,match
2042,ecoli,83.33,83.33333333333334,True,match
2043,ecoli,100.0,100.0,True,match
2044,ecoli,0.0,0.0,True,match
2045,ecoli,0.0,0.0,True,match
2046,ecoli,183.33,183.33333333333331,True,match
2047,ecoli,33.33,33.33333333333333,True,match
2049,ecoli,566.67,566.6666666666667,True,match
2050,ecoli,333.33,333.33333333333337,True,match
2051,ecoli,100.0,100.0,True,match
2052,ecoli,100.0,100.0,True,match
2053,ecoli,33.33,33.33333333333333,True,match
2054,ecoli,1100.0,1100.0,True,match
2055,ecoli,200.0,200.0,True,match
2056,ecoli,33.33,33.33333333333333,True,match
2057,ecoli,33.33,33.33333333333333,True,match
2058,ecoli,271.4417617,141.66666666666669,False,requires_protocol_review
2059,ecoli,33.33,33.333333333333336,True,match
2060,ecoli,33.33,33.333333333333336,True,match
2061,ecoli,33.33,33.333333333333336,True,match
2086,ecoli,133.33,133.33333333333331,True,match
2087,ecoli,0.0,0.0,True,match
2088,ecoli,333.33,333.33333333333337,True,match
2089,ecoli,188.89,188.8888888888889,True,match
2090,ecoli,66.67,66.66666666666666,True,match
2091,ecoli,22.22,22.222222222222218,True,match
2092,ecoli,100.0,100.0,True,match
2093,ecoli,122.22,122.22222222222221,True,match
2094,ecoli,11.11,11.111111111111109,True,match
2095,ecoli,100.0,100.0,True,match
2096,ecoli,111.11,111.11111111111113,True,match
2097,ecoli,0.0,0.0,True,match
2098,ecoli,22.22,22.222222222222218,True,match
2099,ecoli,0.0,0.0,True,match
2100,ecoli,0.0,0.0,True,match
2101,ecoli,22.22,22.222222222222218,True,match
2102,ecoli,0.0,0.0,True,match
2103,ecoli,11.11,11.111111111111109,True,match
2104,ecoli,863.3419629,458.3333333333333,False,requires_protocol_review
2105,ecoli,33.33333333,33.33333333333333,True,match
2106,ecoli,0.0,0.0,True,match
2107,ecoli,22.22222222,22.222222222222218,True,match
2108,ecoli,133.3333333,133.33333333333331,True,match
2109,ecoli,16.66666667,16.666666666666664,True,match
2110,ecoli,100.0,100.0,True,match
2111,ecoli,33.33333333,33.33333333333333,True,match
2112,ecoli,0.0,0.0,True,match
2113,ecoli,66.66666667,66.66666666666666,True,match
2114,ecoli,33.33333333,33.33333333333333,True,match
2115,ecoli,0.0,0.0,True,match
2116,ecoli,200.0,200.0,True,match
2117,ecoli,266.6666667,266.66666666666663,True,match
2118,ecoli,66.66666667,66.66666666666666,True,match
2119,ecoli,33.33333333,33.33333333333333,True,match
2120,ecoli,0.0,0.0,True,match
2121,ecoli,133.3333333,133.33333333333331,True,match
2122,ecoli,100.0,100.0,True,match
2123,ecoli,83.33333333,83.33333333333334,True,match
2124,ecoli,0.0,0.0,True,match
2125,ecoli,100.0,100.0,True,match
2126,ecoli,16.66666667,16.666666666666664,True,match
2127,ecoli,200.0,200.0,True,match
2128,ecoli,66.66666667,66.66666666666666,True,match
2129,ecoli,166.6666667,166.66666666666669,True,match
2130,ecoli,33.33333333,33.33333333333333,True,match
2131,ecoli,0.0,0.0,True,match
2132,ecoli,133.3333333,133.33333333333331,True,match
2133,ecoli,133.3333333,133.33333333333331,True,match
2134,ecoli,66.66666667,66.66666666666666,True,match
2135,ecoli,100.0,100.0,True,match
2136,ecoli,433.3333333,433.3333333333333,True,match
2137,ecoli,166.6666667,166.66666666666669,True,match
2138,ecoli,0.0,0.0,True,match
2139,ecoli,16.66666667,16.666666666666664,True,match
2140,ecoli,311.1111111,311.11111111111114,True,match
2141,ecoli,150.0,150.0,True,match
2142,ecoli,133.3333333,133.33333333333331,True,match
2143,ecoli,83.33333333,83.33333333333334,True,match
2144,ecoli,250.0,250.0,True,match
2145,ecoli,250.0,250.0,True,match
2146,ecoli,50.0,50.0,True,match
2147,ecoli,233.3333333,233.33333333333334,True,match
2148,ecoli,66.66666667,66.66666666666666,True,match
2149,ecoli,233.3333333,233.33333333333334,True,match
2150,ecoli,166.6666667,166.66666666666669,True,match
2151,ecoli,200.0,200.0,True,match
2152,ecoli,50.0,50.0,True,match
2153,ecoli,100.0,100.0,True,match
2154,ecoli,0.0,0.0,True,match
2155,ecoli,0.0,0.0,True,match
2156,ecoli,33.33333333,33.33333333333333,True,match
2157,ecoli,100.0,100.0,True,match
2158,ecoli,100.0,100.0,True,match
2159,ecoli,166.6666667,166.66666666666669,True,match
2160,ecoli,300.0,300.0,True,match
2161,ecoli,33.33333333,33.33333333333333,True,match
2162,ecoli,1566.666667,1566.6666666666665,True,match
2163,ecoli,0.0,0.0,True,match
2164,ecoli,300.0,300.0,True,match
2165,ecoli,33.33333333,33.33333333333333,True,match
2166,ecoli,0.0,0.0,True,match
2167,ecoli,0.0,0.0,True,match
2168,ecoli,0.0,0.0,True,match
2169,ecoli,0.0,0.0,True,match
2170,ecoli,11.11111111,11.111111111111109,True,match
2171,ecoli,100.0,100.0,True,match
2172,ecoli,150.0,150.0,True,match
2173,ecoli,100.0,100.0,True,match
2176,ecoli,33.33,33.33333333333333,True,match
2177,ecoli,433.33,433.3333333333333,True,match
2178,ecoli,100.0,100.0,True,match
2179,ecoli,833.33,833.3333333333334,True,match
2180,ecoli,0.0,0.0,True,match
2181,ecoli,33.33333333,33.33333333333333,True,match
2182,ecoli,66.66666667,66.66666666666666,True,match
2183,ecoli,100.0,100.0,True,match
2184,ecoli,400.0,400.0,True,match
2185,ecoli,66.66666667,66.66666666666666,True,match
2186,ecoli,100.0,100.0,True,match
2187,ecoli,0.0,0.0,True,match
2188,ecoli,0.0,0.0,True,match
2189,ecoli,0.0,0.0,True,match
2190,ecoli,0.0,0.0,True,match
2191,ecoli,166.6666667,166.66666666666669,True,match
2192,ecoli,300.0,300.0,True,match
2193,ecoli,66.66666667,66.66666666666666,True,match
2194,ecoli,433.3333333,433.3333333333333,True,match
2195,ecoli,166.6666667,166.66666666666669,True,match
2196,ecoli,333.3333333,333.33333333333337,True,match
2197,ecoli,166.6666667,166.66666666666669,True,match
2198,ecoli,133.3333333,133.33333333333331,True,match
2199,ecoli,133.3333333,133.33333333333331,True,match
2200,ecoli,33.33333333,33.33333333333333,True,match
2201,ecoli,1566.666667,1566.6666666666665,True,match
2202,ecoli,633.3333333,633.3333333333333,True,match
2203,ecoli,733.3333333,733.3333333333333,True,match
2204,ecoli,366.6666667,366.66666666666663,True,match
2205,ecoli,1133.333333,1133.3333333333335,True,match
2206,ecoli,800.0,800.0,True,match
2207,ecoli,166.6666667,166.66666666666669,True,match
2208,ecoli,233.3333333,233.33333333333334,True,match
2209,ecoli,100.0,100.0,True,match
2210,ecoli,66.66666667,66.66666666666666,True,match
2211,ecoli,66.66666667,66.66666666666666,True,match
2212,ecoli,100.0,100.0,True,match
2213,ecoli,300.0,300.0,True,match
2214,ecoli,700.0,700.0,True,match
2215,ecoli,433.3333333,433.3333333333333,True,match
2216,ecoli,200.0,200.0,True,match
2217,ecoli,33.33333333,33.33333333333333,True,match
2218,ecoli,300.0,300.0,True,match
2219,ecoli,66.66666667,66.66666666666666,True,match
2220,ecoli,300.0,300.0,True,match
2221,ecoli,200.0,200.0,True,match
2222,ecoli,66.66666667,66.66666666666666,True,match
2223,ecoli,133.3333333,133.33333333333331,True,match
2224,ecoli,33.33333333,33.33333333333333,True,match
2225,ecoli,266.6666667,266.66666666666663,True,match
2226,ecoli,33.33333333,33.33333333333333,True,match
2227,ecoli,100.0,100.0,True,match
2228,ecoli,66.66666667,66.66666666666666,True,match
2229,ecoli,333.3333333,333.33333333333337,True,match
2230,ecoli,333.3333333,333.33333333333337,True,match
2231,ecoli,27400.0,27400.0,True,match
2232,ecoli,11000.0,11000.0,True,match
2233,ecoli,366.6666667,366.66666666666663,True,match
2234,ecoli,133.3333333,133.33333333333331,True,match
2235,ecoli,300.0,300.0,True,match
2236,ecoli,200.0,200.0,True,match
2237,ecoli,66.66666667,66.66666666666666,True,match
2238,ecoli,33.33333333,33.33333333333333,True,match
2239,ecoli,33.33333333,33.33333333333333,True,match
2240,ecoli,1566.666667,1566.6666666666665,True,match
2241,ecoli,1766.666667,1766.6666666666667,True,match
2242,ecoli,2600.0,2600.0,True,match
2243,ecoli,500.0,500.0,True,match
2244,ecoli,433.3333333,433.3333333333333,True,match
2245,ecoli,1266.666667,1266.6666666666665,True,match
2246,ecoli,0.0,0.0,True,match
2247,ecoli,66.66666667,66.66666666666666,True,match
2248,ecoli,33.33333333,33.33333333333333,True,match
2249,ecoli,6600.0,6600.0,True,match
2250,ecoli,33.33333333,33.33333333333333,True,match
2251,ecoli,33.33333333,33.33333333333333,True,match
2252,ecoli,366.6666667,366.66666666666663,True,match
2253,ecoli,400.0,400.0,True,match
2254,ecoli,1466.666667,1466.6666666666665,True,match
2255,ecoli,933.3333333,933.3333333333334,True,match
2256,ecoli,333.3333333,333.33333333333337,True,match
2257,ecoli,1566.666667,1566.6666666666665,True,match
2258,ecoli,200.0,200.0,True,match
2259,ecoli,33.33333333,33.33333333333333,True,match
2260,ecoli,33.33333333,33.33333333333333,True,match
2261,ecoli,66.66666667,66.66666666666666,True,match
2262,ecoli,33.33333333,33.33333333333333,True,match
2263,ecoli,33.33333333,33.33333333333333,True,match
2264,ecoli,66.66666667,66.66666666666666,True,match
2265,ecoli,0.0,0.0,True,match
2266,ecoli,33.33333333,33.33333333333333,True,match
2267,ecoli,100.0,100.0,True,match
2268,ecoli,233.3333333,233.33333333333334,True,match
2269,ecoli,266.6666667,266.66666666666663,True,match
2270,ecoli,933.3333333,933.3333333333334,True,match
2271,ecoli,566.6666667,566.6666666666667,True,match
2272,ecoli,633.3333333,633.3333333333333,True,match
2273,ecoli,100.0,100.0,True,match
2274,ecoli,100.0,100.0,True,match
2275,ecoli,66.66666667,66.66666666666666,True,match
2276,ecoli,0.0,0.0,True,match
2277,ecoli,166.6666667,166.66666666666669,True,match
2278,ecoli,900.0,900.0,True,match
2279,ecoli,0.0,0.0,True,match
2280,ecoli,0.0,0.0,True,match
2281,ecoli,0.0,0.0,True,match
2282,ecoli,0.0,0.0,True,match
2283,ecoli,66.67,66.66666666666666,True,match
2284,ecoli,33.33,33.33333333333333,True,match
2285,ecoli,133.33,133.33333333333331,True,match
2286,ecoli,133.33,133.33333333333331,True,match
2287,ecoli,400.0,400.0,True,match
2288,ecoli,166.67,166.66666666666669,True,match
2289,ecoli,266.67,266.66666666666663,True,match
2290,ecoli,300.0,300.0,True,match
2291,ecoli,533.33,533.3333333333333,True,match
2292,ecoli,33.33,33.33333333333333,True,match
2293,ecoli,33.33,33.333333333333336,True,match
2294,ecoli,244.44,244.44444444444443,True,match
2295,ecoli,33.33,33.33333333333333,True,match
2296,ecoli,266.6666667,266.66666666666663,True,match
2297,ecoli,66.66666667,66.66666666666666,True,match
2298,ecoli,33.33333333,33.33333333333333,True,match
2299,ecoli,266.6666667,266.66666666666663,True,match
2300,ecoli,200.0,200.0,True,match
2301,ecoli,300.0,300.0,True,match
2303,ecoli,116.6666667,116.66666666666667,True,match
2304,ecoli,200.0,200.0,True,match
2305,ecoli,733.3333333,733.3333333333333,True,match
2306,ecoli,200.0,200.0,True,match
2307,ecoli,166.6666667,166.66666666666669,True,match
2308,ecoli,100.0,100.0,True,match
2309,ecoli,0.0,0.0,True,match
2310,ecoli,133.3333333,133.33333333333331,True,match
2311,ecoli,66.66666667,66.66666666666666,True,match
2312,ecoli,33.33333333,33.33333333333333,True,match
2313,ecoli,0.0,0.0,True,match
2314,ecoli,233.3333333,233.33333333333334,True,match
2315,ecoli,366.6666667,366.66666666666663,True,match
2316,ecoli,33.33333333,33.33333333333333,True,match
2317,ecoli,66.66666667,66.66666666666666,True,match
2318,ecoli,0.0,0.0,True,match
2319,ecoli,0.0,0.0,True,match
2320,ecoli,33.33333333,33.33333333333333,True,match
2321,ecoli,0.0,0.0,True,match
2322,ecoli,3333.333333,3333.3333333333335,True,match
2323,ecoli,33.33333333,33.33333333333333,True,match
2324,ecoli,0.0,0.0,True,match
2325,ecoli,166.6666667,166.66666666666669,True,match
2326,ecoli,66.66666667,66.66666666666666,True,match
2327,ecoli,0.0,0.0,True,match
2328,ecoli,0.0,0.0,True,match
2329,ecoli,66.66666667,66.66666666666666,True,match
2330,ecoli,133.3333333,133.33333333333331,True,match
2331,ecoli,200.0,200.0,True,match
2332,ecoli,0.0,0.0,True,match
2333,ecoli,0.0,0.0,True,match
2334,ecoli,133.3333333,133.33333333333331,True,match
2335,ecoli,0.0,0.0,True,match
2336,ecoli,33.33333333,33.33333333333333,True,match
2337,ecoli,33.33333333,33.33333333333333,True,match
2338,ecoli,200.0,200.0,True,match
2339,ecoli,300.0,300.0,True,match
2340,ecoli,133.3333333,133.33333333333331,True,match
2341,ecoli,33.33333333,33.33333333333333,True,match
2342,ecoli,0.0,0.0,True,match
2343,ecoli,33.33333333,33.33333333333333,True,match
2344,ecoli,0.0,0.0,True,match
2345,ecoli,33.33333333,33.33333333333333,True,match
2346,ecoli,0.0,0.0,True,match
2347,ecoli,33.33333333,33.33333333333333,True,match
2348,ecoli,0.0,0.0,True,match
2349,ecoli,0.0,0.0,True,match
2350,ecoli,266.6666667,266.66666666666663,True,match
2351,ecoli,33.33333333,33.33333333333333,True,match
2352,ecoli,833.3333333,833.3333333333334,True,match
2353,ecoli,0.0,0.0,True,match
2354,ecoli,66.66666667,66.66666666666666,True,match
2355,ecoli,166.6666667,166.66666666666669,True,match
2356,ecoli,66.66666667,66.66666666666666,True,match
2357,ecoli,33.33333333,33.33333333333333,True,match
2358,ecoli,166.6666667,166.66666666666669,True,match
2359,ecoli,66.66666667,66.66666666666666,True,match
2360,ecoli,133.3333333,133.33333333333331,True,match
2361,ecoli,566.6666667,566.6666666666667,True,match
2362,ecoli,266.6666667,266.66666666666663,True,match
2363,ecoli,266.6666667,266.66666666666663,True,match
2364,ecoli,0.0,0.0,True,match
2365,ecoli,100.0,100.0,True,match
2366,ecoli,100.0,100.0,True,match
2367,ecoli,33.33333333,33.33333333333333,True,match
2368,ecoli,66.66666667,66.66666666666666,True,match
2369,ecoli,33.33333333,33.33333333333333,True,match
2370,ecoli,200.0,200.0,True,match
2371,ecoli,0.0,0.0,True,match
2372,ecoli,22.22222222,22.222222222222218,True,match
2373,ecoli,11.11111111,11.111111111111109,True,match
2374,ecoli,0.0,0.0,True,match
2375,ecoli,22.22222222,22.222222222222218,True,match
2376,ecoli,0.0,0.0,True,match
2377,ecoli,0.0,0.0,True,match
2378,ecoli,0.0,0.0,True,match
2379,ecoli,0.0,0.0,True,match
2380,ecoli,11.11,11.111111111111109,True,match
2381,ecoli,0.0,0.0,True,match
2382,ecoli,33.33,33.33333333333333,True,match
2383,ecoli,22.22,22.222222222222218,True,match
2384,ecoli,0.0,0.0,True,match
2385,ecoli,0.0,0.0,True,match
2386,ecoli,11.11,11.111111111111109,True,match
2387,ecoli,33.33,33.333333333333336,True,match
2388,ecoli,133.33,133.33333333333331,True,match
2389,ecoli,66.67,66.66666666666666,True,match
2390,ecoli,33.33,33.33333333333333,True,match
2391,ecoli,166.67,166.66666666666669,True,match
2392,ecoli,33.33,33.33333333333333,True,match
2393,ecoli,33.33,33.33333333333333,True,match
2394,ecoli,0.0,0.0,True,match
2395,ecoli,0.0,0.0,True,match
2396,ecoli,11.11,11.111111111111109,True,match
2397,ecoli,0.0,0.0,True,match
2398,ecoli,0.0,0.0,True,match
2399,ecoli,0.0,0.0,True,match
2400,ecoli,0.0,0.0,True,match
2401,ecoli,166.67,166.66666666666669,True,match
2402,ecoli,100.0,100.0,True,match
2403,ecoli,0.0,0.0,True,match
2404,ecoli,400.0,400.0,True,match
2405,ecoli,33.33,33.33333333333333,True,match
2406,ecoli,0.0,0.0,True,match
2407,ecoli,400.0,400.0,True,match
2408,ecoli,0.0,0.0,True,match
2409,ecoli,33.33333333,33.33333333333333,True,match
2410,ecoli,66.66666667,66.66666666666666,True,match
2411,ecoli,122.22,122.22222222222221,True,match
2412,ecoli,433.33,433.3333333333333,True,match
2413,ecoli,266.6666667,266.66666666666663,True,match
2414,ecoli,1500.0,1500.0,True,match
2415,ecoli,333.3333333,333.33333333333337,True,match
2416,ecoli,33.33333333,33.33333333333333,True,match
2417,ecoli,22.22222222,22.222222222222218,True,match
2418,ecoli,400.0,400.0,True,match
2419,ecoli,166.6666667,166.66666666666669,True,match
2420,ecoli,366.6666667,366.66666666666663,True,match
2421,ecoli,116.6666667,116.66666666666667,True,match
2422,ecoli,333.3333333,333.33333333333337,True,match
2423,ecoli,200.0,200.0,True,match
2424,ecoli,466.6666667,466.6666666666667,True,match
2425,ecoli,1100.0,1100.0,True,match
2426,ecoli,266.6666667,266.66666666666663,True,match
2427,ecoli,266.6666667,266.66666666666663,True,match
2428,ecoli,433.3333333,433.3333333333333,True,match
2429,ecoli,233.3333333,233.33333333333334,True,match
2430,ecoli,0.0,0.0,True,match
2431,ecoli,666.6666667,666.6666666666667,True,match
2432,ecoli,300.0,300.0,True,match
2433,ecoli,100.0,100.0,True,match
2434,ecoli,0.0,0.0,True,match
2435,ecoli,266.6666667,266.66666666666663,True,match
2436,ecoli,800.0,800.0,True,match
2437,ecoli,1333.333333,1333.3333333333335,True,match
2438,ecoli,3866.666667,3866.6666666666665,True,match
2439,ecoli,100.0,100.0,True,match
2440,ecoli,700.0,700.0,True,match
2441,ecoli,1733.333333,1733.3333333333333,True,match
2442,ecoli,100.0,100.0,True,match
2443,ecoli,33.33333333,33.33333333333333,True,match
2444,ecoli,333.3333333,333.33333333333337,True,match
2445,ecoli,3433.333333,3433.3333333333335,True,match
2446,ecoli,7133.333333,7133.333333333333,True,match
2447,ecoli,18000.0,18000.0,True,match
2448,ecoli,5400.0,5400.0,True,match
2449,ecoli,12033.33333,12033.333333333332,True,match
2450,ecoli,233.3333333,233.33333333333334,True,match
2451,ecoli,0.0,0.0,True,match
2452,ecoli,33.33333333,33.33333333333333,True,match
2453,ecoli,66.66666667,66.66666666666666,True,match
2454,ecoli,266.6666667,266.66666666666663,True,match
2455,ecoli,1600.0,1600.0,True,match
2456,ecoli,1600.0,1600.0,True,match
2457,ecoli,266.6666667,266.66666666666663,True,match
2458,ecoli,166.6666667,166.66666666666669,True,match
2459,ecoli,300.0,300.0,True,match
2460,ecoli,666.6666667,666.6666666666667,True,match
2461,ecoli,1533.333333,1533.3333333333335,True,match
2462,ecoli,700.0,700.0,True,match
2463,ecoli,166.6666667,166.66666666666669,True,match
2464,ecoli,33.33333333,33.33333333333333,True,match
2465,ecoli,33.33333333,33.33333333333333,True,match
2466,ecoli,233.3333333,233.33333333333334,True,match
2467,ecoli,166.6666667,166.66666666666669,True,match
2468,ecoli,133.3333333,133.33333333333331,True,match
2469,ecoli,333.3333333,333.33333333333337,True,match
2470,ecoli,600.0,600.0,True,match
2471,ecoli,466.6666667,466.6666666666667,True,match
2472,ecoli,0.0,0.0,True,match
2473,ecoli,0.0,0.0,True,match
2474,ecoli,133.3333333,133.33333333333331,True,match
2475,ecoli,366.6666667,366.66666666666663,True,match
2476,ecoli,333.3333333,333.33333333333337,True,match
2477,ecoli,200.0,200.0,True,match
2478,ecoli,33.33333333,33.33333333333333,True,match
2479,ecoli,200.0,200.0,True,match
2480,ecoli,733.3333333,733.3333333333333,True,match
2481,ecoli,100.0,100.0,True,match
2482,ecoli,833.3333333,833.3333333333334,True,match
2483,ecoli,800.0,800.0,True,match
2484,ecoli,1300.0,1300.0,True,match
2485,ecoli,66.66666667,66.66666666666666,True,match
2486,ecoli,800.0,800.0,True,match
2487,ecoli,0.0,0.0,True,match
2488,ecoli,166.6666667,166.66666666666669,True,match
2489,ecoli,2366.666667,2366.666666666667,True,match
2490,ecoli,7366.666667,7366.666666666667,True,match
2491,ecoli,700.0,700.0,True,match
2492,ecoli,633.3333333,633.3333333333333,True,match
2493,ecoli,66.66666667,66.66666666666666,True,match
2494,ecoli,0.0,0.0,True,match
2495,ecoli,100.0,100.0,True,match
2496,ecoli,33.33333333,33.333333333333336,True,match
2497,ecoli,111.1111111,111.11111111111113,True,match
2498,ecoli,11.11111111,11.111111111111109,True,match
2499,ecoli,0.0,0.0,True,match
2500,ecoli,0.0,0.0,True,match
2501,ecoli,66.66666667,66.66666666666666,True,match
2502,ecoli,0.0,0.0,True,match
2503,ecoli,33.33333333,33.33333333333333,True,match
2504,ecoli,166.6666667,166.66666666666669,True,match
2505,ecoli,0.0,0.0,True,match
2506,ecoli,0.0,0.0,True,match
2507,ecoli,33.33333333,33.33333333333333,True,match
2508,ecoli,33.33333333,33.33333333333333,True,match
2509,ecoli,733.3333333,733.3333333333333,True,match
2510,ecoli,433.33,433.3333333333333,True,match
2511,ecoli,33.33,33.333333333333336,True,match
2512,ecoli,0.0,0.0,True,match
2513,ecoli,33.33,33.33333333333333,True,match
2514,ecoli,0.0,0.0,True,match
2515,ecoli,0.0,0.0,True,match
2516,ecoli,0.0,0.0,True,match
2517,ecoli,155.56,155.55555555555557,True,match
2518,ecoli,1711.11,1711.1111111111113,True,match
2519,ecoli,233.33,233.33333333333334,True,match
2520,ecoli,233.33,233.33333333333334,True,match
2521,ecoli,400.0,400.0,True,match
2522,ecoli,100.0,100.0,True,match
2523,ecoli,66.67,66.66666666666666,True,match
2524,ecoli,0.0,0.0,True,match
2525,ecoli,11.11,11.111111111111109,True,match
2526,ecoli,11.11,11.111111111111109,True,match
2527,ecoli,0.0,0.0,True,match
10,other_coliform,266.6666667,266.66666666666663,True,match
11,other_coliform,200.0,200.0,True,match
12,other_coliform,250.0,250.0,True,match
13,other_coliform,100.0,100.0,True,match
14,other_coliform,666.6666667,666.6666666666667,True,match
15,other_coliform,700.0,700.0,True,match
16,other_coliform,433.3333333,433.3333333333333,True,match
17,other_coliform,5133.333333,5133.333333333334,True,match
18,other_coliform,3066.666667,3066.666666666667,True,match
19,other_coliform,1100.0,1100.0,True,match
20,other_coliform,133.3333333,133.33333333333331,True,match
21,other_coliform,333.3333333,333.33333333333337,True,match
22,other_coliform,133.3333333,133.33333333333331,True,match
23,other_coliform,300.0,300.0,True,match
24,other_coliform,800.0,800.0,True,match
25,other_coliform,150.0,150.0,True,match
26,other_coliform,83.33333333,83.33333333333334,True,match
27,other_coliform,1500.0,1500.0,True,match
28,other_coliform,8000.0,8000.0,True,match
29,other_coliform,116.6666667,116.66666666666667,True,match
30,other_coliform,166.6666667,166.66666666666669,True,match
31,other_coliform,66.66666667,66.66666666666666,True,match
32,other_coliform,66.66666667,66.66666666666666,True,match
33,other_coliform,83.33333333,83.33333333333334,True,match
34,other_coliform,33.33333333,33.33333333333333,True,match
35,other_coliform,383.3333333,383.33333333333337,True,match
36,other_coliform,83.33333333,83.33333333333334,True,match
37,other_coliform,1266.666667,1266.6666666666665,True,match
38,other_coliform,400.0,400.0,True,match
39,other_coliform,3133.333333,3133.333333333333,True,match
40,other_coliform,700.0,700.0,True,match
41,other_coliform,416.6666667,416.6666666666667,True,match
42,other_coliform,100.0,100.0,True,match
43,other_coliform,4133.333333,4133.333333333334,True,match
44,other_coliform,11333.33333,11333.333333333332,True,match
45,other_coliform,1200.0,1200.0,True,match
46,other_coliform,133.3333333,133.33333333333331,True,match
47,other_coliform,900.0,900.0,True,match
48,other_coliform,733.3333333,733.3333333333333,True,match
49,other_coliform,333.3333333,333.33333333333337,True,match
50,other_coliform,333.3333333,333.33333333333337,True,match
51,other_coliform,833.3333333,833.3333333333334,True,match
52,other_coliform,4600.0,4600.0,True,match
53,other_coliform,2233.333333,2233.333333333333,True,match
54,other_coliform,233.3333333,233.33333333333334,True,match
55,other_coliform,33.33333333,33.33333333333333,True,match
56,other_coliform,33.33333333,33.33333333333333,True,match
57,other_coliform,133.3333333,133.33333333333331,True,match
59,other_coliform,2800.0,2800.0,True,match
60,other_coliform,3083.333333,3083.333333333333,True,match
61,other_coliform,3233.333333,3233.3333333333335,True,match
62,other_coliform,10100.0,10100.0,True,match
63,other_coliform,3000.0,3000.0,True,match
64,other_coliform,10533.33333,10533.333333333332,True,match
65,other_coliform,8100.0,8100.0,True,match
66,other_coliform,0.0,0.0,True,match
67,other_coliform,16766.66667,16766.666666666664,True,match
68,other_coliform,200.0,200.0,True,match
69,other_coliform,200.0,200.0,True,match
70,other_coliform,466.6666667,466.6666666666667,True,match
71,other_coliform,400.0,400.0,True,match
72,other_coliform,3033.333333,3033.333333333333,True,match
73,other_coliform,7700.0,7700.0,True,match
74,other_coliform,25000.0,25000.0,True,match
75,other_coliform,1700.0,1700.0,True,match
76,other_coliform,966.6666667,966.6666666666666,True,match
77,other_coliform,1100.0,1100.0,True,match
78,other_coliform,1366.666667,1366.6666666666665,True,match
79,other_coliform,666.6666667,666.6666666666667,True,match
80,other_coliform,466.6666667,466.6666666666667,True,match
81,other_coliform,133.3333333,133.33333333333331,True,match
82,other_coliform,7200.0,7200.0,True,match
85,other_coliform,633.33,633.3333333333333,True,match
86,other_coliform,400.0,400.0,True,match
87,other_coliform,600.0,600.0,True,match
88,other_coliform,600.0,600.0,True,match
89,other_coliform,766.67,766.6666666666667,True,match
90,other_coliform,1233.33,1233.3333333333335,True,match
91,other_coliform,700.0,700.0,True,match
92,other_coliform,33.33,33.33333333333333,True,match
93,other_coliform,166.67,166.66666666666669,True,match
94,other_coliform,1233.333333,1233.3333333333335,True,match
95,other_coliform,983.3333333,983.3333333333334,True,match
96,other_coliform,1050.0,1050.0,True,match
97,other_coliform,2650.0,2650.0,True,match
98,other_coliform,1350.0,1350.0,True,match
99,other_coliform,1350.0,1350.0,True,match
100,other_coliform,666.6666667,666.6666666666667,True,match
101,other_coliform,3766.666667,3766.6666666666665,True,match
102,other_coliform,2000.0,2000.0,True,match
103,other_coliform,2066.666667,2066.666666666667,True,match
104,other_coliform,6966.666667,6966.666666666667,True,match
105,other_coliform,900.0,900.0,True,match
106,other_coliform,966.6666667,966.6666666666666,True,match
107,other_coliform,5633.333333,5633.333333333334,True,match
108,other_coliform,2300.0,2300.0,True,match
109,other_coliform,2466.666667,2466.666666666667,True,match
110,other_coliform,5500.0,5500.0,True,match
111,other_coliform,1166.666667,1166.6666666666665,True,match
112,other_coliform,666.6666667,666.6666666666667,True,match
113,other_coliform,1133.333333,1133.3333333333335,True,match
114,other_coliform,533.3333333,533.3333333333333,True,match
115,other_coliform,433.3333333,433.3333333333333,True,match
116,other_coliform,733.3333333,733.3333333333333,True,match
117,other_coliform,900.0,900.0,True,match
118,other_coliform,1900.0,1900.0,True,match
119,other_coliform,4233.333333,4233.333333333334,True,match
120,other_coliform,433.3333333,433.3333333333333,True,match
121,other_coliform,1700.0,1700.0,True,match
122,other_coliform,350.0,350.0,True,match
123,other_coliform,266.6666667,266.66666666666663,True,match
124,other_coliform,66.66666667,66.66666666666666,True,match
125,other_coliform,366.6666667,366.66666666666663,True,match
126,other_coliform,25000.0,25000.0,True,match
127,other_coliform,25000.0,25000.0,True,match
128,other_coliform,766.6666667,766.6666666666667,True,match
129,other_coliform,583.3333333,583.3333333333333,True,match
130,other_coliform,1166.666667,1166.6666666666665,True,match
131,other_coliform,116.6666667,116.66666666666667,True,match
132,other_coliform,116.6666667,116.66666666666667,True,match
133,other_coliform,533.3333333,533.3333333333333,True,match
134,other_coliform,333.3333333,333.33333333333337,True,match
135,other_coliform,1083.333333,1083.3333333333335,True,match
136,other_coliform,633.3333333,633.3333333333333,True,match
137,other_coliform,1633.333333,1633.3333333333333,True,match
138,other_coliform,566.6666667,566.6666666666667,True,match
139,other_coliform,5000.0,5000.0,True,match
140,other_coliform,1566.666667,1566.6666666666665,True,match
141,other_coliform,8466.666667,8466.666666666668,True,match
142,other_coliform,2400.0,2400.0,True,match
143,other_coliform,18666.66667,18666.666666666664,True,match
144,other_coliform,2700.0,2700.0,True,match
145,other_coliform,416.6666667,416.6666666666667,True,match
146,other_coliform,516.6666667,516.6666666666667,True,match
147,other_coliform,18666.66667,18666.666666666664,True,match
148,other_coliform,1100.0,1100.0,True,match
149,other_coliform,6066.666667,6066.666666666666,True,match
150,other_coliform,966.6666667,966.6666666666666,True,match
151,other_coliform,1233.333333,1233.3333333333335,True,match
152,other_coliform,966.6666667,966.6666666666666,True,match
153,other_coliform,1133.333333,1133.3333333333335,True,match
154,other_coliform,2033.333333,2033.3333333333333,True,match
155,other_coliform,1600.0,1600.0,True,match
156,other_coliform,100.0,100.0,True,match
157,other_coliform,1766.666667,1766.6666666666667,True,match
158,other_coliform,15600.0,15600.0,True,match
159,other_coliform,66.66666667,66.66666666666666,True,match
160,other_coliform,1633.333333,1633.3333333333333,True,match
161,other_coliform,1633.333333,1633.3333333333333,True,match
163,other_coliform,1533.33,1533.3333333333335,True,match
164,other_coliform,833.33,833.3333333333334,True,match
165,other_coliform,2266.67,2266.666666666667,True,match
166,other_coliform,6833.33,6833.333333333333,True,match
167,other_coliform,500.0,500.0,True,match
169,other_coliform,6833.33,6833.333333333333,True,match
170,other_coliform,7800.0,7800.0,True,match
171,other_coliform,10500.0,10500.0,True,match
172,other_coliform,7000.0,7000.0,True,match
173,other_coliform,733.33,733.3333333333333,True,match
174,other_coliform,0.0,0.0,True,match
175,other_coliform,3466.666667,3466.6666666666665,True,match
176,other_coliform,866.6666667,866.6666666666666,True,match
177,other_coliform,0.0,0.0,True,match
178,other_coliform,6800.0,6800.0,True,match
179,other_coliform,633.3333333,633.3333333333333,True,match
180,other_coliform,0.0,0.0,True,match
191,other_coliform,1333.333333,1333.3333333333335,True,match
192,other_coliform,133.3333333,133.33333333333331,True,match
193,other_coliform,1466.666667,1466.6666666666665,True,match
194,other_coliform,366.6666667,366.66666666666663,True,match
195,other_coliform,233.3333333,233.33333333333334,True,match
196,other_coliform,766.6666667,766.6666666666667,True,match
197,other_coliform,600.0,600.0,True,match
198,other_coliform,1466.666667,1466.6666666666665,True,match
200,other_coliform,0.0,0.0,True,match
201,other_coliform,100.0,100.0,True,match
202,other_coliform,233.3333333,233.33333333333334,True,match
203,other_coliform,666.6666667,666.6666666666667,True,match
204,other_coliform,1766.666667,1766.6666666666667,True,match
205,other_coliform,1366.666667,1366.6666666666665,True,match
206,other_coliform,850.0,850.0,True,match
208,other_coliform,733.3333333,733.3333333333333,True,match
209,other_coliform,1566.666667,1566.6666666666665,True,match
210,other_coliform,0.0,0.0,True,match
211,other_coliform,66.66666667,66.66666666666666,True,match
212,other_coliform,2033.333333,2033.3333333333333,True,match
213,other_coliform,1233.333333,1233.3333333333335,True,match
214,other_coliform,0.0,0.0,True,match
215,other_coliform,3933.333333,3933.3333333333335,True,match
216,other_coliform,0.0,0.0,True,match
217,other_coliform,0.0,0.0,True,match
218,other_coliform,2033.333333,2033.3333333333333,True,match
219,other_coliform,266.6666667,266.66666666666663,True,match
220,other_coliform,2800.0,2800.0,True,match
221,other_coliform,0.0,0.0,True,match
222,other_coliform,3666.666667,3666.6666666666665,True,match
223,other_coliform,733.3333333,733.3333333333333,True,match
224,other_coliform,600.0,600.0,True,match
225,other_coliform,433.3333333,433.3333333333333,True,match
226,other_coliform,300.0,300.0,True,match
227,other_coliform,1100.0,1100.0,True,match
228,other_coliform,4433.333333,4433.333333333334,True,match
229,other_coliform,0.0,0.0,True,match
230,other_coliform,3200.0,3200.0,True,match
231,other_coliform,733.3333333,733.3333333333333,True,match
232,other_coliform,366.6666667,366.66666666666663,True,match
233,other_coliform,666.6666667,666.6666666666667,True,match
234,other_coliform,766.6666667,766.6666666666667,True,match
235,other_coliform,1000.0,1000.0,True,match
236,other_coliform,566.6666667,566.6666666666667,True,match
237,other_coliform,766.6666667,766.6666666666667,True,match
238,other_coliform,133.3333333,133.33333333333331,True,match
239,other_coliform,66.66666667,66.66666666666666,True,match
240,other_coliform,100.0,100.0,True,match
241,other_coliform,1400.0,1400.0,True,match
242,other_coliform,500.0,500.0,True,match
243,other_coliform,500.0,500.0,True,match
244,other_coliform,766.6666667,766.6666666666667,True,match
245,other_coliform,400.0,400.0,True,match
246,other_coliform,25000.0,25000.0,True,match
247,other_coliform,3300.0,3300.0,True,match
248,other_coliform,1000.0,1000.0,True,match
249,other_coliform,533.3333333,533.3333333333333,True,match
250,other_coliform,200.0,200.0,True,match
251,other_coliform,2100.0,2100.0,True,match
252,other_coliform,0.0,0.0,True,match
253,other_coliform,200.0,200.0,True,match
254,other_coliform,8333.33,8333.333333333332,True,match
255,other_coliform,700.0,700.0,True,match
256,other_coliform,111.11,111.11111111111113,True,match
257,other_coliform,333.33,333.33333333333337,True,match
258,other_coliform,0.0,0.0,True,match
260,other_coliform,4566.67,4566.666666666666,True,match
261,other_coliform,28800.0,28800.0,True,match
262,other_coliform,100.0,100.0,True,match
263,other_coliform,1766.666667,1766.6666666666667,True,match
264,other_coliform,1666.666667,1666.6666666666667,True,match
265,other_coliform,2566.666667,2566.666666666667,True,match
266,other_coliform,4400.0,4400.0,True,match
267,other_coliform,566.6666667,566.6666666666667,True,match
268,other_coliform,9900.0,9900.0,True,match
269,other_coliform,6266.666667,6266.666666666666,True,match
270,other_coliform,19066.66667,19066.666666666664,True,match
271,other_coliform,1800.0,1800.0,True,match
272,other_coliform,900.0,900.0,True,match
273,other_coliform,300.0,300.0,True,match
274,other_coliform,300.0,300.0,True,match
275,other_coliform,300.0,300.0,True,match
276,other_coliform,50.0,50.0,True,match
277,other_coliform,1666.666667,1666.6666666666667,True,match
278,other_coliform,25000.0,25000.0,True,match
279,other_coliform,2933.333333,2933.333333333333,True,match
280,other_coliform,100.0,100.0,True,match
281,other_coliform,29233.33333,29233.333333333332,True,match
282,other_coliform,2766.666667,2766.666666666667,True,match
283,other_coliform,19333.33333,19333.333333333336,True,match
284,other_coliform,4566.666667,4566.666666666666,True,match
285,other_coliform,1066.666667,1066.6666666666665,True,match
286,other_coliform,966.6666667,966.6666666666666,True,match
287,other_coliform,700.0,700.0,True,match
288,other_coliform,200.0,200.0,True,match
289,other_coliform,2133.333333,2133.333333333333,True,match
290,other_coliform,133.3333333,133.33333333333331,True,match
291,other_coliform,1200.0,1200.0,True,match
292,other_coliform,966.6666667,966.6666666666666,True,match
293,other_coliform,2500.0,2500.0,True,match
294,other_coliform,1566.666667,1566.6666666666665,True,match
295,other_coliform,8900.0,8900.0,True,match
296,other_coliform,200.0,200.0,True,match
297,other_coliform,300.0,300.0,True,match
298,other_coliform,2800.0,2800.0,True,match
299,other_coliform,9800.0,9800.0,True,match
302,other_coliform,500.0,500.0,True,match
303,other_coliform,833.33,833.3333333333334,True,match
304,other_coliform,3500.0,3500.0,True,match
305,other_coliform,2966.67,2966.666666666667,True,match
306,other_coliform,5200.0,5200.0,True,match
307,other_coliform,3266.67,3266.6666666666665,True,match
308,other_coliform,2500.0,2500.0,True,match
310,other_coliform,3266.67,3266.6666666666665,True,match
311,other_coliform,6800.0,6800.0,True,match
312,other_coliform,4200.0,4200.0,True,match
313,other_coliform,4800.0,4800.0,True,match
314,other_coliform,200.0,200.0,True,match
315,other_coliform,33.33,33.33333333333333,True,match
316,other_coliform,1466.67,1466.6666666666665,True,match
317,other_coliform,1566.67,1566.6666666666665,True,match
318,other_coliform,1066.67,1066.6666666666665,True,match
319,other_coliform,3866.67,3866.6666666666665,True,match
320,other_coliform,3866.67,3866.6666666666665,True,match
321,other_coliform,366.67,366.66666666666663,True,match
323,other_coliform,4266.67,4266.666666666666,True,match
324,other_coliform,3700.0,3700.0,True,match
325,other_coliform,3300.0,3300.0,True,match
326,other_coliform,700.0,700.0,True,match
327,other_coliform,1633.33,1633.3333333333333,True,match
328,other_coliform,266.67,266.66666666666663,True,match
329,other_coliform,3100.0,3100.0,True,match
330,other_coliform,2400.0,2400.0,True,match
331,other_coliform,5300.0,5300.0,True,match
332,other_coliform,666.6666667,666.6666666666667,True,match
333,other_coliform,200.0,200.0,True,match
334,other_coliform,0.0,0.0,True,match
335,other_coliform,1333.333333,1333.3333333333335,True,match
336,other_coliform,6433.333333,6433.333333333333,True,match
337,other_coliform,1133.333333,1133.3333333333335,True,match
338,other_coliform,133.3333333,133.33333333333331,True,match
339,other_coliform,10466.66667,10466.666666666668,True,match
340,other_coliform,700.0,700.0,True,match
341,other_coliform,66.66666667,66.66666666666666,True,match
342,other_coliform,5400.0,5400.0,True,match
343,other_coliform,566.6666667,566.6666666666667,True,match
344,other_coliform,33.33333333,33.33333333333333,True,match
345,other_coliform,2600.0,2600.0,True,match
346,other_coliform,0.0,0.0,True,match
347,other_coliform,1100.0,1100.0,True,match
348,other_coliform,533.3333333,533.3333333333333,True,match
349,other_coliform,7333.333333,7333.333333333333,True,match
350,other_coliform,1633.333333,1633.3333333333333,True,match
351,other_coliform,1066.666667,1066.6666666666665,True,match
352,other_coliform,2300.0,2300.0,True,match
353,other_coliform,100.0,100.0,True,match
354,other_coliform,983.3333333,983.3333333333334,True,match
355,other_coliform,1133.333333,1133.3333333333335,True,match
356,other_coliform,66.66666667,66.66666666666666,True,match
357,other_coliform,4533.333333,4533.333333333334,True,match
358,other_coliform,4466.666667,4466.666666666666,True,match
360,other_coliform,166.6666667,166.66666666666669,True,match
361,other_coliform,666.6666667,666.6666666666667,True,match
362,other_coliform,2233.333333,2233.333333333333,True,match
363,other_coliform,333.3333333,333.33333333333337,True,match
364,other_coliform,9333.333333,9333.333333333332,True,match
365,other_coliform,0.0,0.0,True,match
366,other_coliform,4066.666667,4066.6666666666665,True,match
367,other_coliform,1500.0,1500.0,True,match
368,other_coliform,0.0,0.0,True,match
369,other_coliform,0.0,0.0,True,match
377,other_coliform,266.6666667,266.66666666666663,True,match
378,other_coliform,33.33333333,33.33333333333333,True,match
379,other_coliform,316.6666667,316.66666666666663,True,match
380,other_coliform,433.3333333,433.3333333333333,True,match
381,other_coliform,550.0,550.0,True,match
382,other_coliform,433.3333333,433.3333333333333,True,match
383,other_coliform,966.6666667,966.6666666666666,True,match
384,other_coliform,600.0,600.0,True,match
385,other_coliform,3133.333333,3133.333333333333,True,match
386,other_coliform,1100.0,1100.0,True,match
387,other_coliform,2900.0,2900.0,True,match
388,other_coliform,1566.666667,1566.6666666666667,True,match
389,other_coliform,2033.333333,2033.3333333333333,True,match
390,other_coliform,3266.666667,3266.6666666666665,True,match
391,other_coliform,833.3333333,833.3333333333334,True,match
392,other_coliform,2433.333333,2433.333333333333,True,match
393,other_coliform,2133.333333,2133.333333333333,True,match
394,other_coliform,3000.0,3000.0,True,match
395,other_coliform,900.0,900.0,True,match
396,other_coliform,0.0,0.0,True,match
397,other_coliform,0.0,0.0,True,match
398,other_coliform,3366.666667,3366.6666666666665,True,match
412,other_coliform,266.6666667,266.66666666666663,True,match
413,other_coliform,3366.666667,3366.6666666666665,True,match
414,other_coliform,5033.333333,5033.333333333334,True,match
415,other_coliform,666.6666667,666.6666666666667,True,match
416,other_coliform,833.3333333,833.3333333333334,True,match
417,other_coliform,33.33333333,33.33333333333333,True,match
418,other_coliform,4666.666667,4666.666666666666,True,match
419,other_coliform,1900.0,1900.0,True,match
420,other_coliform,2633.333333,2633.333333333333,True,match
421,other_coliform,3000.0,3000.0,True,match
422,other_coliform,0.0,0.0,True,match
423,other_coliform,433.3333333,433.3333333333333,True,match
424,other_coliform,433.3333333,433.3333333333333,True,match
425,other_coliform,600.0,600.0,True,match
430,other_coliform,166.67,166.66666666666669,True,match
434,other_coliform,2700.0,2700.0,True,match
435,other_coliform,333.33,333.33333333333337,True,match
437,other_coliform,3933.33,3933.3333333333335,True,match
452,other_coliform,2300.0,2300.0,True,match
453,other_coliform,3000.0,3000.0,True,match
454,other_coliform,2133.33,2133.333333333333,True,match
455,other_coliform,3466.67,3466.6666666666665,True,match
456,other_coliform,4833.33,4833.333333333334,True,match
457,other_coliform,3000.0,3000.0,True,match
459,other_coliform,4833.33,4833.333333333334,True,match
460,other_coliform,10866.67,10866.666666666668,True,match
461,other_coliform,13833.33,13833.333333333334,True,match
462,other_coliform,5400.0,5400.0,True,match
463,other_coliform,400.0,400.0,True,match
464,other_coliform,3733.33,3733.3333333333335,True,match
465,other_coliform,100.0,100.0,True,match
467,other_coliform,0.0,0.0,True,match
492,other_coliform,0.0,0.0,True,match
497,other_coliform,855.56,855.5555555555557,True,match
498,other_coliform,50.0,50.0,True,match
499,other_coliform,200.0,200.0,True,match
500,other_coliform,533.3333333,533.3333333333333,True,match
501,other_coliform,133.3333333,133.33333333333331,True,match
502,other_coliform,966.6666667,966.6666666666666,True,match
503,other_coliform,2600.0,2600.0,True,match
504,other_coliform,5033.333333,5033.333333333334,True,match
505,other_coliform,4200.0,4200.0,True,match
506,other_coliform,8466.666667,8466.666666666668,True,match
507,other_coliform,18666.66667,18666.666666666664,True,match
508,other_coliform,4966.666667,4966.666666666666,True,match
509,other_coliform,18666.66667,18666.666666666664,True,match
510,other_coliform,5800.0,5800.0,True,match
511,other_coliform,4800.0,4800.0,True,match
512,other_coliform,7233.333333,7233.333333333333,True,match
513,other_coliform,16533.33333,16533.333333333336,True,match
514,other_coliform,8733.333333,8733.333333333332,True,match
515,other_coliform,2200.0,2200.0,True,match
516,other_coliform,2833.333333,2833.333333333333,True,match
517,other_coliform,3633.333333,3633.3333333333335,True,match
518,other_coliform,966.6666667,966.6666666666666,True,match
519,other_coliform,5966.666667,5966.666666666666,True,match
520,other_coliform,3633.333333,3633.3333333333335,True,match
525,other_coliform,8500.0,8500.0,True,match
527,other_coliform,2266.666667,2266.666666666667,True,match
528,other_coliform,400.0,400.0,True,match
529,other_coliform,200.0,200.0,True,match
530,other_coliform,500.0,500.0,True,match
531,other_coliform,2500.0,2500.0,True,match
533,other_coliform,9433.333333,9433.333333333332,True,match
534,other_coliform,24000.0,24000.0,True,match
535,other_coliform,12700.0,12700.0,True,match
536,other_coliform,25000.0,25000.0,True,match
537,other_coliform,8866.666667,8866.666666666668,True,match
538,other_coliform,4833.333333,4833.333333333334,True,match
539,other_coliform,11666.66667,11666.666666666668,True,match
540,other_coliform,7966.666667,7966.666666666667,True,match
541,other_coliform,25000.0,25000.0,True,match
542,other_coliform,4066.666667,4066.6666666666665,True,match
543,other_coliform,23733.33333,23733.333333333336,True,match
544,other_coliform,866.6666667,866.6666666666666,True,match
545,other_coliform,933.3333333,933.3333333333334,True,match
546,other_coliform,3766.666667,3766.6666666666665,True,match
547,other_coliform,2500.0,2500.0,True,match
548,other_coliform,2933.333333,2933.333333333333,True,match
549,other_coliform,1166.666667,1166.6666666666665,True,match
550,other_coliform,7000.0,7000.0,True,match
551,other_coliform,1000.0,1000.0,True,match
552,other_coliform,3100.0,3100.0,True,match
553,other_coliform,5600.0,5600.0,True,match
554,other_coliform,1233.333333,1233.3333333333335,True,match
555,other_coliform,25000.0,25000.0,True,match
556,other_coliform,3233.333333,3233.3333333333335,True,match
557,other_coliform,4500.0,4500.0,True,match
558,other_coliform,900.0,900.0,True,match
559,other_coliform,2633.333333,2633.333333333333,True,match
560,other_coliform,3666.666667,3666.6666666666665,True,match
561,other_coliform,8233.333333,8233.333333333332,True,match
562,other_coliform,133.3333333,133.33333333333331,True,match
563,other_coliform,6333.333333,6333.333333333334,True,match
564,other_coliform,20000.0,20000.0,True,match
565,other_coliform,1533.333333,1533.3333333333335,True,match
566,other_coliform,4733.333333,4733.333333333334,True,match
567,other_coliform,4000.0,4000.0,True,match
568,other_coliform,2700.0,2700.0,True,match
569,other_coliform,8600.0,8600.0,True,match
570,other_coliform,11053.6293,5550.0,False,requires_protocol_review
571,other_coliform,688.8888889,688.888888888889,True,match
572,other_coliform,33.33333333,33.33333333333333,True,match
573,other_coliform,916.6666667,916.6666666666666,True,match
574,other_coliform,600.0,600.0,True,match
577,other_coliform,2533.333333,2533.333333333333,True,match
578,other_coliform,9900.0,9900.0,True,match
579,other_coliform,8500.0,8500.0,True,match
580,other_coliform,4633.333333,4633.333333333334,True,match
581,other_coliform,4633.333333,4633.333333333334,True,match
582,other_coliform,1600.0,1600.0,True,match
584,other_coliform,2666.666667,2666.666666666667,True,match
585,other_coliform,466.6666667,466.6666666666667,True,match
586,other_coliform,483.3333333,483.3333333333333,True,match
587,other_coliform,650.0,650.0,True,match
588,other_coliform,183.3333333,183.33333333333331,True,match
589,other_coliform,2366.666667,2366.666666666667,True,match
590,other_coliform,366.6666667,366.66666666666663,True,match
591,other_coliform,200.0,200.0,True,match
592,other_coliform,216.6666667,216.66666666666666,True,match
593,other_coliform,183.3333333,183.33333333333331,True,match
594,other_coliform,2116.666667,2116.666666666667,True,match
595,other_coliform,1266.666667,1266.6666666666665,True,match
596,other_coliform,1583.333333,1583.3333333333335,True,match
597,other_coliform,7366.666667,7366.666666666667,True,match
598,other_coliform,2300.0,2300.0,True,match
605,other_coliform,2650.0,2533.333333333333,False,requires_protocol_review
607,other_coliform,3466.0,3433.3333333333335,False,requires_protocol_review
611,other_coliform,4766.0,4633.333333333334,False,requires_protocol_review
612,other_coliform,7000.0,6900.0,False,requires_protocol_review
613,other_coliform,1601.0,1600.0,True,match
614,other_coliform,2800.0,2750.0,False,requires_protocol_review
615,other_coliform,3033.0,3000.0,False,requires_protocol_review
616,other_coliform,468.0,466.6666666666667,False,requires_protocol_review
617,other_coliform,500.0,483.3333333333333,False,requires_protocol_review
618,other_coliform,651.0,650.0,False,requires_protocol_review
619,other_coliform,184.0,183.33333333333331,False,requires_protocol_review
620,other_coliform,2484.0,2366.666666666667,False,requires_protocol_review
621,other_coliform,417.0,366.66666666666663,False,requires_protocol_review
622,other_coliform,217.0,200.0,False,requires_protocol_review
623,other_coliform,284.0,216.66666666666666,False,requires_protocol_review
624,other_coliform,300.0,183.33333333333331,False,requires_protocol_review
626,other_coliform,1284.0,1266.6666666666665,False,requires_protocol_review
627,other_coliform,1616.0,1583.3333333333335,False,requires_protocol_review
628,other_coliform,7533.0,7400.0,False,requires_protocol_review
629,other_coliform,1500.0,1450.0,False,requires_protocol_review
630,other_coliform,2301.0,2300.0,True,match
631,other_coliform,3534.0,3533.3333333333335,True,match
632,other_coliform,2817.0,2466.666666666667,False,requires_protocol_review
633,other_coliform,6033.0,5833.333333333334,False,requires_protocol_review
634,other_coliform,2595.0,670916.6666666667,False,requires_protocol_review
635,other_coliform,8050.0,7933.333333333333,False,requires_protocol_review
636,other_coliform,1383.0,1283.3333333333335,False,requires_protocol_review
637,other_coliform,1417.0,1350.0,False,requires_protocol_review
638,other_coliform,9967.0,9200.0,False,requires_protocol_review
639,other_coliform,3750.0,3616.6666666666665,False,requires_protocol_review
640,other_coliform,4233.0,4133.333333333334,False,requires_protocol_review
641,other_coliform,7617.0,7216.666666666667,False,requires_protocol_review
642,other_coliform,2950.0,2850.0,False,requires_protocol_review
643,other_coliform,3917.0,3616.6666666666665,False,requires_protocol_review
645,other_coliform,2000.0,1933.3333333333333,False,requires_protocol_review
646,other_coliform,5500.0,4733.333333333334,False,requires_protocol_review
647,other_coliform,8567.0,8000.0,False,requires_protocol_review
648,other_coliform,13767.0,12700.0,False,requires_protocol_review
649,other_coliform,6033.0,5900.0,False,requires_protocol_review
650,other_coliform,20533.0,18400.0,False,requires_protocol_review
651,other_coliform,10567.0,10366.666666666668,False,requires_protocol_review
654,other_coliform,37867.0,37866.66666666667,True,match
655,other_coliform,4801.0,4800.0,True,match
656,other_coliform,18167.0,17866.666666666664,False,requires_protocol_review
658,other_coliform,3301.0,3300.0,True,match
659,other_coliform,7334.0,7333.333333333333,True,match
660,other_coliform,1266.0,1233.3333333333335,False,requires_protocol_review
662,other_coliform,1034.0,1033.3333333333335,True,match
663,other_coliform,6033.0,5833.333333333334,False,requires_protocol_review
664,other_coliform,2134.0,2133.333333333333,True,match
665,other_coliform,12200.0,12033.333333333332,False,requires_protocol_review
667,other_coliform,16133.0,15400.0,False,requires_protocol_review
670,other_coliform,27733.0,25000.0,False,requires_protocol_review
671,other_coliform,8766.0,8333.333333333332,False,requires_protocol_review
672,other_coliform,22600.0,20366.666666666664,False,requires_protocol_review
673,other_coliform,14367.0,12500.0,False,requires_protocol_review
674,other_coliform,15466.0,14833.333333333334,False,requires_protocol_review
675,other_coliform,11667.0,10566.666666666668,False,requires_protocol_review
676,other_coliform,16200.0,15266.666666666666,False,requires_protocol_review
677,other_coliform,5467.0,5100.0,False,requires_protocol_review
678,other_coliform,19267.0,18166.666666666664,False,requires_protocol_review
679,other_coliform,8067.0,7866.666666666667,False,requires_protocol_review
680,other_coliform,11033.0,10533.333333333332,False,requires_protocol_review
681,other_coliform,4568.0,4566.666666666666,True,match
682,other_coliform,4933.0,4700.0,False,requires_protocol_review
683,other_coliform,5433.0,5333.333333333334,False,requires_protocol_review
684,other_coliform,3100.0,3066.666666666667,False,requires_protocol_review
685,other_coliform,3266.0,3233.3333333333335,False,requires_protocol_review
686,other_coliform,3400.0,3333.3333333333335,False,requires_protocol_review
687,other_coliform,7534.0,7366.666666666667,False,requires_protocol_review
689,other_coliform,17133.0,15900.0,False,requires_protocol_review
690,other_coliform,8433.0,8400.0,False,requires_protocol_review
691,other_coliform,10680.0,10266.666666666668,False,requires_protocol_review
692,other_coliform,4533.0,4333.333333333334,False,requires_protocol_review
693,other_coliform,13533.0,13400.0,False,requires_protocol_review
694,other_coliform,9166.0,8833.333333333332,False,requires_protocol_review
695,other_coliform,19600.0,16566.666666666664,False,requires_protocol_review
696,other_coliform,5200.0,5166.666666666666,False,requires_protocol_review
697,other_coliform,6067.1,6066.666666666666,True,match
698,other_coliform,8167.0,8066.666666666667,False,requires_protocol_review
699,other_coliform,4233.1,4233.333333333334,True,match
700,other_coliform,2534.0,2466.666666666667,False,requires_protocol_review
701,other_coliform,9933.1,9933.333333333332,True,match
702,other_coliform,2667.1,2666.666666666667,True,match
703,other_coliform,2200.1,2200.0,True,match
704,other_coliform,1467.1,1466.6666666666665,True,match
705,other_coliform,9367.0,9200.0,False,requires_protocol_review
706,other_coliform,1966.0,1933.3333333333333,False,requires_protocol_review
707,other_coliform,2566.67,2566.666666666667,True,match
708,other_coliform,3933.33,3933.3333333333335,True,match
709,other_coliform,3100.0,3100.0,True,match
719,other_coliform,8800.0,8800.0,True,match
720,other_coliform,2133.333333,2133.333333333333,True,match
721,other_coliform,5500.0,5500.0,True,match
722,other_coliform,5333.333333,5333.333333333334,True,match
723,other_coliform,1666.666667,1666.6666666666667,True,match
724,other_coliform,4500.0,4500.0,True,match
725,other_coliform,766.6666667,766.6666666666667,True,match
726,other_coliform,766.6666667,766.6666666666667,True,match
727,other_coliform,200.0,200.0,True,match
728,other_coliform,400.0,400.0,True,match
729,other_coliform,100.0,100.0,True,match
730,other_coliform,2333.333333,2333.333333333333,True,match
731,other_coliform,100.0,100.0,True,match
732,other_coliform,500.0,500.0,True,match
733,other_coliform,11537.05752,5791.666666666666,False,requires_protocol_review
734,other_coliform,0.0,0.0,True,match
770,other_coliform,2600.0,2600.0,True,match
771,other_coliform,6500.0,6500.0,True,match
772,other_coliform,666.6666667,666.6666666666667,True,match
773,other_coliform,1200.0,1200.0,True,match
774,other_coliform,25000.0,25000.0,True,match
775,other_coliform,4333.333333,4333.333333333334,True,match
776,other_coliform,666.6666667,666.6666666666667,True,match
777,other_coliform,25000.0,25000.0,True,match
778,other_coliform,566.6666667,566.6666666666667,True,match
779,other_coliform,0.0,0.0,True,match
780,other_coliform,2333.333333,2333.333333333333,True,match
781,other_coliform,133.3333333,133.33333333333331,True,match
782,other_coliform,4500.0,4500.0,True,match
783,other_coliform,3633.333333,3633.3333333333335,True,match
784,other_coliform,200.0,200.0,True,match
785,other_coliform,0.0,0.0,True,match
805,other_coliform,4800.0,4800.0,True,match
806,other_coliform,3166.666667,3166.666666666667,True,match
807,other_coliform,3200.0,3200.0,True,match
808,other_coliform,1266.666667,1266.6666666666665,True,match
809,other_coliform,3166.666667,3166.666666666667,True,match
810,other_coliform,1666.666667,1666.6666666666667,True,match
811,other_coliform,566.6666667,566.6666666666667,True,match
812,other_coliform,13333.33333,13333.333333333334,True,match
813,other_coliform,11433.33333,11433.333333333332,True,match
814,other_coliform,2933.333333,2933.333333333333,True,match
815,other_coliform,600.0,600.0,True,match
816,other_coliform,25000.0,25000.0,True,match
817,other_coliform,2700.0,2700.0,True,match
818,other_coliform,3533.333333,3533.3333333333335,True,match
819,other_coliform,3133.333333,3133.333333333333,True,match
820,other_coliform,5800.0,5800.0,True,match
821,other_coliform,833.3333333,833.3333333333334,True,match
822,other_coliform,166.6666667,166.66666666666669,True,match
823,other_coliform,3233.333333,3233.3333333333335,True,match
824,other_coliform,0.0,0.0,True,match
825,other_coliform,1400.0,1400.0,True,match
826,other_coliform,1800.0,1800.0,True,match
827,other_coliform,1800.0,1800.0,True,match
828,other_coliform,2400.0,2400.0,True,match
829,other_coliform,1766.666667,1766.6666666666667,True,match
830,other_coliform,2666.666667,2666.666666666667,True,match
833,other_coliform,4133.333333,4133.333333333334,True,match
834,other_coliform,2800.0,2800.0,True,match
835,other_coliform,1500.0,1500.0,True,match
836,other_coliform,2800.0,2800.0,True,match
837,other_coliform,2466.666667,2466.666666666667,True,match
839,other_coliform,3033.333333,3033.333333333333,True,match
840,other_coliform,2466.666667,2466.666666666667,True,match
841,other_coliform,1033.333333,1033.3333333333335,True,match
842,other_coliform,1166.666667,1166.6666666666665,True,match
843,other_coliform,7666.666667,7666.666666666667,True,match
844,other_coliform,0.0,0.0,True,match
845,other_coliform,1966.666667,1966.6666666666667,True,match
846,other_coliform,1800.0,1800.0,True,match
847,other_coliform,0.0,0.0,True,match
848,other_coliform,0.0,0.0,True,match
849,other_coliform,2066.67,2066.666666666667,True,match
850,other_coliform,3233.33,3233.3333333333335,True,match
851,other_coliform,1533.33,1533.3333333333335,True,match
852,other_coliform,12033.33,12033.333333333332,True,match
853,other_coliform,2133.33,2133.333333333333,True,match
854,other_coliform,1633.33,1633.3333333333333,True,match
855,other_coliform,150.0,150.0,True,match
856,other_coliform,133.33,133.33333333333331,True,match
857,other_coliform,233.33,233.33333333333334,True,match
858,other_coliform,0.0,0.0,True,match
859,other_coliform,0.0,0.0,True,match
860,other_coliform,0.0,0.0,True,match
861,other_coliform,0.0,0.0,True,match
862,other_coliform,266.6666667,266.66666666666663,True,match
863,other_coliform,366.6666667,366.66666666666663,True,match
864,other_coliform,1166.666667,1166.6666666666665,True,match
865,other_coliform,2066.666667,2066.666666666667,True,match
866,other_coliform,2466.666667,2466.666666666667,True,match
867,other_coliform,966.6666667,966.6666666666666,True,match
868,other_coliform,1166.666667,1166.6666666666665,True,match
869,other_coliform,1300.0,1300.0,True,match
870,other_coliform,266.6666667,266.66666666666663,True,match
871,other_coliform,266.6666667,266.66666666666663,True,match
872,other_coliform,8933.333333,8933.333333333332,True,match
873,other_coliform,8933.333333,8933.333333333332,True,match
874,other_coliform,1000.0,1000.0,True,match
875,other_coliform,1833.333333,1833.3333333333333,True,match
876,other_coliform,2400.0,2400.0,True,match
877,other_coliform,1066.666667,1066.6666666666665,True,match
878,other_coliform,1233.333333,1233.3333333333335,True,match
879,other_coliform,2233.333333,2233.333333333333,True,match
880,other_coliform,1233.333333,1233.3333333333335,True,match
881,other_coliform,1866.666667,1866.6666666666667,True,match
882,other_coliform,2400.0,2400.0,True,match
883,other_coliform,200.0,200.0,True,match
884,other_coliform,166.6666667,166.66666666666669,True,match
885,other_coliform,800.0,800.0,True,match
886,other_coliform,3366.666667,3366.6666666666665,True,match
887,other_coliform,1766.666667,1766.6666666666667,True,match
888,other_coliform,800.0,800.0,True,match
890,other_coliform,2133.333333,2133.333333333333,True,match
891,other_coliform,2466.666667,2466.666666666667,True,match
892,other_coliform,4100.0,4100.0,True,match
893,other_coliform,4733.333333,4733.333333333334,True,match
895,other_coliform,0.0,0.0,True,match
898,other_coliform,533.3333333,533.3333333333333,True,match
899,other_coliform,0.0,0.0,True,match
900,other_coliform,0.0,0.0,True,match
901,other_coliform,11.11,11.111111111111109,True,match
902,other_coliform,0.0,0.0,True,match
906,other_coliform,0.0,0.0,True,match
907,other_coliform,0.0,0.0,True,match
947,other_coliform,900.0,900.0,True,match
948,other_coliform,433.33,433.3333333333333,True,match
949,other_coliform,1000.0,1000.0,True,match
950,other_coliform,1000.0,1000.0,True,match
951,other_coliform,1133.33,1133.3333333333335,True,match
952,other_coliform,1133.33,1133.3333333333335,True,match
953,other_coliform,366.67,366.66666666666663,True,match
954,other_coliform,1900.0,1900.0,True,match
955,other_coliform,1766.67,1766.6666666666667,True,match
956,other_coliform,4533.33,4533.333333333334,True,match
957,other_coliform,1100.0,1100.0,True,match
958,other_coliform,133.33,133.33333333333331,True,match
959,other_coliform,266.67,266.66666666666663,True,match
997,other_coliform,0.0,0.0,True,match
999,other_coliform,0.0,0.0,True,match
1000,other_coliform,0.0,0.0,True,match
1001,other_coliform,33.33333333,33.33333333333333,True,match
1002,other_coliform,2666.666667,2666.666666666667,True,match
1003,other_coliform,166.6666667,166.66666666666669,True,match
1004,other_coliform,66.66666667,66.66666666666666,True,match
1005,other_coliform,633.3333333,633.3333333333333,True,match
1006,other_coliform,0.0,0.0,True,match
1007,other_coliform,23714.58804,12033.333333333332,False,requires_protocol_review
1008,other_coliform,1966.666667,1966.6666666666667,True,match
1010,other_coliform,133.3333333,133.33333333333331,True,match
1011,other_coliform,1000.0,1000.0,True,match
1012,other_coliform,2033.333333,2033.3333333333333,True,match
1013,other_coliform,700.0,700.0,True,match
1014,other_coliform,14600.0,14600.0,True,match
1015,other_coliform,20800.0,20800.0,True,match
1017,other_coliform,0.0,0.0,True,match
1043,other_coliform,0.0,0.0,True,match
1045,other_coliform,0.0,0.0,True,match
1052,other_coliform,888.89,888.888888888889,True,match
1053,other_coliform,644.44,644.4444444444445,True,match
1054,other_coliform,144.44,144.44444444444443,True,match
1055,other_coliform,3550.0,3550.0,True,match
1056,other_coliform,477.78,477.7777777777778,True,match
1058,other_coliform,200.0,200.0,True,match
1059,other_coliform,666.67,666.6666666666667,True,match
1060,other_coliform,733.33,733.3333333333333,True,match
1061,other_coliform,200.0,200.0,True,match
1062,other_coliform,1133.33,1133.3333333333335,True,match
1063,other_coliform,4000.0,4000.0,True,match
1064,other_coliform,1200.0,1200.0,True,match
1065,other_coliform,266.67,266.66666666666663,True,match
1066,other_coliform,300.0,300.0,True,match
1067,other_coliform,16400.0,16400.0,True,match
1068,other_coliform,4066.666667,4066.6666666666665,True,match
1069,other_coliform,866.6666667,866.6666666666666,True,match
1070,other_coliform,5466.666667,5466.666666666666,True,match
1072,other_coliform,2666.666667,2666.666666666667,True,match
1073,other_coliform,800.0,800.0,True,match
1074,other_coliform,566.6666667,566.6666666666667,True,match
1075,other_coliform,1233.333333,1233.3333333333335,True,match
1076,other_coliform,133.3333333,133.33333333333331,True,match
1077,other_coliform,533.3333333,533.3333333333333,True,match
1078,other_coliform,2466.666667,2466.666666666667,True,match
1079,other_coliform,733.3333333,733.3333333333333,True,match
1080,other_coliform,2766.666667,2766.666666666667,True,match
1081,other_coliform,0.0,0.0,True,match
1082,other_coliform,4366.666667,4366.666666666666,True,match
1083,other_coliform,966.6666667,966.6666666666666,True,match
1084,other_coliform,2400.0,2400.0,True,match
1085,other_coliform,866.6666667,866.6666666666666,True,match
1086,other_coliform,1066.666667,1066.6666666666665,True,match
1087,other_coliform,466.6666667,466.6666666666667,True,match
1088,other_coliform,1000.0,1000.0,True,match
1089,other_coliform,1166.666667,1166.6666666666665,True,match
1090,other_coliform,1300.0,1300.0,True,match
1091,other_coliform,233.3333333,233.33333333333334,True,match
1092,other_coliform,1933.333333,1933.3333333333333,True,match
1093,other_coliform,900.0,900.0,True,match
1094,other_coliform,400.0,400.0,True,match
1095,other_coliform,1066.666667,1066.6666666666665,True,match
1096,other_coliform,1566.666667,1566.6666666666665,True,match
1097,other_coliform,25000.0,25000.0,True,match
1098,other_coliform,5200.0,5200.0,True,match
1099,other_coliform,3300.0,3300.0,True,match
1100,other_coliform,0.0,0.0,True,match
1101,other_coliform,233.3333333,233.33333333333334,True,match
1102,other_coliform,566.6666667,566.6666666666667,True,match
1103,other_coliform,366.6666667,366.66666666666663,True,match
1104,other_coliform,2866.666667,2866.666666666667,True,match
1109,other_coliform,0.0,0.0,True,match
1132,other_coliform,0.0,0.0,True,match
1134,other_coliform,0.0,0.0,True,match
1141,other_coliform,8700.0,8700.0,True,match
1145,other_coliform,733.3333333,733.3333333333333,True,match
1146,other_coliform,816.6666667,816.6666666666666,True,match
1147,other_coliform,300.0,300.0,True,match
1148,other_coliform,183.3333333,183.33333333333331,True,match
1149,other_coliform,233.3333333,233.33333333333334,True,match
1150,other_coliform,3766.666667,3766.6666666666665,True,match
1152,other_coliform,333.3333333,333.33333333333337,True,match
1153,other_coliform,333.3333333,333.33333333333337,True,match
1154,other_coliform,300.0,300.0,True,match
1155,other_coliform,733.3333333,733.3333333333333,True,match
1156,other_coliform,300.0,300.0,True,match
1157,other_coliform,0.0,0.0,True,match
1158,other_coliform,0.0,0.0,True,match
1159,other_coliform,33.33333333,33.33333333333333,True,match
1160,other_coliform,400.0,400.0,True,match
1161,other_coliform,733.3333333,733.3333333333333,True,match
1162,other_coliform,166.6666667,166.66666666666669,True,match
1163,other_coliform,2166.666667,2166.666666666667,True,match
1164,other_coliform,100.0,100.0,True,match
1165,other_coliform,33.33333333,33.33333333333333,True,match
1166,other_coliform,66.66666667,66.66666666666666,True,match
1167,other_coliform,166.6666667,166.66666666666669,True,match
1168,other_coliform,66.66666667,66.66666666666666,True,match
1169,other_coliform,133.3333333,133.33333333333331,True,match
1170,other_coliform,100.0,100.0,True,match
1171,other_coliform,116.6666667,116.66666666666667,True,match
1172,other_coliform,33.33333333,33.33333333333333,True,match
1173,other_coliform,233.3333333,233.33333333333334,True,match
1174,other_coliform,100.0,100.0,True,match
1175,other_coliform,900.0,900.0,True,match
1176,other_coliform,33.33333333,33.33333333333333,True,match
1177,other_coliform,533.3333333,533.3333333333333,True,match
1178,other_coliform,633.3333333,633.3333333333333,True,match
1179,other_coliform,4266.666667,4266.666666666666,True,match
1181,other_coliform,166.6666667,166.66666666666669,True,match
1182,other_coliform,366.6666667,366.66666666666663,True,match
1183,other_coliform,266.6666667,266.66666666666663,True,match
1184,other_coliform,0.0,0.0,True,match
1185,other_coliform,0.0,0.0,True,match
1186,other_coliform,116.6666667,116.66666666666667,True,match
1187,other_coliform,116.6666667,116.66666666666667,True,match
1188,other_coliform,16.66666667,16.666666666666664,True,match
1189,other_coliform,33.33333333,33.33333333333333,True,match
1206,other_coliform,1400.0,1400.0,True,match
1207,other_coliform,10100.0,10100.0,True,match
1208,other_coliform,0.0,0.0,True,match
1209,other_coliform,4789.037482,2441.666666666667,False,requires_protocol_review
1210,other_coliform,1100.0,1100.0,True,match
1211,other_coliform,1933.333333,1933.3333333333333,True,match
1212,other_coliform,2066.666667,2066.666666666667,True,match
1213,other_coliform,1200.0,1200.0,True,match
1214,other_coliform,2966.666667,2966.666666666667,True,match
1215,other_coliform,900.0,900.0,True,match
1216,other_coliform,466.6666667,466.6666666666667,True,match
1217,other_coliform,33.33333333,33.33333333333333,True,match
1218,other_coliform,333.3333333,333.33333333333337,True,match
1219,other_coliform,200.0,200.0,True,match
1220,other_coliform,200.0,200.0,True,match
1221,other_coliform,33.33333333,33.33333333333333,True,match
1222,other_coliform,633.3333333,633.3333333333333,True,match
1223,other_coliform,3000.0,3000.0,True,match
1224,other_coliform,0.0,0.0,True,match
1225,other_coliform,9300.0,9300.0,True,match
1227,other_coliform,533.3333333,533.3333333333333,True,match
1228,other_coliform,83.33333333,83.33333333333334,True,match
1229,other_coliform,766.6666667,766.6666666666667,True,match
1230,other_coliform,2300.0,2300.0,True,match
1231,other_coliform,5333.333333,5333.333333333334,True,match
1232,other_coliform,10000.0,10000.0,True,match
1233,other_coliform,5133.333333,5133.333333333334,True,match
1234,other_coliform,4466.666667,4466.666666666666,True,match
1235,other_coliform,25000.0,25000.0,True,match
1236,other_coliform,1666.666667,1666.6666666666667,True,match
1237,other_coliform,900.0,900.0,True,match
1238,other_coliform,66.66666667,66.66666666666666,True,match
1239,other_coliform,2366.666667,2366.666666666667,True,match
1240,other_coliform,5200.0,5200.0,True,match
1241,other_coliform,1100.0,1100.0,True,match
1242,other_coliform,1833.333333,1833.3333333333333,True,match
1243,other_coliform,6233.333333,6233.333333333334,True,match
1244,other_coliform,5466.666667,5466.666666666666,True,match
1245,other_coliform,2100.0,2100.0,True,match
1246,other_coliform,466.6666667,466.6666666666667,True,match
1247,other_coliform,5166.666667,5166.666666666666,True,match
1248,other_coliform,4100.0,4100.0,True,match
1249,other_coliform,33.33333333,33.33333333333333,True,match
1250,other_coliform,166.6666667,166.66666666666669,True,match
1251,other_coliform,33.33333333,33.33333333333333,True,match
1252,other_coliform,0.0,0.0,True,match
1253,other_coliform,0.0,0.0,True,match
1254,other_coliform,0.0,0.0,True,match
1257,other_coliform,6966.67,6966.666666666667,True,match
1258,other_coliform,5566.67,5566.666666666666,True,match
1260,other_coliform,29933.33,29933.333333333332,True,match
1261,other_coliform,25333.33,25333.333333333336,True,match
1262,other_coliform,466.6666667,466.6666666666667,True,match
1263,other_coliform,400.0,400.0,True,match
1264,other_coliform,200.0,200.0,True,match
1265,other_coliform,1533.333333,1533.3333333333335,True,match
1266,other_coliform,11533.33333,11533.333333333332,True,match
1267,other_coliform,1400.0,1400.0,True,match
1268,other_coliform,2600.0,2600.0,True,match
1269,other_coliform,1233.333333,1233.3333333333335,True,match
1270,other_coliform,2266.666667,2266.666666666667,True,match
1271,other_coliform,1600.0,1600.0,True,match
1272,other_coliform,2000.0,2000.0,True,match
1273,other_coliform,366.6666667,366.66666666666663,True,match
1274,other_coliform,533.3333333,533.3333333333333,True,match
1275,other_coliform,2933.333333,2933.333333333333,True,match
1276,other_coliform,3666.666667,3666.6666666666665,True,match
1277,other_coliform,4100.0,4100.0,True,match
1278,other_coliform,2233.333333,2233.333333333333,True,match
1279,other_coliform,1933.333333,1933.3333333333333,True,match
1280,other_coliform,2100.0,2100.0,True,match
1281,other_coliform,2100.0,2100.0,True,match
1282,other_coliform,4900.0,4900.0,True,match
1283,other_coliform,9900.0,9900.0,True,match
1284,other_coliform,9900.0,9900.0,True,match
1285,other_coliform,9900.0,9900.0,True,match
1286,other_coliform,8933.333333,8933.333333333332,True,match
1287,other_coliform,19333.33333,19333.333333333336,True,match
1288,other_coliform,19066.66667,19066.666666666664,True,match
1289,other_coliform,3166.666667,3166.666666666667,True,match
1290,other_coliform,2500.0,2500.0,True,match
1291,other_coliform,4666.666667,4666.666666666666,True,match
1292,other_coliform,1466.666667,1466.6666666666665,True,match
1293,other_coliform,1466.666667,1466.6666666666665,True,match
1295,other_coliform,1633.333333,1633.3333333333333,True,match
1296,other_coliform,1200.0,1200.0,True,match
1297,other_coliform,1633.333333,1633.3333333333333,True,match
1298,other_coliform,66.66666667,66.66666666666666,True,match
1299,other_coliform,2233.333333,2233.333333333333,True,match
1300,other_coliform,266.6666667,266.66666666666663,True,match
1301,other_coliform,966.6666667,966.6666666666666,True,match
1302,other_coliform,1466.666667,1466.6666666666665,True,match
1303,other_coliform,2133.333333,2133.333333333333,True,match
1304,other_coliform,766.6666667,766.6666666666667,True,match
1305,other_coliform,1133.333333,1133.3333333333335,True,match
1306,other_coliform,400.0,400.0,True,match
1307,other_coliform,633.3333333,633.3333333333333,True,match
1308,other_coliform,2566.666667,2566.666666666667,True,match
1309,other_coliform,233.3333333,233.33333333333334,True,match
1310,other_coliform,6300.0,6300.0,True,match
1311,other_coliform,9533.333333,9533.333333333332,True,match
1312,other_coliform,2000.0,2000.0,True,match
1313,other_coliform,14566.66667,14566.666666666666,True,match
1314,other_coliform,3633.333333,3633.3333333333335,True,match
1315,other_coliform,38233.33333,38233.33333333333,True,match
1316,other_coliform,27433.33333,27433.333333333332,True,match
1317,other_coliform,12533.33333,12533.333333333332,True,match
1318,other_coliform,13866.66667,13866.666666666666,True,match
1319,other_coliform,3366.666667,3366.6666666666665,True,match
1320,other_coliform,3900.0,3900.0,True,match
1321,other_coliform,5233.333333,5233.333333333334,True,match
1322,other_coliform,25000.0,25000.0,True,match
1323,other_coliform,25000.0,25000.0,True,match
1324,other_coliform,25000.0,25000.0,True,match
1325,other_coliform,27433.33333,27433.333333333332,True,match
1326,other_coliform,5566.666667,5566.666666666666,True,match
1327,other_coliform,3333.333333,3333.3333333333335,True,match
1328,other_coliform,1800.0,1800.0,True,match
1329,other_coliform,1333.333333,1333.3333333333335,True,match
1330,other_coliform,2166.666667,2166.666666666667,True,match
1331,other_coliform,2133.333333,2133.333333333333,True,match
1332,other_coliform,633.3333333,633.3333333333333,True,match
1333,other_coliform,1600.0,1600.0,True,match
1334,other_coliform,1800.0,1800.0,True,match
1335,other_coliform,100.0,100.0,True,match
1336,other_coliform,3666.666667,3666.6666666666665,True,match
1337,other_coliform,3166.666667,3166.666666666667,True,match
1338,other_coliform,3433.333333,3433.3333333333335,True,match
1339,other_coliform,1333.333333,1333.3333333333335,True,match
1340,other_coliform,566.6666667,566.6666666666667,True,match
1341,other_coliform,966.6666667,966.6666666666666,True,match
1342,other_coliform,400.0,400.0,True,match
1343,other_coliform,1766.666667,1766.6666666666667,True,match
1344,other_coliform,1200.0,1200.0,True,match
1345,other_coliform,366.6666667,366.66666666666663,True,match
1346,other_coliform,2033.333333,2033.3333333333333,True,match
1347,other_coliform,1033.333333,1033.3333333333335,True,match
1348,other_coliform,800.0,800.0,True,match
1349,other_coliform,1466.666667,1466.6666666666665,True,match
1350,other_coliform,1066.666667,1066.6666666666665,True,match
1351,other_coliform,1666.666667,1666.6666666666667,True,match
1352,other_coliform,1533.333333,1533.3333333333335,True,match
1353,other_coliform,3133.333333,3133.333333333333,True,match
1354,other_coliform,2966.666667,2966.666666666667,True,match
1355,other_coliform,1800.0,1800.0,True,match
1356,other_coliform,9066.666667,9066.666666666668,True,match
1357,other_coliform,200.0,200.0,True,match
1358,other_coliform,4500.0,4500.0,True,match
1359,other_coliform,566.6666667,566.6666666666667,True,match
1360,other_coliform,1600.0,1600.0,True,match
1361,other_coliform,33366.67,33366.66666666667,True,match
1362,other_coliform,6366.67,6366.666666666666,True,match
1363,other_coliform,4800.0,4800.0,True,match
1364,other_coliform,10866.67,10866.666666666668,True,match
1365,other_coliform,233.33,233.33333333333334,True,match
1366,other_coliform,766.67,766.6666666666667,True,match
1367,other_coliform,1000.0,1000.0,True,match
1368,other_coliform,1733.33,1733.3333333333333,True,match
1369,other_coliform,466.67,466.6666666666667,True,match
1370,other_coliform,2866.67,2866.666666666667,True,match
1371,other_coliform,9266.67,9266.666666666668,True,match
1372,other_coliform,14766.67,14766.666666666666,True,match
1373,other_coliform,4633.33,4633.333333333334,True,match
1374,other_coliform,9733.33,9733.333333333332,True,match
1375,other_coliform,1766.67,1766.6666666666667,True,match
1376,other_coliform,2066.666667,2066.666666666667,True,match
1377,other_coliform,2833.333333,2833.333333333333,True,match
1378,other_coliform,5066.666667,5066.666666666666,True,match
1379,other_coliform,2933.333333,2933.333333333333,True,match
1380,other_coliform,1300.0,1300.0,True,match
1381,other_coliform,1500.0,1500.0,True,match
1382,other_coliform,500.0,500.0,True,match
1383,other_coliform,666.6666667,666.6666666666667,True,match
1384,other_coliform,500.0,500.0,True,match
1385,other_coliform,2033.333333,2033.3333333333333,True,match
1386,other_coliform,3033.333333,3033.333333333333,True,match
1387,other_coliform,0.0,0.0,True,match
1388,other_coliform,133.3333333,133.33333333333331,True,match
1389,other_coliform,466.6666667,466.6666666666667,True,match
1390,other_coliform,2266.666667,2266.666666666667,True,match
1391,other_coliform,866.6666667,866.6666666666666,True,match
1392,other_coliform,383.3333333,383.33333333333337,True,match
1393,other_coliform,516.6666667,516.6666666666667,True,match
1394,other_coliform,5633.333333,5633.333333333334,True,match
1395,other_coliform,5000.0,5000.0,True,match
1396,other_coliform,4100.0,4100.0,True,match
1397,other_coliform,4833.333333,4833.333333333334,True,match
1398,other_coliform,3733.333333,3733.3333333333335,True,match
1399,other_coliform,25000.0,25000.0,True,match
1400,other_coliform,3233.333333,3233.3333333333335,True,match
1401,other_coliform,1666.666667,1666.6666666666667,True,match
1402,other_coliform,1000.0,1000.0,True,match
1403,other_coliform,3300.0,3300.0,True,match
1404,other_coliform,900.0,900.0,True,match
1405,other_coliform,2166.666667,2166.666666666667,True,match
1406,other_coliform,1833.333333,1833.3333333333333,True,match
1407,other_coliform,1566.666667,1566.6666666666665,True,match
1408,other_coliform,5366.666667,5366.666666666666,True,match
1409,other_coliform,2133.333333,2133.333333333333,True,match
1410,other_coliform,3533.333333,3533.3333333333335,True,match
1411,other_coliform,4766.666667,4766.666666666666,True,match
1412,other_coliform,1466.666667,1466.6666666666665,True,match
1413,other_coliform,633.3333333,633.3333333333333,True,match
1414,other_coliform,2466.666667,2466.666666666667,True,match
1415,other_coliform,6500.0,6500.0,True,match
1416,other_coliform,566.6666667,566.6666666666667,True,match
1417,other_coliform,1000.0,1000.0,True,match
1418,other_coliform,6233.333333,6233.333333333334,True,match
1419,other_coliform,933.3333333,933.3333333333334,True,match
1420,other_coliform,1300.0,1300.0,True,match
1421,other_coliform,466.6666667,466.6666666666667,True,match
1422,other_coliform,766.6666667,766.6666666666667,True,match
1423,other_coliform,5166.666667,5166.666666666666,True,match
1424,other_coliform,2800.0,2800.0,True,match
1425,other_coliform,1766.666667,1766.6666666666667,True,match
1426,other_coliform,2366.666667,2366.666666666667,True,match
1427,other_coliform,333.3333333,333.33333333333337,True,match
1428,other_coliform,400.0,400.0,True,match
1429,other_coliform,300.0,300.0,True,match
1430,other_coliform,466.6666667,466.6666666666667,True,match
1431,other_coliform,300.0,300.0,True,match
1432,other_coliform,333.3333333,333.33333333333337,True,match
1433,other_coliform,233.33,233.33333333333334,True,match
1434,other_coliform,633.33,633.3333333333333,True,match
1435,other_coliform,866.67,866.6666666666666,True,match
1436,other_coliform,666.67,666.6666666666667,True,match
1437,other_coliform,500.0,500.0,True,match
1439,other_coliform,2400.0,2400.0,True,match
1440,other_coliform,366.67,366.66666666666663,True,match
1441,other_coliform,333.33,333.33333333333337,True,match
1442,other_coliform,66.67,66.66666666666666,True,match
1443,other_coliform,166.6666667,166.66666666666669,True,match
1444,other_coliform,733.3333333,733.3333333333333,True,match
1459,other_coliform,16342.54883,8291.666666666668,False,requires_protocol_review
1460,other_coliform,2000.0,2000.0,True,match
1461,other_coliform,1500.0,1500.0,True,match
1462,other_coliform,1733.333333,1733.3333333333333,True,match
1463,other_coliform,1433.333333,1433.3333333333335,True,match
1464,other_coliform,1366.666667,1366.6666666666665,True,match
1465,other_coliform,266.6666667,266.66666666666663,True,match
1466,other_coliform,6200.0,6200.0,True,match
1467,other_coliform,1700.0,1700.0,True,match
1468,other_coliform,1400.0,1400.0,True,match
1469,other_coliform,1200.0,1200.0,True,match
1470,other_coliform,4100.0,4100.0,True,match
1471,other_coliform,2300.0,2300.0,True,match
1472,other_coliform,1466.666667,1466.6666666666665,True,match
1473,other_coliform,2700.0,2700.0,True,match
1474,other_coliform,666.6666667,666.6666666666667,True,match
1475,other_coliform,66.66666667,66.66666666666666,True,match
1476,other_coliform,3433.333333,3433.3333333333335,True,match
1477,other_coliform,0.0,0.0,True,match
1478,other_coliform,1200.0,1200.0,True,match
1479,other_coliform,2266.666667,2266.666666666667,True,match
1480,other_coliform,666.6666667,666.6666666666667,True,match
1481,other_coliform,400.0,400.0,True,match
1482,other_coliform,2166.666667,2166.666666666667,True,match
1483,other_coliform,6300.0,6300.0,True,match
1484,other_coliform,100.0,100.0,True,match
1485,other_coliform,2066.666667,2066.666666666667,True,match
1486,other_coliform,1600.0,1600.0,True,match
1487,other_coliform,466.6666667,466.6666666666667,True,match
1488,other_coliform,700.0,700.0,True,match
1489,other_coliform,1633.333333,1633.3333333333333,True,match
1490,other_coliform,15400.0,15400.0,True,match
1491,other_coliform,1800.0,1800.0,True,match
1492,other_coliform,2633.333333,2633.333333333333,True,match
1493,other_coliform,2000.0,2000.0,True,match
1494,other_coliform,2400.0,2400.0,True,match
1495,other_coliform,3966.666667,3966.6666666666665,True,match
1496,other_coliform,0.0,0.0,True,match
1497,other_coliform,2633.333333,2633.333333333333,True,match
1498,other_coliform,433.3333333,433.3333333333333,True,match
1499,other_coliform,0.0,0.0,True,match
1500,other_coliform,0.0,0.0,True,match
1506,other_coliform,233.33,233.33333333333334,True,match
1508,other_coliform,16666.67,16666.666666666664,True,match
1510,other_coliform,12966.67,12966.666666666666,True,match
1511,other_coliform,233.33,233.33333333333334,True,match
1512,other_coliform,3200.0,3200.0,True,match
1542,other_coliform,28333.33333,28333.333333333332,True,match
1543,other_coliform,100.0,100.0,True,match
1544,other_coliform,266.6666667,266.66666666666663,True,match
1545,other_coliform,400.0,400.0,True,match
1546,other_coliform,233.3333333,233.33333333333334,True,match
1547,other_coliform,6500.0,6500.0,True,match
1548,other_coliform,19600.0,19600.0,True,match
1549,other_coliform,1366.666667,1366.6666666666665,True,match
1550,other_coliform,166.6666667,166.66666666666669,True,match
1551,other_coliform,900.0,900.0,True,match
1552,other_coliform,25000.0,25000.0,True,match
1553,other_coliform,2166.666667,2166.666666666667,True,match
1554,other_coliform,3466.666667,3466.6666666666665,True,match
1555,other_coliform,1833.333333,1833.3333333333333,True,match
1556,other_coliform,133.3333333,133.33333333333331,True,match
1557,other_coliform,3633.333333,3633.3333333333335,True,match
1558,other_coliform,1933.333333,1933.3333333333333,True,match
1563,other_coliform,433.3333333,433.3333333333333,True,match
1564,other_coliform,566.6666667,566.6666666666667,True,match
1565,other_coliform,533.3333333,533.3333333333333,True,match
1566,other_coliform,666.6666667,666.6666666666667,True,match
1567,other_coliform,2766.666667,2766.666666666667,True,match
1568,other_coliform,216.6666667,216.66666666666666,True,match
1569,other_coliform,33.33333333,33.33333333333333,True,match
1570,other_coliform,33.33333333,33.33333333333333,True,match
1571,other_coliform,733.3333333,733.3333333333333,True,match
1572,other_coliform,533.3333333,533.3333333333333,True,match
1573,other_coliform,566.6666667,566.6666666666667,True,match
1574,other_coliform,500.0,500.0,True,match
1575,other_coliform,400.0,400.0,True,match
1576,other_coliform,266.6666667,266.66666666666663,True,match
1577,other_coliform,100.0,100.0,True,match
1578,other_coliform,133.3333333,133.33333333333331,True,match
1580,other_coliform,1500.0,1500.0,True,match
1581,other_coliform,4266.666667,4266.666666666666,True,match
1582,other_coliform,1300.0,1300.0,True,match
1583,other_coliform,400.0,400.0,True,match
1584,other_coliform,1233.333333,1233.3333333333335,True,match
1585,other_coliform,0.0,0.0,True,match
1587,other_coliform,1500.0,1500.0,True,match
1588,other_coliform,133.3333333,133.33333333333331,True,match
1589,other_coliform,1000.0,1000.0,True,match
1590,other_coliform,2033.333333,2033.3333333333333,True,match
1591,other_coliform,2833.333333,2833.333333333333,True,match
1592,other_coliform,2166.666667,2166.666666666667,True,match
1594,other_coliform,2833.333333,2833.333333333333,True,match
1595,other_coliform,683.3333333,683.3333333333333,True,match
1596,other_coliform,1450.0,1450.0,True,match
1598,other_coliform,20500.0,20500.0,True,match
1599,other_coliform,23166.66667,23166.666666666664,True,match
1600,other_coliform,10733.33333,10733.333333333332,True,match
1601,other_coliform,9183.333333,9183.333333333332,True,match
1603,other_coliform,3733.333333,3733.3333333333335,True,match
1604,other_coliform,866.6666667,866.6666666666666,True,match
1605,other_coliform,1100.0,1100.0,True,match
1606,other_coliform,166.6666667,166.66666666666669,True,match
1607,other_coliform,33.33333333,33.33333333333333,True,match
1608,other_coliform,0.0,0.0,True,match
1609,other_coliform,25000.0,25000.0,True,match
1610,other_coliform,666.6666667,666.6666666666667,True,match
1611,other_coliform,3466.666667,3466.6666666666665,True,match
1612,other_coliform,1300.0,1300.0,True,match
1613,other_coliform,233.3333333,233.33333333333334,True,match
1614,other_coliform,33.33333333,33.33333333333333,True,match
1615,other_coliform,1466.666667,1466.6666666666665,True,match
1616,other_coliform,1133.333333,1133.3333333333335,True,match
1617,other_coliform,2433.333333,2433.333333333333,True,match
1618,other_coliform,3866.666667,3866.6666666666665,True,match
1619,other_coliform,0.0,0.0,True,match
1620,other_coliform,3633.333333,3633.3333333333335,True,match
1621,other_coliform,1366.666667,1366.6666666666665,True,match
1622,other_coliform,1133.333333,1133.3333333333335,True,match
1623,other_coliform,2933.333333,2933.333333333333,True,match
1635,other_coliform,266.67,266.66666666666663,True,match
1636,other_coliform,500.0,500.0,True,match
1637,other_coliform,1066.67,1066.6666666666665,True,match
1641,other_coliform,133.3333333,133.33333333333331,True,match
1642,other_coliform,633.3333333,633.3333333333333,True,match
1643,other_coliform,716.6666667,716.6666666666667,True,match
1644,other_coliform,266.6666667,266.66666666666663,True,match
1645,other_coliform,83.33333333,83.33333333333334,True,match
1646,other_coliform,233.3333333,233.33333333333334,True,match
1647,other_coliform,700.0,700.0,True,match
1648,other_coliform,650.0,650.0,True,match
1649,other_coliform,66.66666667,66.66666666666666,True,match
1650,other_coliform,133.3333333,133.33333333333331,True,match
1651,other_coliform,100.0,100.0,True,match
1652,other_coliform,100.0,100.0,True,match
1653,other_coliform,400.0,400.0,True,match
1654,other_coliform,1900.0,1900.0,True,match
1655,other_coliform,2500.0,2500.0,True,match
1656,other_coliform,1033.333333,1033.3333333333335,True,match
1657,other_coliform,466.6666667,466.6666666666667,True,match
1658,other_coliform,733.3333333,733.3333333333333,True,match
1659,other_coliform,1300.0,1300.0,True,match
1660,other_coliform,300.0,300.0,True,match
1661,other_coliform,266.6666667,266.66666666666663,True,match
1662,other_coliform,183.3333333,183.33333333333331,True,match
1663,other_coliform,300.0,300.0,True,match
1664,other_coliform,516.6666667,516.6666666666667,True,match
1665,other_coliform,166.6666667,166.66666666666669,True,match
1666,other_coliform,83.33333333,83.33333333333334,True,match
1667,other_coliform,0.0,0.0,True,match
1668,other_coliform,183.3333333,183.33333333333331,True,match
1669,other_coliform,316.6666667,316.66666666666663,True,match
1670,other_coliform,200.0,200.0,True,match
1671,other_coliform,2133.333333,2133.333333333333,True,match
1672,other_coliform,166.6666667,166.66666666666669,True,match
1673,other_coliform,666.6666667,666.6666666666667,True,match
1674,other_coliform,333.3333333,333.33333333333337,True,match
1675,other_coliform,250.0,250.0,True,match
1676,other_coliform,8333.333333,8333.333333333332,True,match
1677,other_coliform,633.3333333,633.3333333333333,True,match
1678,other_coliform,3466.666667,3466.6666666666665,True,match
1679,other_coliform,1866.666667,1866.6666666666667,True,match
1680,other_coliform,650.0,650.0,True,match
1681,other_coliform,0.0,0.0,True,match
1682,other_coliform,0.0,0.0,True,match
1683,other_coliform,0.0,0.0,True,match
1684,other_coliform,0.0,0.0,True,match
1685,other_coliform,200.0,200.0,True,match
1686,other_coliform,33.33333333,33.33333333333333,True,match
1687,other_coliform,0.0,0.0,True,match
1688,other_coliform,33.33333333,33.33333333333333,True,match
1703,other_coliform,300.0,300.0,True,match
1704,other_coliform,66.67,66.66666666666666,True,match
1706,other_coliform,0.0,0.0,True,match
1718,other_coliform,833.33,833.3333333333334,True,match
1719,other_coliform,1266.67,1266.6666666666665,True,match
1720,other_coliform,1266.67,1266.6666666666665,True,match
1721,other_coliform,2366.67,2366.666666666667,True,match
1722,other_coliform,633.33,633.3333333333333,True,match
1724,other_coliform,800.0,800.0,True,match
1725,other_coliform,533.33,533.3333333333333,True,match
1726,other_coliform,2900.0,2900.0,True,match
1727,other_coliform,1266.67,1266.6666666666665,True,match
1729,other_coliform,1166.67,1166.6666666666665,True,match
1730,other_coliform,666.67,666.6666666666667,True,match
1731,other_coliform,600.0,600.0,True,match
1732,other_coliform,600.0,600.0,True,match
1733,other_coliform,1133.33,1133.3333333333335,True,match
1734,other_coliform,133.33,133.33333333333331,True,match
1735,other_coliform,900.0,900.0,True,match
1736,other_coliform,900.0,900.0,True,match
1737,other_coliform,1566.67,1566.6666666666665,True,match
1738,other_coliform,500.0,500.0,True,match
1740,other_coliform,2200.0,2200.0,True,match
1743,other_coliform,566.67,566.6666666666667,True,match
1744,other_coliform,566.67,566.6666666666667,True,match
1745,other_coliform,1066.67,1066.6666666666665,True,match
1746,other_coliform,9200.0,9200.0,True,match
1747,other_coliform,2333.33,2333.333333333333,True,match
1748,other_coliform,900.0,900.0,True,match
1750,other_coliform,2333.33,2333.333333333333,True,match
1751,other_coliform,8766.67,8766.666666666668,True,match
1752,other_coliform,7033.33,7033.333333333333,True,match
1753,other_coliform,4300.0,4300.0,True,match
1754,other_coliform,133.33,133.33333333333331,True,match
1756,other_coliform,2666.67,2666.666666666667,True,match
1757,other_coliform,17133.33,17133.333333333336,True,match
1758,other_coliform,1133.333333,1133.3333333333335,True,match
1759,other_coliform,1800.0,1800.0,True,match
1760,other_coliform,0.0,0.0,True,match
1761,other_coliform,2500.0,2500.0,True,match
1762,other_coliform,4833.333333,4833.333333333334,True,match
1763,other_coliform,5500.0,5500.0,True,match
1764,other_coliform,2500.0,2500.0,True,match
1765,other_coliform,9900.0,9900.0,True,match
1766,other_coliform,3566.666667,3566.6666666666665,True,match
1767,other_coliform,733.3333333,733.3333333333333,True,match
1768,other_coliform,133.3333333,133.33333333333331,True,match
1769,other_coliform,33.33333333,33.33333333333333,True,match
1770,other_coliform,6900.0,6900.0,True,match
1771,other_coliform,6166.666667,6166.666666666666,True,match
1772,other_coliform,7866.666667,7866.666666666667,True,match
1773,other_coliform,21966.66667,21966.666666666664,True,match
1774,other_coliform,5033.333333,5033.333333333334,True,match
1775,other_coliform,25000.0,25000.0,True,match
1776,other_coliform,23166.66667,23166.666666666664,True,match
1777,other_coliform,2666.666667,2666.666666666667,True,match
1778,other_coliform,1833.333333,1833.3333333333333,True,match
1779,other_coliform,1166.666667,1166.6666666666665,True,match
1780,other_coliform,0.0,0.0,True,match
1781,other_coliform,2800.0,2800.0,True,match
1782,other_coliform,500.0,500.0,True,match
1783,other_coliform,933.3333333,933.3333333333334,True,match
1784,other_coliform,966.6666667,966.6666666666666,True,match
1785,other_coliform,1166.666667,1166.6666666666665,True,match
1786,other_coliform,1366.666667,1366.6666666666665,True,match
1787,other_coliform,3033.333333,3033.333333333333,True,match
1788,other_coliform,7500.0,7500.0,True,match
1789,other_coliform,533.33,533.3333333333333,True,match
1790,other_coliform,1000.0,1000.0,True,match
1791,other_coliform,3733.33,3733.3333333333335,True,match
1792,other_coliform,3366.67,3366.6666666666665,True,match
1794,other_coliform,533.33,533.3333333333333,True,match
1795,other_coliform,666.67,666.6666666666667,True,match
1796,other_coliform,666.67,666.6666666666667,True,match
1797,other_coliform,633.33,633.3333333333333,True,match
1798,other_coliform,5066.67,5066.666666666666,True,match
1799,other_coliform,500.0,500.0,True,match
1801,other_coliform,1000.0,1000.0,True,match
1802,other_coliform,66.67,66.66666666666666,True,match
1803,other_coliform,3400.0,3400.0,True,match
1804,other_coliform,2300.0,2300.0,True,match
1805,other_coliform,1533.333333,1533.3333333333335,True,match
1806,other_coliform,2533.333333,2533.333333333333,True,match
1807,other_coliform,3666.666667,3666.6666666666665,True,match
1808,other_coliform,1733.333333,1733.3333333333333,True,match
1809,other_coliform,1466.666667,1466.6666666666665,True,match
1810,other_coliform,1866.666667,1866.6666666666667,True,match
1811,other_coliform,1200.0,1200.0,True,match
1812,other_coliform,2100.0,2100.0,True,match
1813,other_coliform,6966.666667,6966.666666666667,True,match
1814,other_coliform,3033.333333,3033.333333333333,True,match
1815,other_coliform,866.6666667,866.6666666666666,True,match
1816,other_coliform,700.0,700.0,True,match
1817,other_coliform,1433.333333,1433.3333333333335,True,match
1818,other_coliform,3800.0,3800.0,True,match
1819,other_coliform,1300.0,1300.0,True,match
1820,other_coliform,466.6666667,466.6666666666667,True,match
1821,other_coliform,966.6666667,966.6666666666666,True,match
1822,other_coliform,11133.33333,11133.333333333332,True,match
1825,other_coliform,6133.333333,6133.333333333334,True,match
1826,other_coliform,2200.0,2200.0,True,match
1827,other_coliform,1300.0,1300.0,True,match
1828,other_coliform,2400.0,2400.0,True,match
1829,other_coliform,1633.333333,1633.3333333333333,True,match
1830,other_coliform,222.2222222,222.22222222222226,True,match
1831,other_coliform,5066.666667,5066.666666666666,True,match
1832,other_coliform,1933.333333,1933.3333333333333,True,match
1833,other_coliform,2733.333333,2733.333333333333,True,match
1834,other_coliform,4000.0,4000.0,True,match
1835,other_coliform,25000.0,25000.0,True,match
1836,other_coliform,4666.666667,4666.666666666666,True,match
1837,other_coliform,25000.0,25000.0,True,match
1838,other_coliform,1566.666667,1566.6666666666665,True,match
1839,other_coliform,933.3333333,933.3333333333334,True,match
1840,other_coliform,2700.0,2700.0,True,match
1841,other_coliform,2766.666667,2766.666666666667,True,match
1842,other_coliform,2300.0,2300.0,True,match
1843,other_coliform,1366.666667,1366.6666666666665,True,match
1844,other_coliform,33.33333333,33.33333333333333,True,match
1845,other_coliform,1000.0,1000.0,True,match
1846,other_coliform,300.0,300.0,True,match
1847,other_coliform,1433.333333,1433.3333333333335,True,match
1848,other_coliform,3433.333333,3433.3333333333335,True,match
1849,other_coliform,466.6666667,466.6666666666667,True,match
1850,other_coliform,1383.333333,1383.3333333333335,True,match
1851,other_coliform,7083.333333,7083.333333333333,True,match
1852,other_coliform,633.3333333,633.3333333333333,True,match
1853,other_coliform,1166.666667,1166.6666666666665,True,match
1854,other_coliform,3933.333333,3933.3333333333335,True,match
1855,other_coliform,3483.333333,3483.3333333333335,True,match
1856,other_coliform,766.6666667,766.6666666666667,True,match
1857,other_coliform,4233.333333,4233.333333333334,True,match
1858,other_coliform,4233.333333,4233.333333333334,True,match
1859,other_coliform,4133.333333,4133.333333333334,True,match
1860,other_coliform,4433.333333,4433.333333333334,True,match
1861,other_coliform,3933.333333,3933.3333333333335,True,match
1862,other_coliform,11466.66667,11466.666666666668,True,match
1863,other_coliform,6400.0,6400.0,True,match
1864,other_coliform,24833.33333,24833.333333333336,True,match
1865,other_coliform,6700.0,6700.0,True,match
1866,other_coliform,1400.0,1400.0,True,match
1867,other_coliform,1650.0,1650.0,True,match
1868,other_coliform,1533.333333,1533.3333333333335,True,match
1869,other_coliform,722.2222222,722.2222222222223,True,match
1870,other_coliform,1500.0,1500.0,True,match
1871,other_coliform,1583.333333,1583.3333333333335,True,match
1872,other_coliform,2683.333333,2683.333333333333,True,match
1873,other_coliform,14666.66667,14666.666666666666,True,match
1874,other_coliform,7416.666667,7416.666666666667,True,match
1875,other_coliform,4800.0,4800.0,True,match
1876,other_coliform,1516.666667,1516.6666666666665,True,match
1877,other_coliform,5483.333333,5483.333333333334,True,match
1878,other_coliform,0.0,0.0,True,match
1879,other_coliform,1733.333333,1733.3333333333333,True,match
1880,other_coliform,25000.0,25000.0,True,match
1881,other_coliform,4100.0,4100.0,True,match
1882,other_coliform,12266.66667,12266.666666666668,True,match
1883,other_coliform,3550.0,3550.0,True,match
1884,other_coliform,5366.666667,5366.666666666666,True,match
1885,other_coliform,1133.333333,1133.3333333333335,True,match
1886,other_coliform,966.6666667,966.6666666666666,True,match
1887,other_coliform,3650.0,3650.0,True,match
1888,other_coliform,1350.0,1350.0,True,match
1889,other_coliform,10300.0,10300.0,True,match
1890,other_coliform,3583.333333,3583.3333333333335,True,match
1891,other_coliform,2866.666667,2866.666666666667,True,match
1892,other_coliform,1033.333333,1033.3333333333335,True,match
1893,other_coliform,633.3333333,633.3333333333333,True,match
1894,other_coliform,2900.0,2900.0,True,match
1895,other_coliform,2400.0,2400.0,True,match
1896,other_coliform,5566.666667,5566.666666666666,True,match
1897,other_coliform,25000.0,25000.0,True,match
1898,other_coliform,12500.0,12500.0,True,match
1899,other_coliform,0.0,0.0,True,match
1900,other_coliform,25000.0,25000.0,True,match
1901,other_coliform,0.0,0.0,True,match
1902,other_coliform,2433.333333,2433.333333333333,True,match
1903,other_coliform,2533.333333,2533.333333333333,True,match
1904,other_coliform,0.0,0.0,True,match
1905,other_coliform,1233.333333,1233.3333333333335,True,match
1906,other_coliform,2033.333333,2033.3333333333333,True,match
1907,other_coliform,15400.0,15400.0,True,match
1908,other_coliform,550.0,550.0,True,match
1909,other_coliform,10000.0,10000.0,True,match
1910,other_coliform,0.0,0.0,True,match
1911,other_coliform,0.0,0.0,True,match
1912,other_coliform,0.0,0.0,True,match
1913,other_coliform,266.6666667,266.66666666666663,True,match
1914,other_coliform,5566.666667,5566.666666666666,True,match
1915,other_coliform,1733.333333,1733.3333333333333,True,match
1916,other_coliform,1100.0,1100.0,True,match
1917,other_coliform,9166.666667,9166.666666666668,True,match
1918,other_coliform,1500.0,1500.0,True,match
1919,other_coliform,4216.666667,4216.666666666666,True,match
1920,other_coliform,2833.333333,2833.3333333333335,True,match
1921,other_coliform,550.0,550.0,True,match
1922,other_coliform,1000.0,1000.0,True,match
1923,other_coliform,6800.0,6800.0,True,match
1924,other_coliform,12500.0,12500.0,True,match
1940,other_coliform,2133.33,2133.3333333333335,True,match
1941,other_coliform,911.11,911.111111111111,True,match
1942,other_coliform,1066.666667,1066.6666666666665,True,match
1944,other_coliform,2000.0,2000.0,True,match
1945,other_coliform,366.67,366.66666666666663,True,match
1946,other_coliform,933.33,933.3333333333334,True,match
1947,other_coliform,5166.67,5166.666666666666,True,match
1948,other_coliform,1800.0,1800.0,True,match
1950,other_coliform,2500.0,2500.0,True,match
1951,other_coliform,0.0,0.0,True,match
1952,other_coliform,7666.67,7666.666666666667,True,match
1954,other_coliform,4133.33,4133.333333333334,True,match
1955,other_coliform,11933.33,11933.333333333332,True,match
1960,other_coliform,733.33,733.3333333333333,True,match
1975,other_coliform,1333.333333,1333.3333333333335,True,match
1976,other_coliform,3433.333333,3433.3333333333335,True,match
1977,other_coliform,3600.0,3600.0,True,match
1978,other_coliform,5933.333333,5933.333333333334,True,match
1979,other_coliform,3833.333333,3833.3333333333335,True,match
1980,other_coliform,2000.0,2000.0,True,match
1981,other_coliform,4066.666667,4066.6666666666665,True,match
1982,other_coliform,11000.0,11000.0,True,match
1983,other_coliform,15266.66667,15266.666666666666,True,match
1984,other_coliform,1933.333333,1933.3333333333333,True,match
1985,other_coliform,2366.666667,2366.666666666667,True,match
1986,other_coliform,800.0,800.0,True,match
1987,other_coliform,6100.0,6100.0,True,match
1988,other_coliform,0.0,0.0,True,match
1989,other_coliform,0.0,0.0,True,match
1990,other_coliform,1233.333333,1233.3333333333335,True,match
1991,other_coliform,33.33333333,33.33333333333333,True,match
1992,other_coliform,2866.666667,2866.666666666667,True,match
1993,other_coliform,1066.666667,1066.6666666666665,True,match
1994,other_coliform,333.3333333,333.33333333333337,True,match
1995,other_coliform,633.3333333,633.3333333333333,True,match
1996,other_coliform,966.6666667,966.6666666666666,True,match
1997,other_coliform,266.6666667,266.66666666666663,True,match
1998,other_coliform,3566.666667,3566.6666666666665,True,match
1999,other_coliform,4433.333333,4433.333333333334,True,match
2000,other_coliform,133.3333333,133.33333333333331,True,match
2001,other_coliform,3133.333333,3133.333333333333,True,match
2002,other_coliform,200.0,200.0,True,match
2003,other_coliform,733.3333333,733.3333333333333,True,match
2004,other_coliform,266.6666667,266.66666666666663,True,match
2005,other_coliform,33.33333333,33.33333333333333,True,match
2006,other_coliform,4366.666667,4366.666666666666,True,match
2007,other_coliform,25000.0,25000.0,True,match
2008,other_coliform,2266.666667,2266.666666666667,True,match
2009,other_coliform,0.0,0.0,True,match
2010,other_coliform,633.3333333,633.3333333333333,True,match
2011,other_coliform,600.0,600.0,True,match
2012,other_coliform,16966.66667,16966.666666666664,True,match
2013,other_coliform,800.0,800.0,True,match
2014,other_coliform,13166.66667,13166.666666666666,True,match
2015,other_coliform,433.3333333,433.3333333333333,True,match
2016,other_coliform,700.0,700.0,True,match
2017,other_coliform,533.3333333,533.3333333333333,True,match
2018,other_coliform,1033.333333,1033.3333333333335,True,match
2019,other_coliform,1066.666667,1066.6666666666665,True,match
2022,other_coliform,0.0,0.0,True,match
2023,other_coliform,0.0,0.0,True,match
2036,other_coliform,0.0,0.0,True,match
2038,other_coliform,0.0,0.0,True,match
2040,other_coliform,0.0,0.0,True,match
2046,other_coliform,12500.0,12500.0,True,match
2047,other_coliform,3716.67,3716.6666666666665,True,match
2049,other_coliform,1033.33,1033.3333333333335,True,match
2050,other_coliform,200.0,200.0,True,match
2051,other_coliform,633.33,633.3333333333333,True,match
2052,other_coliform,633.33,633.3333333333333,True,match
2053,other_coliform,966.67,966.6666666666666,True,match
2054,other_coliform,1066.67,1066.6666666666665,True,match
2055,other_coliform,1000.0,1000.0,True,match
2056,other_coliform,266.67,266.66666666666663,True,match
2057,other_coliform,166.67,166.66666666666669,True,match
2058,other_coliform,9200.244165,4608.333333333334,False,requires_protocol_review
2104,other_coliform,21847.83076,10925.0,False,requires_protocol_review
2105,other_coliform,416.6666667,416.6666666666667,True,match
2106,other_coliform,2083.333333,2083.333333333333,True,match
2107,other_coliform,355.5555556,355.5555555555555,True,match
2108,other_coliform,1333.333333,1333.3333333333335,True,match
2109,other_coliform,1200.0,1200.0,True,match
2110,other_coliform,2733.333333,2733.333333333333,True,match
2111,other_coliform,3733.333333,3733.3333333333335,True,match
2112,other_coliform,1066.666667,1066.6666666666665,True,match
2113,other_coliform,2300.0,2300.0,True,match
2114,other_coliform,1600.0,1600.0,True,match
2115,other_coliform,1133.333333,1133.3333333333335,True,match
2116,other_coliform,700.0,700.0,True,match
2117,other_coliform,1266.666667,1266.6666666666665,True,match
2118,other_coliform,1733.333333,1733.3333333333333,True,match
2119,other_coliform,266.6666667,266.66666666666663,True,match
2120,other_coliform,1000.0,1000.0,True,match
2121,other_coliform,1700.0,1700.0,True,match
2122,other_coliform,1133.333333,1133.3333333333335,True,match
2123,other_coliform,566.6666667,566.6666666666667,True,match
2124,other_coliform,533.3333333,533.3333333333333,True,match
2125,other_coliform,483.3333333,483.3333333333333,True,match
2126,other_coliform,600.0,600.0,True,match
2127,other_coliform,3066.666667,3066.666666666667,True,match
2128,other_coliform,2050.0,2050.0,True,match
2129,other_coliform,883.3333333,883.3333333333334,True,match
2130,other_coliform,766.6666667,766.6666666666667,True,match
2131,other_coliform,1900.0,1900.0,True,match
2132,other_coliform,1100.0,1100.0,True,match
2133,other_coliform,1200.0,1200.0,True,match
2134,other_coliform,3033.333333,3033.333333333333,True,match
2135,other_coliform,8733.333333,8733.333333333332,True,match
2136,other_coliform,23733.33333,23733.333333333336,True,match
2137,other_coliform,6066.666667,6066.666666666666,True,match
2138,other_coliform,1166.666667,1166.6666666666665,True,match
2139,other_coliform,566.6666667,566.6666666666667,True,match
2140,other_coliform,655.5555556,655.5555555555555,True,match
2141,other_coliform,900.0,900.0,True,match
2142,other_coliform,1000.0,1000.0,True,match
2143,other_coliform,2350.0,2350.0,True,match
2144,other_coliform,2833.333333,2833.333333333333,True,match
2145,other_coliform,2800.0,2800.0,True,match
2146,other_coliform,1300.0,1300.0,True,match
2147,other_coliform,4533.333333,4533.333333333334,True,match
2148,other_coliform,6433.333333,6433.333333333333,True,match
2149,other_coliform,1366.666667,1366.6666666666665,True,match
2150,other_coliform,1066.666667,1066.6666666666665,True,match
2151,other_coliform,3500.0,3500.0,True,match
2152,other_coliform,1833.333333,1833.3333333333333,True,match
2153,other_coliform,5366.666667,5366.666666666666,True,match
2154,other_coliform,583.3333333,583.3333333333333,True,match
2155,other_coliform,733.3333333,733.3333333333333,True,match
2156,other_coliform,1316.666667,1316.6666666666665,True,match
2157,other_coliform,633.3333333,633.3333333333333,True,match
2158,other_coliform,2000.0,2000.0,True,match
2159,other_coliform,1733.333333,1733.3333333333333,True,match
2160,other_coliform,533.3333333,533.3333333333333,True,match
2161,other_coliform,1566.666667,1566.6666666666665,True,match
2162,other_coliform,25000.0,25000.0,True,match
2163,other_coliform,1266.666667,1266.6666666666665,True,match
2164,other_coliform,6266.666667,6266.666666666666,True,match
2165,other_coliform,1000.0,1000.0,True,match
2166,other_coliform,4833.333333,4833.333333333334,True,match
2167,other_coliform,1900.0,1900.0,True,match
2168,other_coliform,950.0,950.0,True,match
2169,other_coliform,650.0,650.0,True,match
2170,other_coliform,1088.888889,1088.888888888889,True,match
2171,other_coliform,1100.0,1100.0,True,match
2172,other_coliform,3166.666667,3166.666666666667,True,match
2173,other_coliform,1200.0,1200.0,True,match
2176,other_coliform,4300.0,4300.0,True,match
2177,other_coliform,8733.33,8733.333333333332,True,match
2178,other_coliform,6300.0,6300.0,True,match
2179,other_coliform,23533.33,23533.333333333336,True,match
2180,other_coliform,633.3333333,633.3333333333333,True,match
2181,other_coliform,1000.0,1000.0,True,match
2182,other_coliform,1000.0,1000.0,True,match
2183,other_coliform,1933.333333,1933.3333333333333,True,match
2184,other_coliform,5900.0,5900.0,True,match
2185,other_coliform,1500.0,1500.0,True,match
2186,other_coliform,2566.666667,2566.666666666667,True,match
2187,other_coliform,2133.333333,2133.333333333333,True,match
2188,other_coliform,633.3333333,633.3333333333333,True,match
2189,other_coliform,2266.666667,2266.666666666667,True,match
2190,other_coliform,1766.666667,1766.6666666666667,True,match
2191,other_coliform,1633.333333,1633.3333333333333,True,match
2192,other_coliform,4100.0,4100.0,True,match
2193,other_coliform,1600.0,1600.0,True,match
2194,other_coliform,2333.333333,2333.333333333333,True,match
2195,other_coliform,3733.333333,3733.3333333333335,True,match
2196,other_coliform,4466.666667,4466.666666666666,True,match
2197,other_coliform,1533.333333,1533.3333333333335,True,match
2198,other_coliform,2300.0,2300.0,True,match
2199,other_coliform,2300.0,2300.0,True,match
2200,other_coliform,1033.333333,1033.3333333333335,True,match
2201,other_coliform,9900.0,9900.0,True,match
2202,other_coliform,9900.0,9900.0,True,match
2203,other_coliform,9900.0,9900.0,True,match
2204,other_coliform,10000.0,10000.0,True,match
2205,other_coliform,29200.0,29200.0,True,match
2206,other_coliform,16800.0,16800.0,True,match
2207,other_coliform,500.0,500.0,True,match
2208,other_coliform,1833.333333,1833.3333333333333,True,match
2209,other_coliform,1366.666667,1366.6666666666665,True,match
2210,other_coliform,933.3333333,933.3333333333334,True,match
2211,other_coliform,1733.333333,1733.3333333333333,True,match
2212,other_coliform,1366.666667,1366.6666666666665,True,match
2213,other_coliform,3366.666667,3366.6666666666665,True,match
2214,other_coliform,1666.666667,1666.6666666666667,True,match
2215,other_coliform,700.0,700.0,True,match
2216,other_coliform,2166.666667,2166.666666666667,True,match
2217,other_coliform,2433.333333,2433.333333333333,True,match
2218,other_coliform,1700.0,1700.0,True,match
2219,other_coliform,2466.666667,2466.666666666667,True,match
2220,other_coliform,1200.0,1200.0,True,match
2221,other_coliform,1100.0,1100.0,True,match
2222,other_coliform,800.0,800.0,True,match
2223,other_coliform,633.3333333,633.3333333333333,True,match
2224,other_coliform,50.0,50.0,True,match
2225,other_coliform,2400.0,2400.0,True,match
2226,other_coliform,7533.333333,7533.333333333333,True,match
2227,other_coliform,6933.333333,6933.333333333333,True,match
2228,other_coliform,29733.33333,29733.333333333332,True,match
2229,other_coliform,2866.666667,2866.666666666667,True,match
2230,other_coliform,2733.333333,2733.333333333333,True,match
2231,other_coliform,4233.333333,4233.333333333334,True,match
2232,other_coliform,133.3333333,133.33333333333331,True,match
2233,other_coliform,36200.0,36200.0,True,match
2234,other_coliform,19900.0,19900.0,True,match
2235,other_coliform,12933.33333,12933.333333333334,True,match
2236,other_coliform,9133.333333,9133.333333333332,True,match
2237,other_coliform,3866.666667,3866.6666666666665,True,match
2238,other_coliform,2433.333333,2433.333333333333,True,match
2239,other_coliform,4300.0,4300.0,True,match
2240,other_coliform,25000.0,25000.0,True,match
2241,other_coliform,25000.0,25000.0,True,match
2242,other_coliform,25000.0,25000.0,True,match
2243,other_coliform,21833.33333,21833.333333333336,True,match
2244,other_coliform,8733.333333,8733.333333333332,True,match
2245,other_coliform,3666.666667,3666.6666666666665,True,match
2246,other_coliform,1200.0,1200.0,True,match
2247,other_coliform,1933.333333,1933.3333333333333,True,match
2248,other_coliform,1933.333333,1933.3333333333333,True,match
2249,other_coliform,6933.333333,6933.333333333333,True,match
2250,other_coliform,700.0,700.0,True,match
2251,other_coliform,1033.333333,1033.3333333333335,True,match
2252,other_coliform,2533.333333,2533.333333333333,True,match
2253,other_coliform,966.6666667,966.6666666666666,True,match
2254,other_coliform,3166.666667,3166.666666666667,True,match
2255,other_coliform,2700.0,2700.0,True,match
2256,other_coliform,2566.666667,2566.666666666667,True,match
2257,other_coliform,2600.0,2600.0,True,match
2258,other_coliform,1566.666667,1566.6666666666665,True,match
2259,other_coliform,600.0,600.0,True,match
2260,other_coliform,1166.666667,1166.6666666666665,True,match
2261,other_coliform,466.6666667,466.6666666666667,True,match
2262,other_coliform,1233.333333,1233.3333333333335,True,match
2263,other_coliform,766.6666667,766.6666666666667,True,match
2264,other_coliform,1533.333333,1533.3333333333335,True,match
2265,other_coliform,1333.333333,1333.3333333333335,True,match
2266,other_coliform,833.3333333,833.3333333333334,True,match
2267,other_coliform,1300.0,1300.0,True,match
2268,other_coliform,1600.0,1600.0,True,match
2269,other_coliform,1166.666667,1166.6666666666665,True,match
2270,other_coliform,3300.0,3300.0,True,match
2271,other_coliform,2266.666667,2266.666666666667,True,match
2272,other_coliform,2666.666667,2666.666666666667,True,match
2273,other_coliform,6800.0,6800.0,True,match
2274,other_coliform,100.0,100.0,True,match
2275,other_coliform,3666.666667,3666.6666666666665,True,match
2276,other_coliform,1100.0,1100.0,True,match
2277,other_coliform,400.0,400.0,True,match
2278,other_coliform,29766.67,29766.666666666668,True,match
2279,other_coliform,7966.67,7966.666666666667,True,match
2280,other_coliform,2866.67,2866.666666666667,True,match
2281,other_coliform,2733.33,2733.333333333333,True,match
2282,other_coliform,433.33,433.3333333333333,True,match
2283,other_coliform,1233.33,1233.3333333333335,True,match
2284,other_coliform,700.0,700.0,True,match
2285,other_coliform,966.67,966.6666666666666,True,match
2286,other_coliform,2833.33,2833.333333333333,True,match
2287,other_coliform,5100.0,5100.0,True,match
2288,other_coliform,2266.67,2266.666666666667,True,match
2289,other_coliform,14300.0,14300.0,True,match
2290,other_coliform,7066.67,7066.666666666667,True,match
2291,other_coliform,9966.67,9966.666666666668,True,match
2292,other_coliform,966.67,966.6666666666666,True,match
2296,other_coliform,1033.333333,1033.3333333333335,True,match
2297,other_coliform,400.0,400.0,True,match
2298,other_coliform,1666.666667,1666.6666666666667,True,match
2299,other_coliform,10366.66667,10366.666666666668,True,match
2300,other_coliform,5066.666667,5066.666666666666,True,match
2301,other_coliform,4600.0,4600.0,True,match
2303,other_coliform,1233.333333,1233.3333333333335,True,match
2304,other_coliform,3366.666667,3366.6666666666665,True,match
2305,other_coliform,6366.666667,6366.666666666666,True,match
2306,other_coliform,1633.333333,1633.3333333333333,True,match
2307,other_coliform,6133.333333,6133.333333333334,True,match
2308,other_coliform,2333.333333,2333.333333333333,True,match
2309,other_coliform,3033.333333,3033.333333333333,True,match
2310,other_coliform,3533.333333,3533.3333333333335,True,match
2311,other_coliform,3800.0,3800.0,True,match
2312,other_coliform,11166.66667,11166.666666666668,True,match
2313,other_coliform,6200.0,6200.0,True,match
2314,other_coliform,12733.33333,12733.333333333332,True,match
2315,other_coliform,4766.666667,4766.666666666666,True,match
2316,other_coliform,1833.333333,1833.3333333333333,True,match
2317,other_coliform,1333.333333,1333.3333333333335,True,match
2318,other_coliform,2366.666667,2366.666666666667,True,match
2319,other_coliform,0.0,0.0,True,match
2320,other_coliform,1266.666667,1266.6666666666665,True,match
2321,other_coliform,700.0,700.0,True,match
2322,other_coliform,4366.666667,4366.666666666666,True,match
2323,other_coliform,666.6666667,666.6666666666667,True,match
2324,other_coliform,733.3333333,733.3333333333333,True,match
2325,other_coliform,1766.666667,1766.6666666666667,True,match
2326,other_coliform,466.6666667,466.6666666666667,True,match
2327,other_coliform,1300.0,1300.0,True,match
2328,other_coliform,933.3333333,933.3333333333334,True,match
2329,other_coliform,1900.0,1900.0,True,match
2330,other_coliform,400.0,400.0,True,match
2331,other_coliform,3733.333333,3733.3333333333335,True,match
2332,other_coliform,1533.333333,1533.3333333333335,True,match
2333,other_coliform,133.3333333,133.33333333333331,True,match
2334,other_coliform,6666.666667,6666.666666666667,True,match
2335,other_coliform,1100.0,1100.0,True,match
2336,other_coliform,0.0,0.0,True,match
2337,other_coliform,566.6666667,566.6666666666667,True,match
2338,other_coliform,566.6666667,566.6666666666667,True,match
2339,other_coliform,4466.666667,4466.666666666666,True,match
2340,other_coliform,1200.0,1200.0,True,match
2341,other_coliform,1100.0,1100.0,True,match
2342,other_coliform,0.0,0.0,True,match
2343,other_coliform,233.3333333,233.33333333333334,True,match
2344,other_coliform,1166.666667,1166.6666666666665,True,match
2345,other_coliform,0.0,0.0,True,match
2346,other_coliform,866.6666667,866.6666666666666,True,match
2347,other_coliform,0.0,0.0,True,match
2348,other_coliform,1433.333333,1433.3333333333335,True,match
2349,other_coliform,1066.666667,1066.6666666666665,True,match
2350,other_coliform,7800.0,7800.0,True,match
2351,other_coliform,4433.333333,4433.333333333334,True,match
2352,other_coliform,10766.66667,10766.666666666668,True,match
2353,other_coliform,233.3333333,233.33333333333334,True,match
2354,other_coliform,6733.333333,6733.333333333333,True,match
2355,other_coliform,200.0,200.0,True,match
2356,other_coliform,6733.333333,6733.333333333333,True,match
2357,other_coliform,233.3333333,233.33333333333334,True,match
2358,other_coliform,200.0,200.0,True,match
2359,other_coliform,6733.333333,6733.333333333333,True,match
2360,other_coliform,2200.0,2200.0,True,match
2361,other_coliform,5300.0,5300.0,True,match
2362,other_coliform,4000.0,4000.0,True,match
2363,other_coliform,2733.333333,2733.333333333333,True,match
2364,other_coliform,3966.666667,3966.6666666666665,True,match
2365,other_coliform,333.3333333,333.33333333333337,True,match
2366,other_coliform,533.3333333,533.3333333333333,True,match
2367,other_coliform,966.6666667,966.6666666666666,True,match
2368,other_coliform,2800.0,2800.0,True,match
2369,other_coliform,3000.0,3000.0,True,match
2370,other_coliform,4200.0,4200.0,True,match
2371,other_coliform,0.0,0.0,True,match
2372,other_coliform,0.0,0.0,True,match
2373,other_coliform,0.0,0.0,True,match
2374,other_coliform,0.0,0.0,True,match
2375,other_coliform,0.0,0.0,True,match
2376,other_coliform,166.6666667,166.66666666666669,True,match
2377,other_coliform,0.0,0.0,True,match
2378,other_coliform,0.0,0.0,True,match
2379,other_coliform,0.0,0.0,True,match
2392,other_coliform,700.0,700.0,True,match
2397,other_coliform,633.33,633.3333333333333,True,match
2398,other_coliform,1233.33,1233.3333333333335,True,match
2399,other_coliform,2066.67,2066.666666666667,True,match
2400,other_coliform,533.33,533.3333333333333,True,match
2401,other_coliform,933.33,933.3333333333334,True,match
2403,other_coliform,900.0,900.0,True,match
2404,other_coliform,400.0,400.0,True,match
2405,other_coliform,533.33,533.3333333333333,True,match
2406,other_coliform,133.33,133.33333333333331,True,match
2407,other_coliform,0.0,0.0,True,match
2408,other_coliform,733.3333333,733.3333333333333,True,match
2409,other_coliform,1566.666667,1566.6666666666665,True,match
2410,other_coliform,1400.0,1400.0,True,match
2413,other_coliform,6666.666667,6666.666666666667,True,match
2414,other_coliform,3000.0,3000.0,True,match
2415,other_coliform,1933.333333,1933.3333333333333,True,match
2416,other_coliform,2533.333333,2533.333333333333,True,match
2417,other_coliform,2588.888889,2588.888888888889,True,match
2418,other_coliform,3166.666667,3166.666666666667,True,match
2419,other_coliform,2566.666667,2566.666666666667,True,match
2420,other_coliform,6700.0,6700.0,True,match
2421,other_coliform,1616.666667,1616.6666666666667,True,match
2422,other_coliform,4166.666667,4166.666666666666,True,match
2423,other_coliform,3366.666667,3366.6666666666665,True,match
2424,other_coliform,2833.333333,2833.333333333333,True,match
2425,other_coliform,8766.666667,8766.666666666668,True,match
2426,other_coliform,3200.0,3200.0,True,match
2427,other_coliform,2666.666667,2666.666666666667,True,match
2428,other_coliform,2300.0,2300.0,True,match
2429,other_coliform,2700.0,2700.0,True,match
2430,other_coliform,1133.333333,1133.3333333333335,True,match
2431,other_coliform,25000.0,25000.0,True,match
2432,other_coliform,6433.333333,6433.333333333333,True,match
2433,other_coliform,3900.0,3900.0,True,match
2434,other_coliform,3200.0,3200.0,True,match
2435,other_coliform,3000.0,3000.0,True,match
2436,other_coliform,766.6666667,766.6666666666667,True,match
2437,other_coliform,1133.333333,1133.3333333333335,True,match
2438,other_coliform,7566.666667,7566.666666666667,True,match
2439,other_coliform,1966.666667,1966.6666666666667,True,match
2440,other_coliform,1333.333333,1333.3333333333335,True,match
2441,other_coliform,4533.333333,4533.333333333334,True,match
2442,other_coliform,3333.333333,3333.3333333333335,True,match
2443,other_coliform,33.33333333,33.33333333333333,True,match
2444,other_coliform,1300.0,1300.0,True,match
2445,other_coliform,2300.0,2300.0,True,match
2446,other_coliform,5233.333333,5233.333333333334,True,match
2447,other_coliform,6666.666667,6666.666666666667,True,match
2448,other_coliform,5566.666667,5566.666666666666,True,match
2449,other_coliform,1366.666667,1366.6666666666665,True,match
2450,other_coliform,3633.333333,3633.3333333333335,True,match
2451,other_coliform,3933.333333,3933.3333333333335,True,match
2452,other_coliform,2200.0,2200.0,True,match
2453,other_coliform,900.0,900.0,True,match
2454,other_coliform,7566.666667,7566.666666666667,True,match
2455,other_coliform,2500.0,2500.0,True,match
2456,other_coliform,2500.0,2500.0,True,match
2457,other_coliform,7566.666667,7566.666666666667,True,match
2458,other_coliform,2966.666667,2966.666666666667,True,match
2459,other_coliform,3900.0,3900.0,True,match
2460,other_coliform,4833.333333,4833.333333333334,True,match
2461,other_coliform,7300.0,7300.0,True,match
2462,other_coliform,7000.0,7000.0,True,match
2463,other_coliform,3866.666667,3866.6666666666665,True,match
2464,other_coliform,0.0,0.0,True,match
2465,other_coliform,0.0,0.0,True,match
2466,other_coliform,0.0,0.0,True,match
2467,other_coliform,2266.666667,2266.666666666667,True,match
2468,other_coliform,3100.0,3100.0,True,match
2469,other_coliform,3400.0,3400.0,True,match
2470,other_coliform,1166.666667,1166.6666666666665,True,match
2471,other_coliform,2333.333333,2333.333333333333,True,match
2472,other_coliform,2100.0,2100.0,True,match
2473,other_coliform,1233.333333,1233.3333333333335,True,match
2474,other_coliform,10933.33333,10933.333333333332,True,match
2475,other_coliform,3266.666667,3266.6666666666665,True,match
2476,other_coliform,6333.333333,6333.333333333334,True,match
2477,other_coliform,1466.666667,1466.6666666666665,True,match
2478,other_coliform,1900.0,1900.0,True,match
2479,other_coliform,1466.666667,1466.6666666666665,True,match
2480,other_coliform,3900.0,3900.0,True,match
2481,other_coliform,4866.666667,4866.666666666666,True,match
2482,other_coliform,866.6666667,866.6666666666666,True,match
2483,other_coliform,1500.0,1500.0,True,match
2484,other_coliform,2933.333333,2933.333333333333,True,match
2485,other_coliform,300.0,300.0,True,match
2486,other_coliform,4266.666667,4266.666666666666,True,match
2487,other_coliform,3966.666667,3966.6666666666665,True,match
2488,other_coliform,1066.666667,1066.6666666666665,True,match
2489,other_coliform,1266.666667,1266.6666666666665,True,match
2490,other_coliform,3266.666667,3266.6666666666665,True,match
2491,other_coliform,5100.0,5100.0,True,match
2492,other_coliform,1333.333333,1333.3333333333335,True,match
2493,other_coliform,900.0,900.0,True,match
2494,other_coliform,5566.666667,5566.666666666666,True,match
2495,other_coliform,6333.333333,6333.333333333334,True,match
2496,other_coliform,0.0,0.0,True,match
2497,other_coliform,0.0,0.0,True,match
2498,other_coliform,0.0,0.0,True,match
2499,other_coliform,0.0,0.0,True,match
2500,other_coliform,0.0,0.0,True,match
2501,other_coliform,0.0,0.0,True,match
2502,other_coliform,7033.333333,7033.333333333333,True,match
2503,other_coliform,2300.0,2300.0,True,match
2504,other_coliform,3533.333333,3533.3333333333335,True,match
2505,other_coliform,3233.333333,3233.3333333333335,True,match
2506,other_coliform,1466.666667,1466.6666666666665,True,match
2507,other_coliform,1033.333333,1033.3333333333335,True,match
2508,other_coliform,1033.333333,1033.3333333333335,True,match
2509,other_coliform,3900.0,3900.0,True,match
2523,other_coliform,400.0,400.0,True,match
