site,date,issue_date,actual,target_age_days,target,predicted,baseline_predicted,experimental_tail_probability,actual_tail_event,experimental_flag,error,baseline_error,source_error,season,year,history_age,event_group,site_training_status,extreme_group
5303321,2025-01-30,2025-01-23,50.7,33,oxygen_saturation,74.55601156975064,74.57,0.3470771051618572,1,False,23.856011569750635,23.86999999999999,23.856011569750635,winter,2025,10–35 days,historical_tail_event,seen_in_model_fit,within_training_5th_95th_percentiles
53033100,2025-04-15,2025-04-08,62.75,43,oxygen_saturation,82.7404007391324,80.995,0.0926163213918357,1,False,19.990400739132397,18.245000000000005,19.990400739132397,spring,2025,36–60 days,historical_tail_event,unseen_in_model_fit,within_training_5th_95th_percentiles
53033100,2025-04-16,2025-04-09,62.75,44,oxygen_saturation,82.7404007391324,80.995,0.0941163213918357,1,False,19.990400739132397,18.245000000000005,19.990400739132397,spring,2025,36–60 days,historical_tail_event,unseen_in_model_fit,within_training_5th_95th_percentiles
53033102,2026-03-26,2026-03-19,63.01,36,oxygen_saturation,80.00065998860275,77.96,0.123053224395692,1,False,16.99065998860275,14.949999999999996,16.99065998860275,spring,2026,36–60 days,historical_tail_event,unseen_in_model_fit,within_training_5th_95th_percentiles
5303361,2025-02-27,2025-02-20,74.16,35,oxygen_saturation,86.2671809842724,85.22166666666666,0.0159693742334022,1,False,12.107180984272404,11.061666666666667,12.107180984272404,winter,2025,10–35 days,historical_tail_event,seen_in_model_fit,within_training_5th_95th_percentiles
5303346,2026-01-04,2025-12-28,70.08,46,oxygen_saturation,82.02785164587064,82.57083333333334,0.1531087459963791,1,False,11.947851645870642,12.490833333333342,11.947851645870642,winter,2026,36–60 days,historical_tail_event,seen_in_model_fit,within_training_5th_95th_percentiles
5303384,2025-05-19,2025-05-12,67.9,23,oxygen_saturation,78.39572927510342,78.005,0.209808558869982,1,False,10.495729275103415,10.10499999999999,10.495729275103415,spring,2025,10–35 days,historical_tail_event,seen_in_model_fit,within_training_5th_95th_percentiles
5303346,2025-11-19,2025-11-12,72.71,25,oxygen_saturation,83.01367583866632,81.39642857142857,0.1537740936373253,1,False,10.303675838666322,8.686428571428578,10.303675838666322,autumn,2025,10–35 days,historical_tail_event,seen_in_model_fit,within_training_5th_95th_percentiles
5303361,2025-11-24,2025-11-17,74.06,41,oxygen_saturation,83.79927712856556,86.423,0.0577149411129073,1,False,9.739277128565561,12.363,9.739277128565561,autumn,2025,36–60 days,historical_tail_event,seen_in_model_fit,within_training_5th_95th_percentiles
241118183629,2026-01-30,2026-01-23,7666.67,28,other_coliform,0.0,0.0,0.1350839017826178,1,False,8.94476806724572,8.94476806724572,7666.67,winter,2026,10–35 days,historical_tail_event,unseen_in_model_fit,within_training_5th_95th_percentiles
53033104,2025-06-07,2025-05-31,74.65,34,oxygen_saturation,83.28984548466036,83.36,0.0714472683747016,1,False,8.639845484660356,8.709999999999994,8.639845484660356,summer,2025,10–35 days,historical_tail_event,unseen_in_model_fit,within_training_5th_95th_percentiles
5303397,2025-07-11,2025-07-04,74.68,12,oxygen_saturation,83.0868376260813,86.71,0.0707995932380999,1,False,8.406837626081298,12.029999999999987,8.406837626081298,summer,2025,10–35 days,historical_tail_event,seen_in_model_fit,within_training_5th_95th_percentiles
53033101,2025-07-25,2025-07-18,72.48,35,oxygen_saturation,80.28118412674253,82.475,0.2002143283764488,1,False,7.801184126742527,9.99499999999999,7.801184126742527,summer,2025,10–35 days,historical_tail_event,seen_in_model_fit,within_training_5th_95th_percentiles
5303305,2025-08-19,2025-08-12,71.91,22,oxygen_saturation,79.5604792103029,81.0076923076923,0.2281199622404224,1,False,7.650479210302905,9.097692307692299,7.650479210302905,summer,2025,10–35 days,historical_tail_event,seen_in_model_fit,within_training_5th_95th_percentiles
5303346,2025-01-02,2024-12-26,71.8,15,oxygen_saturation,79.323510914321,83.13250000000001,0.283611792087355,1,False,7.523510914321008,11.33250000000001,7.523510914321008,winter,2025,10–35 days,historical_tail_event,seen_in_model_fit,within_training_5th_95th_percentiles
53033103,2025-01-31,2025-01-24,2.15,43,dissolved_oxygen,8.676545069408322,7.900000000000001,0.2750061208510208,1,False,6.526545069408321,5.750000000000002,6.526545069408321,winter,2025,36–60 days,historical_tail_event,unseen_in_model_fit,outside_training_5th_95th_percentiles
5303361,2025-08-14,2025-08-07,75.39,16,oxygen_saturation,81.53731557548959,87.77333333333335,0.158975098269707,1,False,6.147315575489586,12.383333333333354,6.147315575489586,summer,2025,10–35 days,historical_tail_event,seen_in_model_fit,within_training_5th_95th_percentiles
5303354,2025-08-20,2025-08-13,71.34,34,oxygen_saturation,77.06685533198747,81.00916666666667,0.3689451465666322,1,False,5.7268553319874655,9.66916666666667,5.7268553319874655,summer,2025,10–35 days,historical_tail_event,seen_in_model_fit,within_training_5th_95th_percentiles
5303397,2025-06-29,2025-06-22,0.3,14,conductivity,263.64595715034187,284.79971969145447,0.1805929919137466,1,False,5.316028657507247,5.392927020242121,263.34595715034186,summer,2025,10–35 days,historical_tail_event,unseen_in_model_fit,outside_training_5th_95th_percentiles
5303354,2025-04-19,2025-04-12,74.07,30,oxygen_saturation,79.03949469142627,78.69916666666667,0.1270133093425133,1,False,4.969494691426277,4.629166666666677,4.969494691426277,spring,2025,10–35 days,historical_tail_event,seen_in_model_fit,within_training_5th_95th_percentiles
53033100,2026-03-22,2026-03-15,15.0,92,water_temperature,10.087732619732892,10.05,0.0142194065787716,1,False,4.912267380267108,4.949999999999999,4.912267380267108,spring,2026,61–120 days,historical_tail_event,unseen_in_model_fit,within_training_5th_95th_percentiles
5306103,2026-02-23,2026-02-16,70.21,26,oxygen_saturation,74.9092924484689,73.03500000000001,0.362039586573303,1,False,4.69929244846891,2.825000000000017,4.69929244846891,winter,2026,10–35 days,historical_tail_event,seen_in_model_fit,within_training_5th_95th_percentiles
5303354,2025-06-18,2025-06-11,71.52,28,oxygen_saturation,76.20973630734245,78.02416666666667,0.2431619934982484,1,False,4.689736307342457,6.504166666666677,4.689736307342457,summer,2025,10–35 days,historical_tail_event,seen_in_model_fit,within_training_5th_95th_percentiles
5303320,2026-02-01,2026-01-25,900.0,27,ecoli,7.531448136877012,7.345062275336162,0.2323600973236009,1,False,4.659746140657396,4.681835237929675,892.468551863123,winter,2026,10–35 days,historical_tail_event,seen_in_model_fit,within_training_5th_95th_percentiles
5303305,2025-05-27,2025-05-20,17.5,42,water_temperature,12.905361071544776,12.461538461538462,0.2005177807650055,1,False,4.594638928455224,5.038461538461538,4.594638928455224,spring,2025,36–60 days,historical_tail_event,seen_in_model_fit,within_training_5th_95th_percentiles
241118181240,2026-01-31,2026-01-24,400.0,28,ecoli,3.2483721156458607,1.0283120029293755,0.2323600973236009,1,False,4.547425549358328,5.286757505812649,396.75162788435415,winter,2026,10–35 days,historical_tail_event,unseen_in_model_fit,within_training_5th_95th_percentiles
241118183629,2026-01-30,2026-01-23,1300.0,28,ecoli,13.6100212034247,73.12578505165624,0.2323600973236009,1,False,4.489180801455625,2.8651250303345943,1286.3899787965754,winter,2026,10–35 days,historical_tail_event,unseen_in_model_fit,outside_training_5th_95th_percentiles
241118182616,2026-01-30,2026-01-23,1366.67,28,ecoli,14.35958689392276,138.17611519357723,0.2323600973236009,1,False,4.489124008581202,2.2851236940874724,1352.3104131060772,winter,2026,10–35 days,historical_tail_event,unseen_in_model_fit,outside_training_5th_95th_percentiles
5303396,2026-01-11,2026-01-04,1011.11,42,ecoli,10.519257422842044,2.0034234905041965,0.2323600973236009,1,False,4.475772346225257,5.820039738055262,1000.5907425771579,winter,2026,36–60 days,historical_tail_event,seen_in_model_fit,within_training_5th_95th_percentiles
5303397,2025-09-21,2025-09-14,833.33,28,ecoli,10.990429869698904,7.951165381622109,0.2323600973236009,1,False,4.242520186801319,4.534845273502676,822.3395701303011,autumn,2025,10–35 days,historical_tail_event,seen_in_model_fit,within_training_5th_95th_percentiles
53033103,2025-04-29,2025-04-22,16.0,25,water_temperature,11.767671256996575,8.75,0.0338192402902974,1,False,4.232328743003425,7.25,4.232328743003425,spring,2025,10–35 days,historical_tail_event,unseen_in_model_fit,within_training_5th_95th_percentiles
53033105,2025-05-21,2025-05-14,577.78,36,ecoli,7.90719173398567,22.45801355613897,0.2323600973236009,1,False,4.17406342947837,3.2057102739211962,569.8728082660143,spring,2025,36–60 days,historical_tail_event,unseen_in_model_fit,within_training_5th_95th_percentiles
53033102,2025-04-29,2025-04-22,15.0,25,water_temperature,10.904922620823209,7.5,0.0505109103482706,1,False,4.095077379176791,7.5,4.095077379176791,spring,2025,10–35 days,historical_tail_event,unseen_in_model_fit,within_training_5th_95th_percentiles
5303384,2025-11-24,2025-11-17,611.11,41,ecoli,10.073995080018904,9.577831912245536,0.2323600973236009,1,False,4.012312430804902,4.058151522721068,601.0360049199811,autumn,2025,36–60 days,historical_tail_event,seen_in_model_fit,within_training_5th_95th_percentiles
53033101,2025-11-14,2025-11-07,1383.33,35,ecoli,25.49633795685819,100.00000000000004,0.2323600973236009,1,False,3.955965013926061,2.6178510302205797,1357.8336620431417,autumn,2025,10–35 days,historical_tail_event,unseen_in_model_fit,outside_training_5th_95th_percentiles
5303391,2025-06-07,2025-05-31,616.67,44,ecoli,10.921521915816538,6.70697083331126,0.2323600973236009,1,False,3.94760900326825,4.383829111909321,605.7484780841834,summer,2025,36–60 days,historical_tail_event,seen_in_model_fit,within_training_5th_95th_percentiles
53033104,2025-08-19,2025-08-12,75.21,39,oxygen_saturation,79.12042209304718,80.97,0.2635483449303399,1,False,3.9104220930471882,5.760000000000005,3.9104220930471882,summer,2025,36–60 days,historical_tail_event,unseen_in_model_fit,within_training_5th_95th_percentiles
5303306,2025-12-06,2025-11-29,1033.33,55,ecoli,23.088439999901073,15.590283881604211,0.2323600973236009,1,False,3.759777095722166,4.132691937421748,1010.2415600000988,winter,2025,36–60 days,historical_tail_event,seen_in_model_fit,within_training_5th_95th_percentiles
5303393,2025-07-04,2025-06-27,266.67,14,ecoli,5.332704774678938,2.2659863240170903,0.2323600973236009,1,False,3.7440274390314494,4.406193071341676,261.3372952253211,summer,2025,10–35 days,historical_tail_event,seen_in_model_fit,within_training_5th_95th_percentiles
5303391,2026-03-14,2026-03-07,266.67,16,ecoli,5.857964513717523,3.594793419988139,0.2323600973236009,1,False,3.66434419890995,4.0648310812693556,260.81203548628247,spring,2026,10–35 days,historical_tail_event,seen_in_model_fit,within_training_5th_95th_percentiles
53033104,2025-12-20,2025-12-13,433.33,100,ecoli,10.764219973725368,100.00000000000004,0.2323600973236009,1,False,3.6087418944246856,1.458684096988942,422.56578002627464,winter,2025,61–120 days,historical_tail_event,unseen_in_model_fit,within_training_5th_95th_percentiles
241118182150,2025-04-06,2025-03-30,666.67,35,ecoli,17.66866033907475,133.32999999999996,0.2323600973236009,1,False,3.576947839253563,1.6034945804215575,649.0013396609252,spring,2025,10–35 days,historical_tail_event,unseen_in_model_fit,within_training_5th_95th_percentiles
241118182520,2025-06-12,2025-06-05,5733.33,39,ecoli,160.161487875358,299.99999999999966,0.2323600973236009,1,False,3.5718193036673638,2.947115931485926,5573.168512124642,summer,2025,36–60 days,historical_tail_event,unseen_in_model_fit,outside_training_5th_95th_percentiles
241118183206,2026-02-28,2026-02-21,213.3,33,turbidity_reported,5.24,5.24,0.0967048163262113,1,False,3.536396720098195,3.536396720098195,208.06,winter,2026,10–35 days,historical_tail_event,unseen_in_model_fit,outside_training_5th_95th_percentiles
241118181609,2026-01-31,2026-01-24,666.67,28,ecoli,20.814642229788593,133.06886077860327,0.2323600973236009,1,False,3.421212633248442,1.6054404851324824,645.8553577702114,winter,2026,10–35 days,historical_tail_event,unseen_in_model_fit,within_training_5th_95th_percentiles
251204215153,2026-03-06,2026-02-27,2033.33,35,ecoli,68.23415462333112,181.2638502281788,0.2323600973236009,1,False,3.3804275005546334,2.4124664415703414,1965.0958453766689,spring,2026,10–35 days,historical_tail_event,unseen_in_model_fit,outside_training_5th_95th_percentiles
241118181609,2025-07-12,2025-07-05,1666.67,35,ecoli,58.395133745379304,57.88403858432266,0.2323600973236009,1,False,3.3349704220845924,3.3436126594633873,1608.2748662546207,summer,2025,10–35 days,historical_tail_event,unseen_in_model_fit,outside_training_5th_95th_percentiles
53033105,2025-07-15,2025-07-08,2144.44,34,ecoli,76.67404818477151,49.69601956761501,0.2323600973236009,1,False,3.3185787371442093,3.7452525405307244,2067.7659518152286,summer,2025,10–35 days,historical_tail_event,unseen_in_model_fit,outside_training_5th_95th_percentiles
5303391,2025-08-03,2025-07-27,377.78,17,ecoli,13.42051727197855,4.025083685375754,0.2323600973236009,1,False,3.2683035585509925,4.322513453995002,364.3594827280214,summer,2025,10–35 days,historical_tail_event,seen_in_model_fit,within_training_5th_95th_percentiles
251204220155,2026-03-06,2026-02-27,1333.33,35,ecoli,50.79137272630455,156.73467881223837,0.2323600973236009,1,False,3.24896098648568,2.135270198709155,1282.5386272736953,spring,2026,10–35 days,historical_tail_event,unseen_in_model_fit,outside_training_5th_95th_percentiles
241118182407,2025-04-06,2025-03-30,566.67,35,ecoli,21.638906327180717,100.00000000000004,0.2323600973236009,1,False,3.2218703189031124,1.726419747126684,545.0310936728192,spring,2025,10–35 days,historical_tail_event,unseen_in_model_fit,within_training_5th_95th_percentiles
251204213047,2026-02-28,2026-02-21,140.2,57,turbidity_reported,4.654423047491228,4.654423047491228,0.1585197664492086,1,False,3.217739245896473,3.217739245896473,135.54557695250875,winter,2026,36–60 days,historical_tail_event,unseen_in_model_fit,outside_training_5th_95th_percentiles
5303391,2025-01-04,2024-12-28,5516.0,27,conductivity,224.2446396649917,287.4649025444864,0.1805929919137466,1,False,3.19840241433688,2.9510160896832938,5291.755360335008,winter,2025,10–35 days,historical_tail_event,unseen_in_model_fit,outside_training_5th_95th_percentiles
5303391,2026-03-14,2026-03-07,3550.0,16,other_coliform,144.43999999999997,144.43999999999997,0.0324423345626814,1,False,3.1952209025139187,3.1952209025139187,3405.56,spring,2026,10–35 days,historical_tail_event,seen_in_model_fit,within_training_5th_95th_percentiles
5303397,2026-02-07,2026-01-31,433.33,84,ecoli,18.463670536564436,3.2410248996826403,0.2323600973236009,1,False,3.1052549353025345,4.628999652173036,414.86632946343553,winter,2026,61–120 days,historical_tail_event,seen_in_model_fit,within_training_5th_95th_percentiles
53033100,2025-01-29,2025-01-22,65.0,64,turbidity_legacy,2.0000000000000004,2.0000000000000004,0.1087256568581122,1,False,3.091042453358315,3.091042453358315,63.0,winter,2025,61–120 days,historical_tail_event,unseen_in_model_fit,outside_training_5th_95th_percentiles
5303306,2025-12-06,2025-11-29,65.0,34,turbidity_legacy,2.0000000000000004,2.0000000000000004,0.140842457527255,1,False,3.091042453358315,3.091042453358315,63.0,winter,2025,10–35 days,historical_tail_event,seen_in_model_fit,outside_training_5th_95th_percentiles
5303391,2025-12-04,2025-11-27,300.0,25,ecoli,14.354703097970752,4.499113168673397,0.2323600973236009,1,False,2.9756884468964486,4.002523427570731,285.64529690202926,winter,2025,10–35 days,historical_tail_event,seen_in_model_fit,within_training_5th_95th_percentiles
5303305,2025-09-21,2025-09-14,3100.0,34,ecoli,173.18944880182949,300.52614299427813,0.2323600973236009,1,False,2.879336425966338,2.33062319692685,2926.8105511981703,autumn,2025,10–35 days,historical_tail_event,seen_in_model_fit,outside_training_5th_95th_percentiles
241118182046,2025-05-04,2025-04-27,333.33,28,ecoli,18.06066085177557,4.859180830116099,0.2323600973236009,1,False,2.8645019593481043,4.044118725419594,315.2693391482244,spring,2025,10–35 days,historical_tail_event,unseen_in_model_fit,within_training_5th_95th_percentiles
5303396,2026-04-05,2026-03-29,355.56,14,ecoli,19.490441007872096,7.016781145289274,0.2323600973236009,1,False,2.856544043540921,3.7949655407789353,336.0695589921279,spring,2026,10–35 days,historical_tail_event,seen_in_model_fit,within_training_5th_95th_percentiles
241118181609,2025-06-07,2025-05-31,500.0,35,ecoli,28.819641855952035,33.32999999999998,0.2323600973236009,1,False,2.821438802016504,2.6805864936152646,471.18035814404794,summer,2025,10–35 days,historical_tail_event,unseen_in_model_fit,within_training_5th_95th_percentiles
5303346,2025-04-08,2025-04-01,783.33,14,ecoli,45.785129481697815,33.38692310301063,0.2323600973236009,1,False,2.8192644438424304,3.1271535004038804,737.5448705183022,spring,2025,10–35 days,historical_tail_event,seen_in_model_fit,within_training_5th_95th_percentiles
241118182520,2025-04-06,2025-03-30,1166.67,35,ecoli,68.81150461381729,100.00000000000004,0.2323600973236009,1,False,2.816966770487169,2.447645072380018,1097.8584953861828,spring,2025,10–35 days,historical_tail_event,unseen_in_model_fit,within_training_5th_95th_percentiles
241118182407,2025-06-12,2025-06-05,1100.0,39,ecoli,65.16302530335263,100.00000000000004,0.2323600973236009,1,False,2.811852359976627,2.38885361988142,1034.8369746966473,summer,2025,36–60 days,historical_tail_event,unseen_in_model_fit,within_training_5th_95th_percentiles
5303354,2025-11-19,2025-11-12,73.83,35,oxygen_saturation,76.62296323590768,76.25583333333334,0.2600848028948708,1,False,2.7929632359076777,2.425833333333344,2.7929632359076777,autumn,2025,10–35 days,historical_tail_event,seen_in_model_fit,within_training_5th_95th_percentiles
5303346,2026-01-04,2025-12-28,250.0,46,ecoli,14.949767389437696,17.1584257850355,0.2323600973236009,1,False,2.7560086937415873,2.626318255562134,235.05023261056232,winter,2026,36–60 days,historical_tail_event,seen_in_model_fit,within_training_5th_95th_percentiles
53033105,2025-03-22,2025-03-15,11.4,28,conductivity,187.50601067366117,159.80111939908883,0.1805929919137466,1,False,2.721433420631623,2.5624718455467637,176.10601067366116,spring,2025,10–35 days,historical_tail_event,unseen_in_model_fit,outside_training_5th_95th_percentiles
241118182520,2026-02-19,2026-02-12,22.98,46,turbidity_reported,0.5900749387963481,0.5900749387963481,0.1368007605853848,1,False,2.713439003159416,2.713439003159416,22.389925061203652,winter,2026,36–60 days,historical_tail_event,unseen_in_model_fit,within_training_5th_95th_percentiles
5303384,2025-05-19,2025-05-12,300.0,23,ecoli,19.106291597116925,9.835990906160765,0.2323600973236009,1,False,2.706077483880815,3.3242371797511145,280.8937084028831,spring,2025,10–35 days,historical_tail_event,seen_in_model_fit,within_training_5th_95th_percentiles
241118182150,2025-06-12,2025-06-05,1133.33,39,ecoli,76.7673131966532,133.32999999999996,0.2323600973236009,1,False,2.6800762432040877,2.133497988169954,1056.5626868033467,summer,2025,36–60 days,historical_tail_event,unseen_in_model_fit,within_training_5th_95th_percentiles
5303393,2025-05-22,2025-05-15,14.5,11,water_temperature,11.843719602601784,10.166666666666666,0.0731097106468222,1,False,2.6562803973982163,4.333333333333334,2.6562803973982163,spring,2025,10–35 days,historical_tail_event,seen_in_model_fit,within_training_5th_95th_percentiles
53033105,2026-01-27,2026-01-20,11.0,42,conductivity,168.10283143409302,154.12195975450314,0.1805929919137466,1,False,2.645600350116465,2.559304994863026,157.10283143409302,winter,2026,36–60 days,historical_tail_event,unseen_in_model_fit,outside_training_5th_95th_percentiles
5303394,2025-08-10,2025-08-03,333.33,23,ecoli,22.76270937826744,6.0094470785099805,0.2323600973236009,1,False,2.644011010089136,3.864869707322918,310.5672906217325,summer,2025,10–35 days,historical_tail_event,seen_in_model_fit,within_training_5th_95th_percentiles
241118183308,2026-01-30,2026-01-23,217.1,28,turbidity_reported,14.799462016454449,14.799462016454449,0.1565239509652111,1,False,2.6249777833458534,2.6249777833458534,202.30053798354555,winter,2026,10–35 days,historical_tail_event,unseen_in_model_fit,outside_training_5th_95th_percentiles
241118183206,2025-07-12,2025-07-05,6833.33,71,other_coliform,499.9999999999999,499.9999999999999,0.1142552447355538,1,False,2.613107618396451,2.613107618396451,6333.33,summer,2025,61–120 days,historical_tail_event,unseen_in_model_fit,within_training_5th_95th_percentiles
5303346,2025-10-25,2025-10-18,1133.33,10,ecoli,83.00102833596036,93.8698421180218,0.2323600973236009,1,False,2.6029684063817298,2.4812915780343516,1050.3289716640395,autumn,2025,10–35 days,historical_tail_event,seen_in_model_fit,within_training_5th_95th_percentiles
241118182616,2026-03-06,2026-02-27,2333.33,35,ecoli,172.9665769797884,174.8051462557339,0.2323600973236009,1,False,2.596616996586409,2.586103932849749,2160.3634230202115,spring,2026,10–35 days,historical_tail_event,unseen_in_model_fit,outside_training_5th_95th_percentiles
5303391,2025-10-12,2025-10-05,800.0,31,ecoli,59.12490205097186,5.500000000000001,0.2323600973236009,1,False,2.5894368477336265,4.814058770166768,740.8750979490281,autumn,2025,10–35 days,historical_tail_event,seen_in_model_fit,within_training_5th_95th_percentiles
5303321,2025-01-30,2025-01-23,7.0,33,dissolved_oxygen,9.51415410047152,9.09,0.1148075752554805,1,False,2.5141541004715204,2.09,2.5141541004715204,winter,2025,10–35 days,historical_tail_event,seen_in_model_fit,within_training_5th_95th_percentiles
5306103,2025-10-27,2025-10-20,72.36,33,oxygen_saturation,74.85861903902601,72.67545454545456,0.3619090480021842,1,False,2.4986190390260106,0.315454545454557,2.4986190390260106,autumn,2025,10–35 days,historical_tail_event,seen_in_model_fit,within_training_5th_95th_percentiles
5303318,2025-10-11,2025-10-04,1733.33,22,ecoli,143.8371031073629,264.28141048036287,0.2323600973236009,1,False,2.482766766594409,1.8775852617699584,1589.492896892637,autumn,2025,10–35 days,historical_tail_event,seen_in_model_fit,outside_training_5th_95th_percentiles
241118181741,2025-04-05,2025-03-29,366.67,35,ecoli,31.019744732261007,66.67000000000003,0.2323600973236009,1,False,2.4408330613249003,1.6925428464832972,335.650255267739,spring,2025,10–35 days,historical_tail_event,unseen_in_model_fit,within_training_5th_95th_percentiles
53033105,2025-10-22,2025-10-15,15.3,35,conductivity,184.39416669122605,110.99999999999996,0.1805929919137466,1,False,2.4313190814541854,1.9273337634823773,169.09416669122604,autumn,2025,10–35 days,historical_tail_event,unseen_in_model_fit,outside_training_5th_95th_percentiles
241118181609,2026-01-03,2025-12-27,266.67,88,ecoli,22.82872624899833,92.26307436972913,0.2323600973236009,1,False,2.418863040392887,1.0543306220872184,243.8412737510017,winter,2026,61–120 days,historical_tail_event,unseen_in_model_fit,within_training_5th_95th_percentiles
5303396,2025-01-12,2025-01-05,10.0,28,turbidity_legacy,0.0,0.0,0.096026754522614,1,False,2.3978952727983707,2.3978952727983707,10.0,winter,2025,10–35 days,historical_tail_event,seen_in_model_fit,within_training_5th_95th_percentiles
5303387,2025-02-28,2025-02-21,6.05,30,dissolved_oxygen,8.439731897487492,4.9,0.2714151219554555,1,False,2.3897318974874926,1.1499999999999995,2.3897318974874926,winter,2025,10–35 days,historical_tail_event,seen_in_model_fit,within_training_5th_95th_percentiles
5306103,2025-06-21,2025-06-14,1711.11,32,ecoli,156.5194586679631,256.3205691051535,0.2323600973236009,1,False,2.385932809241491,1.8951591487705715,1554.5905413320368,summer,2025,10–35 days,historical_tail_event,seen_in_model_fit,outside_training_5th_95th_percentiles
53033101,2025-04-08,2025-04-01,533.33,33,ecoli,48.28161550742925,66.67000000000003,0.2323600973236009,1,False,2.38346252471842,2.066370675374669,485.0483844925708,spring,2025,10–35 days,historical_tail_event,unseen_in_model_fit,within_training_5th_95th_percentiles
241118181741,2026-01-03,2025-12-27,266.67,92,ecoli,24.255778584424537,30.85965219102699,0.2323600973236009,1,False,2.360699894134443,2.1284144908702896,242.41422141557547,winter,2026,61–120 days,historical_tail_event,unseen_in_model_fit,within_training_5th_95th_percentiles
5303391,2025-06-07,2025-05-31,15.8,14,water_temperature,13.471295824593687,11.54,0.3200956988115033,1,False,2.3287041754063136,4.260000000000002,2.3287041754063136,summer,2025,10–35 days,historical_tail_event,seen_in_model_fit,within_training_5th_95th_percentiles
241118182150,2025-07-12,2025-07-05,2200.0,30,ecoli,213.93593065714396,290.90674692442457,0.2323600973236009,1,False,2.3263270947522274,2.020232690112257,1986.064069342856,summer,2025,10–35 days,historical_tail_event,unseen_in_model_fit,outside_training_5th_95th_percentiles
241118182150,2025-05-04,2025-04-27,633.33,28,ecoli,62.690400987588866,133.32999999999996,0.2323600973236009,1,False,2.2985354634630593,1.552269864678565,570.6395990124112,spring,2025,10–35 days,historical_tail_event,unseen_in_model_fit,within_training_5th_95th_percentiles
53033105,2025-08-19,2025-08-12,18.8,35,conductivity,194.7135147942416,116.00000000000004,0.1805929919137466,1,False,2.290969993051085,1.7764919970972666,175.9135147942416,summer,2025,10–35 days,historical_tail_event,unseen_in_model_fit,outside_training_5th_95th_percentiles
53033105,2025-09-17,2025-09-10,18.3,29,conductivity,186.4098342138716,113.47270417003352,0.1805929919137466,1,False,2.273192749645056,1.780231307135586,168.10983421387158,autumn,2025,10–35 days,historical_tail_event,unseen_in_model_fit,outside_training_5th_95th_percentiles
241118182520,2025-03-02,2025-02-23,300.0,28,ecoli,30.231078812165684,100.00000000000004,0.2323600973236009,1,False,2.2656965499529975,1.0919897479076157,269.76892118783434,spring,2025,10–35 days,historical_tail_event,unseen_in_model_fit,within_training_5th_95th_percentiles
5303321,2026-01-28,2026-01-21,7.2,30,dissolved_oxygen,9.452625750920868,8.831818181818182,0.1987607476344032,1,False,2.252625750920868,1.6318181818181818,2.252625750920868,winter,2026,10–35 days,historical_tail_event,seen_in_model_fit,within_training_5th_95th_percentiles
5303319,2025-07-19,2025-07-12,800.0,98,ecoli,83.20948131606826,100.20673086368176,0.2323600973236009,1,False,2.252553427455614,2.068695681916031,716.7905186839317,summer,2025,61–120 days,historical_tail_event,seen_in_model_fit,within_training_5th_95th_percentiles
241118182616,2026-01-30,2026-01-23,3733.33,28,other_coliform,400.00000000000006,400.00000000000006,0.309073865259054,1,False,2.2313622699655973,2.2313622699655973,3333.33,winter,2026,10–35 days,historical_tail_event,unseen_in_model_fit,within_training_5th_95th_percentiles
5306101,2025-09-06,2025-08-30,16.5,47,water_temperature,14.287701469524697,12.72222222222222,0.3846899924808494,1,False,2.2122985304753033,3.7777777777777803,2.2122985304753033,autumn,2025,36–60 days,historical_tail_event,seen_in_model_fit,within_training_5th_95th_percentiles
5303392,2026-01-04,2025-12-28,80.0,44,turbidity_reported,8.000000000000002,8.000000000000002,0.0338672507963649,1,False,2.1972245773362196,2.1972245773362196,72.0,winter,2026,36–60 days,historical_tail_event,unseen_in_model_fit,outside_training_5th_95th_percentiles
53033105,2025-04-15,2025-04-08,14.5,24,conductivity,138.25353727485975,116.00000000000004,0.1805929919137466,1,False,2.1954562568924834,2.0213339108725554,123.75353727485975,spring,2025,10–35 days,historical_tail_event,unseen_in_model_fit,outside_training_5th_95th_percentiles
5303360,2025-05-19,2025-05-12,283.33,23,ecoli,30.875783001648305,66.67000000000003,0.2323600973236009,1,False,2.18828896749095,1.435492585181291,252.45421699835168,spring,2025,10–35 days,historical_tail_event,seen_in_model_fit,within_training_5th_95th_percentiles
53033101,2025-08-29,2025-08-22,6.2,35,dissolved_oxygen,8.386557003736188,9.6,0.3650596665534664,1,False,2.186557003736188,3.3999999999999995,2.186557003736188,summer,2025,10–35 days,historical_tail_event,seen_in_model_fit,within_training_5th_95th_percentiles
241118183629,2026-01-30,2026-01-23,82.05,119,turbidity_reported,8.60287246874369,8.60287246874369,0.1809026414589063,1,False,2.157380566847407,2.157380566847407,73.44712753125631,winter,2026,61–120 days,historical_tail_event,unseen_in_model_fit,outside_training_5th_95th_percentiles
5303392,2025-07-17,2025-07-10,433.33,15,ecoli,49.80258583702364,6.515435408041589,0.2323600973236009,1,False,2.145857358237629,4.056845653775147,383.52741416297636,summer,2025,10–35 days,historical_tail_event,seen_in_model_fit,within_training_5th_95th_percentiles
5303320,2025-08-03,2025-07-27,833.33,28,ecoli,98.91234293222324,52.80272340884245,0.2323600973236009,1,False,2.122335776652343,2.7413049206811886,734.4176570677768,summer,2025,10–35 days,historical_tail_event,seen_in_model_fit,within_training_5th_95th_percentiles
241118183501,2026-01-30,2026-01-23,36.25,28,turbidity_reported,3.5999132638224625,3.5999132638224625,0.0960653725661965,1,False,2.0916144971990587,2.0916144971990587,32.650086736177535,winter,2026,10–35 days,historical_tail_event,unseen_in_model_fit,outside_training_5th_95th_percentiles
53033102,2025-04-29,2025-04-22,7.0,25,dissolved_oxygen,9.088001922692149,9.375,0.2052540782323786,1,False,2.0880019226921487,2.375,2.0880019226921487,spring,2025,10–35 days,historical_tail_event,unseen_in_model_fit,within_training_5th_95th_percentiles
5303396,2025-06-01,2025-05-25,366.67,53,ecoli,46.80950182925621,5.895195528645212,0.2323600973236009,1,False,2.039961393945919,3.9763609278501346,319.8604981707438,summer,2025,36–60 days,historical_tail_event,seen_in_model_fit,within_training_5th_95th_percentiles
5303397,2025-03-09,2025-03-02,30.8,17,conductivity,237.93778426767184,299.99999999999966,0.1805929919137466,1,False,2.0167369113853955,2.2476439749627435,207.13778426767183,spring,2025,10–35 days,historical_tail_event,unseen_in_model_fit,outside_training_5th_95th_percentiles
53033100,2025-07-14,2025-07-07,700.0,35,ecoli,92.35139600204708,33.32999999999998,0.2323600973236009,1,False,2.016137062664331,3.01648827956499,607.6486039979529,summer,2025,10–35 days,historical_tail_event,unseen_in_model_fit,within_training_5th_95th_percentiles
5303392,2025-06-23,2025-06-16,466.67,17,ecoli,61.32430109938026,4.1189841044266515,0.2323600973236009,1,False,2.0154115034545326,4.51480691673273,405.34569890061977,summer,2025,10–35 days,historical_tail_event,seen_in_model_fit,within_training_5th_95th_percentiles
241118183629,2025-10-03,2025-09-26,8.15,119,dissolved_oxygen,10.160641270656487,10.325,0.1297170564090095,1,False,2.010641270656487,2.174999999999999,2.010641270656487,autumn,2025,61–120 days,historical_tail_event,unseen_in_model_fit,within_training_5th_95th_percentiles
5303397,2025-11-15,2025-11-08,29.9,55,conductivity,224.2717948347224,283.99999999999983,0.1805929919137466,1,False,1.9865514663266945,2.2217329963649504,194.3717948347224,autumn,2025,36–60 days,historical_tail_event,unseen_in_model_fit,outside_training_5th_95th_percentiles
241118183308,2025-07-12,2025-07-05,700.0,36,ecoli,98.34651638415168,100.00000000000004,0.2323600973236009,1,False,1.9538939827264938,1.9373873701933304,601.6534836158484,summer,2025,36–60 days,historical_tail_event,unseen_in_model_fit,within_training_5th_95th_percentiles
5303395,2025-07-11,2025-07-04,20.0,12,turbidity_legacy,2.0000000000000004,2.0000000000000004,0.134431942444969,1,False,1.9459101490553132,1.9459101490553132,18.0,summer,2025,10–35 days,historical_tail_event,seen_in_model_fit,outside_training_5th_95th_percentiles
5303319,2025-09-19,2025-09-12,1066.67,62,ecoli,153.8683981823254,100.00000000000004,0.2323600973236009,1,False,1.9306582707169753,2.358113466167972,912.8016018176747,autumn,2025,61–120 days,historical_tail_event,seen_in_model_fit,within_training_5th_95th_percentiles
53033100,2025-04-15,2025-04-08,7.05,43,dissolved_oxygen,8.977081578643435,9.2,0.136018458200217,1,False,1.9270815786434357,2.1499999999999995,1.9270815786434357,spring,2025,36–60 days,historical_tail_event,unseen_in_model_fit,within_training_5th_95th_percentiles
53033100,2025-04-16,2025-04-09,7.05,44,dissolved_oxygen,8.975123245310101,9.2,0.136018458200217,1,False,1.9251232453101013,2.1499999999999995,1.9251232453101013,spring,2025,36–60 days,historical_tail_event,unseen_in_model_fit,within_training_5th_95th_percentiles
5303320,2025-09-07,2025-08-31,16.0,35,water_temperature,14.085073569215147,13.666666666666666,0.3906907281136829,1,False,1.9149264307848526,2.333333333333334,1.9149264307848526,autumn,2025,10–35 days,historical_tail_event,seen_in_model_fit,within_training_5th_95th_percentiles
5306103,2025-03-19,2025-03-12,7.1,48,dissolved_oxygen,8.994126108620947,8.381818181818181,0.2323852871773597,1,False,1.8941261086209469,1.2818181818181813,1.8941261086209469,spring,2025,36–60 days,historical_tail_event,seen_in_model_fit,within_training_5th_95th_percentiles
53033102,2026-03-26,2026-03-19,7.9,36,dissolved_oxygen,9.76559633260224,9.6,0.077926435985335,1,False,1.8655963326022391,1.6999999999999993,1.8655963326022391,spring,2026,36–60 days,historical_tail_event,unseen_in_model_fit,within_training_5th_95th_percentiles
53033105,2025-01-19,2025-01-12,7.3,32,dissolved_oxygen,9.15845153297776,7.925,0.1334960250925598,1,False,1.8584515329777593,0.625,1.8584515329777593,winter,2025,10–35 days,historical_tail_event,unseen_in_model_fit,within_training_5th_95th_percentiles
241118182520,2025-05-04,2025-04-27,1133.33,28,ecoli,175.905057998104,173.35882541471776,0.2323600973236009,1,False,1.8581842540735103,1.8726820564498077,957.4249420018959,spring,2025,10–35 days,historical_tail_event,unseen_in_model_fit,within_training_5th_95th_percentiles
241118181741,2025-05-03,2025-04-26,11.5,28,turbidity_reported,0.95,0.95,0.0482765341938921,1,False,1.8578992717326002,1.8578992717326002,10.55,spring,2025,10–35 days,historical_tail_event,unseen_in_model_fit,within_training_5th_95th_percentiles
5303346,2025-02-02,2025-01-26,9367.0,12,other_coliform,1467.0999999999992,1467.0999999999992,0.384833601790656,1,False,1.8533305785321383,1.8533305785321383,7899.900000000001,winter,2025,10–35 days,historical_tail_event,seen_in_model_fit,within_training_5th_95th_percentiles
5303308,2025-08-16,2025-08-09,14300.0,28,other_coliform,2266.670000000001,2266.670000000001,0.4587186944033115,1,False,1.841576592257332,1.841576592257332,12033.329999999998,summer,2025,10–35 days,historical_tail_event,seen_in_model_fit,outside_training_5th_95th_percentiles
241118183404,2025-04-04,2025-03-28,9.8,35,turbidity_reported,65.85,65.85,0.1123954209881946,1,False,1.822905169417778,1.822905169417778,56.05,spring,2025,10–35 days,historical_tail_event,unseen_in_model_fit,within_training_5th_95th_percentiles
5303396,2026-03-08,2026-03-01,5.0,30,turbidity_legacy,0.0,0.0,0.0970850401418857,1,False,1.791759469228055,1.791759469228055,5.0,spring,2026,10–35 days,historical_tail_event,seen_in_model_fit,within_training_5th_95th_percentiles
5303394,2025-06-13,2025-06-06,5.0,20,turbidity_legacy,0.0,0.0,0.0775179489588568,1,False,1.791759469228055,1.791759469228055,5.0,summer,2025,10–35 days,historical_tail_event,seen_in_model_fit,within_training_5th_95th_percentiles
53033104,2025-04-01,2025-03-25,540.0,30,alkalinity,89.8875806233983,70.0,0.1333927796191526,1,False,1.7837959138026394,2.0307394018051657,450.1124193766017,spring,2025,10–35 days,historical_tail_event,unseen_in_model_fit,outside_training_5th_95th_percentiles
5303384,2025-05-19,2025-05-12,7.3,23,dissolved_oxygen,9.05992390242024,8.3,0.2765496281526455,1,False,1.7599239024202395,1.0000000000000009,1.7599239024202395,spring,2025,10–35 days,historical_tail_event,seen_in_model_fit,within_training_5th_95th_percentiles
5303360,2025-11-24,2025-11-17,6.5,41,dissolved_oxygen,8.199293470780644,8.0,0.457767210536976,1,False,1.6992934707806437,1.5,1.6992934707806437,autumn,2025,36–60 days,historical_tail_event,seen_in_model_fit,within_training_5th_95th_percentiles
241118182520,2025-06-12,2025-06-05,4000.0,39,other_coliform,733.3300000000002,733.3300000000002,0.1381665971373634,1,False,1.6953410899979433,1.6953410899979433,3266.67,summer,2025,36–60 days,historical_tail_event,unseen_in_model_fit,within_training_5th_95th_percentiles
5303397,2025-09-21,2025-09-14,15.0,28,turbidity_legacy,2.0000000000000004,2.0000000000000004,0.0580137173388531,1,False,1.6739764335716714,1.6739764335716714,13.0,autumn,2025,10–35 days,historical_tail_event,seen_in_model_fit,outside_training_5th_95th_percentiles
53033101,2025-07-25,2025-07-18,7.0,35,dissolved_oxygen,8.672866551731241,9.7,0.3053129633460676,1,False,1.672866551731241,2.6999999999999993,1.672866551731241,summer,2025,10–35 days,historical_tail_event,seen_in_model_fit,within_training_5th_95th_percentiles
5303361,2025-08-14,2025-08-07,7.2,16,dissolved_oxygen,8.867155526609844,9.129166666666665,0.2513682019100683,1,False,1.667155526609844,1.9291666666666645,1.667155526609844,summer,2025,10–35 days,historical_tail_event,seen_in_model_fit,within_training_5th_95th_percentiles
251221150501,2025-06-16,2025-06-09,14.7,120,turbidity_reported,2.0000000000000004,2.0000000000000004,0.142914234763357,1,False,1.6550484236861525,1.6550484236861525,12.7,summer,2025,61–120 days,historical_tail_event,seen_in_model_fit,within_training_5th_95th_percentiles
53033101,2025-06-20,2025-06-13,400.0,42,ecoli,80.04470965241266,299.99999999999966,0.2323600973236009,1,False,1.5989604538966589,0.2868511625576948,319.9552903475873,summer,2025,36–60 days,historical_tail_event,unseen_in_model_fit,within_training_5th_95th_percentiles
241118182616,2025-10-03,2025-09-26,600.0,20,ecoli,123.4951120734654,166.66999999999993,0.2323600973236009,1,False,1.5743284798552502,1.2765971725854914,476.5048879265346,autumn,2025,10–35 days,historical_tail_event,unseen_in_model_fit,within_training_5th_95th_percentiles
5303393,2025-08-16,2025-08-09,14.8,14,water_temperature,13.229844183098017,10.833333333333334,0.353567011971742,1,False,1.570155816901984,3.966666666666667,1.570155816901984,summer,2025,10–35 days,historical_tail_event,seen_in_model_fit,within_training_5th_95th_percentiles
251204213047,2026-02-28,2026-02-21,37.1,57,conductivity,181.79824015446803,178.7094207324703,0.1805929919137466,1,False,1.5681687496773113,1.551126935059969,144.69824015446804,winter,2026,36–60 days,historical_tail_event,unseen_in_model_fit,outside_training_5th_95th_percentiles
5303306,2025-09-07,2025-08-31,15.0,35,water_temperature,13.449640349533151,11.75,0.2683277514284332,1,False,1.5503596504668486,3.25,1.5503596504668486,autumn,2025,10–35 days,historical_tail_event,seen_in_model_fit,within_training_5th_95th_percentiles
53033101,2025-10-10,2025-10-03,7.5,20,dissolved_oxygen,9.050157569701105,9.4,0.1441298388014733,1,False,1.5501575697011045,1.9000000000000004,1.5501575697011045,autumn,2025,10–35 days,historical_tail_event,seen_in_model_fit,within_training_5th_95th_percentiles
241118182407,2025-05-04,2025-04-27,333.33,28,ecoli,70.07555772218035,100.00000000000004,0.2323600973236009,1,False,1.5483850246951754,1.197008012313134,263.25444227781963,spring,2025,10–35 days,historical_tail_event,unseen_in_model_fit,within_training_5th_95th_percentiles
5303397,2025-09-21,2025-09-14,14.7,28,water_temperature,13.152532699807947,11.2625,0.1994162695964743,1,False,1.5474673001920518,3.4375,1.5474673001920518,autumn,2025,10–35 days,historical_tail_event,seen_in_model_fit,within_training_5th_95th_percentiles
251221145854,2025-02-16,2025-02-09,11.2,113,turbidity_reported,2.0000000000000004,2.0000000000000004,0.0988991585619106,1,False,1.402823663071101,1.402823663071101,9.2,winter,2025,61–120 days,historical_tail_event,seen_in_model_fit,within_training_5th_95th_percentiles
5303360,2025-02-27,2025-02-20,7.6,35,dissolved_oxygen,9.0012023763682,7.366666666666666,0.2788821994208271,1,False,1.4012023763682002,0.2333333333333334,1.4012023763682002,winter,2025,10–35 days,historical_tail_event,seen_in_model_fit,within_training_5th_95th_percentiles
5303397,2025-07-11,2025-07-04,7.7,12,dissolved_oxygen,9.082772471514833,9.6,0.0215061899094187,1,False,1.3827724715148326,1.8999999999999995,1.3827724715148326,summer,2025,10–35 days,historical_tail_event,seen_in_model_fit,within_training_5th_95th_percentiles
241118181609,2025-08-02,2025-07-26,400.0,21,ecoli,100.37081672411526,100.00000000000004,0.2323600973236009,1,False,1.3751761810825762,1.3788409104653097,299.62918327588477,summer,2025,10–35 days,historical_tail_event,unseen_in_model_fit,within_training_5th_95th_percentiles
5303308,2025-10-11,2025-10-04,533.33,22,ecoli,134.27653152136804,141.05210796726044,0.2323600973236009,1,False,1.3736925606137635,1.3248196778140668,399.053468478632,autumn,2025,10–35 days,historical_tail_event,seen_in_model_fit,within_training_5th_95th_percentiles
5303320,2025-12-07,2025-11-30,533.33,56,ecoli,135.7017399394009,8.132609861952508,0.2323600973236009,1,False,1.363212153810422,4.069162116225321,397.62826006059913,winter,2025,36–60 days,historical_tail_event,seen_in_model_fit,within_training_5th_95th_percentiles
53033104,2025-08-13,2025-08-06,7.0,33,dissolved_oxygen,8.341503199247153,9.35,0.4568928925875337,1,False,1.3415031992471533,2.3499999999999996,1.3415031992471533,summer,2025,10–35 days,historical_tail_event,unseen_in_model_fit,within_training_5th_95th_percentiles
5303391,2025-02-08,2025-02-01,829.0,35,conductivity,219.57947290508503,292.0000000000001,0.1805929919137466,1,False,1.3251676495016564,1.0412530917735756,609.420527094915,winter,2025,10–35 days,historical_tail_event,unseen_in_model_fit,outside_training_5th_95th_percentiles
241118183404,2025-08-02,2025-07-26,8766.67,11,other_coliform,2333.329999999999,2333.329999999999,0.274706223114142,1,False,1.3233461805912565,1.3233461805912565,6433.340000000001,summer,2025,10–35 days,historical_tail_event,unseen_in_model_fit,within_training_5th_95th_percentiles
5303319,2025-07-19,2025-07-12,3733.33,98,other_coliform,1000.0,1000.0,0.2478031879760267,1,False,1.3165689179569462,1.3165689179569462,2733.33,summer,2025,61–120 days,historical_tail_event,seen_in_model_fit,within_training_5th_95th_percentiles
5303395,2025-06-14,2025-06-07,10.0,14,turbidity_legacy,2.0000000000000004,2.0000000000000004,0.0360641449009547,1,False,1.2992829841302609,1.2992829841302609,8.0,summer,2025,10–35 days,historical_tail_event,seen_in_model_fit,within_training_5th_95th_percentiles
5303395,2026-02-07,2026-01-31,10.0,42,turbidity_legacy,2.0000000000000004,2.0000000000000004,0.0630963523643791,1,False,1.2992829841302609,1.2992829841302609,8.0,winter,2026,36–60 days,historical_tail_event,seen_in_model_fit,within_training_5th_95th_percentiles
5303398,2026-02-22,2026-02-15,10.0,14,turbidity_legacy,2.0000000000000004,2.0000000000000004,0.0640496599218962,1,False,1.2992829841302609,1.2992829841302609,8.0,winter,2026,10–35 days,historical_tail_event,seen_in_model_fit,within_training_5th_95th_percentiles
5303391,2025-06-07,2025-05-31,10.0,44,turbidity_legacy,2.0000000000000004,2.0000000000000004,0.1142638306034051,1,False,1.2992829841302609,1.2992829841302609,8.0,summer,2025,36–60 days,historical_tail_event,seen_in_model_fit,within_training_5th_95th_percentiles
241118181609,2025-07-12,2025-07-05,3866.67,70,other_coliform,1066.6700000000003,1066.6700000000003,0.1785806452483349,1,False,1.2871735545159062,1.2871735545159062,2800.0,summer,2025,61–120 days,historical_tail_event,unseen_in_model_fit,within_training_5th_95th_percentiles
5303398,2025-11-16,2025-11-09,285.0,28,alkalinity,79.4033465585421,126.06230953487386,0.1458713403118004,1,False,1.2689360116387167,0.8113142184201223,205.5966534414579,autumn,2025,10–35 days,historical_tail_event,seen_in_model_fit,outside_training_5th_95th_percentiles
5303309,2025-09-19,2025-09-12,9800.0,62,other_coliform,2800.000000000001,2800.000000000001,0.3593589972426609,1,False,1.2525079250090707,1.2525079250090707,6999.999999999999,autumn,2025,61–120 days,historical_tail_event,seen_in_model_fit,within_training_5th_95th_percentiles
5303346,2025-05-20,2025-05-13,400.0,15,ecoli,117.95869636030828,103.66599837076733,0.2323600973236009,1,False,1.2151850838536848,1.3431871150794787,282.0413036396917,spring,2025,10–35 days,historical_tail_event,seen_in_model_fit,within_training_5th_95th_percentiles
5303395,2026-02-22,2026-02-15,3716.67,15,other_coliform,12500.0,12500.0,0.2118126319046079,1,False,1.2127115131447948,1.2127115131447948,8783.33,winter,2026,10–35 days,historical_tail_event,seen_in_model_fit,within_training_5th_95th_percentiles
5303393,2025-07-04,2025-06-27,8.0,14,dissolved_oxygen,9.206117257865282,9.8625,0.0427040781773194,1,False,1.206117257865282,1.8625000000000007,1.206117257865282,summer,2025,10–35 days,historical_tail_event,seen_in_model_fit,within_training_5th_95th_percentiles
5303394,2025-08-10,2025-08-03,831.0,23,conductivity,248.3885365420901,274.0000000000001,0.1805929919137466,1,False,1.2048203727772453,1.107061343154637,582.6114634579098,summer,2025,10–35 days,historical_tail_event,unseen_in_model_fit,outside_training_5th_95th_percentiles
241118181609,2026-01-03,2025-12-27,8.32,92,turbidity_reported,1.8718235478596263,1.8718235478596263,0.1615793610369049,1,False,1.1772154181665002,1.1772154181665002,6.448176452140374,winter,2026,61–120 days,historical_tail_event,unseen_in_model_fit,within_training_5th_95th_percentiles
5303318,2025-07-19,2025-07-12,9266.67,34,other_coliform,2866.670000000001,2866.670000000001,0.5042453699408317,1,False,1.1730321461929964,1.1730321461929964,6399.999999999999,summer,2025,10–35 days,historical_tail_event,seen_in_model_fit,within_training_5th_95th_percentiles
5303394,2025-09-02,2025-08-26,14.2,23,water_temperature,13.056539545506867,10.75,0.1794335519828351,1,False,1.1434604544931322,3.4499999999999993,1.1434604544931322,autumn,2025,10–35 days,historical_tail_event,seen_in_model_fit,within_training_5th_95th_percentiles
241118183404,2026-01-30,2026-01-23,57.6,28,turbidity_reported,17.689985982967276,17.689985982967276,0.1006189500820611,1,False,1.1427468250907755,1.1427468250907755,39.91001401703272,winter,2026,10–35 days,historical_tail_event,unseen_in_model_fit,outside_training_5th_95th_percentiles
5303346,2025-08-27,2025-08-20,8.14,24,ph,7.0,7.0,0.0340515530079984,1,False,1.1400000000000006,1.1400000000000006,1.1400000000000006,summer,2025,10–35 days,historical_tail_event,seen_in_model_fit,outside_training_5th_95th_percentiles
5303318,2025-02-08,2025-02-01,536.0,28,conductivity,171.07532157968845,216.2988725235361,0.1805929919137466,1,False,1.1380657973917305,0.9047243958308755,364.9246784203116,winter,2025,10–35 days,historical_tail_event,seen_in_model_fit,outside_training_5th_95th_percentiles
251221154015,2025-09-07,2025-08-31,64.3,54,conductivity,200.60851770637595,70.79999999999997,0.1805929919137466,1,False,1.1273357495499585,0.09489243977179296,136.30851770637594,autumn,2025,36–60 days,historical_tail_event,unseen_in_model_fit,outside_training_5th_95th_percentiles
53033105,2025-06-11,2025-06-04,57.9,21,conductivity,179.5977603382437,116.00000000000004,0.1805929919137466,1,False,1.120431149020562,0.6863328441402157,121.69776033824368,summer,2025,10–35 days,historical_tail_event,unseen_in_model_fit,outside_training_5th_95th_percentiles
5303308,2025-02-08,2025-02-01,536.0,28,conductivity,175.8371128500541,205.99999999999991,0.1805929919137466,1,False,1.1107690520239872,0.9532793012434961,360.1628871499459,winter,2025,10–35 days,historical_tail_event,seen_in_model_fit,outside_training_5th_95th_percentiles
5303318,2025-08-16,2025-08-09,933.33,28,ecoli,308.4247381518132,202.14730382399887,0.2323600973236009,1,False,1.105114804699662,1.525898344386908,624.9052618481869,summer,2025,10–35 days,historical_tail_event,seen_in_model_fit,within_training_5th_95th_percentiles
53033104,2025-06-07,2025-05-31,7.5,34,dissolved_oxygen,8.598727830529558,9.55,0.1310985601982765,1,False,1.0987278305295582,2.0500000000000007,1.0987278305295582,summer,2025,10–35 days,historical_tail_event,unseen_in_model_fit,within_training_5th_95th_percentiles
5303391,2025-06-07,2025-05-31,8.1,44,dissolved_oxygen,9.194037762966,9.49,0.0596534139289373,1,False,1.0940377629659999,1.3900000000000006,1.0940377629659999,summer,2025,36–60 days,historical_tail_event,seen_in_model_fit,within_training_5th_95th_percentiles
53033101,2025-05-09,2025-05-02,300.0,31,ecoli,100.85848718753569,149.4131347323099,0.2323600973236009,1,False,1.0835257952823882,0.6937245250496114,199.14151281246433,spring,2025,10–35 days,historical_tail_event,unseen_in_model_fit,within_training_5th_95th_percentiles
5303305,2025-05-27,2025-05-20,7.7,42,dissolved_oxygen,8.762230650764675,8.98076923076923,0.2203457065805943,1,False,1.0622306507646746,1.2807692307692298,1.0622306507646746,spring,2025,36–60 days,historical_tail_event,seen_in_model_fit,within_training_5th_95th_percentiles
241118183308,2025-10-03,2025-09-26,400.0,20,ecoli,138.29665981387953,166.66999999999993,0.2323600973236009,1,False,1.0573555251724045,0.8719636653568532,261.7033401861205,autumn,2025,10–35 days,historical_tail_event,unseen_in_model_fit,within_training_5th_95th_percentiles
5303398,2025-07-25,2025-07-18,295.0,26,alkalinity,103.68980409505528,97.75377078116016,0.1463008610696471,1,False,1.0393577232806752,1.0977298661461896,191.31019590494472,summer,2025,10–35 days,historical_tail_event,seen_in_model_fit,outside_training_5th_95th_percentiles
53033104,2025-06-07,2025-05-31,15.0,34,water_temperature,13.984921704842533,9.0,0.3188638291409683,1,False,1.0150782951574673,6.0,1.0150782951574673,summer,2025,10–35 days,historical_tail_event,unseen_in_model_fit,within_training_5th_95th_percentiles
53033105,2025-03-22,2025-03-15,6.5,28,ph,7.5,7.5,0.0326304978340007,1,False,1.0,1.0,1.0,spring,2025,10–35 days,historical_tail_event,unseen_in_model_fit,outside_training_5th_95th_percentiles
53033102,2026-03-26,2026-03-19,6.5,36,ph,7.5,7.5,0.0202637271988664,1,False,1.0,1.0,1.0,spring,2026,36–60 days,historical_tail_event,unseen_in_model_fit,outside_training_5th_95th_percentiles
5303387,2025-10-29,2025-10-22,6.0,91,ph,7.0,7.0,0.0685064406271936,1,False,1.0,1.0,1.0,autumn,2025,61–120 days,historical_tail_event,seen_in_model_fit,outside_training_5th_95th_percentiles
53033102,2025-02-28,2025-02-21,160.0,28,hardness,58.50125228428635,60.00000000000001,0.1177968839477288,1,False,0.9954070058596312,0.9705305008111518,101.49874771571365,winter,2025,10–35 days,historical_tail_event,unseen_in_model_fit,outside_training_5th_95th_percentiles
241118181741,2026-01-03,2025-12-27,80.9,92,conductivity,220.30235887493657,227.24711681742355,0.1805929919137466,1,False,0.994030915313953,1.0249298968491916,139.40235887493657,winter,2026,61–120 days,historical_tail_event,unseen_in_model_fit,outside_training_5th_95th_percentiles
53033101,2025-11-14,2025-11-07,74.0,35,conductivity,201.4883361639494,154.90437403110369,0.1805929919137466,1,False,0.9931941721610134,0.7317547187797908,127.48833616394941,autumn,2025,10–35 days,historical_tail_event,seen_in_model_fit,outside_training_5th_95th_percentiles
241118183404,2025-09-13,2025-09-06,300.0,42,ecoli,110.68517293493449,66.67000000000003,0.2323600973236009,1,False,0.9914263075477168,1.492467314504741,189.31482706506551,autumn,2025,36–60 days,historical_tail_event,unseen_in_model_fit,within_training_5th_95th_percentiles
53033105,2025-01-19,2025-01-12,385.0,32,conductivity,142.5164548541295,113.47270417003352,0.1805929919137466,1,False,0.9893876728659965,1.2155009664184053,242.4835451458705,winter,2025,10–35 days,historical_tail_event,unseen_in_model_fit,outside_training_5th_95th_percentiles
53033104,2025-07-11,2025-07-04,7.7,34,dissolved_oxygen,8.66822988068586,9.45,0.3120607854943188,1,False,0.9682298806858602,1.7499999999999991,0.9682298806858602,summer,2025,10–35 days,historical_tail_event,unseen_in_model_fit,within_training_5th_95th_percentiles
5303321,2025-06-21,2025-06-14,200.0,32,hardness,75.43606571473312,75.64767305239529,0.0625136254826984,1,False,0.9668502589449455,0.9640856612921498,124.56393428526688,summer,2025,10–35 days,historical_tail_event,seen_in_model_fit,outside_training_5th_95th_percentiles
53033101,2025-06-20,2025-06-13,7.7,42,dissolved_oxygen,8.655372142569762,9.85,0.1786118031267031,1,False,0.9553721425697619,2.1499999999999995,0.9553721425697619,summer,2025,36–60 days,historical_tail_event,seen_in_model_fit,within_training_5th_95th_percentiles
241118183206,2025-09-13,2025-09-06,366.67,42,ecoli,142.1624711151831,166.66999999999993,0.2323600973236009,1,False,0.9432056497660684,0.7851880347777156,224.5075288848169,autumn,2025,36–60 days,historical_tail_event,unseen_in_model_fit,within_training_5th_95th_percentiles
241118182150,2025-09-13,2025-09-06,4533.33,42,other_coliform,1766.6699999999998,1766.6699999999998,0.2651399066783018,1,False,0.9420150376407896,0.9420150376407896,2766.66,autumn,2025,36–60 days,historical_tail_event,unseen_in_model_fit,within_training_5th_95th_percentiles
241118183308,2025-08-02,2025-07-26,266.67,21,ecoli,104.49883541574664,100.00000000000004,0.2323600973236009,1,False,0.9310549643593422,0.9746343616599749,162.17116458425338,summer,2025,10–35 days,historical_tail_event,unseen_in_model_fit,within_training_5th_95th_percentiles
5303320,2025-09-07,2025-08-31,416.67,35,ecoli,164.13987336348282,40.82430730806889,0.2323600973236009,1,False,0.9278988148964817,2.301213961978333,252.5301266365172,autumn,2025,10–35 days,historical_tail_event,seen_in_model_fit,within_training_5th_95th_percentiles
5303392,2025-07-17,2025-07-10,7.8,14,dissolved_oxygen,8.71594813599489,9.216666666666669,0.0753845749907746,1,False,0.9159481359948893,1.4166666666666687,0.9159481359948893,summer,2025,10–35 days,historical_tail_event,seen_in_model_fit,within_training_5th_95th_percentiles
5303320,2025-12-06,2025-11-29,77.0,34,conductivity,193.80421795466057,217.84415591647908,0.1805929919137466,1,False,0.9152862170290899,1.031651032987745,116.80421795466057,winter,2025,10–35 days,historical_tail_event,seen_in_model_fit,outside_training_5th_95th_percentiles
241118182520,2025-10-03,2025-09-26,500.0,113,ecoli,199.83303935458707,583.3229672022142,0.2323600973236009,1,False,0.9141321881838227,0.15384775491201097,300.1669606454129,autumn,2025,61–120 days,historical_tail_event,unseen_in_model_fit,within_training_5th_95th_percentiles
241118182616,2025-08-02,2025-07-26,300.0,21,ecoli,120.4812993868599,133.32999999999996,0.2323600973236009,1,False,0.9073499283257673,0.8068108056739538,179.51870061314008,summer,2025,10–35 days,historical_tail_event,unseen_in_model_fit,within_training_5th_95th_percentiles
5303306,2025-09-07,2025-08-31,8.1,35,dissolved_oxygen,9.001471770090976,9.81875,0.1036057331842365,1,False,0.9014717700909767,1.71875,0.9014717700909767,autumn,2025,10–35 days,historical_tail_event,seen_in_model_fit,within_training_5th_95th_percentiles
53033105,2025-02-22,2025-02-15,160.0,34,hardness,65.64926180689606,70.0,0.044132519886714,1,False,0.8819603940865566,0.8187244879431477,94.35073819310394,winter,2025,10–35 days,historical_tail_event,unseen_in_model_fit,outside_training_5th_95th_percentiles
241118183206,2025-09-13,2025-09-06,14.5,42,turbidity_reported,5.46591060872326,5.46591060872326,0.1406574502198941,1,False,0.8742961695360725,0.8742961695360725,9.03408939127674,autumn,2025,36–60 days,historical_tail_event,unseen_in_model_fit,within_training_5th_95th_percentiles
5303305,2025-06-30,2025-06-23,7.2,34,dissolved_oxygen,8.073962437795858,8.872727272727273,0.4251741745197446,1,False,0.8739624377958579,1.6727272727272728,0.8739624377958579,summer,2025,10–35 days,historical_tail_event,seen_in_model_fit,within_training_5th_95th_percentiles
241118181609,2026-01-03,2025-12-27,90.9,92,conductivity,216.71183706391977,216.71592280412764,0.1805929919137466,1,False,0.8624713106846542,0.8624900772428967,125.81183706391977,winter,2026,61–120 days,historical_tail_event,unseen_in_model_fit,outside_training_5th_95th_percentiles
251221150343,2025-06-16,2025-06-09,528.0,120,conductivity,225.04967912074957,265.48859698477145,0.1805929919137466,1,False,0.8502336376243349,0.685656977217473,302.9503208792504,summer,2025,61–120 days,historical_tail_event,seen_in_model_fit,outside_training_5th_95th_percentiles
5303354,2025-11-19,2025-11-12,7.9,35,dissolved_oxygen,8.749804591804484,8.350000000000001,0.1983847549805655,1,False,0.8498045918044834,0.45000000000000107,0.8498045918044834,autumn,2025,10–35 days,historical_tail_event,seen_in_model_fit,within_training_5th_95th_percentiles
53033102,2025-04-04,2025-03-28,225.0,35,alkalinity,96.0456547725378,92.1987124374581,0.0905822935667157,1,False,0.8453534637401079,0.8858010927249023,128.9543452274622,spring,2025,10–35 days,historical_tail_event,unseen_in_model_fit,outside_training_5th_95th_percentiles
5303397,2026-02-07,2026-01-31,30.0,14,hardness,70.71660176098734,88.49917937580568,0.1273472326068732,1,False,0.8387350611017172,1.0602422517682166,40.716601760987345,winter,2026,10–35 days,historical_tail_event,seen_in_model_fit,outside_training_5th_95th_percentiles
53033101,2025-09-20,2025-09-13,7.5,22,dissolved_oxygen,8.33078085138031,9.5,0.3042937648009399,1,False,0.8307808513803092,2.0,0.8307808513803092,autumn,2025,10–35 days,historical_tail_event,seen_in_model_fit,within_training_5th_95th_percentiles
5303306,2026-02-01,2026-01-25,65.0,28,conductivity,149.2115177188173,188.00000000000003,0.1805929919137466,1,False,0.82238967691237,1.0520922730332174,84.2115177188173,winter,2026,10–35 days,historical_tail_event,seen_in_model_fit,outside_training_5th_95th_percentiles
241118181741,2025-06-07,2025-05-31,300.0,35,ecoli,132.33554258823904,66.67000000000003,0.2323600973236009,1,False,0.8142414370344815,1.492467314504741,167.66445741176096,summer,2025,10–35 days,historical_tail_event,unseen_in_model_fit,within_training_5th_95th_percentiles
241118182616,2025-08-02,2025-07-26,10866.67,21,other_coliform,4833.329999999999,4833.329999999999,0.453268309126873,1,False,0.8100497803333742,0.8100497803333742,6033.340000000001,summer,2025,10–35 days,historical_tail_event,unseen_in_model_fit,within_training_5th_95th_percentiles
241118182616,2025-09-13,2025-09-06,14.8,42,water_temperature,13.996514583492624,10.75,0.3660496077122642,1,False,0.8034854165073764,4.050000000000001,0.8034854165073764,autumn,2025,36–60 days,historical_tail_event,unseen_in_model_fit,within_training_5th_95th_percentiles
5303397,2025-01-23,2025-01-16,310.67,11,conductivity,138.9536931099422,72.43558044867098,0.1805929919137466,1,False,0.8006333313559706,1.4455363703249793,171.7163068900578,winter,2025,10–35 days,historical_tail_event,unseen_in_model_fit,within_training_5th_95th_percentiles
5303391,2025-08-12,2025-08-05,7.8,25,dissolved_oxygen,8.574943741590088,9.32,0.2454025698388409,1,False,0.7749437415900884,1.5200000000000005,0.7749437415900884,summer,2025,10–35 days,historical_tail_event,seen_in_model_fit,within_training_5th_95th_percentiles
5303397,2025-09-21,2025-09-14,8.0,46,dissolved_oxygen,8.766669328247277,9.5125,0.1844978731054272,1,False,0.7666693282472767,1.5124999999999993,0.7666693282472767,autumn,2025,36–60 days,historical_tail_event,seen_in_model_fit,within_training_5th_95th_percentiles
53033103,2025-04-04,2025-03-28,180.0,35,alkalinity,83.11106777191499,55.00000000000002,0.1026728355844931,1,False,0.7663588704259778,1.1731453405306764,96.88893222808501,spring,2025,10–35 days,historical_tail_event,unseen_in_model_fit,outside_training_5th_95th_percentiles
251221150501,2025-11-23,2025-11-16,90.4,94,conductivity,195.6242427220525,170.6250183157389,0.1805929919137466,1,False,0.7660490315291151,0.6300664923475523,105.22424272205248,autumn,2025,61–120 days,historical_tail_event,seen_in_model_fit,outside_training_5th_95th_percentiles
5303396,2025-02-08,2025-02-01,525.0,27,conductivity,243.7695811147019,310.9519193722004,0.1805929919137466,1,False,0.7649839299728329,0.5224521413798389,281.2304188852981,winter,2025,10–35 days,historical_tail_event,unseen_in_model_fit,outside_training_5th_95th_percentiles
5303392,2025-06-23,2025-06-16,8.1,17,dissolved_oxygen,8.8639742148827,9.25,0.2400771711213054,1,False,0.7639742148827011,1.1500000000000004,0.7639742148827011,summer,2025,10–35 days,historical_tail_event,seen_in_model_fit,within_training_5th_95th_percentiles
241118183308,2025-08-02,2025-07-26,6800.0,21,other_coliform,3266.669999999999,3266.669999999999,0.3746278433098377,1,False,0.7329924674866533,0.7329924674866533,3533.330000000001,summer,2025,10–35 days,historical_tail_event,unseen_in_model_fit,within_training_5th_95th_percentiles
5303397,2026-01-24,2026-01-17,317.0,13,conductivity,151.90543132050252,187.70284998601272,0.1805929919137466,1,False,0.7322317484322172,0.5218778272552171,165.09456867949748,winter,2026,10–35 days,historical_tail_event,unseen_in_model_fit,within_training_5th_95th_percentiles
5303397,2026-01-11,2026-01-04,40.0,28,hardness,84.23676077467987,79.1123669393304,0.1297771524818991,1,False,0.7318607385684714,0.6698581692019605,44.236760774679865,winter,2026,10–35 days,historical_tail_event,seen_in_model_fit,within_training_5th_95th_percentiles
241118182616,2025-09-13,2025-09-06,266.67,42,ecoli,129.89453580030343,149.07701722782195,0.2323600973236009,1,False,0.7153629497698466,0.5786062679889161,136.7754641996966,autumn,2025,36–60 days,historical_tail_event,unseen_in_model_fit,within_training_5th_95th_percentiles
5303318,2025-07-19,2025-07-12,400.0,34,ecoli,199.3627206614146,215.222805451416,0.2323600973236009,1,False,0.6938321000442293,0.6176520445403817,200.6372793385854,summer,2025,10–35 days,historical_tail_event,seen_in_model_fit,within_training_5th_95th_percentiles
53033105,2025-02-22,2025-02-15,5.0,34,turbidity_legacy,2.0000000000000004,2.0000000000000004,0.1033155055875529,1,False,0.6931471805599452,0.6931471805599452,2.9999999999999996,winter,2025,10–35 days,historical_tail_event,unseen_in_model_fit,within_training_5th_95th_percentiles
5306101,2025-05-17,2025-05-10,5.0,48,turbidity_legacy,2.0000000000000004,2.0000000000000004,0.0567011469330663,1,False,0.6931471805599452,0.6931471805599452,2.9999999999999996,spring,2025,36–60 days,historical_tail_event,seen_in_model_fit,within_training_5th_95th_percentiles
5303395,2025-10-18,2025-10-11,5.0,15,turbidity_legacy,2.0000000000000004,2.0000000000000004,0.0634666222759932,1,False,0.6931471805599452,0.6931471805599452,2.9999999999999996,autumn,2025,10–35 days,historical_tail_event,seen_in_model_fit,within_training_5th_95th_percentiles
5303394,2025-10-12,2025-10-05,5.0,28,turbidity_legacy,2.0000000000000004,2.0000000000000004,0.062924963316925,1,False,0.6931471805599452,0.6931471805599452,2.9999999999999996,autumn,2025,10–35 days,historical_tail_event,seen_in_model_fit,within_training_5th_95th_percentiles
5303346,2025-08-27,2025-08-20,5.0,99,turbidity_legacy,2.0000000000000004,2.0000000000000004,0.1316633468394028,1,False,0.6931471805599452,0.6931471805599452,2.9999999999999996,summer,2025,61–120 days,historical_tail_event,seen_in_model_fit,within_training_5th_95th_percentiles
5303397,2025-06-15,2025-06-08,5.0,14,turbidity_legacy,2.0000000000000004,2.0000000000000004,0.0826856242111936,1,False,0.6931471805599452,0.6931471805599452,2.9999999999999996,summer,2025,10–35 days,historical_tail_event,seen_in_model_fit,within_training_5th_95th_percentiles
5303346,2025-02-02,2025-01-26,5.0,12,turbidity_legacy,2.0000000000000004,2.0000000000000004,0.125246513860933,1,False,0.6931471805599452,0.6931471805599452,2.9999999999999996,winter,2025,10–35 days,historical_tail_event,seen_in_model_fit,within_training_5th_95th_percentiles
5303321,2026-02-23,2026-02-16,5.0,26,turbidity_legacy,2.0000000000000004,2.0000000000000004,0.135758910705456,1,False,0.6931471805599452,0.6931471805599452,2.9999999999999996,winter,2026,10–35 days,historical_tail_event,seen_in_model_fit,within_training_5th_95th_percentiles
5303320,2025-04-06,2025-03-30,5.0,35,turbidity_legacy,2.0000000000000004,2.0000000000000004,0.0705566973359307,1,False,0.6931471805599452,0.6931471805599452,2.9999999999999996,spring,2025,10–35 days,historical_tail_event,seen_in_model_fit,within_training_5th_95th_percentiles
5303397,2025-04-18,2025-04-11,5.0,12,turbidity_legacy,2.0000000000000004,2.0000000000000004,0.0686776716779999,1,False,0.6931471805599452,0.6931471805599452,2.9999999999999996,spring,2025,10–35 days,historical_tail_event,seen_in_model_fit,within_training_5th_95th_percentiles
53033104,2025-10-14,2025-10-07,5.0,27,turbidity_legacy,2.0000000000000004,2.0000000000000004,0.0691458994882084,1,False,0.6931471805599452,0.6931471805599452,2.9999999999999996,autumn,2025,10–35 days,historical_tail_event,unseen_in_model_fit,within_training_5th_95th_percentiles
5303397,2025-02-09,2025-02-02,386.0,17,conductivity,193.1500059477779,299.99999999999966,0.1805929919137466,1,False,0.6897936062171439,0.25131442828090744,192.8499940522221,winter,2025,10–35 days,historical_tail_event,unseen_in_model_fit,outside_training_5th_95th_percentiles
53033105,2025-07-15,2025-07-08,170.0,34,alkalinity,85.46893595617419,55.00000000000002,0.0653382360815827,1,False,0.6818783289584767,1.1163118657675106,84.53106404382581,summer,2025,10–35 days,historical_tail_event,unseen_in_model_fit,outside_training_5th_95th_percentiles
5303320,2025-09-07,2025-08-31,7.8,35,dissolved_oxygen,8.473474431315639,8.825,0.2618923783178595,1,False,0.6734744313156389,1.0249999999999995,0.6734744313156389,autumn,2025,10–35 days,historical_tail_event,seen_in_model_fit,within_training_5th_95th_percentiles
53033104,2025-08-13,2025-08-06,266.67,33,ecoli,139.70688981695173,100.00000000000004,0.2323600973236009,1,False,0.6430759474422523,0.9746343616599749,126.96311018304829,summer,2025,10–35 days,historical_tail_event,unseen_in_model_fit,within_training_5th_95th_percentiles
5303308,2025-06-15,2025-06-08,400.0,36,ecoli,210.76160434410144,289.3979091143743,0.2323600973236009,1,False,0.6385002931786943,0.322709344401221,189.23839565589856,summer,2025,36–60 days,historical_tail_event,seen_in_model_fit,within_training_5th_95th_percentiles
5303320,2026-02-02,2026-01-26,30.0,28,hardness,57.649013136212325,67.64153324592662,0.0534033286314373,1,False,0.6375835441507336,0.7949105879440133,27.649013136212325,winter,2026,10–35 days,historical_tail_event,seen_in_model_fit,outside_training_5th_95th_percentiles
241118183629,2025-02-28,2025-02-21,30.4,28,turbidity_reported,15.853379483059175,15.853379483059175,0.1500406647978294,1,False,0.6222566934330356,0.6222566934330356,14.546620516940823,winter,2025,10–35 days,historical_tail_event,unseen_in_model_fit,within_training_5th_95th_percentiles
53033100,2025-03-03,2025-02-24,316.0,33,conductivity,169.16954223518397,163.99999999999994,0.1805929919137466,1,False,0.6221065265417209,0.6529562999767,146.83045776481603,spring,2025,10–35 days,historical_tail_event,unseen_in_model_fit,within_training_5th_95th_percentiles
5303397,2025-08-06,2025-07-30,8.1,11,dissolved_oxygen,8.718459856133725,9.207142857142856,0.0798861274051628,1,False,0.6184598561337253,1.1071428571428559,0.6184598561337253,summer,2025,10–35 days,historical_tail_event,seen_in_model_fit,within_training_5th_95th_percentiles
241118182150,2025-09-13,2025-09-06,366.67,42,ecoli,197.25873843624424,435.9591857370662,0.2323600973236009,1,False,0.6176128593213566,0.17265399752374933,169.41126156375577,autumn,2025,36–60 days,historical_tail_event,unseen_in_model_fit,within_training_5th_95th_percentiles
5303392,2025-08-17,2025-08-10,8.0,15,dissolved_oxygen,8.615393826914554,9.12,0.255803234053669,1,False,0.6153938269145538,1.1199999999999992,0.6153938269145538,summer,2025,10–35 days,historical_tail_event,seen_in_model_fit,within_training_5th_95th_percentiles
5303305,2026-02-24,2026-02-17,140.0,31,alkalinity,76.49791071049874,77.79204463369832,0.0770580597238714,1,False,0.5985089129564658,0.581947855035926,63.50208928950126,winter,2026,10–35 days,historical_tail_event,seen_in_model_fit,outside_training_5th_95th_percentiles
251221150232,2025-11-23,2025-11-16,114.4,94,conductivity,207.92032201387775,179.32060938794706,0.1805929919137466,1,False,0.5935485908191493,0.44633207569238564,93.52032201387775,autumn,2025,61–120 days,historical_tail_event,seen_in_model_fit,within_training_5th_95th_percentiles
5303392,2025-02-13,2025-02-06,329.66,11,conductivity,182.10397542844944,209.89502627776213,0.1805929919137466,1,False,0.5910364938900674,0.4497301532367972,147.55602457155058,winter,2025,10–35 days,historical_tail_event,seen_in_model_fit,outside_training_5th_95th_percentiles
5303397,2026-01-10,2026-01-03,309.0,27,conductivity,170.98370564046388,185.9667500158264,0.1805929919137466,1,False,0.5891725598018152,0.5056415038362134,138.01629435953612,winter,2026,10–35 days,historical_tail_event,unseen_in_model_fit,within_training_5th_95th_percentiles
5303308,2025-06-15,2025-06-08,5100.0,36,other_coliform,2833.3299999999995,2833.3299999999995,0.499467415642131,1,False,0.587631021261446,0.587631021261446,2266.6700000000005,summer,2025,36–60 days,historical_tail_event,seen_in_model_fit,within_training_5th_95th_percentiles
241118182616,2026-01-30,2026-01-23,115.3,119,conductivity,207.97442805348413,199.37585753338848,0.1805929919137466,1,False,0.5860388311432736,0.5440218310385534,92.67442805348414,winter,2026,61–120 days,historical_tail_event,unseen_in_model_fit,within_training_5th_95th_percentiles
5303397,2026-02-07,2026-01-31,115.0,14,conductivity,206.4586320217275,302.19295094217864,0.1805929919137466,1,False,0.5813417649380836,0.9607792135201505,91.45863202172751,winter,2026,10–35 days,historical_tail_event,unseen_in_model_fit,within_training_5th_95th_percentiles
5303396,2026-01-26,2026-01-19,343.0,26,conductivity,191.67320328443415,311.557442699705,0.1805929919137466,1,False,0.5796461508628026,0.09585338845009428,151.32679671556585,winter,2026,10–35 days,historical_tail_event,unseen_in_model_fit,outside_training_5th_95th_percentiles
5306103,2025-06-22,2025-06-15,15.0,33,turbidity_reported,8.000000000000002,8.000000000000002,0.0027190389767522,1,False,0.5753641449035616,0.5753641449035616,6.999999999999998,summer,2025,10–35 days,historical_tail_event,seen_in_model_fit,within_training_5th_95th_percentiles
5303396,2025-12-31,2025-12-24,339.0,31,conductivity,193.31825718534336,319.8197976572792,0.1805929919137466,1,False,0.5594483017433394,0.05806603012653255,145.68174281465664,winter,2025,10–35 days,historical_tail_event,unseen_in_model_fit,outside_training_5th_95th_percentiles
251221150343,2025-02-16,2025-02-09,410.1,113,conductivity,234.76050789521503,217.90288761850368,0.1805929919137466,1,False,0.5560200011875427,0.630208297965889,175.339492104785,winter,2025,61–120 days,historical_tail_event,seen_in_model_fit,outside_training_5th_95th_percentiles
5303354,2026-03-18,2026-03-11,45.0,28,alkalinity,79.20371185348301,85.61775628524423,0.022446086959441,1,False,0.5559283997747553,0.6328634359977352,34.203711853483014,spring,2026,10–35 days,historical_tail_event,seen_in_model_fit,within_training_5th_95th_percentiles
5303306,2025-09-07,2025-08-31,110.0,35,hardness,63.9804181784095,53.03684828013206,0.1307347734619872,1,False,0.535444235597943,0.7198640119024007,46.0195818215905,autumn,2025,10–35 days,historical_tail_event,seen_in_model_fit,within_training_5th_95th_percentiles
5303308,2025-05-10,2025-05-03,110.0,28,hardness,64.16293328421112,70.36432339611378,0.0712177923292411,1,False,0.5326394019524949,0.44173212916794746,45.83706671578888,spring,2025,10–35 days,historical_tail_event,seen_in_model_fit,within_training_5th_95th_percentiles
5303306,2026-02-01,2026-01-25,30.0,28,hardness,51.56572898950577,56.90002021759123,0.1338460639702581,1,False,0.5280771627905483,0.6247305292749381,21.56572898950577,winter,2026,10–35 days,historical_tail_event,seen_in_model_fit,outside_training_5th_95th_percentiles
5303361,2025-02-27,2025-02-20,40.0,35,hardness,68.0162685013013,71.73918599020352,0.1145972345398902,1,False,0.5207701854834825,0.5733081821155857,28.016268501301298,winter,2025,10–35 days,historical_tail_event,seen_in_model_fit,within_training_5th_95th_percentiles
5303306,2026-01-04,2025-12-28,89.0,63,conductivity,147.8739354824,188.99736840282816,0.1805929919137466,1,False,0.5032902069075442,0.7472005512228712,58.873935482399986,winter,2026,61–120 days,historical_tail_event,seen_in_model_fit,outside_training_5th_95th_percentiles
5303321,2026-01-28,2026-01-21,6.5,30,ph,7.0,7.0,0.0614855013983777,1,False,0.5,0.5,0.5,winter,2026,10–35 days,historical_tail_event,seen_in_model_fit,outside_training_5th_95th_percentiles
5303398,2026-03-09,2026-03-02,8.5,15,ph,8.0,8.0,0.0734918312185512,1,False,0.5,0.5,0.5,spring,2026,10–35 days,historical_tail_event,seen_in_model_fit,outside_training_5th_95th_percentiles
53033101,2025-02-11,2025-02-04,8.5,33,ph,8.0,8.0,0.0466232487402661,1,False,0.5,0.5,0.5,winter,2025,10–35 days,historical_tail_event,seen_in_model_fit,outside_training_5th_95th_percentiles
5303398,2025-07-25,2025-07-18,8.5,26,ph,8.0,8.0,0.0453008360610742,1,False,0.5,0.5,0.5,summer,2025,10–35 days,historical_tail_event,seen_in_model_fit,outside_training_5th_95th_percentiles
5303398,2025-01-26,2025-01-19,8.5,15,ph,8.0,8.0,0.0887046841647068,1,False,0.5,0.5,0.5,winter,2025,10–35 days,historical_tail_event,seen_in_model_fit,outside_training_5th_95th_percentiles
5303394,2025-10-12,2025-10-05,8.5,28,ph,8.0,8.0,0.1051165303418338,1,False,0.5,0.5,0.5,autumn,2025,10–35 days,historical_tail_event,seen_in_model_fit,outside_training_5th_95th_percentiles
5303394,2025-10-03,2025-09-26,8.5,19,ph,8.0,8.0,0.0975616359302116,1,False,0.5,0.5,0.5,autumn,2025,10–35 days,historical_tail_event,seen_in_model_fit,outside_training_5th_95th_percentiles
5303394,2025-08-10,2025-08-03,8.5,23,ph,8.0,8.0,0.0726597966567134,1,False,0.5,0.5,0.5,summer,2025,10–35 days,historical_tail_event,seen_in_model_fit,outside_training_5th_95th_percentiles
5303321,2025-04-18,2025-04-11,6.5,30,ph,7.0,7.0,0.0407770349786104,1,False,0.5,0.5,0.5,spring,2025,10–35 days,historical_tail_event,seen_in_model_fit,outside_training_5th_95th_percentiles
241118183206,2025-06-06,2025-05-30,14.4,35,water_temperature,13.902704090315003,8.77,0.3284959005579186,1,False,0.49729590968499693,5.630000000000001,0.49729590968499693,summer,2025,10–35 days,historical_tail_event,unseen_in_model_fit,within_training_5th_95th_percentiles
251221150232,2025-02-16,2025-02-09,323.7,113,conductivity,197.40502528162943,157.53976094294927,0.1805929919137466,1,False,0.49259115553833155,0.71689625956677,126.29497471837055,winter,2025,61–120 days,historical_tail_event,seen_in_model_fit,within_training_5th_95th_percentiles
5303391,2025-08-03,2025-07-27,8.1,16,dissolved_oxygen,8.588268351979698,9.32,0.2500627490527959,1,False,0.4882683519796984,1.2200000000000006,0.4882683519796984,summer,2025,10–35 days,historical_tail_event,seen_in_model_fit,within_training_5th_95th_percentiles
241118183206,2026-02-28,2026-02-21,112.7,33,conductivity,184.2073446504766,199.2299999999999,0.1805929919137466,1,False,0.4879125786091718,0.5659033050480673,71.50734465047661,winter,2026,10–35 days,historical_tail_event,unseen_in_model_fit,within_training_5th_95th_percentiles
241118183308,2026-01-30,2026-01-23,102.5,28,conductivity,167.07564086795003,196.64419472159037,0.1805929919137466,1,False,0.4848425086303596,0.6468968050986614,64.57564086795003,winter,2026,10–35 days,historical_tail_event,unseen_in_model_fit,outside_training_5th_95th_percentiles
5303397,2025-12-14,2025-12-07,313.0,16,conductivity,192.59139427418708,287.9184450962792,0.1805929919137466,1,False,0.4836432631168375,0.08324853451954617,120.40860572581292,winter,2025,10–35 days,historical_tail_event,unseen_in_model_fit,within_training_5th_95th_percentiles
5303320,2026-02-02,2026-01-26,100.0,28,conductivity,162.53346706019727,224.83875236521405,0.1805929919137466,1,False,0.4818971440492792,0.804700742669719,62.53346706019727,winter,2026,10–35 days,historical_tail_event,seen_in_model_fit,outside_training_5th_95th_percentiles
251221150008,2025-06-16,2025-06-09,309.8,120,conductivity,191.6031268715783,160.3164401065689,0.1805929919137466,1,False,0.47851788420633046,0.6557817160107042,118.19687312842171,summer,2025,61–120 days,historical_tail_event,seen_in_model_fit,within_training_5th_95th_percentiles
53033102,2025-01-31,2025-01-24,45.0,44,alkalinity,73.14817200181855,94.47774609824002,0.1479521031693794,1,False,0.4774240190845376,0.7302517986936916,28.14817200181855,winter,2025,36–60 days,historical_tail_event,unseen_in_model_fit,within_training_5th_95th_percentiles
241118182616,2025-07-12,2025-07-05,4833.33,71,other_coliform,2999.9999999999995,2999.9999999999995,0.3784038776987397,1,False,0.4767969799390208,0.4767969799390208,1833.3300000000004,summer,2025,61–120 days,historical_tail_event,unseen_in_model_fit,within_training_5th_95th_percentiles
5303320,2026-02-02,2026-01-26,45.0,28,alkalinity,72.69385923206724,79.53152742676035,0.029893863291311,1,False,0.47127807809595357,0.5600073563154409,27.69385923206724,winter,2026,10–35 days,historical_tail_event,seen_in_model_fit,within_training_5th_95th_percentiles
5303397,2026-01-24,2026-01-17,125.0,13,alkalinity,77.6788083549012,101.4304217442498,0.1431483514361248,1,False,0.4709080590092025,0.20709815112158836,47.32119164509881,winter,2026,10–35 days,historical_tail_event,seen_in_model_fit,within_training_5th_95th_percentiles
5303318,2025-08-16,2025-08-09,14766.67,28,other_coliform,9266.669999999998,9266.669999999998,0.5365560336246828,1,False,0.46590833235005746,0.46590833235005746,5500.000000000002,summer,2025,10–35 days,historical_tail_event,seen_in_model_fit,outside_training_5th_95th_percentiles
5303320,2025-12-06,2025-11-29,45.0,34,alkalinity,72.01618896934295,75.45732845974524,0.0822207270912729,1,False,0.46203978677602375,0.508091390804438,27.01618896934295,winter,2025,10–35 days,historical_tail_event,seen_in_model_fit,within_training_5th_95th_percentiles
53033101,2026-02-06,2026-01-30,310.0,28,conductivity,196.1621953591112,281.00000000000006,0.1805929919137466,1,False,0.4557661954927532,0.0978858412411201,113.8378046408888,winter,2026,10–35 days,historical_tail_event,seen_in_model_fit,within_training_5th_95th_percentiles
5303393,2025-01-19,2025-01-12,297.0,34,conductivity,189.16638740699875,259.41889332381385,0.1805929919137466,1,False,0.4491940743720306,0.13480202379601192,107.83361259300125,winter,2025,10–35 days,historical_tail_event,unseen_in_model_fit,within_training_5th_95th_percentiles
5303306,2025-09-07,2025-08-31,130.0,35,alkalinity,82.60427267306532,62.41859543067087,0.141079680352852,1,False,0.44910269588700213,0.7254402014400974,47.395727326934676,autumn,2025,10–35 days,historical_tail_event,seen_in_model_fit,within_training_5th_95th_percentiles
53033105,2025-07-15,2025-07-08,130.0,34,hardness,82.80417305196973,74.83534795858725,0.1256740734036396,1,False,0.44671451919677896,0.5466328073442739,47.19582694803027,summer,2025,10–35 days,historical_tail_event,unseen_in_model_fit,outside_training_5th_95th_percentiles
5303396,2026-02-06,2026-01-30,324.0,11,conductivity,207.0596787717685,361.33253237805167,0.1805929919137466,1,False,0.44600022660931593,0.10873720557276378,116.94032122823151,winter,2026,10–35 days,historical_tail_event,unseen_in_model_fit,outside_training_5th_95th_percentiles
5303306,2025-09-07,2025-08-31,266.67,35,ecoli,170.85881994060892,66.74643794863337,0.2323600973236009,1,False,0.44308155303907437,1.3739829965275474,95.81118005939109,autumn,2025,10–35 days,historical_tail_event,seen_in_model_fit,within_training_5th_95th_percentiles
53033101,2025-05-09,2025-05-02,334.0,30,conductivity,214.7549693108744,211.6311360078765,0.1805929919137466,1,False,0.4399871693996662,0.4545716231697545,119.2450306891256,spring,2025,10–35 days,historical_tail_event,seen_in_model_fit,outside_training_5th_95th_percentiles
53033101,2025-02-11,2025-02-04,135.0,33,alkalinity,86.86255207481202,88.75522268926746,0.127452248987085,1,False,0.436881200548906,0.4155686685368538,48.137447925187985,winter,2025,10–35 days,historical_tail_event,seen_in_model_fit,outside_training_5th_95th_percentiles
251221144813,2025-02-16,2025-02-09,381.5,113,conductivity,248.7689130486722,236.13245459284275,0.1805929919137466,1,False,0.4261925106825304,0.478109788108223,132.7310869513278,winter,2025,61–120 days,historical_tail_event,seen_in_model_fit,outside_training_5th_95th_percentiles
5303346,2025-08-03,2025-07-27,350.0,75,ecoli,229.302008922695,172.1073345994728,0.2323600973236009,1,False,0.4213946936086872,0.7068743901451331,120.697991077305,summer,2025,61–120 days,historical_tail_event,seen_in_model_fit,within_training_5th_95th_percentiles
5303371,2025-04-28,2025-04-21,2.2,11,nitrate,1.1,1.1,0.0357604770175496,1,False,0.42121346507630353,0.42121346507630353,1.1,spring,2025,10–35 days,historical_tail_event,seen_in_model_fit,within_training_5th_95th_percentiles
241118182616,2025-09-13,2025-09-06,11.5,42,turbidity_reported,7.219975669063747,7.219975669063747,0.1385551091037123,1,False,0.41916139521246176,0.41916139521246176,4.280024330936253,autumn,2025,36–60 days,historical_tail_event,unseen_in_model_fit,within_training_5th_95th_percentiles
5303308,2025-09-19,2025-09-12,300.0,34,ecoli,451.80152880921815,282.4852946412907,0.2323600973236009,1,False,0.40834363847984445,0.05995001368022734,151.80152880921815,autumn,2025,10–35 days,historical_tail_event,seen_in_model_fit,within_training_5th_95th_percentiles
5303346,2025-08-30,2025-08-23,583.33,27,ecoli,388.3827896662169,184.07614822985377,0.2323600973236009,1,False,0.40590299682536735,1.1496985392877086,194.94721033378312,summer,2025,10–35 days,historical_tail_event,seen_in_model_fit,within_training_5th_95th_percentiles
251221150008,2025-02-16,2025-02-09,325.3,113,conductivity,216.54708623095863,185.10298513362932,0.1805929919137466,1,False,0.4054018880825714,0.5615169995980978,108.75291376904138,winter,2025,61–120 days,historical_tail_event,seen_in_model_fit,outside_training_5th_95th_percentiles
5303354,2026-03-18,2026-03-11,40.0,28,hardness,60.383546730228424,70.0,0.0112565316492957,1,False,0.4035697639757432,0.5491078103370075,20.383546730228424,spring,2026,10–35 days,historical_tail_event,seen_in_model_fit,within_training_5th_95th_percentiles
251221144813,2025-06-16,2025-06-09,319.1,120,conductivity,214.54805269689223,220.06823817739837,0.1805929919137466,1,False,0.3954495799367166,0.3701620230842444,104.5519473031078,summer,2025,61–120 days,historical_tail_event,seen_in_model_fit,within_training_5th_95th_percentiles
53033100,2025-04-15,2025-04-08,343.0,43,conductivity,233.37896275807248,211.6264329757709,0.1805929919137466,1,False,0.38370235302388167,0.48110486722907275,109.62103724192752,spring,2025,36–60 days,historical_tail_event,unseen_in_model_fit,outside_training_5th_95th_percentiles
53033100,2025-04-16,2025-04-09,343.0,44,conductivity,233.37896275807248,211.6264329757709,0.1805929919137466,1,False,0.38370235302388167,0.48110486722907275,109.62103724192752,spring,2025,36–60 days,historical_tail_event,unseen_in_model_fit,outside_training_5th_95th_percentiles
241118183501,2025-06-06,2025-05-30,14.7,35,water_temperature,14.319883694559412,8.6,0.385835056578332,1,False,0.3801163054405876,6.1,0.3801163054405876,summer,2025,10–35 days,historical_tail_event,unseen_in_model_fit,within_training_5th_95th_percentiles
5303391,2025-01-04,2024-12-28,110.0,27,hardness,75.0818049951399,94.56976145985162,0.0933111282813559,1,False,0.37772105839422476,0.14967373401045236,34.918195004860095,winter,2025,10–35 days,historical_tail_event,seen_in_model_fit,within_training_5th_95th_percentiles
5303396,2025-04-19,2025-04-12,323.0,70,conductivity,223.48869276864008,330.0,0.1805929919137466,1,False,0.36691817616512523,0.02137485958473384,99.51130723135992,spring,2025,61–120 days,historical_tail_event,unseen_in_model_fit,within_training_5th_95th_percentiles
5303393,2025-01-17,2025-01-10,110.0,14,hardness,76.71309371537137,79.1123669393304,0.0965536079302155,1,False,0.3565064418506605,0.32609996540606545,33.28690628462863,winter,2025,10–35 days,historical_tail_event,seen_in_model_fit,within_training_5th_95th_percentiles
5303383,2025-08-14,2025-08-07,8.1,16,dissolved_oxygen,8.456065437331475,8.82,0.3986715805904926,1,False,0.3560654373314751,0.7200000000000006,0.3560654373314751,summer,2025,10–35 days,historical_tail_event,seen_in_model_fit,within_training_5th_95th_percentiles
5303318,2025-10-11,2025-10-04,11.7,22,turbidity_reported,8.000000000000002,8.000000000000002,0.0206124277437071,1,False,0.3443774161283262,0.3443774161283262,3.6999999999999975,autumn,2025,10–35 days,historical_tail_event,seen_in_model_fit,within_training_5th_95th_percentiles
5303318,2025-05-10,2025-05-03,110.0,28,hardness,77.72887991951285,76.63951443494032,0.0600132451517431,1,False,0.3435201510746122,0.35745369708903674,32.27112008048715,spring,2025,10–35 days,historical_tail_event,seen_in_model_fit,within_training_5th_95th_percentiles
5306103,2025-09-24,2025-09-17,400.0,30,ecoli,285.2915690700721,548.412673742034,0.2323600973236009,1,False,0.33695066352267755,0.31488841442132287,114.70843092992789,autumn,2025,10–35 days,historical_tail_event,seen_in_model_fit,within_training_5th_95th_percentiles
241118182150,2025-08-02,2025-07-26,300.0,21,ecoli,420.1101238346204,633.3299999999999,0.2323600973236009,1,False,0.3357841115325826,0.7454590590046113,120.11012383462042,summer,2025,10–35 days,historical_tail_event,unseen_in_model_fit,within_training_5th_95th_percentiles
5303396,2025-11-30,2025-11-23,320.0,31,conductivity,233.2123595776977,315.00000000000006,0.1805929919137466,1,False,0.31521289975640965,0.01569890954310349,86.7876404223023,autumn,2025,10–35 days,historical_tail_event,unseen_in_model_fit,within_training_5th_95th_percentiles
5303394,2025-12-27,2025-12-20,302.0,20,conductivity,220.73532595959568,267.79299768559457,0.1805929919137466,1,False,0.31224836031040937,0.11979124747649461,81.26467404040432,winter,2025,10–35 days,historical_tail_event,unseen_in_model_fit,within_training_5th_95th_percentiles
5303393,2025-04-26,2025-04-19,125.0,15,alkalinity,92.27816761261435,102.1590851112902,0.1091820546652016,1,False,0.3006958284893422,0.2000095946157936,32.721832387385646,spring,2025,10–35 days,historical_tail_event,seen_in_model_fit,within_training_5th_95th_percentiles
241118183206,2025-09-13,2025-09-06,10500.0,42,other_coliform,7799.999999999997,7799.999999999997,0.3368465082871973,1,False,0.2972185601176811,0.2972185601176811,2700.0000000000027,autumn,2025,36–60 days,historical_tail_event,unseen_in_model_fit,within_training_5th_95th_percentiles
5303395,2025-12-27,2025-12-20,315.0,13,conductivity,233.93548238265944,275.15387314217463,0.1805929919137466,1,False,0.29643128018910936,0.13478399183680612,81.06451761734056,winter,2025,10–35 days,historical_tail_event,unseen_in_model_fit,within_training_5th_95th_percentiles
5303308,2025-10-11,2025-10-04,11.4,22,turbidity_reported,8.240210864723071,8.240210864723071,0.0187506663167283,1,False,0.2941317663603149,0.2941317663603149,3.159789135276929,autumn,2025,10–35 days,historical_tail_event,seen_in_model_fit,within_training_5th_95th_percentiles
5303397,2025-04-18,2025-04-11,298.6,12,conductivity,222.27051983952683,283.2483489822955,0.1805929919137466,1,False,0.2940641219354925,0.05259992735894237,76.3294801604732,spring,2025,10–35 days,historical_tail_event,unseen_in_model_fit,within_training_5th_95th_percentiles
5303391,2025-06-07,2025-05-31,140.0,14,alkalinity,104.69138514567432,101.22744268618024,0.0703733611749733,1,False,0.2882365037026622,0.3215597292192065,35.30861485432568,summer,2025,10–35 days,historical_tail_event,seen_in_model_fit,outside_training_5th_95th_percentiles
5303392,2025-05-09,2025-05-02,110.0,28,hardness,82.65415429492845,100.00000000000004,0.0824222642210769,1,False,0.28283911229223424,0.09440968447107423,27.345845705071554,spring,2025,10–35 days,historical_tail_event,seen_in_model_fit,within_training_5th_95th_percentiles
53033100,2025-01-29,2025-01-22,40.0,64,alkalinity,53.38937308517947,67.08817812219684,0.1327306353734521,1,False,0.2825967203758353,0.5072315355255137,13.389373085179471,winter,2025,61–120 days,historical_tail_event,unseen_in_model_fit,within_training_5th_95th_percentiles
53033101,2025-06-20,2025-06-13,354.0,42,conductivity,266.95708053365615,253.0,0.1805929919137466,1,False,0.2812909690519785,0.33478352245687937,87.04291946634385,summer,2025,36–60 days,historical_tail_event,seen_in_model_fit,outside_training_5th_95th_percentiles
5303393,2025-09-13,2025-09-06,130.0,28,alkalinity,98.43877446056344,109.3062991151927,0.1113657816065178,1,False,0.27565520048570935,0.17193628964040997,31.561225539436563,autumn,2025,10–35 days,historical_tail_event,seen_in_model_fit,within_training_5th_95th_percentiles
5303396,2026-03-22,2026-03-15,330.0,21,conductivity,250.97424846627703,322.1205699593529,0.1805929919137466,1,False,0.2727914817131376,0.024092840198749244,79.02575153372297,spring,2026,10–35 days,historical_tail_event,unseen_in_model_fit,outside_training_5th_95th_percentiles
5303391,2025-02-08,2025-02-01,110.0,35,hardness,84.1083200740936,84.63503695543778,0.1399829195021877,1,False,0.2656054023087897,0.25943569168214076,25.891679925906402,winter,2025,10–35 days,historical_tail_event,seen_in_model_fit,within_training_5th_95th_percentiles
5303371,2025-02-28,2025-02-21,112.0,44,conductivity,146.3143929995267,174.99999999999991,0.1805929919137466,1,False,0.26518121213157997,0.44309617632581055,34.31439299952669,winter,2025,36–60 days,historical_tail_event,seen_in_model_fit,within_training_5th_95th_percentiles
5303396,2026-03-01,2026-02-22,324.0,23,conductivity,248.38232885162148,319.9999999999997,0.1805929919137466,1,False,0.2648380062387714,0.012384059199722408,75.61767114837852,spring,2026,10–35 days,historical_tail_event,unseen_in_model_fit,outside_training_5th_95th_percentiles
53033101,2025-07-25,2025-07-18,354.0,35,conductivity,272.33878834475377,266.63407854755695,0.1805929919137466,1,False,0.261405780725517,0.28249712049709164,81.66121165524623,summer,2025,10–35 days,historical_tail_event,seen_in_model_fit,outside_training_5th_95th_percentiles
5303397,2025-12-14,2025-12-07,130.0,16,alkalinity,100.86874505905516,104.3048908253342,0.1280170548600191,1,False,0.25151215171839425,0.21833745855546027,29.131254940944842,winter,2025,10–35 days,historical_tail_event,seen_in_model_fit,within_training_5th_95th_percentiles
5303397,2025-06-01,2025-05-25,110.0,22,hardness,85.39773531456667,89.99999999999997,0.1399663346803644,1,False,0.2505687374828147,0.19867069479548416,24.602264685433326,summer,2025,10–35 days,historical_tail_event,seen_in_model_fit,within_training_5th_95th_percentiles
5303320,2025-07-06,2025-06-29,125.0,35,alkalinity,97.59288904105668,95.31956112868762,0.0335316694289275,1,False,0.24528276720266717,0.2686104817895574,27.40711095894332,summer,2025,10–35 days,historical_tail_event,seen_in_model_fit,within_training_5th_95th_percentiles
5303306,2026-02-01,2026-01-25,45.0,28,alkalinity,57.6297127146357,62.07110914527868,0.1295375164887222,1,False,0.24260021450292246,0.31562140997251387,12.629712714635701,winter,2026,10–35 days,historical_tail_event,seen_in_model_fit,within_training_5th_95th_percentiles
241118183308,2025-08-02,2025-07-26,9.5,21,turbidity_reported,12.349999999999998,12.349999999999998,0.1219486177297737,1,False,0.24014112768278073,0.24014112768278073,2.849999999999998,summer,2025,10–35 days,historical_tail_event,unseen_in_model_fit,within_training_5th_95th_percentiles
53033101,2025-10-10,2025-10-03,328.0,20,conductivity,257.94625471700135,288.0000000000003,0.1805929919137466,1,False,0.23943722134433632,0.12963106265293867,70.05374528299865,autumn,2025,10–35 days,historical_tail_event,seen_in_model_fit,outside_training_5th_95th_percentiles
5303346,2025-05-05,2025-04-28,3933.33,13,other_coliform,3100.0000000000005,3100.0000000000005,0.4903294311303424,1,False,0.2380159604179255,0.2380159604179255,833.3299999999995,spring,2025,10–35 days,historical_tail_event,seen_in_model_fit,within_training_5th_95th_percentiles
5303309,2025-09-19,2025-09-12,296.5,62,conductivity,234.08830602612517,204.8416867400771,0.1805929919137466,1,False,0.23545301110157535,0.36830686262254275,62.41169397387483,autumn,2025,61–120 days,historical_tail_event,seen_in_model_fit,within_training_5th_95th_percentiles
53033104,2025-05-04,2025-04-27,330.0,33,conductivity,260.5874927887291,322.02631471754785,0.1805929919137466,1,False,0.2353495673776127,0.02438458575911273,69.4125072112709,spring,2025,10–35 days,historical_tail_event,unseen_in_model_fit,outside_training_5th_95th_percentiles
5303335,2025-07-12,2025-07-05,8.1,49,dissolved_oxygen,8.328874973801465,8.466666666666667,0.3095777210643283,1,False,0.2288749738014655,0.36666666666666714,0.2288749738014655,summer,2025,36–60 days,historical_tail_event,seen_in_model_fit,within_training_5th_95th_percentiles
5303393,2025-05-22,2025-05-15,110.0,11,hardness,87.44817613469677,89.81592141930483,0.1269520070901606,1,False,0.22711340121652057,0.2006955850488179,22.551823865303234,spring,2025,10–35 days,historical_tail_event,seen_in_model_fit,within_training_5th_95th_percentiles
5303392,2025-05-29,2025-05-22,130.0,20,alkalinity,104.05983801929436,95.93536868361744,0.153849712163047,1,False,0.22066724946888705,0.3011528690065006,25.94016198070564,spring,2025,10–35 days,historical_tail_event,seen_in_model_fit,within_training_5th_95th_percentiles
53033104,2025-06-07,2025-05-31,324.0,34,conductivity,261.87210009979174,330.0,0.1805929919137466,1,False,0.21215757984735273,0.018293193047325573,62.12789990020826,summer,2025,10–35 days,historical_tail_event,unseen_in_model_fit,outside_training_5th_95th_percentiles
5303397,2025-06-15,2025-06-08,110.0,14,hardness,88.80627880919013,93.6886030942361,0.1184742002903162,1,False,0.2118753085242977,0.15893655583638733,21.193721190809867,summer,2025,10–35 days,historical_tail_event,seen_in_model_fit,within_training_5th_95th_percentiles
53033101,2025-09-20,2025-09-13,328.0,22,conductivity,265.6316842161897,284.47854560369336,0.1805929919137466,1,False,0.21018950456024132,0.1418908712400988,62.36831578381032,autumn,2025,10–35 days,historical_tail_event,seen_in_model_fit,outside_training_5th_95th_percentiles
5303395,2025-09-16,2025-09-09,300.0,12,conductivity,243.81340481592633,266.79971095226654,0.1805929919137466,1,False,0.20661395737488863,0.11687091083418366,56.18659518407367,autumn,2025,10–35 days,historical_tail_event,unseen_in_model_fit,within_training_5th_95th_percentiles
5303396,2025-05-13,2025-05-06,318.0,24,conductivity,258.49983769069115,326.4812971758845,0.1805929919137466,1,False,0.2064350256484948,0.026239842799851587,59.50016230930885,spring,2025,10–35 days,historical_tail_event,unseen_in_model_fit,within_training_5th_95th_percentiles
5303393,2025-06-07,2025-05-31,110.0,12,hardness,89.40371528727718,87.38983006887602,0.0986413339149037,1,False,0.2052448364481272,0.22777328275658704,20.59628471272282,summer,2025,10–35 days,historical_tail_event,seen_in_model_fit,within_training_5th_95th_percentiles
5303394,2026-03-02,2026-02-23,296.0,19,conductivity,241.24157370082952,278.42197133582977,0.1805929919137466,1,False,0.20379667212149144,0.061009057506005604,54.75842629917048,spring,2026,10–35 days,historical_tail_event,unseen_in_model_fit,within_training_5th_95th_percentiles
53033101,2025-08-29,2025-08-22,330.0,35,conductivity,269.9599373646675,281.00000000000006,0.1805929919137466,1,False,0.20014739802838122,0.16021130443894904,60.040062635332504,summer,2025,10–35 days,historical_tail_event,seen_in_model_fit,outside_training_5th_95th_percentiles
5303391,2025-09-11,2025-09-04,125.0,15,alkalinity,102.41907494017074,100.00000000000004,0.1457556307828937,1,False,0.1974924847133046,0.2211613901102183,22.580925059829255,autumn,2025,10–35 days,historical_tail_event,seen_in_model_fit,within_training_5th_95th_percentiles
5303392,2025-08-02,2025-07-26,305.33,16,conductivity,250.9788107062112,238.99999999999997,0.1805929919137466,1,False,0.19531795275859487,0.24402402889356534,54.35118929378879,summer,2025,10–35 days,historical_tail_event,seen_in_model_fit,within_training_5th_95th_percentiles
53033100,2025-05-04,2025-04-27,325.0,18,conductivity,268.94313827109625,293.7168132292423,0.1805929919137466,1,False,0.18868604354335528,0.1008824412340319,56.056861728903755,spring,2025,10–35 days,historical_tail_event,unseen_in_model_fit,outside_training_5th_95th_percentiles
5303392,2025-06-06,2025-05-30,125.0,28,alkalinity,103.46532372068975,95.08492696115474,0.1263747899750186,1,False,0.18742672103853142,0.27104945071563336,21.534676279310247,summer,2025,10–35 days,historical_tail_event,seen_in_model_fit,within_training_5th_95th_percentiles
53033100,2025-06-07,2025-05-31,326.0,34,conductivity,270.6973212680375,315.9999999999999,0.1805929919137466,1,False,0.1852715136668932,0.03105839701997315,55.30267873196249,summer,2025,10–35 days,historical_tail_event,unseen_in_model_fit,outside_training_5th_95th_percentiles
5303392,2025-10-23,2025-10-16,297.0,29,conductivity,247.02040935966528,262.00000000000006,0.1805929919137466,1,False,0.18358244792143452,0.12493945432763987,49.97959064033472,autumn,2025,10–35 days,historical_tail_event,seen_in_model_fit,within_training_5th_95th_percentiles
241118181609,2025-09-13,2025-09-06,333.33,42,ecoli,277.86521253175977,129.13327783468768,0.2323600973236009,1,False,0.1813999732730407,0.9435693897589053,55.46478746824022,autumn,2025,36–60 days,historical_tail_event,unseen_in_model_fit,within_training_5th_95th_percentiles
5303305,2025-06-30,2025-06-23,125.0,34,alkalinity,104.1983999429055,98.56644262948944,0.1414765699923222,1,False,0.1804338164317354,0.23545672052235744,20.801600057094504,summer,2025,10–35 days,historical_tail_event,seen_in_model_fit,within_training_5th_95th_percentiles
251221150928,2025-02-16,2025-02-09,297.7,113,conductivity,248.63012845256895,233.49999999999991,0.1805929919137466,1,False,0.17945938906990566,0.24198413733572988,49.069871547431035,winter,2025,61–120 days,historical_tail_event,seen_in_model_fit,within_training_5th_95th_percentiles
53033104,2025-09-17,2025-09-10,314.0,29,conductivity,263.78285918725214,305.9999999999999,0.1805929919137466,1,False,0.17366254802389847,0.025724891238436243,50.21714081274786,autumn,2025,10–35 days,historical_tail_event,unseen_in_model_fit,within_training_5th_95th_percentiles
5303396,2025-10-30,2025-10-23,299.0,78,conductivity,251.3311793105298,316.4964566731417,0.1805929919137466,1,False,0.1730400463412769,0.0566841835296783,47.66882068947021,autumn,2025,61–120 days,historical_tail_event,unseen_in_model_fit,within_training_5th_95th_percentiles
5303397,2025-05-04,2025-04-27,302.0,16,conductivity,253.96286618859776,283.99999999999983,0.1805929919137466,1,False,0.17261489374478334,0.06124362524071891,48.03713381140224,spring,2025,10–35 days,historical_tail_event,unseen_in_model_fit,within_training_5th_95th_percentiles
5303396,2025-06-07,2025-05-31,315.0,25,conductivity,266.50834210092137,322.9999999999996,0.1805929919137466,1,False,0.16659146231310107,0.025001302205415854,48.49165789907863,summer,2025,10–35 days,historical_tail_event,unseen_in_model_fit,within_training_5th_95th_percentiles
241118183308,2025-09-13,2025-09-06,14.1,42,water_temperature,13.936861491791552,10.48,0.2636993114735305,1,False,0.16313850820844777,3.619999999999999,0.16313850820844777,autumn,2025,36–60 days,historical_tail_event,unseen_in_model_fit,within_training_5th_95th_percentiles
53033100,2025-09-09,2025-09-02,313.0,27,conductivity,266.60453687864083,317.9937303459113,0.1805929919137466,1,False,0.15988270384183956,0.01577846259539495,46.39546312135917,autumn,2025,10–35 days,historical_tail_event,unseen_in_model_fit,within_training_5th_95th_percentiles
53033104,2025-08-13,2025-08-06,306.0,33,conductivity,261.93058473471996,324.0000000000002,0.1805929919137466,1,False,0.154957686616652,0.056977434742541355,44.06941526528004,summer,2025,10–35 days,historical_tail_event,unseen_in_model_fit,within_training_5th_95th_percentiles
53033104,2025-08-19,2025-08-12,306.0,39,conductivity,262.87978657926203,324.0000000000002,0.1805929919137466,1,False,0.151354102012367,0.056977434742541355,43.12021342073797,summer,2025,36–60 days,historical_tail_event,unseen_in_model_fit,within_training_5th_95th_percentiles
241118181609,2025-09-13,2025-09-06,3700.0,42,other_coliform,4266.670000000002,4266.670000000002,0.2717311350595355,1,False,0.1424649574585466,0.1424649574585466,566.6700000000019,autumn,2025,36–60 days,historical_tail_event,unseen_in_model_fit,within_training_5th_95th_percentiles
5303392,2025-07-03,2025-06-26,304.0,10,conductivity,263.8640265741756,235.0000000000001,0.1805929919137466,1,False,0.1410951895730328,0.25647997158180136,40.135973425824375,summer,2025,10–35 days,historical_tail_event,seen_in_model_fit,within_training_5th_95th_percentiles
241118183206,2025-08-02,2025-07-26,7800.0,21,other_coliform,6833.329999999997,6833.329999999997,0.2333571384824667,1,False,0.13229349010699742,0.13229349010699742,966.6700000000028,summer,2025,10–35 days,historical_tail_event,unseen_in_model_fit,within_training_5th_95th_percentiles
5303396,2025-07-13,2025-07-06,303.33,36,conductivity,267.5748255981896,320.4902797908513,0.1805929919137466,1,False,0.12498308377176848,0.054854670324230526,35.75517440181039,summer,2025,36–60 days,historical_tail_event,unseen_in_model_fit,within_training_5th_95th_percentiles
5303391,2025-07-18,2025-07-11,295.0,28,conductivity,260.8216571704931,286.6497870675381,0.1805929919137466,1,False,0.12269588016545896,0.02861573126346517,34.1783428295069,summer,2025,10–35 days,historical_tail_event,unseen_in_model_fit,within_training_5th_95th_percentiles
241118182616,2025-08-02,2025-07-26,8.2,21,turbidity_reported,7.2,7.2,0.0160796256392721,1,False,0.11506932978478712,0.11506932978478712,0.9999999999999991,summer,2025,10–35 days,historical_tail_event,unseen_in_model_fit,within_training_5th_95th_percentiles
53033100,2025-07-14,2025-07-07,320.0,37,conductivity,288.5633193488083,320.4685054558223,0.1805929919137466,1,False,0.10306713034762627,0.001458454491978678,31.436680651191693,summer,2025,36–60 days,historical_tail_event,unseen_in_model_fit,within_training_5th_95th_percentiles
5303346,2025-08-03,2025-07-27,8.1,75,dissolved_oxygen,8.202832613389067,8.3125,0.4206462830022486,1,False,0.10283261338906691,0.21250000000000036,0.10283261338906691,summer,2025,61–120 days,historical_tail_event,seen_in_model_fit,within_training_5th_95th_percentiles
251221150008,2025-02-16,2025-02-09,6.97,113,ph,7.07,7.07,0.1039175047131397,1,False,0.10000000000000053,0.10000000000000053,0.10000000000000053,winter,2025,61–120 days,historical_tail_event,seen_in_model_fit,within_training_5th_95th_percentiles
241118181609,2025-08-02,2025-07-26,4266.67,21,other_coliform,3866.669999999998,3866.669999999998,0.2660189025588299,1,False,0.09841575231956412,0.09841575231956412,400.0000000000023,summer,2025,10–35 days,historical_tail_event,unseen_in_model_fit,within_training_5th_95th_percentiles
5303308,2025-04-12,2025-04-05,8.8,35,turbidity_reported,8.000000000000002,8.000000000000002,0.1211039775423461,1,False,0.08515780834030684,0.08515780834030684,0.7999999999999989,spring,2025,10–35 days,historical_tail_event,seen_in_model_fit,within_training_5th_95th_percentiles
53033104,2025-07-11,2025-07-04,301.0,34,conductivity,276.57120655746957,326.9862802008645,0.1805929919137466,1,False,0.08434951689748527,0.0825447614785304,24.428793442530434,summer,2025,10–35 days,historical_tail_event,unseen_in_model_fit,within_training_5th_95th_percentiles
53033100,2025-08-13,2025-08-06,307.0,30,conductivity,282.8483084504584,319.9999999999997,0.1805929919137466,1,False,0.08165981268247524,0.041341340156440864,24.151691549541624,summer,2025,10–35 days,historical_tail_event,unseen_in_model_fit,within_training_5th_95th_percentiles
251221144813,2025-02-16,2025-02-09,0.18,113,salinity,0.0998906975979153,0.1159892343958603,0.1136540480899171,1,False,0.07030362943043568,0.055773221163674405,0.08010930240208469,winter,2025,61–120 days,historical_tail_event,seen_in_model_fit,outside_training_5th_95th_percentiles
251221150232,2025-02-16,2025-02-09,0.15,113,salinity,0.0737445059804091,0.087491352760859,0.026146544185875,1,False,0.06860986473743035,0.05588840991033739,0.07625549401959089,winter,2025,61–120 days,historical_tail_event,seen_in_model_fit,within_training_5th_95th_percentiles
5306103,2025-11-27,2025-11-20,7.8,31,dissolved_oxygen,7.856782553234883,7.300000000000001,0.3757718204802698,1,False,0.056782553234882904,0.4999999999999991,0.056782553234882904,autumn,2025,10–35 days,historical_tail_event,seen_in_model_fit,within_training_5th_95th_percentiles
241118183308,2025-04-04,2025-03-28,29.4,35,turbidity_reported,28.125000000000007,28.125000000000007,0.1131750861096954,1,False,0.042845696526311094,0.042845696526311094,1.2749999999999915,spring,2025,10–35 days,historical_tail_event,unseen_in_model_fit,within_training_5th_95th_percentiles
251221150501,2025-11-23,2025-11-16,0.04,94,salinity,0.0849200947414531,0.0824213249376031,0.0375049706637371,1,False,0.04228562572760358,0.03997978605850186,0.044920094741453094,autumn,2025,61–120 days,historical_tail_event,seen_in_model_fit,outside_training_5th_95th_percentiles
251221150232,2025-11-23,2025-11-16,0.05,94,salinity,0.0887684137548166,0.087491352760859,0.0310792031117498,1,False,0.036256997620520995,0.035083368295389286,0.0387684137548166,autumn,2025,61–120 days,historical_tail_event,seen_in_model_fit,within_training_5th_95th_percentiles
251221150343,2025-08-21,2025-08-14,297.0,66,conductivity,305.4818965133857,314.1171535317862,0.1805929919137466,1,False,0.028065201917261362,0.05585099915055025,8.48189651338572,summer,2025,61–120 days,historical_tail_event,seen_in_model_fit,within_training_5th_95th_percentiles
5303308,2025-08-16,2025-08-09,266.67,28,ecoli,272.6684093865495,325.4460606414976,0.2323600973236009,1,False,0.022162310301356847,0.19850985179407843,5.998409386549497,summer,2025,10–35 days,historical_tail_event,seen_in_model_fit,within_training_5th_95th_percentiles
241118183404,2025-08-02,2025-07-26,9.7,21,turbidity_reported,9.869999999999996,9.869999999999996,0.0851180920016889,1,False,0.015762959665257537,0.015762959665257537,0.16999999999999638,summer,2025,10–35 days,historical_tail_event,unseen_in_model_fit,within_training_5th_95th_percentiles
5303309,2025-04-12,2025-04-05,8.1,91,turbidity_reported,8.000000000000002,8.000000000000002,0.0744569839361374,1,False,0.011049836186584727,0.011049836186584727,0.09999999999999787,spring,2025,61–120 days,historical_tail_event,unseen_in_model_fit,within_training_5th_95th_percentiles
