site,date,target,ambiguous_site_label,formula_protocol_review,any_formula_difference,reported_turbidity_nonmeter_or_missing_method,formula_checked
241118180336,2025-03-01,ecoli,False,False,False,False,True
241118180336,2025-04-05,ecoli,False,False,False,False,True
241118180336,2025-05-03,ecoli,False,False,False,False,True
241118180336,2025-06-07,ecoli,False,False,False,False,True
241118180336,2026-01-03,ecoli,False,False,False,False,True
241118180336,2026-01-31,ecoli,False,False,False,False,True
241118180336,2026-03-07,ecoli,False,False,False,False,True
241118181240,2025-03-01,ecoli,False,False,False,False,True
241118181240,2025-04-05,ecoli,False,False,False,False,True
241118181240,2025-05-03,ecoli,False,False,False,False,True
241118181240,2025-06-07,ecoli,False,False,False,False,True
241118181240,2026-01-03,ecoli,False,False,False,False,True
241118181240,2026-01-31,ecoli,False,False,False,False,True
241118181240,2026-03-07,ecoli,False,False,False,False,True
241118181609,2025-03-01,ecoli,False,False,False,False,True
241118181609,2025-04-05,ecoli,False,False,False,False,True
241118181609,2025-05-03,ecoli,False,False,False,False,True
241118181609,2025-06-07,ecoli,False,False,False,False,True
241118181609,2025-07-12,ecoli,False,False,False,False,True
241118181609,2025-08-02,ecoli,False,False,False,False,True
241118181609,2025-09-13,ecoli,False,False,False,False,True
241118181609,2025-10-07,ecoli,False,False,False,False,True
241118181609,2026-01-03,ecoli,False,False,False,False,True
241118181609,2026-01-31,ecoli,False,False,False,False,True
241118181609,2026-03-07,ecoli,False,False,False,False,True
241118181741,2025-03-01,ecoli,False,False,False,False,True
241118181741,2025-04-05,ecoli,False,False,False,False,True
241118181741,2025-05-03,ecoli,False,False,False,False,True
241118181741,2025-06-07,ecoli,False,False,False,False,True
241118181741,2025-10-03,ecoli,False,False,False,False,True
241118181741,2026-01-03,ecoli,False,False,False,False,True
241118181741,2026-01-31,ecoli,False,False,False,False,True
241118181741,2026-03-07,ecoli,False,False,False,False,True
241118181852,2025-03-01,ecoli,False,False,False,False,True
241118181852,2025-04-05,ecoli,False,False,False,False,True
241118181852,2025-05-03,ecoli,False,False,False,False,True
241118181852,2025-06-07,ecoli,False,False,False,False,True
241118182046,2025-03-02,ecoli,False,False,False,False,True
241118182046,2025-04-06,ecoli,False,False,False,False,True
241118182046,2025-05-04,ecoli,False,False,False,False,True
241118182150,2025-03-02,ecoli,False,False,False,False,True
241118182150,2025-04-06,ecoli,False,False,False,False,True
241118182150,2025-05-04,ecoli,False,False,False,False,True
241118182150,2025-06-12,ecoli,False,False,False,False,True
241118182150,2025-07-12,ecoli,False,False,False,False,True
241118182150,2025-08-02,ecoli,False,False,False,False,True
241118182150,2025-09-13,ecoli,False,False,False,False,True
241118182150,2025-10-03,ecoli,False,False,False,False,True
241118182150,2026-01-04,ecoli,False,False,False,False,True
241118182150,2026-03-08,ecoli,False,False,False,False,True
241118182245,2025-03-02,ecoli,False,False,False,False,True
241118182245,2025-04-06,ecoli,False,False,False,False,True
241118182245,2025-05-04,ecoli,False,False,False,False,True
241118182245,2025-06-12,ecoli,False,False,False,False,True
241118182245,2025-10-03,ecoli,False,False,False,False,True
241118182245,2026-01-04,ecoli,False,False,False,False,True
241118182245,2026-03-08,ecoli,False,False,False,False,True
241118182407,2025-03-02,ecoli,False,False,False,False,True
241118182407,2025-04-06,ecoli,False,False,False,False,True
241118182407,2025-05-04,ecoli,False,False,False,False,True
241118182407,2025-06-12,ecoli,False,False,False,False,True
241118182407,2025-10-03,ecoli,False,False,False,False,True
241118182407,2026-01-04,ecoli,False,False,False,False,True
241118182407,2026-03-08,ecoli,False,False,False,False,True
241118182520,2025-03-02,ecoli,False,False,False,False,True
241118182520,2025-04-06,ecoli,False,False,False,False,True
241118182520,2025-05-04,ecoli,False,False,False,False,True
241118182520,2025-06-12,ecoli,False,False,False,False,True
241118182520,2025-10-03,ecoli,False,False,False,False,True
241118182520,2026-01-04,ecoli,False,False,False,False,True
241118182520,2026-03-08,ecoli,False,False,False,False,True
241118182616,2025-02-28,ecoli,False,False,False,False,True
241118182616,2025-04-04,ecoli,False,False,False,False,True
241118182616,2025-05-02,ecoli,False,False,False,False,True
241118182616,2025-06-06,ecoli,False,False,False,False,True
241118182616,2025-07-12,ecoli,False,False,False,False,True
241118182616,2025-08-02,ecoli,False,False,False,False,True
241118182616,2025-09-13,ecoli,False,False,False,False,True
241118182616,2025-10-03,ecoli,False,False,False,False,True
241118182616,2026-01-02,ecoli,False,False,False,False,True
241118182616,2026-01-30,ecoli,False,False,False,False,True
241118182616,2026-03-06,ecoli,False,False,False,False,True
241118183206,2025-04-04,ecoli,False,False,False,False,True
241118183206,2025-05-02,ecoli,False,False,False,False,True
241118183206,2025-06-06,ecoli,False,False,False,False,True
241118183206,2025-07-12,ecoli,False,False,False,False,True
241118183206,2025-08-02,ecoli,False,False,False,False,True
241118183206,2025-09-13,ecoli,False,False,False,False,True
241118183206,2025-10-03,ecoli,False,False,False,False,True
241118183206,2026-01-02,ecoli,False,False,False,False,True
241118183308,2025-02-28,ecoli,False,False,False,False,True
241118183308,2025-04-04,ecoli,False,False,False,False,True
241118183308,2025-05-02,ecoli,False,False,False,False,True
241118183308,2025-06-06,ecoli,False,False,False,False,True
241118183308,2025-07-12,ecoli,False,False,False,False,True
241118183308,2025-08-02,ecoli,False,False,False,False,True
241118183308,2025-09-13,ecoli,False,False,False,False,True
241118183308,2025-10-03,ecoli,False,False,False,False,True
241118183308,2026-01-02,ecoli,False,False,False,False,True
241118183404,2025-02-28,ecoli,False,False,False,False,True
241118183404,2025-04-04,ecoli,False,False,False,False,True
241118183404,2025-05-02,ecoli,False,False,False,False,True
241118183404,2025-06-06,ecoli,False,False,False,False,True
241118183404,2025-07-12,ecoli,False,False,False,False,True
241118183404,2025-07-22,ecoli,False,False,False,False,True
241118183404,2025-08-02,ecoli,False,False,False,False,True
241118183404,2025-09-13,ecoli,False,False,False,False,True
241118183404,2025-10-03,ecoli,False,False,False,False,True
241118183404,2026-01-02,ecoli,False,False,False,False,True
241118183501,2025-02-28,ecoli,False,False,False,False,True
241118183501,2025-04-04,ecoli,False,False,False,False,True
241118183501,2025-05-02,ecoli,False,False,False,False,True
241118183501,2025-06-06,ecoli,False,False,False,False,True
241118183501,2025-10-03,ecoli,False,False,False,False,True
241118183501,2026-01-02,ecoli,False,False,False,False,True
241118183629,2025-02-28,ecoli,False,False,False,False,True
241118183629,2025-04-04,ecoli,False,False,False,False,True
241118183629,2025-05-02,ecoli,False,False,False,False,True
241118183629,2025-06-06,ecoli,False,False,False,False,True
241118183629,2025-10-03,ecoli,False,False,False,False,True
241118183629,2026-01-02,ecoli,False,False,False,False,True
241118183629,2026-01-30,ecoli,False,False,False,False,True
241118183629,2026-03-06,ecoli,False,False,False,False,True
251204215153,2026-03-06,ecoli,False,False,False,False,True
251204215814,2026-03-06,ecoli,False,False,False,False,True
251204220155,2026-03-06,ecoli,False,False,False,False,True
5303305,2025-01-21,ecoli,False,False,False,False,True
5303305,2025-04-15,ecoli,False,False,False,False,True
5303305,2025-05-27,ecoli,False,False,False,False,True
5303305,2025-06-30,ecoli,False,False,False,False,True
5303305,2025-07-28,ecoli,False,False,False,False,True
5303305,2025-08-18,ecoli,False,False,False,False,True
5303305,2025-09-19,ecoli,False,False,False,False,True
5303305,2025-09-21,ecoli,False,False,False,False,True
5303305,2025-10-19,ecoli,False,False,False,False,True
5303305,2025-11-26,ecoli,False,False,False,False,True
5303305,2025-12-12,ecoli,False,False,False,False,True
5303305,2026-01-24,ecoli,False,False,False,False,True
5303305,2026-02-24,ecoli,False,False,False,False,True
5303305,2026-03-29,ecoli,False,False,False,False,True
5303306,2025-02-02,ecoli,False,False,False,False,True
5303306,2025-03-02,ecoli,False,False,False,False,True
5303306,2025-04-05,ecoli,False,False,False,False,True
5303306,2025-05-04,ecoli,False,False,False,False,True
5303306,2025-06-01,ecoli,False,False,False,False,True
5303306,2025-07-06,ecoli,False,False,False,False,True
5303306,2025-08-03,ecoli,False,False,False,False,True
5303306,2025-09-07,ecoli,False,False,False,False,True
5303306,2025-10-12,ecoli,False,False,False,False,True
5303306,2025-12-06,ecoli,False,False,False,False,True
5303306,2026-01-04,ecoli,False,False,False,False,True
5303306,2026-02-01,ecoli,False,False,False,False,True
5303308,2025-01-12,ecoli,False,False,False,False,True
5303308,2025-02-08,ecoli,False,False,False,False,True
5303308,2025-03-08,ecoli,False,False,False,False,True
5303308,2025-04-12,ecoli,False,False,False,False,True
5303308,2025-05-10,ecoli,False,False,False,False,True
5303308,2025-06-15,ecoli,False,False,False,False,True
5303308,2025-07-19,ecoli,False,False,False,False,True
5303308,2025-08-16,ecoli,False,False,False,False,True
5303308,2025-09-19,ecoli,False,False,False,False,True
5303308,2025-10-11,ecoli,False,False,False,False,True
5303308,2025-11-09,ecoli,False,False,False,False,True
5303309,2025-01-11,ecoli,False,False,False,False,True
5303309,2025-04-12,ecoli,False,False,False,False,True
5303309,2025-07-19,ecoli,False,False,False,False,True
5303309,2025-09-19,ecoli,False,False,False,False,True
53033100,2025-05-04,ecoli,False,False,False,False,True
53033100,2025-06-08,ecoli,False,False,False,False,True
53033100,2025-06-09,ecoli,False,False,False,False,True
53033100,2025-07-14,ecoli,False,False,False,False,True
53033100,2025-08-03,ecoli,False,False,False,False,True
53033100,2025-09-10,ecoli,False,False,False,False,True
53033101,2025-03-06,ecoli,False,False,False,False,True
53033101,2025-04-08,ecoli,False,False,False,False,True
53033101,2025-05-09,ecoli,False,False,False,False,True
53033101,2025-06-20,ecoli,False,False,False,False,True
53033101,2025-07-25,ecoli,False,False,False,False,True
53033101,2025-08-29,ecoli,False,False,False,False,True
53033101,2025-09-20,ecoli,False,False,False,False,True
53033101,2025-10-10,ecoli,False,False,False,False,True
53033101,2025-11-14,ecoli,False,False,False,False,True
53033101,2025-12-19,ecoli,False,False,False,False,True
53033101,2026-01-09,ecoli,False,False,False,False,True
53033101,2026-02-06,ecoli,False,False,False,False,True
53033101,2026-03-14,ecoli,False,False,False,False,True
53033102,2025-04-29,ecoli,False,False,False,False,True
53033103,2026-02-18,ecoli,False,False,False,False,True
53033104,2025-04-01,ecoli,False,False,False,False,True
53033104,2025-05-04,ecoli,False,False,False,False,True
53033104,2025-06-09,ecoli,False,False,False,False,True
53033104,2025-07-08,ecoli,False,False,False,False,True
53033104,2025-07-11,ecoli,False,False,False,False,True
53033104,2025-08-13,ecoli,False,False,False,False,True
53033104,2025-09-11,ecoli,False,False,False,False,True
53033104,2025-12-20,ecoli,False,False,False,False,True
53033105,2025-03-22,ecoli,False,False,False,False,True
53033105,2025-04-15,ecoli,False,False,False,False,True
53033105,2025-05-21,ecoli,False,False,False,False,True
53033105,2025-06-11,ecoli,False,False,False,False,True
53033105,2025-07-15,ecoli,False,False,False,False,True
53033105,2025-08-19,ecoli,False,False,False,False,True
53033105,2025-09-17,ecoli,False,False,False,False,True
53033105,2025-10-22,ecoli,False,False,False,False,True
53033105,2025-11-18,ecoli,False,False,False,False,True
53033105,2025-12-16,ecoli,False,False,False,False,True
53033105,2026-03-21,ecoli,False,False,False,False,True
5303318,2025-01-12,ecoli,False,False,False,False,True
5303318,2025-02-08,ecoli,False,False,False,False,True
5303318,2025-03-08,ecoli,False,False,False,False,True
5303318,2025-04-12,ecoli,False,False,False,False,True
5303318,2025-05-10,ecoli,False,False,False,False,True
5303318,2025-06-15,ecoli,False,False,False,False,True
5303318,2025-07-19,ecoli,False,False,False,False,True
5303318,2025-08-16,ecoli,False,False,False,False,True
5303318,2025-09-19,ecoli,False,False,False,False,True
5303318,2025-10-11,ecoli,False,False,False,False,True
5303318,2025-11-08,ecoli,False,False,False,False,True
5303319,2025-01-11,ecoli,False,False,False,False,True
5303319,2025-04-12,ecoli,False,False,False,False,True
5303319,2025-07-19,ecoli,False,False,False,False,True
5303319,2025-09-19,ecoli,False,False,False,False,True
5303320,2025-03-02,ecoli,False,False,False,False,True
5303320,2025-04-05,ecoli,False,False,False,False,True
5303320,2025-05-04,ecoli,False,False,False,False,True
5303320,2025-06-01,ecoli,False,False,False,False,True
5303320,2025-07-06,ecoli,False,False,False,False,True
5303320,2025-08-03,ecoli,False,False,False,False,True
5303320,2025-09-07,ecoli,False,False,False,False,True
5303320,2025-10-12,ecoli,False,False,False,False,True
5303320,2025-12-07,ecoli,False,False,False,False,True
5303320,2026-01-05,ecoli,False,False,False,False,True
5303320,2026-02-01,ecoli,False,False,False,False,True
5303321,2025-01-30,ecoli,False,False,False,False,True
5303321,2025-03-19,ecoli,False,False,False,False,True
5303321,2025-04-18,ecoli,False,False,False,False,True
5303321,2025-05-20,ecoli,False,False,False,False,True
5303321,2025-06-21,ecoli,False,False,False,False,True
5303321,2025-07-24,ecoli,False,False,False,False,True
5303321,2025-08-25,ecoli,False,False,False,False,True
5303321,2025-09-24,ecoli,False,False,False,False,True
5303321,2025-10-27,ecoli,False,False,False,False,True
5303321,2025-11-27,ecoli,False,False,False,False,True
5303321,2025-12-29,ecoli,False,False,False,False,True
5303321,2026-01-28,ecoli,False,False,False,False,True
5303321,2026-02-23,ecoli,False,False,False,False,True
5303321,2026-03-26,ecoli,False,False,False,False,True
5303322,2026-01-17,ecoli,False,False,False,False,True
5303322,2026-02-22,ecoli,False,False,False,False,True
5303335,2025-01-26,ecoli,False,False,False,False,True
5303335,2025-03-09,ecoli,False,False,False,False,True
5303335,2025-05-24,ecoli,False,False,False,False,True
5303346,2025-01-02,ecoli,False,False,True,False,True
5303346,2025-01-21,ecoli,False,False,True,False,True
5303346,2025-02-02,ecoli,False,False,True,False,True
5303346,2025-02-18,ecoli,False,False,True,False,True
5303346,2025-03-25,ecoli,False,False,False,False,True
5303346,2025-04-08,ecoli,False,False,False,False,True
5303346,2025-04-22,ecoli,False,False,False,False,True
5303346,2025-05-05,ecoli,False,False,False,False,True
5303346,2025-05-20,ecoli,False,False,False,False,True
5303346,2025-08-03,ecoli,False,False,False,False,True
5303346,2025-08-28,ecoli,False,False,False,False,True
5303346,2025-08-30,ecoli,False,False,False,False,True
5303346,2025-10-15,ecoli,False,False,False,False,True
5303346,2025-10-25,ecoli,False,False,False,False,True
5303346,2025-11-19,ecoli,False,False,False,False,True
5303346,2026-01-04,ecoli,False,False,False,False,True
5303360,2025-01-23,ecoli,False,False,False,False,True
5303360,2025-02-27,ecoli,False,False,False,False,True
5303360,2025-03-20,ecoli,False,False,False,False,True
5303360,2025-04-26,ecoli,False,False,False,False,True
5303360,2025-05-19,ecoli,False,False,False,False,True
5303360,2025-07-29,ecoli,False,False,False,False,True
5303360,2025-08-14,ecoli,False,False,False,False,True
5303360,2025-09-30,ecoli,False,False,False,False,True
5303360,2025-10-14,ecoli,False,False,False,False,True
5303360,2025-11-24,ecoli,False,False,False,False,True
5303360,2026-01-20,ecoli,False,False,False,False,True
5303361,2025-01-23,ecoli,False,False,False,False,True
5303361,2025-02-27,ecoli,False,False,False,False,True
5303361,2025-03-20,ecoli,False,False,False,False,True
5303361,2025-04-26,ecoli,False,False,False,False,True
5303361,2025-05-19,ecoli,False,False,False,False,True
5303361,2025-07-29,ecoli,False,False,False,False,True
5303361,2025-08-14,ecoli,False,False,False,False,True
5303361,2025-09-30,ecoli,False,False,False,False,True
5303361,2025-10-14,ecoli,False,False,False,False,True
5303361,2025-11-24,ecoli,False,False,False,False,True
5303361,2026-01-20,ecoli,False,False,False,False,True
5303371,2025-01-14,ecoli,False,False,False,False,True
5303371,2025-02-28,ecoli,False,False,False,False,True
5303371,2025-03-17,ecoli,False,False,False,False,True
5303371,2025-04-17,ecoli,False,False,False,False,True
5303371,2025-05-15,ecoli,False,False,False,False,True
5303371,2025-06-23,ecoli,False,False,False,False,True
5303371,2025-07-21,ecoli,False,False,False,False,True
5303371,2025-08-29,ecoli,False,False,False,False,True
5303371,2025-10-13,ecoli,False,False,False,False,True
5303371,2026-02-05,ecoli,False,False,False,False,True
5303383,2025-01-24,ecoli,False,False,False,False,True
5303383,2025-02-27,ecoli,False,False,False,False,True
5303383,2025-03-20,ecoli,False,False,False,False,True
5303383,2025-04-26,ecoli,False,False,False,False,True
5303383,2025-05-19,ecoli,False,False,False,False,True
5303383,2025-07-29,ecoli,False,False,False,False,True
5303383,2025-08-14,ecoli,False,False,False,False,True
5303383,2025-09-30,ecoli,False,False,False,False,True
5303383,2025-10-14,ecoli,False,False,False,False,True
5303383,2025-11-24,ecoli,False,False,False,False,True
5303383,2026-01-20,ecoli,False,False,False,False,True
5303384,2025-01-24,ecoli,False,False,False,False,True
5303384,2025-02-27,ecoli,False,False,False,False,True
5303384,2025-03-20,ecoli,False,False,False,False,True
5303384,2025-04-26,ecoli,False,False,False,False,True
5303384,2025-05-19,ecoli,False,False,False,False,True
5303384,2025-07-29,ecoli,False,False,False,False,True
5303384,2025-08-14,ecoli,False,False,False,False,True
5303384,2025-09-30,ecoli,False,False,False,False,True
5303384,2025-10-14,ecoli,False,False,False,False,True
5303384,2025-11-24,ecoli,False,False,False,False,True
5303384,2026-01-20,ecoli,False,False,False,False,True
5303386,2025-01-30,ecoli,False,False,False,False,True
5303386,2025-03-04,ecoli,False,False,False,False,True
5303386,2025-04-16,ecoli,False,False,False,False,True
5303386,2025-05-06,ecoli,False,False,False,False,True
5303391,2025-06-07,ecoli,True,False,False,False,True
5303391,2025-07-17,ecoli,True,False,False,False,True
5303391,2025-08-03,ecoli,True,False,False,False,True
5303391,2025-08-12,ecoli,True,False,False,False,True
5303391,2025-09-11,ecoli,True,False,False,False,True
5303391,2025-10-04,ecoli,True,False,False,False,True
5303391,2025-10-12,ecoli,True,False,False,False,True
5303391,2025-11-09,ecoli,True,False,False,False,True
5303391,2025-12-04,ecoli,True,False,False,False,True
5303391,2026-01-04,ecoli,True,False,False,False,True
5303391,2026-01-29,ecoli,True,False,False,False,True
5303391,2026-01-31,ecoli,True,False,False,False,True
5303391,2026-02-26,ecoli,True,False,False,False,True
5303391,2026-03-14,ecoli,True,False,False,False,True
5303391,2026-03-29,ecoli,True,False,False,False,True
5303392,2025-04-12,ecoli,True,False,False,False,True
5303392,2025-05-09,ecoli,True,False,False,False,True
5303392,2025-05-11,ecoli,True,False,False,False,True
5303392,2025-05-29,ecoli,True,False,False,False,True
5303392,2025-06-06,ecoli,True,False,False,False,True
5303392,2025-06-23,ecoli,True,False,False,False,True
5303392,2025-07-02,ecoli,True,False,False,False,True
5303392,2025-07-17,ecoli,True,False,False,False,True
5303392,2025-08-02,ecoli,True,False,False,False,True
5303392,2025-08-30,ecoli,True,False,False,False,True
5303392,2025-09-24,ecoli,True,False,False,False,True
5303392,2025-10-23,ecoli,True,False,False,False,True
5303392,2025-11-21,ecoli,True,False,False,False,True
5303392,2025-12-20,ecoli,True,False,False,False,True
5303392,2026-01-16,ecoli,True,False,False,False,True
5303392,2026-02-15,ecoli,True,False,False,False,True
5303392,2026-03-11,ecoli,True,False,False,False,True
5303392,2026-04-11,ecoli,True,False,False,False,True
5303393,2025-07-04,ecoli,True,False,False,False,True
5303393,2025-08-02,ecoli,True,False,False,False,True
5303393,2025-08-16,ecoli,True,False,False,False,True
5303393,2025-09-13,ecoli,True,False,False,False,True
5303393,2025-11-22,ecoli,True,False,False,False,True
5303393,2026-01-17,ecoli,True,False,False,False,True
5303393,2026-02-25,ecoli,True,False,False,False,True
5303393,2026-04-10,ecoli,True,False,False,False,True
5303394,2025-05-24,ecoli,True,False,False,False,True
5303394,2025-06-22,ecoli,True,False,False,False,True
5303394,2025-07-08,ecoli,True,False,False,False,True
5303394,2025-07-18,ecoli,True,False,False,False,True
5303394,2025-08-10,ecoli,True,False,False,False,True
5303394,2025-08-14,ecoli,True,False,False,False,True
5303394,2025-09-02,ecoli,True,False,False,False,True
5303394,2025-09-14,ecoli,True,False,False,False,True
5303394,2025-10-03,ecoli,True,False,False,False,True
5303394,2025-10-12,ecoli,True,False,False,False,True
5303394,2025-11-09,ecoli,True,False,False,False,True
5303394,2025-11-28,ecoli,True,False,False,False,True
5303394,2025-12-07,ecoli,True,False,False,False,True
5303394,2025-12-27,ecoli,True,False,False,False,True
5303394,2026-01-04,ecoli,True,False,False,False,True
5303394,2026-01-17,ecoli,True,False,False,False,True
5303394,2026-02-11,ecoli,True,False,False,False,True
5303394,2026-02-28,ecoli,True,False,False,False,True
5303394,2026-03-14,ecoli,True,False,False,False,True
5303394,2026-03-28,ecoli,True,False,False,False,True
5303395,2025-02-20,ecoli,True,False,False,False,True
5303395,2025-04-17,ecoli,True,False,False,False,True
5303395,2025-05-31,ecoli,True,False,False,False,True
5303395,2025-06-14,ecoli,True,False,False,False,True
5303395,2025-06-29,ecoli,True,False,False,False,True
5303395,2025-07-10,ecoli,True,False,False,False,True
5303395,2025-08-07,ecoli,True,False,False,False,True
5303395,2025-08-24,ecoli,True,False,False,False,True
5303395,2025-09-04,ecoli,True,False,False,False,True
5303395,2025-09-21,ecoli,True,False,False,False,True
5303395,2025-10-03,ecoli,True,False,False,False,True
5303395,2025-11-26,ecoli,True,False,False,False,True
5303395,2025-12-14,ecoli,True,False,False,False,True
5303395,2025-12-27,ecoli,True,False,False,False,True
5303395,2026-02-07,ecoli,True,False,False,False,True
5303395,2026-02-22,ecoli,True,False,False,False,True
5303396,2025-06-01,ecoli,True,False,False,False,True
5303396,2025-08-13,ecoli,True,False,False,False,True
5303396,2025-09-16,ecoli,True,False,False,False,True
5303396,2025-10-08,ecoli,True,False,False,False,True
5303396,2025-10-30,ecoli,True,False,False,False,True
5303396,2025-11-30,ecoli,True,False,False,False,True
5303396,2026-01-11,ecoli,True,False,False,False,True
5303396,2026-01-24,ecoli,True,False,False,False,True
5303396,2026-01-26,ecoli,True,False,False,False,True
5303396,2026-02-06,ecoli,True,False,False,False,True
5303396,2026-03-01,ecoli,True,False,False,False,True
5303396,2026-03-22,ecoli,True,False,False,False,True
5303396,2026-04-05,ecoli,True,False,False,False,True
5303397,2025-07-11,ecoli,True,False,False,False,True
5303397,2025-07-26,ecoli,True,False,False,False,True
5303397,2025-08-06,ecoli,True,False,False,False,True
5303397,2025-08-24,ecoli,True,False,False,False,True
5303397,2025-09-21,ecoli,True,False,False,False,True
5303397,2025-11-15,ecoli,True,False,False,False,True
5303397,2026-02-07,ecoli,True,False,False,False,True
5303397,2026-03-07,ecoli,True,False,False,False,True
5303398,2025-06-01,ecoli,True,False,False,False,True
5303398,2025-06-29,ecoli,True,False,False,False,True
5303398,2025-07-13,ecoli,True,False,False,False,True
5303398,2025-07-25,ecoli,True,False,False,False,True
5303398,2025-09-21,ecoli,True,False,False,False,True
5303398,2025-10-19,ecoli,True,False,False,False,True
5303398,2025-11-16,ecoli,True,False,False,False,True
5303398,2025-12-13,ecoli,True,False,False,False,True
5303398,2026-01-10,ecoli,True,False,False,False,True
5303398,2026-02-08,ecoli,True,False,False,False,True
5303398,2026-02-22,ecoli,True,False,False,False,True
5303398,2026-03-09,ecoli,True,False,False,False,True
5303398,2026-03-22,ecoli,True,False,False,False,True
5306101,2025-01-30,ecoli,False,False,False,False,True
5306101,2025-02-23,ecoli,False,False,False,False,True
5306101,2025-03-30,ecoli,False,False,False,False,True
5306101,2025-04-28,ecoli,False,False,False,False,True
5306101,2025-05-17,ecoli,False,False,False,False,True
5306101,2025-06-28,ecoli,False,False,False,False,True
5306101,2025-07-21,ecoli,False,False,False,False,True
5306101,2025-09-06,ecoli,False,False,False,False,True
5306103,2025-01-30,ecoli,False,False,False,False,True
5306103,2025-03-19,ecoli,False,False,False,False,True
5306103,2025-04-17,ecoli,False,False,False,False,True
5306103,2025-05-20,ecoli,False,False,False,False,True
5306103,2025-06-21,ecoli,False,False,False,False,True
5306103,2025-07-24,ecoli,False,False,False,False,True
5306103,2025-08-25,ecoli,False,False,False,False,True
5306103,2025-09-24,ecoli,False,False,False,False,True
5306103,2025-10-27,ecoli,False,False,False,False,True
5306103,2025-11-28,ecoli,False,False,False,False,True
5306103,2025-12-29,ecoli,False,False,False,False,True
5306103,2026-01-28,ecoli,False,False,False,False,True
5306103,2026-02-23,ecoli,False,False,False,False,True
5306103,2026-03-27,ecoli,False,False,False,False,True
241118180336,2025-03-01,other_coliform,False,False,False,False,True
241118180336,2025-04-05,other_coliform,False,False,False,False,True
241118180336,2025-05-03,other_coliform,False,False,False,False,True
241118180336,2026-01-03,other_coliform,False,False,False,False,True
241118180336,2026-01-31,other_coliform,False,False,False,False,True
241118180336,2026-03-07,other_coliform,False,False,False,False,True
241118181240,2025-03-01,other_coliform,False,False,False,False,True
241118181240,2025-04-05,other_coliform,False,False,False,False,True
241118181240,2025-05-03,other_coliform,False,False,False,False,True
241118181240,2026-01-03,other_coliform,False,False,False,False,True
241118181240,2026-01-31,other_coliform,False,False,False,False,True
241118181240,2026-03-07,other_coliform,False,False,False,False,True
241118181609,2025-03-01,other_coliform,False,False,False,False,True
241118181609,2025-04-05,other_coliform,False,False,False,False,True
241118181609,2025-05-03,other_coliform,False,False,False,False,True
241118181609,2025-07-12,other_coliform,False,False,False,False,True
241118181609,2025-08-02,other_coliform,False,False,False,False,True
241118181609,2025-09-13,other_coliform,False,False,False,False,True
241118181609,2025-10-07,other_coliform,False,False,False,False,True
241118181609,2026-01-03,other_coliform,False,False,False,False,True
241118181609,2026-01-31,other_coliform,False,False,False,False,True
241118181609,2026-03-07,other_coliform,False,False,False,False,True
241118181741,2025-03-01,other_coliform,False,False,False,False,True
241118181741,2025-04-05,other_coliform,False,False,False,False,True
241118181741,2025-05-03,other_coliform,False,False,False,False,True
241118181741,2026-01-03,other_coliform,False,False,False,False,True
241118181741,2026-01-31,other_coliform,False,False,False,False,True
241118181741,2026-03-07,other_coliform,False,False,False,False,True
241118181852,2025-03-01,other_coliform,False,False,False,False,True
241118181852,2025-04-05,other_coliform,False,False,False,False,True
241118181852,2025-05-03,other_coliform,False,False,False,False,True
241118182046,2025-03-02,other_coliform,False,False,False,False,True
241118182046,2025-04-06,other_coliform,False,False,False,False,True
241118182046,2025-05-04,other_coliform,False,False,False,False,True
241118182150,2025-03-02,other_coliform,False,False,False,False,True
241118182150,2025-04-06,other_coliform,False,False,False,False,True
241118182150,2025-05-04,other_coliform,False,False,False,False,True
241118182150,2025-06-12,other_coliform,False,False,False,False,True
241118182150,2025-07-12,other_coliform,False,False,False,False,True
241118182150,2025-08-02,other_coliform,False,False,False,False,True
241118182150,2025-09-13,other_coliform,False,False,False,False,True
241118182150,2025-10-03,other_coliform,False,False,False,False,True
241118182150,2026-01-04,other_coliform,False,False,False,False,True
241118182150,2026-03-08,other_coliform,False,False,False,False,True
241118182245,2025-03-02,other_coliform,False,False,False,False,True
241118182245,2025-04-06,other_coliform,False,False,False,False,True
241118182245,2025-05-04,other_coliform,False,False,False,False,True
241118182245,2025-06-12,other_coliform,False,False,False,False,True
241118182245,2025-10-03,other_coliform,False,False,False,False,True
241118182245,2026-01-04,other_coliform,False,False,False,False,True
241118182245,2026-03-08,other_coliform,False,False,False,False,True
241118182407,2025-03-02,other_coliform,False,False,False,False,True
241118182407,2025-04-06,other_coliform,False,False,False,False,True
241118182407,2025-05-04,other_coliform,False,False,False,False,True
241118182407,2025-06-12,other_coliform,False,False,False,False,True
241118182407,2025-10-03,other_coliform,False,False,False,False,True
241118182407,2026-01-04,other_coliform,False,False,False,False,True
241118182407,2026-03-08,other_coliform,False,False,False,False,True
241118182520,2025-03-02,other_coliform,False,False,False,False,True
241118182520,2025-04-06,other_coliform,False,False,False,False,True
241118182520,2025-05-04,other_coliform,False,False,False,False,True
241118182520,2025-06-12,other_coliform,False,False,False,False,True
241118182520,2025-10-03,other_coliform,False,False,False,False,True
241118182520,2026-01-04,other_coliform,False,False,False,False,True
241118182520,2026-03-08,other_coliform,False,False,False,False,True
241118182616,2025-02-28,other_coliform,False,False,False,False,True
241118182616,2025-04-04,other_coliform,False,False,False,False,True
241118182616,2025-05-02,other_coliform,False,False,False,False,True
241118182616,2025-07-12,other_coliform,False,False,False,False,True
241118182616,2025-08-02,other_coliform,False,False,False,False,True
241118182616,2025-09-13,other_coliform,False,False,False,False,True
241118182616,2025-10-03,other_coliform,False,False,False,False,True
241118182616,2026-01-02,other_coliform,False,False,False,False,True
241118182616,2026-01-30,other_coliform,False,False,False,False,True
241118182616,2026-03-06,other_coliform,False,False,False,False,True
241118183206,2025-04-04,other_coliform,False,False,False,False,True
241118183206,2025-05-02,other_coliform,False,False,False,False,True
241118183206,2025-07-12,other_coliform,False,False,False,False,True
241118183206,2025-08-02,other_coliform,False,False,False,False,True
241118183206,2025-09-13,other_coliform,False,False,False,False,True
241118183206,2025-10-03,other_coliform,False,False,False,False,True
241118183206,2026-01-02,other_coliform,False,False,False,False,True
241118183308,2025-02-28,other_coliform,False,False,False,False,True
241118183308,2025-04-04,other_coliform,False,False,False,False,True
241118183308,2025-05-02,other_coliform,False,False,False,False,True
241118183308,2025-07-12,other_coliform,False,False,False,False,True
241118183308,2025-08-02,other_coliform,False,False,False,False,True
241118183308,2025-09-13,other_coliform,False,False,False,False,True
241118183308,2025-10-03,other_coliform,False,False,False,False,True
241118183308,2026-01-02,other_coliform,False,False,False,False,True
241118183404,2025-04-04,other_coliform,False,False,False,False,True
241118183404,2025-05-02,other_coliform,False,False,False,False,True
241118183404,2025-07-12,other_coliform,False,False,False,False,True
241118183404,2025-07-22,other_coliform,False,False,False,False,True
241118183404,2025-08-02,other_coliform,False,False,False,False,True
241118183404,2025-09-13,other_coliform,False,False,False,False,True
241118183404,2025-10-03,other_coliform,False,False,False,False,True
241118183404,2026-01-02,other_coliform,False,False,False,False,True
241118183501,2025-02-28,other_coliform,False,False,False,False,True
241118183501,2025-04-04,other_coliform,False,False,False,False,True
241118183501,2025-05-02,other_coliform,False,False,False,False,True
241118183501,2026-01-02,other_coliform,False,False,False,False,True
241118183629,2025-02-28,other_coliform,False,False,False,False,True
241118183629,2025-04-04,other_coliform,False,False,False,False,True
241118183629,2025-05-02,other_coliform,False,False,False,False,True
241118183629,2026-01-02,other_coliform,False,False,False,False,True
241118183629,2026-01-30,other_coliform,False,False,False,False,True
251204215153,2026-03-06,other_coliform,False,False,False,False,True
251204215814,2026-03-06,other_coliform,False,False,False,False,True
251204220155,2026-03-06,other_coliform,False,False,False,False,True
5303305,2026-03-29,other_coliform,False,False,False,False,True
5303308,2025-01-12,other_coliform,False,False,False,False,True
5303308,2025-02-08,other_coliform,False,False,False,False,True
5303308,2025-03-08,other_coliform,False,False,False,False,True
5303308,2025-04-12,other_coliform,False,False,False,False,True
5303308,2025-05-10,other_coliform,False,False,False,False,True
5303308,2025-06-15,other_coliform,False,False,False,False,True
5303308,2025-07-19,other_coliform,False,False,False,False,True
5303308,2025-08-16,other_coliform,False,False,False,False,True
5303308,2025-09-19,other_coliform,False,False,False,False,True
5303308,2025-10-11,other_coliform,False,False,False,False,True
5303308,2025-11-09,other_coliform,False,False,False,False,True
5303309,2025-01-11,other_coliform,False,False,False,False,True
5303309,2025-04-12,other_coliform,False,False,False,False,True
5303309,2025-07-19,other_coliform,False,False,False,False,True
5303309,2025-09-19,other_coliform,False,False,False,False,True
5303318,2025-01-12,other_coliform,False,False,False,False,True
5303318,2025-02-08,other_coliform,False,False,False,False,True
5303318,2025-03-08,other_coliform,False,False,False,False,True
5303318,2025-04-12,other_coliform,False,False,False,False,True
5303318,2025-05-10,other_coliform,False,False,False,False,True
5303318,2025-06-15,other_coliform,False,False,False,False,True
5303318,2025-07-19,other_coliform,False,False,False,False,True
5303318,2025-08-16,other_coliform,False,False,False,False,True
5303318,2025-09-19,other_coliform,False,False,False,False,True
5303318,2025-10-11,other_coliform,False,False,False,False,True
5303318,2025-11-08,other_coliform,False,False,False,False,True
5303319,2025-01-11,other_coliform,False,False,False,False,True
5303319,2025-04-12,other_coliform,False,False,False,False,True
5303319,2025-07-19,other_coliform,False,False,False,False,True
5303319,2025-09-19,other_coliform,False,False,False,False,True
5303335,2025-01-26,other_coliform,False,False,False,False,True
5303346,2025-01-02,other_coliform,False,False,False,False,True
5303346,2025-01-21,other_coliform,False,False,False,False,True
5303346,2025-02-02,other_coliform,False,True,True,False,True
5303346,2025-02-18,other_coliform,False,True,True,False,True
5303346,2025-03-25,other_coliform,False,False,False,False,True
5303346,2025-04-22,other_coliform,False,False,False,False,True
5303346,2025-05-05,other_coliform,False,False,False,False,True
5303391,2025-07-17,other_coliform,True,False,False,False,True
5303391,2025-08-12,other_coliform,True,False,False,False,True
5303391,2026-02-26,other_coliform,True,False,False,False,True
5303391,2026-03-14,other_coliform,True,False,False,False,True
5303391,2026-03-29,other_coliform,True,False,False,False,True
5303393,2025-08-16,other_coliform,True,False,False,False,True
5303393,2026-04-10,other_coliform,True,False,False,False,True
5303395,2025-05-31,other_coliform,True,False,False,False,True
5303395,2025-06-29,other_coliform,True,False,False,False,True
5303395,2025-08-07,other_coliform,True,False,False,False,True
5303395,2025-09-04,other_coliform,True,False,False,False,True
5303395,2026-02-22,other_coliform,True,False,False,False,True
5303397,2025-07-11,other_coliform,True,False,False,False,True
5303397,2025-08-06,other_coliform,True,False,False,False,True
5303398,2026-03-22,other_coliform,True,False,False,False,True
241118180336,2025-03-01,water_temperature,False,False,False,False,False
241118180336,2025-04-05,water_temperature,False,False,False,False,False
241118180336,2025-05-03,water_temperature,False,False,False,False,False
241118180336,2025-06-07,water_temperature,False,False,False,False,False
241118180336,2025-10-04,water_temperature,False,False,False,False,False
241118180336,2026-01-03,water_temperature,False,False,False,False,False
241118180336,2026-01-31,water_temperature,False,False,False,False,False
241118180336,2026-03-07,water_temperature,False,False,False,False,False
241118181240,2025-03-01,water_temperature,False,False,False,False,False
241118181240,2025-04-05,water_temperature,False,False,False,False,False
241118181240,2025-05-03,water_temperature,False,False,False,False,False
241118181240,2025-06-07,water_temperature,False,False,False,False,False
241118181240,2025-10-03,water_temperature,False,False,False,False,False
241118181240,2026-01-03,water_temperature,False,False,False,False,False
241118181240,2026-01-31,water_temperature,False,False,False,False,False
241118181240,2026-03-07,water_temperature,False,False,False,False,False
241118181609,2025-03-01,water_temperature,False,False,False,False,False
241118181609,2025-04-05,water_temperature,False,False,False,False,False
241118181609,2025-05-03,water_temperature,False,False,False,False,False
241118181609,2025-06-07,water_temperature,False,False,False,False,False
241118181609,2025-07-12,water_temperature,False,False,False,False,False
241118181609,2025-08-02,water_temperature,False,False,False,False,False
241118181609,2025-09-13,water_temperature,False,False,False,False,False
241118181609,2025-10-03,water_temperature,False,False,False,False,False
241118181609,2026-01-03,water_temperature,False,False,False,False,False
241118181609,2026-01-31,water_temperature,False,False,False,False,False
241118181609,2026-03-07,water_temperature,False,False,False,False,False
241118181741,2025-02-01,water_temperature,False,False,False,False,False
241118181741,2025-03-01,water_temperature,False,False,False,False,False
241118181741,2025-04-05,water_temperature,False,False,False,False,False
241118181741,2025-05-03,water_temperature,False,False,False,False,False
241118181741,2025-06-07,water_temperature,False,False,False,False,False
241118181741,2025-10-03,water_temperature,False,False,False,False,False
241118181741,2026-01-03,water_temperature,False,False,False,False,False
241118181741,2026-01-31,water_temperature,False,False,False,False,False
241118181741,2026-03-07,water_temperature,False,False,False,False,False
241118181852,2025-03-01,water_temperature,False,False,False,False,False
241118181852,2025-04-05,water_temperature,False,False,False,False,False
241118181852,2025-05-03,water_temperature,False,False,False,False,False
241118181852,2025-06-07,water_temperature,False,False,False,False,False
241118181852,2025-10-03,water_temperature,False,False,False,False,False
241118182046,2025-02-02,water_temperature,False,False,False,False,False
241118182046,2025-03-02,water_temperature,False,False,False,False,False
241118182046,2025-04-06,water_temperature,False,False,False,False,False
241118182046,2025-05-04,water_temperature,False,False,False,False,False
241118182150,2025-03-02,water_temperature,False,False,False,False,False
241118182150,2025-04-06,water_temperature,False,False,False,False,False
241118182150,2025-05-04,water_temperature,False,False,False,False,False
241118182150,2025-06-12,water_temperature,False,False,False,False,False
241118182150,2025-07-12,water_temperature,False,False,False,False,False
241118182150,2025-08-02,water_temperature,False,False,False,False,False
241118182150,2025-09-13,water_temperature,False,False,False,False,False
241118182150,2025-10-03,water_temperature,False,False,False,False,False
241118182150,2026-01-04,water_temperature,False,False,False,False,False
241118182245,2025-03-02,water_temperature,False,False,False,False,False
241118182245,2025-04-06,water_temperature,False,False,False,False,False
241118182245,2025-05-04,water_temperature,False,False,False,False,False
241118182245,2025-06-12,water_temperature,False,False,False,False,False
241118182245,2025-10-04,water_temperature,False,False,False,False,False
241118182245,2026-01-04,water_temperature,False,False,False,False,False
241118182245,2026-02-19,water_temperature,False,False,False,False,False
241118182407,2025-03-02,water_temperature,False,False,False,False,False
241118182407,2025-04-06,water_temperature,False,False,False,False,False
241118182407,2025-05-04,water_temperature,False,False,False,False,False
241118182407,2025-06-13,water_temperature,False,False,False,False,False
241118182407,2025-10-03,water_temperature,False,False,False,False,False
241118182407,2026-01-04,water_temperature,False,False,False,False,False
241118182407,2026-02-19,water_temperature,False,False,False,False,False
241118182520,2025-03-02,water_temperature,False,False,False,False,False
241118182520,2025-04-06,water_temperature,False,False,False,False,False
241118182520,2025-05-04,water_temperature,False,False,False,False,False
241118182520,2025-06-12,water_temperature,False,False,False,False,False
241118182520,2025-10-03,water_temperature,False,False,False,False,False
241118182520,2026-01-04,water_temperature,False,False,False,False,False
241118182520,2026-02-19,water_temperature,False,False,False,False,False
241118182616,2025-02-28,water_temperature,False,False,False,False,False
241118182616,2025-04-04,water_temperature,False,False,False,False,False
241118182616,2025-05-02,water_temperature,False,False,False,False,False
241118182616,2025-06-06,water_temperature,False,False,False,False,False
241118182616,2025-07-12,water_temperature,False,False,False,False,False
241118182616,2025-08-02,water_temperature,False,False,False,False,False
241118182616,2025-09-13,water_temperature,False,False,False,False,False
241118182616,2025-10-03,water_temperature,False,False,False,False,False
241118182616,2026-01-30,water_temperature,False,False,False,False,False
241118182616,2026-03-06,water_temperature,False,False,False,False,False
241118183206,2025-02-28,water_temperature,False,False,False,False,False
241118183206,2025-04-04,water_temperature,False,False,False,False,False
241118183206,2025-05-02,water_temperature,False,False,False,False,False
241118183206,2025-06-06,water_temperature,False,False,False,False,False
241118183206,2025-07-12,water_temperature,False,False,False,False,False
241118183206,2025-08-02,water_temperature,False,False,False,False,False
241118183206,2025-09-13,water_temperature,False,False,False,False,False
241118183206,2025-10-03,water_temperature,False,False,False,False,False
241118183206,2025-12-05,water_temperature,False,False,False,False,False
241118183206,2026-01-02,water_temperature,False,False,False,False,False
241118183206,2026-01-26,water_temperature,False,False,False,False,False
241118183206,2026-02-28,water_temperature,False,False,False,False,False
241118183206,2026-03-06,water_temperature,False,False,False,False,False
241118183308,2025-02-28,water_temperature,False,False,False,False,False
241118183308,2025-04-04,water_temperature,False,False,False,False,False
241118183308,2025-05-02,water_temperature,False,False,False,False,False
241118183308,2025-06-06,water_temperature,False,False,False,False,False
241118183308,2025-07-12,water_temperature,False,False,False,False,False
241118183308,2025-08-02,water_temperature,False,False,False,False,False
241118183308,2025-09-13,water_temperature,False,False,False,False,False
241118183308,2025-10-03,water_temperature,False,False,False,False,False
241118183308,2025-12-05,water_temperature,False,False,False,False,False
241118183308,2026-01-02,water_temperature,False,False,False,False,False
241118183308,2026-01-30,water_temperature,False,False,False,False,False
241118183308,2026-03-06,water_temperature,False,False,False,False,False
241118183404,2025-02-28,water_temperature,False,False,False,False,False
241118183404,2025-04-04,water_temperature,False,False,False,False,False
241118183404,2025-05-03,water_temperature,False,False,False,False,False
241118183404,2025-06-06,water_temperature,False,False,False,False,False
241118183404,2025-07-12,water_temperature,False,False,False,False,False
241118183404,2025-08-02,water_temperature,False,False,False,False,False
241118183404,2025-09-13,water_temperature,False,False,False,False,False
241118183404,2025-10-03,water_temperature,False,False,False,False,False
241118183404,2025-12-05,water_temperature,False,False,False,False,False
241118183404,2026-01-02,water_temperature,False,False,False,False,False
241118183404,2026-01-30,water_temperature,False,False,False,False,False
241118183404,2026-03-06,water_temperature,False,False,False,False,False
241118183501,2025-02-28,water_temperature,False,False,False,False,False
241118183501,2025-04-04,water_temperature,False,False,False,False,False
241118183501,2025-05-02,water_temperature,False,False,False,False,False
241118183501,2025-06-06,water_temperature,False,False,False,False,False
241118183501,2025-10-03,water_temperature,False,False,False,False,False
241118183501,2025-12-05,water_temperature,False,False,False,False,False
241118183501,2026-01-02,water_temperature,False,False,False,False,False
241118183501,2026-01-30,water_temperature,False,False,False,False,False
241118183501,2026-03-06,water_temperature,False,False,False,False,False
241118183629,2025-02-28,water_temperature,False,False,False,False,False
241118183629,2025-04-04,water_temperature,False,False,False,False,False
241118183629,2025-05-02,water_temperature,False,False,False,False,False
241118183629,2025-06-06,water_temperature,False,False,False,False,False
241118183629,2025-10-03,water_temperature,False,False,False,False,False
241118183629,2026-01-30,water_temperature,False,False,False,False,False
241118183629,2026-03-06,water_temperature,False,False,False,False,False
251204213047,2026-02-28,water_temperature,False,False,False,False,False
251204213047,2026-03-06,water_temperature,False,False,False,False,False
251221144813,2025-02-16,water_temperature,False,False,False,False,False
251221144813,2025-06-16,water_temperature,False,False,False,False,False
251221144813,2025-08-21,water_temperature,False,False,False,False,False
251221144813,2025-11-23,water_temperature,False,False,False,False,False
251221145854,2025-02-16,water_temperature,False,False,False,False,False
251221145854,2025-06-16,water_temperature,False,False,False,False,False
251221145854,2025-08-21,water_temperature,False,False,False,False,False
251221145854,2025-11-23,water_temperature,False,False,False,False,False
251221150008,2025-02-16,water_temperature,False,False,False,False,False
251221150008,2025-06-16,water_temperature,False,False,False,False,False
251221150232,2025-02-16,water_temperature,False,False,False,False,False
251221150232,2025-06-16,water_temperature,False,False,False,False,False
251221150232,2025-08-21,water_temperature,False,False,False,False,False
251221150232,2025-11-23,water_temperature,False,False,False,False,False
251221150343,2025-02-16,water_temperature,False,False,False,False,False
251221150343,2025-06-16,water_temperature,False,False,False,False,False
251221150343,2025-08-21,water_temperature,False,False,False,False,False
251221150343,2025-11-23,water_temperature,False,False,False,False,False
251221150501,2025-02-16,water_temperature,False,False,False,False,False
251221150501,2025-06-16,water_temperature,False,False,False,False,False
251221150501,2025-08-21,water_temperature,False,False,False,False,False
251221150501,2025-11-23,water_temperature,False,False,False,False,False
251221150928,2025-02-16,water_temperature,False,False,False,False,False
251221150928,2025-06-16,water_temperature,False,False,False,False,False
251221150928,2025-08-21,water_temperature,False,False,False,False,False
251221150928,2025-11-23,water_temperature,False,False,False,False,False
251221151218,2025-02-16,water_temperature,False,False,False,False,False
251221151218,2025-06-16,water_temperature,False,False,False,False,False
251221153641,2025-09-07,water_temperature,False,False,False,False,False
251221153821,2025-09-07,water_temperature,False,False,False,False,False
251221153909,2025-09-07,water_temperature,False,False,False,False,False
251221154015,2025-09-07,water_temperature,False,False,False,False,False
251221154202,2025-09-07,water_temperature,False,False,False,False,False
5303305,2025-01-21,water_temperature,False,False,False,False,False
5303305,2025-04-15,water_temperature,False,False,False,False,False
5303305,2025-05-27,water_temperature,False,False,False,False,False
5303305,2025-06-30,water_temperature,False,False,False,False,False
5303305,2025-07-28,water_temperature,False,False,False,False,False
5303305,2025-08-19,water_temperature,False,False,False,False,False
5303305,2025-09-19,water_temperature,False,False,False,False,False
5303305,2025-10-19,water_temperature,False,False,False,False,False
5303305,2025-11-24,water_temperature,False,False,False,False,False
5303305,2025-12-12,water_temperature,False,False,False,False,False
5303305,2026-01-24,water_temperature,False,False,False,False,False
5303305,2026-02-24,water_temperature,False,False,False,False,False
5303305,2026-03-29,water_temperature,False,False,False,False,False
5303306,2025-02-02,water_temperature,False,False,False,False,False
5303306,2025-03-02,water_temperature,False,False,False,False,False
5303306,2025-04-06,water_temperature,False,False,False,False,False
5303306,2025-05-04,water_temperature,False,False,False,False,False
5303306,2025-06-01,water_temperature,False,False,False,False,False
5303306,2025-07-06,water_temperature,False,False,False,False,False
5303306,2025-08-03,water_temperature,False,False,False,False,False
5303306,2025-09-07,water_temperature,False,False,False,False,False
5303306,2025-10-05,water_temperature,False,False,False,False,False
5303306,2025-11-02,water_temperature,False,False,False,False,False
5303306,2025-12-06,water_temperature,False,False,False,False,False
5303306,2026-01-04,water_temperature,False,False,False,False,False
5303306,2026-02-01,water_temperature,False,False,False,False,False
5303306,2026-03-01,water_temperature,False,False,False,False,False
5303308,2025-01-11,water_temperature,False,False,False,False,False
5303308,2025-02-08,water_temperature,False,False,False,False,False
5303308,2025-03-08,water_temperature,False,False,False,False,False
5303308,2025-04-12,water_temperature,False,False,False,False,False
5303308,2025-05-10,water_temperature,False,False,False,False,False
5303308,2025-06-15,water_temperature,False,False,False,False,False
5303308,2025-07-19,water_temperature,False,False,False,False,False
5303308,2025-08-16,water_temperature,False,False,False,False,False
5303308,2025-09-19,water_temperature,False,False,False,False,False
5303308,2025-10-11,water_temperature,False,False,False,False,False
5303308,2025-11-09,water_temperature,False,False,False,False,False
5303309,2025-01-11,water_temperature,False,False,False,False,False
5303309,2025-04-12,water_temperature,False,False,False,False,False
5303309,2025-07-19,water_temperature,False,False,False,False,False
5303309,2025-09-19,water_temperature,False,False,False,False,False
53033100,2025-01-29,water_temperature,False,False,False,False,False
53033100,2025-03-03,water_temperature,False,False,False,False,False
53033100,2025-04-15,water_temperature,False,False,False,False,False
53033100,2025-04-16,water_temperature,False,False,False,False,False
53033100,2025-05-04,water_temperature,False,False,False,False,False
53033100,2025-06-07,water_temperature,False,False,False,False,False
53033100,2025-07-14,water_temperature,False,False,False,False,False
53033100,2025-08-13,water_temperature,False,False,False,False,False
53033100,2025-09-09,water_temperature,False,False,False,False,False
53033100,2025-10-16,water_temperature,False,False,False,False,False
53033100,2025-12-20,water_temperature,False,False,False,False,False
53033100,2026-03-22,water_temperature,False,False,False,False,False
53033101,2025-01-09,water_temperature,False,False,False,False,False
53033101,2025-02-11,water_temperature,False,False,False,False,False
53033101,2025-03-06,water_temperature,False,False,False,False,False
53033101,2025-04-09,water_temperature,False,False,False,False,False
53033101,2025-05-09,water_temperature,False,False,False,False,False
53033101,2025-06-20,water_temperature,False,False,False,False,False
53033101,2025-07-25,water_temperature,False,False,False,False,False
53033101,2025-08-29,water_temperature,False,False,False,False,False
53033101,2025-09-20,water_temperature,False,False,False,False,False
53033101,2025-10-10,water_temperature,False,False,False,False,False
53033101,2025-11-14,water_temperature,False,False,False,False,False
53033101,2025-12-19,water_temperature,False,False,False,False,False
53033101,2026-01-09,water_temperature,False,False,False,False,False
53033101,2026-02-06,water_temperature,False,False,False,False,False
53033101,2026-03-14,water_temperature,False,False,False,False,False
53033102,2025-01-31,water_temperature,False,False,False,False,False
53033102,2025-02-28,water_temperature,False,False,False,False,False
53033102,2025-04-04,water_temperature,False,False,False,False,False
53033102,2025-04-29,water_temperature,False,False,False,False,False
53033102,2026-03-26,water_temperature,False,False,False,False,False
53033103,2025-01-31,water_temperature,False,False,False,False,False
53033103,2025-02-28,water_temperature,False,False,False,False,False
53033103,2025-04-04,water_temperature,False,False,False,False,False
53033103,2025-04-29,water_temperature,False,False,False,False,False
53033103,2026-02-18,water_temperature,False,False,False,False,False
53033103,2026-03-26,water_temperature,False,False,False,False,False
53033104,2025-03-02,water_temperature,False,False,False,False,False
53033104,2025-04-01,water_temperature,False,False,False,False,False
53033104,2025-05-04,water_temperature,False,False,False,False,False
53033104,2025-06-07,water_temperature,False,False,False,False,False
53033104,2025-07-11,water_temperature,False,False,False,False,False
53033104,2025-08-13,water_temperature,False,False,False,False,False
53033104,2025-08-19,water_temperature,False,False,False,False,False
53033104,2025-09-17,water_temperature,False,False,False,False,False
53033104,2025-10-14,water_temperature,False,False,False,False,False
53033104,2026-01-30,water_temperature,False,False,False,False,False
53033105,2025-01-19,water_temperature,False,False,False,False,False
53033105,2025-02-22,water_temperature,False,False,False,False,False
53033105,2025-03-22,water_temperature,False,False,False,False,False
53033105,2025-04-15,water_temperature,False,False,False,False,False
53033105,2025-05-21,water_temperature,False,False,False,False,False
53033105,2025-06-11,water_temperature,False,False,False,False,False
53033105,2025-07-15,water_temperature,False,False,False,False,False
53033105,2025-08-19,water_temperature,False,False,False,False,False
53033105,2025-09-17,water_temperature,False,False,False,False,False
53033105,2025-10-22,water_temperature,False,False,False,False,False
53033105,2025-11-18,water_temperature,False,False,False,False,False
53033105,2025-12-16,water_temperature,False,False,False,False,False
53033105,2026-01-27,water_temperature,False,False,False,False,False
53033105,2026-03-21,water_temperature,False,False,False,False,False
5303318,2025-01-11,water_temperature,False,False,False,False,False
5303318,2025-02-08,water_temperature,False,False,False,False,False
5303318,2025-03-08,water_temperature,False,False,False,False,False
5303318,2025-04-12,water_temperature,False,False,False,False,False
5303318,2025-05-10,water_temperature,False,False,False,False,False
5303318,2025-06-15,water_temperature,False,False,False,False,False
5303318,2025-07-19,water_temperature,False,False,False,False,False
5303318,2025-08-16,water_temperature,False,False,False,False,False
5303318,2025-09-19,water_temperature,False,False,False,False,False
5303318,2025-10-11,water_temperature,False,False,False,False,False
5303318,2025-11-08,water_temperature,False,False,False,False,False
5303319,2025-01-11,water_temperature,False,False,False,False,False
5303319,2025-04-12,water_temperature,False,False,False,False,False
5303319,2025-07-19,water_temperature,False,False,False,False,False
5303319,2025-09-19,water_temperature,False,False,False,False,False
5303320,2025-02-04,water_temperature,False,False,False,False,False
5303320,2025-03-02,water_temperature,False,False,False,False,False
5303320,2025-04-06,water_temperature,False,False,False,False,False
5303320,2025-05-04,water_temperature,False,False,False,False,False
5303320,2025-06-01,water_temperature,False,False,False,False,False
5303320,2025-07-06,water_temperature,False,False,False,False,False
5303320,2025-08-03,water_temperature,False,False,False,False,False
5303320,2025-09-07,water_temperature,False,False,False,False,False
5303320,2025-10-05,water_temperature,False,False,False,False,False
5303320,2025-11-02,water_temperature,False,False,False,False,False
5303320,2025-12-06,water_temperature,False,False,False,False,False
5303320,2026-01-05,water_temperature,False,False,False,False,False
5303320,2026-02-02,water_temperature,False,False,False,False,False
5303320,2026-03-02,water_temperature,False,False,False,False,False
5303321,2025-01-30,water_temperature,False,False,False,False,False
5303321,2025-03-19,water_temperature,False,False,False,False,False
5303321,2025-04-18,water_temperature,False,False,False,False,False
5303321,2025-05-20,water_temperature,False,False,False,False,False
5303321,2025-06-21,water_temperature,False,False,False,False,False
5303321,2025-07-24,water_temperature,False,False,False,False,False
5303321,2025-08-25,water_temperature,False,False,False,False,False
5303321,2025-09-24,water_temperature,False,False,False,False,False
5303321,2025-10-27,water_temperature,False,False,False,False,False
5303321,2025-11-27,water_temperature,False,False,False,False,False
5303321,2025-12-29,water_temperature,False,False,False,False,False
5303321,2026-01-28,water_temperature,False,False,False,False,False
5303321,2026-02-23,water_temperature,False,False,False,False,False
5303321,2026-03-27,water_temperature,False,False,False,False,False
5303322,2026-01-17,water_temperature,False,False,False,False,False
5303322,2026-02-22,water_temperature,False,False,False,False,False
5303335,2025-01-26,water_temperature,False,False,False,False,False
5303335,2025-03-09,water_temperature,False,False,False,False,False
5303335,2025-04-12,water_temperature,False,False,False,False,False
5303335,2025-05-24,water_temperature,False,False,False,False,False
5303335,2025-07-12,water_temperature,False,False,False,False,False
5303346,2025-01-02,water_temperature,False,False,False,False,False
5303346,2025-01-21,water_temperature,False,False,False,False,False
5303346,2025-02-02,water_temperature,False,False,False,False,False
5303346,2025-02-18,water_temperature,False,False,False,False,False
5303346,2025-03-02,water_temperature,False,False,False,False,False
5303346,2025-03-25,water_temperature,False,False,False,False,False
5303346,2025-05-05,water_temperature,False,False,False,False,False
5303346,2025-05-14,water_temperature,False,False,False,False,False
5303346,2025-05-20,water_temperature,False,False,False,False,False
5303346,2025-08-03,water_temperature,False,False,False,False,False
5303346,2025-08-27,water_temperature,False,False,False,False,False
5303346,2025-10-15,water_temperature,False,False,False,False,False
5303346,2025-10-25,water_temperature,False,False,False,False,False
5303346,2025-11-19,water_temperature,False,False,False,False,False
5303346,2026-01-04,water_temperature,False,False,False,False,False
5303354,2025-01-15,water_temperature,False,False,False,False,False
5303354,2025-02-20,water_temperature,False,False,False,False,False
5303354,2025-03-20,water_temperature,False,False,False,False,False
5303354,2025-04-19,water_temperature,False,False,False,False,False
5303354,2025-05-21,water_temperature,False,False,False,False,False
5303354,2025-06-18,water_temperature,False,False,False,False,False
5303354,2025-07-17,water_temperature,False,False,False,False,False
5303354,2025-08-20,water_temperature,False,False,False,False,False
5303354,2025-10-15,water_temperature,False,False,False,False,False
5303354,2025-11-19,water_temperature,False,False,False,False,False
5303354,2026-01-22,water_temperature,False,False,False,False,False
5303354,2026-02-18,water_temperature,False,False,False,False,False
5303354,2026-03-18,water_temperature,False,False,False,False,False
5303360,2025-01-23,water_temperature,False,False,False,False,False
5303360,2025-02-27,water_temperature,False,False,False,False,False
5303360,2025-03-20,water_temperature,False,False,False,False,False
5303360,2025-04-26,water_temperature,False,False,False,False,False
5303360,2025-05-19,water_temperature,False,False,False,False,False
5303360,2025-07-29,water_temperature,False,False,False,False,False
5303360,2025-08-14,water_temperature,False,False,False,False,False
5303360,2025-09-30,water_temperature,False,False,False,False,False
5303360,2025-10-14,water_temperature,False,False,False,False,False
5303360,2025-11-24,water_temperature,False,False,False,False,False
5303360,2026-01-20,water_temperature,False,False,False,False,False
5303361,2025-01-23,water_temperature,False,False,False,False,False
5303361,2025-02-27,water_temperature,False,False,False,False,False
5303361,2025-03-20,water_temperature,False,False,False,False,False
5303361,2025-04-26,water_temperature,False,False,False,False,False
5303361,2025-05-19,water_temperature,False,False,False,False,False
5303361,2025-07-29,water_temperature,False,False,False,False,False
5303361,2025-08-14,water_temperature,False,False,False,False,False
5303361,2025-09-30,water_temperature,False,False,False,False,False
5303361,2025-10-14,water_temperature,False,False,False,False,False
5303361,2025-11-24,water_temperature,False,False,False,False,False
5303361,2026-01-20,water_temperature,False,False,False,False,False
5303371,2025-01-15,water_temperature,False,False,False,False,False
5303371,2025-02-28,water_temperature,False,False,False,False,False
5303371,2025-03-17,water_temperature,False,False,False,False,False
5303371,2025-04-17,water_temperature,False,False,False,False,False
5303371,2025-04-28,water_temperature,False,False,False,False,False
5303371,2025-05-15,water_temperature,False,False,False,False,False
5303371,2025-06-23,water_temperature,False,False,False,False,False
5303371,2025-07-21,water_temperature,False,False,False,False,False
5303371,2025-08-29,water_temperature,False,False,False,False,False
5303371,2025-10-13,water_temperature,False,False,False,False,False
5303371,2026-02-05,water_temperature,False,False,False,False,False
5303382,2025-01-08,water_temperature,False,False,False,False,False
5303382,2025-02-12,water_temperature,False,False,False,False,False
5303383,2025-01-23,water_temperature,False,False,False,False,False
5303383,2025-02-27,water_temperature,False,False,False,False,False
5303383,2025-03-20,water_temperature,False,False,False,False,False
5303383,2025-04-26,water_temperature,False,False,False,False,False
5303383,2025-05-19,water_temperature,False,False,False,False,False
5303383,2025-07-29,water_temperature,False,False,False,False,False
5303383,2025-08-14,water_temperature,False,False,False,False,False
5303383,2025-09-30,water_temperature,False,False,False,False,False
5303383,2025-10-14,water_temperature,False,False,False,False,False
5303383,2025-11-24,water_temperature,False,False,False,False,False
5303383,2026-01-20,water_temperature,False,False,False,False,False
5303384,2025-01-24,water_temperature,False,False,False,False,False
5303384,2025-02-27,water_temperature,False,False,False,False,False
5303384,2025-03-20,water_temperature,False,False,False,False,False
5303384,2025-04-26,water_temperature,False,False,False,False,False
5303384,2025-05-19,water_temperature,False,False,False,False,False
5303384,2025-07-29,water_temperature,False,False,False,False,False
5303384,2025-08-14,water_temperature,False,False,False,False,False
5303384,2025-09-30,water_temperature,False,False,False,False,False
5303384,2025-10-14,water_temperature,False,False,False,False,False
5303384,2025-11-24,water_temperature,False,False,False,False,False
5303384,2026-01-20,water_temperature,False,False,False,False,False
5303386,2025-01-30,water_temperature,False,False,False,False,False
5303386,2025-03-09,water_temperature,False,False,False,False,False
5303386,2025-04-16,water_temperature,False,False,False,False,False
5303386,2025-05-06,water_temperature,False,False,False,False,False
5303387,2025-01-29,water_temperature,True,False,False,False,False
5303387,2025-02-28,water_temperature,True,False,False,False,False
5303387,2025-05-03,water_temperature,True,False,False,False,False
5303387,2025-06-03,water_temperature,True,False,False,False,False
5303387,2025-06-25,water_temperature,True,False,False,False,False
5303387,2025-07-30,water_temperature,True,False,False,False,False
5303387,2025-10-29,water_temperature,True,False,False,False,False
5303387,2026-01-28,water_temperature,True,False,False,False,False
5303387,2026-02-27,water_temperature,True,False,False,False,False
5303391,2025-01-04,water_temperature,True,False,False,False,False
5303391,2025-02-08,water_temperature,True,False,False,False,False
5303391,2025-03-01,water_temperature,True,False,False,False,False
5303391,2025-03-29,water_temperature,True,False,False,False,False
5303391,2025-04-24,water_temperature,True,False,False,False,False
5303391,2025-05-24,water_temperature,True,False,False,False,False
5303391,2025-06-07,water_temperature,True,False,False,False,False
5303391,2025-06-20,water_temperature,True,False,False,False,False
5303391,2025-07-18,water_temperature,True,False,False,False,False
5303391,2025-08-03,water_temperature,True,False,False,False,False
5303391,2025-08-12,water_temperature,True,False,False,False,False
5303391,2025-08-27,water_temperature,True,False,False,False,False
5303391,2025-09-11,water_temperature,True,False,False,False,False
5303391,2025-10-04,water_temperature,True,False,False,False,False
5303391,2025-10-12,water_temperature,True,False,False,False,False
5303391,2025-11-08,water_temperature,True,False,False,False,False
5303391,2025-12-04,water_temperature,True,False,False,False,False
5303391,2026-01-04,water_temperature,True,False,False,False,False
5303391,2026-01-29,water_temperature,True,False,False,False,False
5303391,2026-02-26,water_temperature,True,False,False,False,False
5303391,2026-03-14,water_temperature,True,False,False,False,False
5303391,2026-03-29,water_temperature,True,False,False,False,False
5303392,2025-01-01,water_temperature,True,False,False,False,False
5303392,2025-01-17,water_temperature,True,False,False,False,False
5303392,2025-02-02,water_temperature,True,False,False,False,False
5303392,2025-02-13,water_temperature,True,False,False,False,False
5303392,2025-03-13,water_temperature,True,False,False,False,False
5303392,2025-03-29,water_temperature,True,False,False,False,False
5303392,2025-04-11,water_temperature,True,False,False,False,False
5303392,2025-05-09,water_temperature,True,False,False,False,False
5303392,2025-05-29,water_temperature,True,False,False,False,False
5303392,2025-06-06,water_temperature,True,False,False,False,False
5303392,2025-06-23,water_temperature,True,False,False,False,False
5303392,2025-07-03,water_temperature,True,False,False,False,False
5303392,2025-07-17,water_temperature,True,False,False,False,False
5303392,2025-08-02,water_temperature,True,False,False,False,False
5303392,2025-08-17,water_temperature,True,False,False,False,False
5303392,2025-08-30,water_temperature,True,False,False,False,False
5303392,2025-09-24,water_temperature,True,False,False,False,False
5303392,2025-10-23,water_temperature,True,False,False,False,False
5303392,2025-11-21,water_temperature,True,False,False,False,False
5303392,2026-01-04,water_temperature,True,False,False,False,False
5303392,2026-01-16,water_temperature,True,False,False,False,False
5303392,2026-02-06,water_temperature,True,False,False,False,False
5303392,2026-02-14,water_temperature,True,False,False,False,False
5303392,2026-03-11,water_temperature,True,False,False,False,False
5303392,2026-03-26,water_temperature,True,False,False,False,False
5303392,2026-04-01,water_temperature,True,False,False,False,False
5303392,2026-04-11,water_temperature,True,False,False,False,False
5303393,2025-01-03,water_temperature,True,False,False,False,False
5303393,2025-01-17,water_temperature,True,False,False,False,False
5303393,2025-01-19,water_temperature,True,False,False,False,False
5303393,2025-01-30,water_temperature,True,False,False,False,False
5303393,2025-02-13,water_temperature,True,False,False,False,False
5303393,2025-02-17,water_temperature,True,False,False,False,False
5303393,2025-03-02,water_temperature,True,False,False,False,False
5303393,2025-03-13,water_temperature,True,False,False,False,False
5303393,2025-03-28,water_temperature,True,False,False,False,False
5303393,2025-04-11,water_temperature,True,False,False,False,False
5303393,2025-04-26,water_temperature,True,False,False,False,False
5303393,2025-05-11,water_temperature,True,False,False,False,False
5303393,2025-05-22,water_temperature,True,False,False,False,False
5303393,2025-05-26,water_temperature,True,False,False,False,False
5303393,2025-06-07,water_temperature,True,False,False,False,False
5303393,2025-06-20,water_temperature,True,False,False,False,False
5303393,2025-07-04,water_temperature,True,False,False,False,False
5303393,2025-07-17,water_temperature,True,False,False,False,False
5303393,2025-08-02,water_temperature,True,False,False,False,False
5303393,2025-08-16,water_temperature,True,False,False,False,False
5303393,2025-09-13,water_temperature,True,False,False,False,False
5303393,2025-11-23,water_temperature,True,False,False,False,False
5303393,2025-12-06,water_temperature,True,False,False,False,False
5303393,2026-01-03,water_temperature,True,False,False,False,False
5303393,2026-01-17,water_temperature,True,False,False,False,False
5303393,2026-01-31,water_temperature,True,False,False,False,False
5303393,2026-02-25,water_temperature,True,False,False,False,False
5303393,2026-04-10,water_temperature,True,False,False,False,False
5303394,2025-01-04,water_temperature,True,False,False,False,False
5303394,2025-02-01,water_temperature,True,False,False,False,False
5303394,2025-03-02,water_temperature,True,False,False,False,False
5303394,2025-03-26,water_temperature,True,False,False,False,False
5303394,2025-04-24,water_temperature,True,False,False,False,False
5303394,2025-05-24,water_temperature,True,False,False,False,False
5303394,2025-06-13,water_temperature,True,False,False,False,False
5303394,2025-06-21,water_temperature,True,False,False,False,False
5303394,2025-07-08,water_temperature,True,False,False,False,False
5303394,2025-07-18,water_temperature,True,False,False,False,False
5303394,2025-08-10,water_temperature,True,False,False,False,False
5303394,2025-08-29,water_temperature,True,False,False,False,False
5303394,2025-09-02,water_temperature,True,False,False,False,False
5303394,2025-09-14,water_temperature,True,False,False,False,False
5303394,2025-10-03,water_temperature,True,False,False,False,False
5303394,2025-10-12,water_temperature,True,False,False,False,False
5303394,2025-11-23,water_temperature,True,False,False,False,False
5303394,2025-11-28,water_temperature,True,False,False,False,False
5303394,2025-12-07,water_temperature,True,False,False,False,False
5303394,2025-12-27,water_temperature,True,False,False,False,False
5303394,2026-01-04,water_temperature,True,False,False,False,False
5303394,2026-01-17,water_temperature,True,False,False,False,False
5303394,2026-02-11,water_temperature,True,False,False,False,False
5303394,2026-03-02,water_temperature,True,False,False,False,False
5303394,2026-03-14,water_temperature,True,False,False,False,False
5303394,2026-03-28,water_temperature,True,False,False,False,False
5303395,2025-01-24,water_temperature,True,False,False,False,False
5303395,2025-02-20,water_temperature,True,False,False,False,False
5303395,2025-03-20,water_temperature,True,False,False,False,False
5303395,2025-04-18,water_temperature,True,False,False,False,False
5303395,2025-05-04,water_temperature,True,False,False,False,False
5303395,2025-05-31,water_temperature,True,False,False,False,False
5303395,2025-06-14,water_temperature,True,False,False,False,False
5303395,2025-06-29,water_temperature,True,False,False,False,False
5303395,2025-07-11,water_temperature,True,False,False,False,False
5303395,2025-08-13,water_temperature,True,False,False,False,False
5303395,2025-08-24,water_temperature,True,False,False,False,False
5303395,2025-09-04,water_temperature,True,False,False,False,False
5303395,2025-09-16,water_temperature,True,False,False,False,False
5303395,2025-09-21,water_temperature,True,False,False,False,False
5303395,2025-10-03,water_temperature,True,False,False,False,False
5303395,2025-10-18,water_temperature,True,False,False,False,False
5303395,2025-11-15,water_temperature,True,False,False,False,False
5303395,2025-11-26,water_temperature,True,False,False,False,False
5303395,2025-12-14,water_temperature,True,False,False,False,False
5303395,2025-12-27,water_temperature,True,False,False,False,False
5303395,2026-02-07,water_temperature,True,False,False,False,False
5303395,2026-02-22,water_temperature,True,False,False,False,False
5303395,2026-03-07,water_temperature,True,False,False,False,False
5303396,2025-01-12,water_temperature,True,False,False,False,False
5303396,2025-02-08,water_temperature,True,False,False,False,False
5303396,2025-04-19,water_temperature,True,False,False,False,False
5303396,2025-05-13,water_temperature,True,False,False,False,False
5303396,2025-06-07,water_temperature,True,False,False,False,False
5303396,2025-07-13,water_temperature,True,False,False,False,False
5303396,2025-08-13,water_temperature,True,False,False,False,False
5303396,2025-10-30,water_temperature,True,False,False,False,False
5303396,2025-11-30,water_temperature,True,False,False,False,False
5303396,2025-12-31,water_temperature,True,False,False,False,False
5303396,2026-01-26,water_temperature,True,False,False,False,False
5303396,2026-02-06,water_temperature,True,False,False,False,False
5303396,2026-03-01,water_temperature,True,False,False,False,False
5303396,2026-03-08,water_temperature,True,False,False,False,False
5303396,2026-03-22,water_temperature,True,False,False,False,False
5303396,2026-04-05,water_temperature,True,False,False,False,False
5303397,2025-01-12,water_temperature,True,False,False,False,False
5303397,2025-01-23,water_temperature,True,False,False,False,False
5303397,2025-02-09,water_temperature,True,False,False,False,False
5303397,2025-02-20,water_temperature,True,False,False,False,False
5303397,2025-03-09,water_temperature,True,False,False,False,False
5303397,2025-03-18,water_temperature,True,False,False,False,False
5303397,2025-04-06,water_temperature,True,False,False,False,False
5303397,2025-04-18,water_temperature,True,False,False,False,False
5303397,2025-05-04,water_temperature,True,False,False,False,False
5303397,2025-05-10,water_temperature,True,False,False,False,False
5303397,2025-06-01,water_temperature,True,False,False,False,False
5303397,2025-06-15,water_temperature,True,False,False,False,False
5303397,2025-06-29,water_temperature,True,False,False,False,False
5303397,2025-07-11,water_temperature,True,False,False,False,False
5303397,2025-07-26,water_temperature,True,False,False,False,False
5303397,2025-08-06,water_temperature,True,False,False,False,False
5303397,2025-08-24,water_temperature,True,False,False,False,False
5303397,2025-09-21,water_temperature,True,False,False,False,False
5303397,2025-11-15,water_temperature,True,False,False,False,False
5303397,2025-11-28,water_temperature,True,False,False,False,False
5303397,2025-12-14,water_temperature,True,False,False,False,False
5303397,2026-01-10,water_temperature,True,False,False,False,False
5303397,2026-01-11,water_temperature,True,False,False,False,False
5303397,2026-01-24,water_temperature,True,False,False,False,False
5303397,2026-02-07,water_temperature,True,False,False,False,False
5303397,2026-03-07,water_temperature,True,False,False,False,False
5303398,2025-01-11,water_temperature,True,False,False,False,False
5303398,2025-01-26,water_temperature,True,False,False,False,False
5303398,2025-02-15,water_temperature,True,False,False,False,False
5303398,2025-02-23,water_temperature,True,False,False,False,False
5303398,2025-03-08,water_temperature,True,False,False,False,False
5303398,2025-04-05,water_temperature,True,False,False,False,False
5303398,2025-05-04,water_temperature,True,False,False,False,False
5303398,2025-06-01,water_temperature,True,False,False,False,False
5303398,2025-06-29,water_temperature,True,False,False,False,False
5303398,2025-07-25,water_temperature,True,False,False,False,False
5303398,2025-09-21,water_temperature,True,False,False,False,False
5303398,2025-10-08,water_temperature,True,False,False,False,False
5303398,2025-10-19,water_temperature,True,False,False,False,False
5303398,2025-11-16,water_temperature,True,False,False,False,False
5303398,2025-12-13,water_temperature,True,False,False,False,False
5303398,2026-01-10,water_temperature,True,False,False,False,False
5303398,2026-02-08,water_temperature,True,False,False,False,False
5303398,2026-02-22,water_temperature,True,False,False,False,False
5303398,2026-03-09,water_temperature,True,False,False,False,False
5303398,2026-03-22,water_temperature,True,False,False,False,False
5306101,2025-01-30,water_temperature,False,False,False,False,False
5306101,2025-02-23,water_temperature,False,False,False,False,False
5306101,2025-03-30,water_temperature,False,False,False,False,False
5306101,2025-05-17,water_temperature,False,False,False,False,False
5306101,2025-06-28,water_temperature,False,False,False,False,False
5306101,2025-07-21,water_temperature,False,False,False,False,False
5306101,2025-09-06,water_temperature,False,False,False,False,False
5306103,2025-01-30,water_temperature,False,False,False,False,False
5306103,2025-03-19,water_temperature,False,False,False,False,False
5306103,2025-04-17,water_temperature,False,False,False,False,False
5306103,2025-05-20,water_temperature,False,False,False,False,False
5306103,2025-06-22,water_temperature,False,False,False,False,False
5306103,2025-07-24,water_temperature,False,False,False,False,False
5306103,2025-08-25,water_temperature,False,False,False,False,False
5306103,2025-09-24,water_temperature,False,False,False,False,False
5306103,2025-10-27,water_temperature,False,False,False,False,False
5306103,2025-11-27,water_temperature,False,False,False,False,False
5306103,2025-12-29,water_temperature,False,False,False,False,False
5306103,2026-01-28,water_temperature,False,False,False,False,False
5306103,2026-02-23,water_temperature,False,False,False,False,False
5306103,2026-03-27,water_temperature,False,False,False,False,False
241118180336,2025-03-01,dissolved_oxygen,False,False,False,False,True
241118180336,2025-04-05,dissolved_oxygen,False,False,False,False,True
241118180336,2025-05-03,dissolved_oxygen,False,False,False,False,True
241118180336,2025-06-07,dissolved_oxygen,False,False,False,False,True
241118180336,2025-10-04,dissolved_oxygen,False,False,False,False,True
241118180336,2026-01-03,dissolved_oxygen,False,False,False,False,True
241118180336,2026-01-31,dissolved_oxygen,False,False,False,False,True
241118180336,2026-03-07,dissolved_oxygen,False,False,False,False,True
241118181240,2025-03-01,dissolved_oxygen,False,False,False,False,True
241118181240,2025-04-05,dissolved_oxygen,False,False,False,False,True
241118181240,2025-05-03,dissolved_oxygen,False,False,False,False,True
241118181240,2025-06-07,dissolved_oxygen,False,False,False,False,True
241118181240,2025-10-03,dissolved_oxygen,False,False,False,False,True
241118181240,2026-01-03,dissolved_oxygen,False,False,False,False,True
241118181240,2026-01-31,dissolved_oxygen,False,False,False,False,True
241118181240,2026-03-07,dissolved_oxygen,False,False,False,False,True
241118181609,2025-03-01,dissolved_oxygen,False,False,False,False,True
241118181609,2025-04-05,dissolved_oxygen,False,False,False,False,True
241118181609,2025-05-03,dissolved_oxygen,False,False,False,False,True
241118181609,2025-06-07,dissolved_oxygen,False,False,False,False,True
241118181609,2025-07-12,dissolved_oxygen,False,False,False,False,True
241118181609,2025-08-02,dissolved_oxygen,False,False,False,False,True
241118181609,2025-09-13,dissolved_oxygen,False,False,False,False,True
241118181609,2025-10-03,dissolved_oxygen,False,False,False,False,True
241118181609,2026-01-03,dissolved_oxygen,False,False,False,False,True
241118181609,2026-01-31,dissolved_oxygen,False,False,False,False,True
241118181609,2026-03-07,dissolved_oxygen,False,False,False,False,True
241118181741,2025-02-01,dissolved_oxygen,False,False,False,False,True
241118181741,2025-03-01,dissolved_oxygen,False,False,False,False,True
241118181741,2025-04-05,dissolved_oxygen,False,False,False,False,True
241118181741,2025-05-03,dissolved_oxygen,False,False,False,False,True
241118181741,2025-06-07,dissolved_oxygen,False,False,False,False,True
241118181741,2025-10-03,dissolved_oxygen,False,False,False,False,True
241118181741,2026-01-03,dissolved_oxygen,False,False,False,False,True
241118181741,2026-01-31,dissolved_oxygen,False,False,False,False,True
241118181741,2026-03-07,dissolved_oxygen,False,False,False,False,True
241118181852,2025-03-01,dissolved_oxygen,False,False,False,False,True
241118181852,2025-04-05,dissolved_oxygen,False,False,False,False,True
241118181852,2025-05-03,dissolved_oxygen,False,False,False,False,True
241118181852,2025-06-07,dissolved_oxygen,False,False,False,False,True
241118181852,2025-10-03,dissolved_oxygen,False,False,False,False,True
241118182046,2025-02-02,dissolved_oxygen,False,False,False,False,True
241118182046,2025-03-02,dissolved_oxygen,False,False,False,False,True
241118182046,2025-04-06,dissolved_oxygen,False,False,False,False,True
241118182046,2025-05-04,dissolved_oxygen,False,False,False,False,True
241118182150,2025-03-02,dissolved_oxygen,False,False,False,False,True
241118182150,2025-04-06,dissolved_oxygen,False,False,False,False,True
241118182150,2025-05-04,dissolved_oxygen,False,False,False,False,True
241118182150,2025-06-12,dissolved_oxygen,False,False,False,False,True
241118182150,2025-07-12,dissolved_oxygen,False,False,False,False,True
241118182150,2025-08-02,dissolved_oxygen,False,False,False,False,True
241118182150,2025-09-13,dissolved_oxygen,False,False,False,False,True
241118182150,2025-10-03,dissolved_oxygen,False,False,False,False,True
241118182150,2026-01-04,dissolved_oxygen,False,False,False,False,True
241118182245,2025-03-02,dissolved_oxygen,False,False,False,False,True
241118182245,2025-04-06,dissolved_oxygen,False,False,False,False,True
241118182245,2025-05-04,dissolved_oxygen,False,False,False,False,True
241118182245,2025-06-12,dissolved_oxygen,False,False,False,False,True
241118182245,2025-10-04,dissolved_oxygen,False,False,False,False,True
241118182245,2026-01-04,dissolved_oxygen,False,False,False,False,True
241118182245,2026-02-19,dissolved_oxygen,False,False,False,False,True
241118182407,2025-03-02,dissolved_oxygen,False,False,False,False,True
241118182407,2025-04-06,dissolved_oxygen,False,False,False,False,True
241118182407,2025-05-04,dissolved_oxygen,False,False,False,False,True
241118182407,2025-06-13,dissolved_oxygen,False,False,False,False,True
241118182407,2025-10-03,dissolved_oxygen,False,False,False,False,True
241118182407,2026-01-04,dissolved_oxygen,False,False,False,False,True
241118182407,2026-02-19,dissolved_oxygen,False,False,False,False,True
241118182520,2025-03-02,dissolved_oxygen,False,False,False,False,True
241118182520,2025-04-06,dissolved_oxygen,False,False,False,False,True
241118182520,2025-05-04,dissolved_oxygen,False,False,False,False,True
241118182520,2025-06-12,dissolved_oxygen,False,False,False,False,True
241118182520,2025-10-03,dissolved_oxygen,False,False,False,False,True
241118182520,2026-01-04,dissolved_oxygen,False,False,False,False,True
241118182520,2026-02-19,dissolved_oxygen,False,False,False,False,True
241118182616,2025-02-28,dissolved_oxygen,False,False,False,False,True
241118182616,2025-04-04,dissolved_oxygen,False,False,False,False,True
241118182616,2025-05-02,dissolved_oxygen,False,False,False,False,True
241118182616,2025-06-06,dissolved_oxygen,False,False,False,False,True
241118182616,2025-07-12,dissolved_oxygen,False,False,False,False,True
241118182616,2025-08-02,dissolved_oxygen,False,False,False,False,True
241118182616,2025-09-13,dissolved_oxygen,False,False,False,False,True
241118182616,2025-10-03,dissolved_oxygen,False,False,False,False,True
241118182616,2026-01-30,dissolved_oxygen,False,False,False,False,True
241118182616,2026-03-06,dissolved_oxygen,False,False,False,False,True
241118183206,2025-02-28,dissolved_oxygen,False,False,False,False,True
241118183206,2025-04-04,dissolved_oxygen,False,False,False,False,True
241118183206,2025-05-02,dissolved_oxygen,False,False,False,False,True
241118183206,2025-06-06,dissolved_oxygen,False,False,False,False,True
241118183206,2025-07-12,dissolved_oxygen,False,False,False,False,True
241118183206,2025-08-02,dissolved_oxygen,False,False,False,False,True
241118183206,2025-09-13,dissolved_oxygen,False,False,False,False,True
241118183206,2025-10-03,dissolved_oxygen,False,False,False,False,True
241118183206,2025-12-05,dissolved_oxygen,False,False,False,False,True
241118183206,2026-01-02,dissolved_oxygen,False,False,False,False,True
241118183206,2026-01-26,dissolved_oxygen,False,False,False,False,True
241118183206,2026-02-28,dissolved_oxygen,False,False,False,False,True
241118183308,2025-02-28,dissolved_oxygen,False,False,False,False,True
241118183308,2025-04-04,dissolved_oxygen,False,False,False,False,True
241118183308,2025-05-02,dissolved_oxygen,False,False,False,False,True
241118183308,2025-06-06,dissolved_oxygen,False,False,False,False,True
241118183308,2025-07-12,dissolved_oxygen,False,False,False,False,True
241118183308,2025-08-02,dissolved_oxygen,False,False,False,False,True
241118183308,2025-09-13,dissolved_oxygen,False,False,False,False,True
241118183308,2025-10-03,dissolved_oxygen,False,False,False,False,True
241118183308,2025-12-05,dissolved_oxygen,False,False,False,False,True
241118183308,2026-01-02,dissolved_oxygen,False,False,False,False,True
241118183308,2026-01-30,dissolved_oxygen,False,False,False,False,True
241118183404,2025-02-28,dissolved_oxygen,False,False,False,False,True
241118183404,2025-04-04,dissolved_oxygen,False,False,False,False,True
241118183404,2025-05-03,dissolved_oxygen,False,False,False,False,True
241118183404,2025-06-06,dissolved_oxygen,False,False,False,False,True
241118183404,2025-07-12,dissolved_oxygen,False,False,False,False,True
241118183404,2025-08-02,dissolved_oxygen,False,False,False,False,True
241118183404,2025-09-13,dissolved_oxygen,False,False,False,False,True
241118183404,2025-10-03,dissolved_oxygen,False,False,False,False,True
241118183404,2025-12-05,dissolved_oxygen,False,False,False,False,True
241118183404,2026-01-02,dissolved_oxygen,False,False,False,False,True
241118183404,2026-01-30,dissolved_oxygen,False,False,False,False,True
241118183501,2025-02-28,dissolved_oxygen,False,False,False,False,True
241118183501,2025-04-04,dissolved_oxygen,False,False,False,False,True
241118183501,2025-05-02,dissolved_oxygen,False,False,False,False,True
241118183501,2025-06-06,dissolved_oxygen,False,False,False,False,True
241118183501,2025-10-03,dissolved_oxygen,False,False,False,False,True
241118183501,2025-12-05,dissolved_oxygen,False,False,False,False,True
241118183501,2026-01-02,dissolved_oxygen,False,False,False,False,True
241118183501,2026-01-30,dissolved_oxygen,False,False,False,False,True
241118183629,2025-02-28,dissolved_oxygen,False,False,False,False,True
241118183629,2025-04-04,dissolved_oxygen,False,False,False,False,True
241118183629,2025-05-02,dissolved_oxygen,False,False,False,False,True
241118183629,2025-06-06,dissolved_oxygen,False,False,False,False,True
241118183629,2025-10-03,dissolved_oxygen,False,False,False,False,True
241118183629,2026-01-30,dissolved_oxygen,False,False,False,False,True
241118183629,2026-03-06,dissolved_oxygen,False,False,False,False,True
251204213047,2026-02-28,dissolved_oxygen,False,False,False,False,True
251221144813,2025-02-16,dissolved_oxygen,False,False,False,False,False
251221144813,2025-06-16,dissolved_oxygen,False,False,False,False,False
251221144813,2025-08-21,dissolved_oxygen,False,False,False,False,False
251221144813,2025-11-23,dissolved_oxygen,False,False,False,False,False
251221145854,2025-02-16,dissolved_oxygen,False,False,False,False,False
251221145854,2025-06-16,dissolved_oxygen,False,False,False,False,False
251221145854,2025-08-21,dissolved_oxygen,False,False,False,False,False
251221145854,2025-11-23,dissolved_oxygen,False,False,False,False,False
251221150008,2025-02-16,dissolved_oxygen,False,False,False,False,False
251221150008,2025-06-16,dissolved_oxygen,False,False,False,False,False
251221150232,2025-02-16,dissolved_oxygen,False,False,False,False,False
251221150232,2025-06-16,dissolved_oxygen,False,False,False,False,False
251221150232,2025-08-21,dissolved_oxygen,False,False,False,False,False
251221150232,2025-11-23,dissolved_oxygen,False,False,False,False,False
251221150343,2025-02-16,dissolved_oxygen,False,False,False,False,False
251221150343,2025-06-16,dissolved_oxygen,False,False,False,False,False
251221150343,2025-08-21,dissolved_oxygen,False,False,False,False,False
251221150343,2025-11-23,dissolved_oxygen,False,False,False,False,False
251221150501,2025-02-16,dissolved_oxygen,False,False,False,False,False
251221150501,2025-06-16,dissolved_oxygen,False,False,False,False,False
251221150501,2025-08-21,dissolved_oxygen,False,False,False,False,False
251221150501,2025-11-23,dissolved_oxygen,False,False,False,False,False
251221150928,2025-02-16,dissolved_oxygen,False,False,False,False,False
251221150928,2025-06-16,dissolved_oxygen,False,False,False,False,False
251221150928,2025-08-21,dissolved_oxygen,False,False,False,False,False
251221150928,2025-11-23,dissolved_oxygen,False,False,False,False,False
251221151218,2025-02-16,dissolved_oxygen,False,False,False,False,False
251221151218,2025-06-16,dissolved_oxygen,False,False,False,False,False
251221153641,2025-09-07,dissolved_oxygen,False,False,False,False,False
251221153821,2025-09-07,dissolved_oxygen,False,False,False,False,False
251221153909,2025-09-07,dissolved_oxygen,False,False,False,False,False
251221154015,2025-09-07,dissolved_oxygen,False,False,False,False,False
251221154202,2025-09-07,dissolved_oxygen,False,False,False,False,False
5303305,2025-01-21,dissolved_oxygen,False,False,False,False,True
5303305,2025-04-15,dissolved_oxygen,False,False,False,False,True
5303305,2025-05-27,dissolved_oxygen,False,False,False,False,True
5303305,2025-06-30,dissolved_oxygen,False,False,False,False,True
5303305,2025-07-28,dissolved_oxygen,False,False,False,False,True
5303305,2025-08-19,dissolved_oxygen,False,False,False,False,True
5303305,2025-09-19,dissolved_oxygen,False,False,False,False,True
5303305,2025-10-19,dissolved_oxygen,False,False,False,False,True
5303305,2025-11-24,dissolved_oxygen,False,False,False,False,True
5303305,2025-12-12,dissolved_oxygen,False,False,False,False,True
5303305,2026-01-24,dissolved_oxygen,False,False,False,False,True
5303305,2026-02-24,dissolved_oxygen,False,False,False,False,True
5303305,2026-03-29,dissolved_oxygen,False,False,False,False,True
5303306,2025-02-02,dissolved_oxygen,False,False,False,False,True
5303306,2025-03-02,dissolved_oxygen,False,False,False,False,True
5303306,2025-04-06,dissolved_oxygen,False,False,False,False,True
5303306,2025-05-04,dissolved_oxygen,False,False,False,False,True
5303306,2025-06-01,dissolved_oxygen,False,False,False,False,True
5303306,2025-07-06,dissolved_oxygen,False,False,False,False,True
5303306,2025-08-03,dissolved_oxygen,False,False,False,False,True
5303306,2025-09-07,dissolved_oxygen,False,False,False,False,True
5303306,2025-10-05,dissolved_oxygen,False,False,False,False,True
5303306,2025-11-02,dissolved_oxygen,False,False,False,False,True
5303306,2025-12-06,dissolved_oxygen,False,False,False,False,True
5303306,2026-01-04,dissolved_oxygen,False,False,False,False,True
5303306,2026-02-01,dissolved_oxygen,False,False,False,False,True
5303306,2026-03-01,dissolved_oxygen,False,False,False,False,True
5303308,2025-01-11,dissolved_oxygen,False,False,False,False,True
5303308,2025-02-08,dissolved_oxygen,False,False,False,False,True
5303308,2025-03-08,dissolved_oxygen,False,False,False,False,True
5303308,2025-04-12,dissolved_oxygen,False,False,False,False,True
5303308,2025-05-10,dissolved_oxygen,False,False,False,False,True
5303308,2025-06-15,dissolved_oxygen,False,False,False,False,True
5303308,2025-07-19,dissolved_oxygen,False,False,False,False,True
5303308,2025-08-16,dissolved_oxygen,False,False,False,False,True
5303308,2025-09-19,dissolved_oxygen,False,False,False,False,True
5303308,2025-10-11,dissolved_oxygen,False,False,False,False,True
5303308,2025-11-09,dissolved_oxygen,False,False,False,False,True
5303309,2025-01-11,dissolved_oxygen,False,False,False,False,True
5303309,2025-04-12,dissolved_oxygen,False,False,False,False,True
5303309,2025-07-19,dissolved_oxygen,False,False,False,False,True
5303309,2025-09-19,dissolved_oxygen,False,False,False,False,True
53033100,2025-01-29,dissolved_oxygen,False,False,False,False,True
53033100,2025-03-03,dissolved_oxygen,False,False,False,False,True
53033100,2025-04-15,dissolved_oxygen,False,False,False,False,True
53033100,2025-04-16,dissolved_oxygen,False,False,False,False,True
53033100,2025-05-04,dissolved_oxygen,False,False,False,False,True
53033100,2025-06-07,dissolved_oxygen,False,False,False,False,True
53033100,2025-07-14,dissolved_oxygen,False,False,False,False,True
53033100,2025-08-13,dissolved_oxygen,False,False,False,False,True
53033100,2025-09-09,dissolved_oxygen,False,False,False,False,True
53033100,2025-10-16,dissolved_oxygen,False,False,False,False,True
53033100,2025-12-20,dissolved_oxygen,False,False,False,False,True
53033100,2026-03-22,dissolved_oxygen,False,False,False,False,True
53033101,2025-01-09,dissolved_oxygen,False,False,False,False,True
53033101,2025-02-11,dissolved_oxygen,False,False,False,False,True
53033101,2025-03-06,dissolved_oxygen,False,False,False,False,True
53033101,2025-04-09,dissolved_oxygen,False,False,False,False,True
53033101,2025-05-09,dissolved_oxygen,False,False,False,False,True
53033101,2025-06-20,dissolved_oxygen,False,False,False,False,True
53033101,2025-07-25,dissolved_oxygen,False,False,False,False,True
53033101,2025-08-29,dissolved_oxygen,False,False,False,False,True
53033101,2025-09-20,dissolved_oxygen,False,False,False,False,True
53033101,2025-10-10,dissolved_oxygen,False,False,False,False,True
53033101,2025-11-14,dissolved_oxygen,False,False,False,False,True
53033101,2025-12-19,dissolved_oxygen,False,False,False,False,True
53033101,2026-01-09,dissolved_oxygen,False,False,False,False,True
53033101,2026-02-06,dissolved_oxygen,False,False,False,False,True
53033101,2026-03-14,dissolved_oxygen,False,False,False,False,True
53033102,2025-01-31,dissolved_oxygen,False,False,False,False,True
53033102,2025-02-28,dissolved_oxygen,False,False,False,False,True
53033102,2025-04-04,dissolved_oxygen,False,False,False,False,True
53033102,2025-04-29,dissolved_oxygen,False,False,False,False,True
53033102,2026-03-26,dissolved_oxygen,False,False,False,False,True
53033103,2025-01-31,dissolved_oxygen,False,False,False,False,True
53033103,2025-02-28,dissolved_oxygen,False,False,False,False,True
53033103,2025-04-04,dissolved_oxygen,False,False,False,False,True
53033103,2025-04-29,dissolved_oxygen,False,False,False,False,True
53033103,2026-02-18,dissolved_oxygen,False,False,False,False,True
53033103,2026-03-26,dissolved_oxygen,False,False,False,False,True
53033104,2025-05-04,dissolved_oxygen,False,False,False,False,True
53033104,2025-06-07,dissolved_oxygen,False,False,False,False,True
53033104,2025-07-11,dissolved_oxygen,False,False,False,False,True
53033104,2025-08-13,dissolved_oxygen,False,False,False,False,True
53033104,2025-08-19,dissolved_oxygen,False,False,False,False,True
53033104,2025-09-17,dissolved_oxygen,False,False,False,False,True
53033104,2025-10-14,dissolved_oxygen,False,False,False,False,True
53033105,2025-01-19,dissolved_oxygen,False,False,False,False,True
53033105,2025-03-22,dissolved_oxygen,False,False,False,False,True
53033105,2025-04-15,dissolved_oxygen,False,False,False,False,True
53033105,2025-05-21,dissolved_oxygen,False,False,False,False,True
53033105,2025-06-11,dissolved_oxygen,False,False,False,False,True
53033105,2025-07-15,dissolved_oxygen,False,False,False,False,True
53033105,2025-08-19,dissolved_oxygen,False,False,False,False,True
53033105,2025-09-17,dissolved_oxygen,False,False,False,False,True
53033105,2025-10-22,dissolved_oxygen,False,False,False,False,True
53033105,2025-11-18,dissolved_oxygen,False,False,False,False,True
53033105,2025-12-16,dissolved_oxygen,False,False,False,False,True
53033105,2026-01-27,dissolved_oxygen,False,False,False,False,True
53033105,2026-03-21,dissolved_oxygen,False,False,False,False,True
5303318,2025-01-11,dissolved_oxygen,False,False,False,False,True
5303318,2025-02-08,dissolved_oxygen,False,False,False,False,True
5303318,2025-03-08,dissolved_oxygen,False,False,False,False,True
5303318,2025-04-12,dissolved_oxygen,False,False,False,False,True
5303318,2025-05-10,dissolved_oxygen,False,False,False,False,True
5303318,2025-06-15,dissolved_oxygen,False,False,False,False,True
5303318,2025-07-19,dissolved_oxygen,False,False,False,False,True
5303318,2025-08-16,dissolved_oxygen,False,False,False,False,True
5303318,2025-09-19,dissolved_oxygen,False,False,False,False,True
5303318,2025-10-11,dissolved_oxygen,False,False,False,False,True
5303318,2025-11-08,dissolved_oxygen,False,False,False,False,True
5303319,2025-01-11,dissolved_oxygen,False,False,False,False,True
5303319,2025-04-12,dissolved_oxygen,False,False,False,False,True
5303319,2025-07-19,dissolved_oxygen,False,False,False,False,True
5303319,2025-09-19,dissolved_oxygen,False,False,False,False,True
5303320,2025-02-04,dissolved_oxygen,False,False,False,False,True
5303320,2025-03-02,dissolved_oxygen,False,False,False,False,True
5303320,2025-04-06,dissolved_oxygen,False,False,False,False,True
5303320,2025-05-04,dissolved_oxygen,False,False,False,False,True
5303320,2025-06-01,dissolved_oxygen,False,False,False,False,True
5303320,2025-07-06,dissolved_oxygen,False,False,False,False,True
5303320,2025-08-03,dissolved_oxygen,False,False,False,False,True
5303320,2025-09-07,dissolved_oxygen,False,False,False,False,True
5303320,2025-10-05,dissolved_oxygen,False,False,False,False,True
5303320,2025-11-02,dissolved_oxygen,False,False,False,False,True
5303320,2025-12-06,dissolved_oxygen,False,False,False,False,True
5303320,2026-01-05,dissolved_oxygen,False,False,False,False,True
5303320,2026-02-02,dissolved_oxygen,False,False,False,False,True
5303320,2026-03-02,dissolved_oxygen,False,False,False,False,True
5303321,2025-01-30,dissolved_oxygen,False,False,False,False,True
5303321,2025-03-19,dissolved_oxygen,False,False,False,False,True
5303321,2025-04-18,dissolved_oxygen,False,False,False,False,True
5303321,2025-05-20,dissolved_oxygen,False,False,False,False,True
5303321,2025-06-21,dissolved_oxygen,False,False,False,False,True
5303321,2025-07-24,dissolved_oxygen,False,False,False,False,True
5303321,2025-08-25,dissolved_oxygen,False,False,False,False,True
5303321,2025-09-24,dissolved_oxygen,False,False,False,False,True
5303321,2025-10-27,dissolved_oxygen,False,False,False,False,True
5303321,2025-11-27,dissolved_oxygen,False,False,False,False,True
5303321,2025-12-29,dissolved_oxygen,False,False,False,False,True
5303321,2026-01-28,dissolved_oxygen,False,False,False,False,True
5303321,2026-02-23,dissolved_oxygen,False,False,False,False,True
5303321,2026-03-27,dissolved_oxygen,False,False,False,False,True
5303322,2026-01-17,dissolved_oxygen,False,False,False,False,True
5303322,2026-02-22,dissolved_oxygen,False,False,False,False,True
5303335,2025-01-26,dissolved_oxygen,False,False,False,False,True
5303335,2025-03-09,dissolved_oxygen,False,False,False,False,True
5303335,2025-04-12,dissolved_oxygen,False,False,False,False,True
5303335,2025-05-24,dissolved_oxygen,False,False,False,False,True
5303335,2025-07-12,dissolved_oxygen,False,False,False,False,True
5303346,2025-01-02,dissolved_oxygen,False,False,False,False,True
5303346,2025-01-21,dissolved_oxygen,False,False,False,False,True
5303346,2025-02-02,dissolved_oxygen,False,False,False,False,True
5303346,2025-02-18,dissolved_oxygen,False,False,False,False,True
5303346,2025-03-02,dissolved_oxygen,False,False,False,False,True
5303346,2025-03-25,dissolved_oxygen,False,False,False,False,True
5303346,2025-05-05,dissolved_oxygen,False,False,False,False,True
5303346,2025-05-14,dissolved_oxygen,False,False,False,False,True
5303346,2025-05-20,dissolved_oxygen,False,False,False,False,True
5303346,2025-08-03,dissolved_oxygen,False,False,False,False,True
5303346,2025-08-27,dissolved_oxygen,False,False,False,False,True
5303346,2025-10-15,dissolved_oxygen,False,False,False,False,True
5303346,2025-10-25,dissolved_oxygen,False,False,False,False,True
5303346,2025-11-19,dissolved_oxygen,False,False,False,False,True
5303346,2026-01-04,dissolved_oxygen,False,False,False,False,True
5303354,2025-01-15,dissolved_oxygen,False,False,False,False,True
5303354,2025-02-20,dissolved_oxygen,False,False,False,False,True
5303354,2025-03-20,dissolved_oxygen,False,False,False,False,True
5303354,2025-04-19,dissolved_oxygen,False,False,False,False,True
5303354,2025-05-21,dissolved_oxygen,False,False,False,False,True
5303354,2025-06-18,dissolved_oxygen,False,False,False,False,True
5303354,2025-07-17,dissolved_oxygen,False,False,False,False,True
5303354,2025-08-20,dissolved_oxygen,False,False,False,False,True
5303354,2025-10-15,dissolved_oxygen,False,False,False,False,True
5303354,2025-11-19,dissolved_oxygen,False,False,False,False,True
5303354,2026-01-22,dissolved_oxygen,False,False,False,False,True
5303354,2026-02-18,dissolved_oxygen,False,False,False,False,True
5303354,2026-03-18,dissolved_oxygen,False,False,False,False,True
5303360,2025-01-23,dissolved_oxygen,False,False,False,False,True
5303360,2025-02-27,dissolved_oxygen,False,False,False,False,True
5303360,2025-03-20,dissolved_oxygen,False,False,False,False,True
5303360,2025-04-26,dissolved_oxygen,False,False,False,False,True
5303360,2025-05-19,dissolved_oxygen,False,False,False,False,True
5303360,2025-07-29,dissolved_oxygen,False,False,False,False,True
5303360,2025-08-14,dissolved_oxygen,False,False,False,False,True
5303360,2025-09-30,dissolved_oxygen,False,False,False,False,True
5303360,2025-10-14,dissolved_oxygen,False,False,False,False,True
5303360,2025-11-24,dissolved_oxygen,False,False,False,False,True
5303360,2026-01-20,dissolved_oxygen,False,False,False,False,True
5303361,2025-01-23,dissolved_oxygen,False,False,False,False,True
5303361,2025-02-27,dissolved_oxygen,False,False,False,False,True
5303361,2025-03-20,dissolved_oxygen,False,False,False,False,True
5303361,2025-04-26,dissolved_oxygen,False,False,False,False,True
5303361,2025-05-19,dissolved_oxygen,False,False,False,False,True
5303361,2025-07-29,dissolved_oxygen,False,False,False,False,True
5303361,2025-08-14,dissolved_oxygen,False,False,False,False,True
5303361,2025-09-30,dissolved_oxygen,False,False,False,False,True
5303361,2025-10-14,dissolved_oxygen,False,False,False,False,True
5303361,2025-11-24,dissolved_oxygen,False,False,False,False,True
5303361,2026-01-20,dissolved_oxygen,False,False,False,False,True
5303371,2025-01-15,dissolved_oxygen,False,False,False,False,True
5303371,2025-02-28,dissolved_oxygen,False,False,False,False,True
5303371,2025-03-17,dissolved_oxygen,False,False,False,False,True
5303371,2025-04-17,dissolved_oxygen,False,False,False,False,True
5303371,2025-04-28,dissolved_oxygen,False,False,False,False,True
5303371,2025-05-15,dissolved_oxygen,False,False,False,False,True
5303371,2025-06-23,dissolved_oxygen,False,False,False,False,True
5303371,2025-07-21,dissolved_oxygen,False,False,False,False,True
5303371,2025-08-29,dissolved_oxygen,False,False,False,False,True
5303371,2025-10-13,dissolved_oxygen,False,False,False,False,True
5303371,2026-02-05,dissolved_oxygen,False,False,False,False,True
5303382,2025-01-08,dissolved_oxygen,False,False,False,False,True
5303382,2025-02-12,dissolved_oxygen,False,False,False,False,True
5303383,2025-01-23,dissolved_oxygen,False,False,False,False,True
5303383,2025-02-27,dissolved_oxygen,False,False,False,False,True
5303383,2025-03-20,dissolved_oxygen,False,False,False,False,True
5303383,2025-04-26,dissolved_oxygen,False,False,False,False,True
5303383,2025-05-19,dissolved_oxygen,False,False,False,False,True
5303383,2025-07-29,dissolved_oxygen,False,False,False,False,True
5303383,2025-08-14,dissolved_oxygen,False,False,False,False,True
5303383,2025-09-30,dissolved_oxygen,False,False,False,False,True
5303383,2025-10-14,dissolved_oxygen,False,False,False,False,True
5303383,2025-11-24,dissolved_oxygen,False,False,False,False,True
5303383,2026-01-20,dissolved_oxygen,False,False,False,False,True
5303384,2025-01-24,dissolved_oxygen,False,False,False,False,True
5303384,2025-02-27,dissolved_oxygen,False,False,False,False,True
5303384,2025-03-20,dissolved_oxygen,False,False,False,False,True
5303384,2025-04-26,dissolved_oxygen,False,False,False,False,True
5303384,2025-05-19,dissolved_oxygen,False,False,False,False,True
5303384,2025-07-29,dissolved_oxygen,False,False,False,False,True
5303384,2025-08-14,dissolved_oxygen,False,False,False,False,True
5303384,2025-09-30,dissolved_oxygen,False,False,False,False,True
5303384,2025-10-14,dissolved_oxygen,False,False,False,False,True
5303384,2025-11-24,dissolved_oxygen,False,False,False,False,True
5303384,2026-01-20,dissolved_oxygen,False,False,False,False,True
5303386,2025-01-30,dissolved_oxygen,False,False,False,False,True
5303386,2025-03-09,dissolved_oxygen,False,False,False,False,True
5303386,2025-04-16,dissolved_oxygen,False,False,False,False,True
5303386,2025-05-06,dissolved_oxygen,False,False,False,False,True
5303387,2025-01-29,dissolved_oxygen,True,False,False,False,True
5303387,2025-02-28,dissolved_oxygen,True,False,False,False,True
5303387,2025-05-03,dissolved_oxygen,True,False,False,False,True
5303387,2025-06-03,dissolved_oxygen,True,False,False,False,True
5303387,2025-06-25,dissolved_oxygen,True,False,False,False,True
5303387,2025-07-30,dissolved_oxygen,True,False,False,False,True
5303387,2025-10-29,dissolved_oxygen,True,False,False,False,True
5303387,2026-01-28,dissolved_oxygen,True,False,False,False,True
5303387,2026-02-27,dissolved_oxygen,True,False,False,False,True
5303391,2025-01-04,dissolved_oxygen,True,False,False,False,True
5303391,2025-02-08,dissolved_oxygen,True,False,False,False,True
5303391,2025-03-01,dissolved_oxygen,True,False,False,False,True
5303391,2025-03-29,dissolved_oxygen,True,False,False,False,True
5303391,2025-04-24,dissolved_oxygen,True,False,False,False,True
5303391,2025-06-07,dissolved_oxygen,True,False,False,False,True
5303391,2025-06-20,dissolved_oxygen,True,False,False,False,True
5303391,2025-07-18,dissolved_oxygen,True,False,False,False,True
5303391,2025-08-03,dissolved_oxygen,True,False,False,False,True
5303391,2025-08-12,dissolved_oxygen,True,False,False,False,True
5303391,2025-09-11,dissolved_oxygen,True,False,False,False,True
5303391,2025-10-04,dissolved_oxygen,True,False,False,False,True
5303391,2025-10-12,dissolved_oxygen,True,False,False,False,True
5303391,2025-11-08,dissolved_oxygen,True,False,False,False,True
5303391,2025-12-04,dissolved_oxygen,True,False,False,False,True
5303391,2026-01-04,dissolved_oxygen,True,False,False,False,True
5303391,2026-01-29,dissolved_oxygen,True,False,False,False,True
5303391,2026-02-26,dissolved_oxygen,True,False,False,False,True
5303391,2026-03-14,dissolved_oxygen,True,False,False,False,True
5303391,2026-03-29,dissolved_oxygen,True,False,False,False,True
5303392,2025-01-01,dissolved_oxygen,True,False,False,False,True
5303392,2025-01-17,dissolved_oxygen,True,False,False,False,True
5303392,2025-02-02,dissolved_oxygen,True,False,False,False,True
5303392,2025-02-13,dissolved_oxygen,True,False,False,False,True
5303392,2025-03-13,dissolved_oxygen,True,False,False,False,True
5303392,2025-03-29,dissolved_oxygen,True,False,False,False,True
5303392,2025-04-11,dissolved_oxygen,True,False,False,False,True
5303392,2025-05-09,dissolved_oxygen,True,False,False,False,True
5303392,2025-05-29,dissolved_oxygen,True,False,False,False,True
5303392,2025-06-06,dissolved_oxygen,True,False,False,False,True
5303392,2025-06-23,dissolved_oxygen,True,False,False,False,True
5303392,2025-07-03,dissolved_oxygen,True,False,False,False,True
5303392,2025-07-17,dissolved_oxygen,True,False,False,False,True
5303392,2025-08-02,dissolved_oxygen,True,False,False,False,True
5303392,2025-08-17,dissolved_oxygen,True,False,False,False,True
5303392,2025-08-30,dissolved_oxygen,True,False,False,False,True
5303392,2025-09-24,dissolved_oxygen,True,False,False,False,True
5303392,2025-10-23,dissolved_oxygen,True,False,False,False,True
5303392,2025-11-21,dissolved_oxygen,True,False,False,False,True
5303392,2026-01-04,dissolved_oxygen,True,False,False,False,True
5303392,2026-01-16,dissolved_oxygen,True,False,False,False,True
5303392,2026-02-06,dissolved_oxygen,True,False,False,False,True
5303392,2026-02-14,dissolved_oxygen,True,False,False,False,True
5303392,2026-03-11,dissolved_oxygen,True,False,False,False,True
5303392,2026-03-26,dissolved_oxygen,True,False,False,False,True
5303392,2026-04-01,dissolved_oxygen,True,False,False,False,True
5303392,2026-04-11,dissolved_oxygen,True,False,False,False,True
5303393,2025-01-03,dissolved_oxygen,True,False,False,False,True
5303393,2025-01-17,dissolved_oxygen,True,False,False,False,True
5303393,2025-01-19,dissolved_oxygen,True,False,False,False,True
5303393,2025-01-30,dissolved_oxygen,True,False,False,False,True
5303393,2025-02-13,dissolved_oxygen,True,False,False,False,True
5303393,2025-02-17,dissolved_oxygen,True,False,False,False,True
5303393,2025-03-02,dissolved_oxygen,True,False,False,False,True
5303393,2025-03-28,dissolved_oxygen,True,False,False,False,True
5303393,2025-04-11,dissolved_oxygen,True,False,False,False,True
5303393,2025-04-26,dissolved_oxygen,True,False,False,False,True
5303393,2025-05-11,dissolved_oxygen,True,False,False,False,True
5303393,2025-05-22,dissolved_oxygen,True,False,False,False,True
5303393,2025-06-07,dissolved_oxygen,True,False,False,False,True
5303393,2025-06-20,dissolved_oxygen,True,False,False,False,True
5303393,2025-07-04,dissolved_oxygen,True,False,False,False,True
5303393,2025-07-17,dissolved_oxygen,True,False,False,False,True
5303393,2025-08-02,dissolved_oxygen,True,False,False,False,True
5303393,2025-08-16,dissolved_oxygen,True,False,False,False,True
5303393,2025-09-13,dissolved_oxygen,True,False,False,False,True
5303393,2025-11-23,dissolved_oxygen,True,False,False,False,True
5303393,2025-12-06,dissolved_oxygen,True,False,False,False,True
5303393,2026-01-03,dissolved_oxygen,True,False,False,False,True
5303393,2026-01-17,dissolved_oxygen,True,False,False,False,True
5303393,2026-01-31,dissolved_oxygen,True,False,False,False,True
5303393,2026-02-25,dissolved_oxygen,True,False,False,False,True
5303393,2026-04-10,dissolved_oxygen,True,False,False,False,True
5303394,2025-01-04,dissolved_oxygen,True,False,False,False,True
5303394,2025-02-01,dissolved_oxygen,True,False,False,False,True
5303394,2025-03-02,dissolved_oxygen,True,False,False,False,True
5303394,2025-03-26,dissolved_oxygen,True,False,False,False,True
5303394,2025-04-24,dissolved_oxygen,True,False,False,False,True
5303394,2025-05-24,dissolved_oxygen,True,False,False,False,True
5303394,2025-06-13,dissolved_oxygen,True,False,False,False,True
5303394,2025-06-21,dissolved_oxygen,True,False,False,False,True
5303394,2025-07-08,dissolved_oxygen,True,False,False,False,True
5303394,2025-07-18,dissolved_oxygen,True,False,False,False,True
5303394,2025-08-10,dissolved_oxygen,True,False,False,False,True
5303394,2025-08-29,dissolved_oxygen,True,False,False,False,True
5303394,2025-09-02,dissolved_oxygen,True,False,False,False,True
5303394,2025-09-14,dissolved_oxygen,True,False,False,False,True
5303394,2025-10-03,dissolved_oxygen,True,False,False,False,True
5303394,2025-10-12,dissolved_oxygen,True,False,False,False,True
5303394,2025-11-23,dissolved_oxygen,True,False,False,False,True
5303394,2025-11-28,dissolved_oxygen,True,False,False,False,True
5303394,2025-12-07,dissolved_oxygen,True,False,False,False,True
5303394,2025-12-27,dissolved_oxygen,True,False,False,False,True
5303394,2026-01-04,dissolved_oxygen,True,False,False,False,True
5303394,2026-01-17,dissolved_oxygen,True,False,False,False,True
5303394,2026-02-11,dissolved_oxygen,True,False,False,False,True
5303394,2026-03-02,dissolved_oxygen,True,False,False,False,True
5303394,2026-03-14,dissolved_oxygen,True,False,False,False,True
5303394,2026-03-28,dissolved_oxygen,True,False,False,False,True
5303395,2025-01-24,dissolved_oxygen,True,False,False,False,True
5303395,2025-02-20,dissolved_oxygen,True,False,False,False,True
5303395,2025-03-20,dissolved_oxygen,True,False,False,False,True
5303395,2025-05-04,dissolved_oxygen,True,False,False,False,True
5303395,2025-07-11,dissolved_oxygen,True,False,False,False,True
5303395,2025-08-13,dissolved_oxygen,True,False,False,False,True
5303395,2025-08-24,dissolved_oxygen,True,False,False,False,True
5303395,2025-09-04,dissolved_oxygen,True,False,False,False,True
5303395,2025-09-16,dissolved_oxygen,True,False,False,False,True
5303395,2025-09-21,dissolved_oxygen,True,False,False,False,True
5303395,2025-10-03,dissolved_oxygen,True,False,False,False,True
5303395,2025-10-18,dissolved_oxygen,True,False,False,False,True
5303395,2025-11-15,dissolved_oxygen,True,False,False,False,True
5303395,2025-11-26,dissolved_oxygen,True,False,False,False,True
5303395,2025-12-27,dissolved_oxygen,True,False,False,False,True
5303395,2026-02-07,dissolved_oxygen,True,False,False,False,True
5303395,2026-02-22,dissolved_oxygen,True,False,False,False,True
5303395,2026-03-07,dissolved_oxygen,True,False,False,False,True
5303396,2025-01-12,dissolved_oxygen,True,False,False,False,True
5303396,2025-02-08,dissolved_oxygen,True,False,False,False,True
5303396,2025-04-19,dissolved_oxygen,True,False,False,False,True
5303396,2025-05-13,dissolved_oxygen,True,False,False,False,True
5303396,2025-06-07,dissolved_oxygen,True,False,False,False,True
5303396,2025-07-13,dissolved_oxygen,True,False,False,False,True
5303396,2025-10-30,dissolved_oxygen,True,False,False,False,True
5303396,2025-11-30,dissolved_oxygen,True,False,False,False,True
5303396,2025-12-31,dissolved_oxygen,True,False,False,False,True
5303396,2026-01-26,dissolved_oxygen,True,False,False,False,True
5303396,2026-02-06,dissolved_oxygen,True,False,False,False,True
5303396,2026-03-01,dissolved_oxygen,True,False,False,False,True
5303396,2026-03-08,dissolved_oxygen,True,False,False,False,True
5303396,2026-03-22,dissolved_oxygen,True,False,False,False,True
5303396,2026-04-05,dissolved_oxygen,True,False,False,False,True
5303397,2025-01-12,dissolved_oxygen,True,False,False,False,True
5303397,2025-01-23,dissolved_oxygen,True,False,False,False,True
5303397,2025-02-09,dissolved_oxygen,True,False,False,False,True
5303397,2025-02-20,dissolved_oxygen,True,False,False,False,True
5303397,2025-03-09,dissolved_oxygen,True,False,False,False,True
5303397,2025-04-06,dissolved_oxygen,True,False,False,False,True
5303397,2025-04-18,dissolved_oxygen,True,False,False,False,True
5303397,2025-05-04,dissolved_oxygen,True,False,False,False,True
5303397,2025-05-10,dissolved_oxygen,True,False,False,False,True
5303397,2025-06-01,dissolved_oxygen,True,False,False,False,True
5303397,2025-06-15,dissolved_oxygen,True,False,False,False,True
5303397,2025-06-29,dissolved_oxygen,True,False,False,False,True
5303397,2025-07-11,dissolved_oxygen,True,False,False,False,True
5303397,2025-07-26,dissolved_oxygen,True,False,False,False,True
5303397,2025-08-06,dissolved_oxygen,True,False,False,False,True
5303397,2025-09-21,dissolved_oxygen,True,False,False,False,True
5303397,2025-11-15,dissolved_oxygen,True,False,False,False,True
5303397,2025-11-28,dissolved_oxygen,True,False,False,False,True
5303397,2025-12-14,dissolved_oxygen,True,False,False,False,True
5303397,2026-01-10,dissolved_oxygen,True,False,False,False,True
5303397,2026-01-11,dissolved_oxygen,True,False,False,False,True
5303397,2026-02-07,dissolved_oxygen,True,False,False,False,True
5303397,2026-03-07,dissolved_oxygen,True,False,False,False,True
5303398,2025-01-11,dissolved_oxygen,True,False,False,False,True
5303398,2025-01-26,dissolved_oxygen,True,False,False,False,True
5303398,2025-02-15,dissolved_oxygen,True,False,False,False,True
5303398,2025-02-23,dissolved_oxygen,True,False,False,False,True
5303398,2025-03-08,dissolved_oxygen,True,False,False,False,True
5303398,2025-04-05,dissolved_oxygen,True,False,False,False,True
5303398,2025-05-04,dissolved_oxygen,True,False,False,False,True
5303398,2025-06-01,dissolved_oxygen,True,False,False,False,True
5303398,2025-06-29,dissolved_oxygen,True,False,False,False,True
5303398,2025-07-25,dissolved_oxygen,True,False,False,False,True
5303398,2025-09-21,dissolved_oxygen,True,False,False,False,True
5303398,2025-10-08,dissolved_oxygen,True,False,False,False,True
5303398,2025-10-19,dissolved_oxygen,True,False,False,False,True
5303398,2025-11-16,dissolved_oxygen,True,False,False,False,True
5303398,2025-12-13,dissolved_oxygen,True,False,False,False,True
5303398,2026-01-10,dissolved_oxygen,True,False,False,False,True
5303398,2026-02-08,dissolved_oxygen,True,False,False,False,True
5303398,2026-02-22,dissolved_oxygen,True,False,False,False,True
5303398,2026-03-09,dissolved_oxygen,True,False,False,False,True
5303398,2026-03-22,dissolved_oxygen,True,False,False,False,True
5306101,2025-01-30,dissolved_oxygen,False,False,False,False,True
5306101,2025-02-23,dissolved_oxygen,False,False,False,False,True
5306101,2025-03-30,dissolved_oxygen,False,False,False,False,True
5306101,2025-05-17,dissolved_oxygen,False,False,False,False,True
5306101,2025-06-28,dissolved_oxygen,False,False,False,False,True
5306101,2025-07-21,dissolved_oxygen,False,False,False,False,True
5306101,2025-09-06,dissolved_oxygen,False,False,False,False,True
5306103,2025-01-30,dissolved_oxygen,False,False,False,False,True
5306103,2025-03-19,dissolved_oxygen,False,False,False,False,True
5306103,2025-04-17,dissolved_oxygen,False,False,False,False,True
5306103,2025-05-20,dissolved_oxygen,False,False,False,False,True
5306103,2025-06-22,dissolved_oxygen,False,False,False,False,True
5306103,2025-07-24,dissolved_oxygen,False,False,False,False,True
5306103,2025-08-25,dissolved_oxygen,False,False,False,False,True
5306103,2025-09-24,dissolved_oxygen,False,False,False,False,True
5306103,2025-10-27,dissolved_oxygen,False,False,False,False,True
5306103,2025-11-27,dissolved_oxygen,False,False,False,False,True
5306103,2025-12-29,dissolved_oxygen,False,False,False,False,True
5306103,2026-01-28,dissolved_oxygen,False,False,False,False,True
5306103,2026-02-23,dissolved_oxygen,False,False,False,False,True
5306103,2026-03-27,dissolved_oxygen,False,False,False,False,True
241118180336,2025-03-01,oxygen_saturation,False,False,False,False,False
241118180336,2025-04-05,oxygen_saturation,False,False,False,False,False
241118180336,2025-05-03,oxygen_saturation,False,False,False,False,False
241118180336,2025-06-07,oxygen_saturation,False,False,False,False,False
241118180336,2025-10-04,oxygen_saturation,False,False,False,False,False
241118180336,2026-01-03,oxygen_saturation,False,False,False,False,False
241118180336,2026-01-31,oxygen_saturation,False,False,False,False,False
241118180336,2026-03-07,oxygen_saturation,False,False,False,False,False
241118181240,2025-03-01,oxygen_saturation,False,False,False,False,False
241118181240,2025-04-05,oxygen_saturation,False,False,False,False,False
241118181240,2025-05-03,oxygen_saturation,False,False,False,False,False
241118181240,2025-06-07,oxygen_saturation,False,False,False,False,False
241118181240,2025-10-03,oxygen_saturation,False,False,False,False,False
241118181240,2026-01-03,oxygen_saturation,False,False,False,False,False
241118181240,2026-01-31,oxygen_saturation,False,False,False,False,False
241118181240,2026-03-07,oxygen_saturation,False,False,False,False,False
241118181609,2025-03-01,oxygen_saturation,False,False,False,False,False
241118181609,2025-04-05,oxygen_saturation,False,False,False,False,False
241118181609,2025-05-03,oxygen_saturation,False,False,False,False,False
241118181609,2025-06-07,oxygen_saturation,False,False,False,False,False
241118181609,2025-07-12,oxygen_saturation,False,False,False,False,False
241118181609,2025-08-02,oxygen_saturation,False,False,False,False,False
241118181609,2025-09-13,oxygen_saturation,False,False,False,False,False
241118181609,2025-10-03,oxygen_saturation,False,False,False,False,False
241118181609,2026-01-03,oxygen_saturation,False,False,False,False,False
241118181609,2026-01-31,oxygen_saturation,False,False,False,False,False
241118181609,2026-03-07,oxygen_saturation,False,False,False,False,False
241118181741,2025-02-01,oxygen_saturation,False,False,False,False,False
241118181741,2025-03-01,oxygen_saturation,False,False,False,False,False
241118181741,2025-04-05,oxygen_saturation,False,False,False,False,False
241118181741,2025-05-03,oxygen_saturation,False,False,False,False,False
241118181741,2025-06-07,oxygen_saturation,False,False,False,False,False
241118181741,2025-10-03,oxygen_saturation,False,False,False,False,False
241118181741,2026-01-03,oxygen_saturation,False,False,False,False,False
241118181741,2026-01-31,oxygen_saturation,False,False,False,False,False
241118181741,2026-03-07,oxygen_saturation,False,False,False,False,False
241118181852,2025-03-01,oxygen_saturation,False,False,False,False,False
241118181852,2025-04-05,oxygen_saturation,False,False,False,False,False
241118181852,2025-05-03,oxygen_saturation,False,False,False,False,False
241118181852,2025-06-07,oxygen_saturation,False,False,False,False,False
241118181852,2025-10-03,oxygen_saturation,False,False,False,False,False
241118182046,2025-02-02,oxygen_saturation,False,False,False,False,False
241118182046,2025-03-02,oxygen_saturation,False,False,False,False,False
241118182046,2025-04-06,oxygen_saturation,False,False,False,False,False
241118182046,2025-05-04,oxygen_saturation,False,False,False,False,False
241118182150,2025-03-02,oxygen_saturation,False,False,False,False,False
241118182150,2025-04-06,oxygen_saturation,False,False,False,False,False
241118182150,2025-05-04,oxygen_saturation,False,False,False,False,False
241118182150,2025-06-12,oxygen_saturation,False,False,False,False,False
241118182150,2025-07-12,oxygen_saturation,False,False,False,False,False
241118182150,2025-08-02,oxygen_saturation,False,False,False,False,False
241118182150,2025-09-13,oxygen_saturation,False,False,False,False,False
241118182150,2025-10-03,oxygen_saturation,False,False,False,False,False
241118182150,2026-01-04,oxygen_saturation,False,False,False,False,False
241118182245,2025-03-02,oxygen_saturation,False,False,False,False,False
241118182245,2025-04-06,oxygen_saturation,False,False,False,False,False
241118182245,2025-05-04,oxygen_saturation,False,False,False,False,False
241118182245,2025-06-12,oxygen_saturation,False,False,False,False,False
241118182245,2025-10-04,oxygen_saturation,False,False,False,False,False
241118182245,2026-01-04,oxygen_saturation,False,False,False,False,False
241118182245,2026-02-19,oxygen_saturation,False,False,False,False,False
241118182407,2025-03-02,oxygen_saturation,False,False,False,False,False
241118182407,2025-04-06,oxygen_saturation,False,False,False,False,False
241118182407,2025-05-04,oxygen_saturation,False,False,False,False,False
241118182407,2025-06-13,oxygen_saturation,False,False,False,False,False
241118182407,2025-10-03,oxygen_saturation,False,False,False,False,False
241118182407,2026-01-04,oxygen_saturation,False,False,False,False,False
241118182407,2026-02-19,oxygen_saturation,False,False,False,False,False
241118182520,2025-03-02,oxygen_saturation,False,False,False,False,False
241118182520,2025-04-06,oxygen_saturation,False,False,False,False,False
241118182520,2025-05-04,oxygen_saturation,False,False,False,False,False
241118182520,2025-06-12,oxygen_saturation,False,False,False,False,False
241118182520,2025-10-03,oxygen_saturation,False,False,False,False,False
241118182520,2026-01-04,oxygen_saturation,False,False,False,False,False
241118182520,2026-02-19,oxygen_saturation,False,False,False,False,False
241118182616,2025-02-28,oxygen_saturation,False,False,False,False,False
241118182616,2025-04-04,oxygen_saturation,False,False,False,False,False
241118182616,2025-05-02,oxygen_saturation,False,False,False,False,False
241118182616,2025-06-06,oxygen_saturation,False,False,False,False,False
241118182616,2025-07-12,oxygen_saturation,False,False,False,False,False
241118182616,2025-08-02,oxygen_saturation,False,False,False,False,False
241118182616,2025-09-13,oxygen_saturation,False,False,False,False,False
241118182616,2025-10-03,oxygen_saturation,False,False,False,False,False
241118182616,2026-01-30,oxygen_saturation,False,False,False,False,False
241118182616,2026-03-06,oxygen_saturation,False,False,False,False,False
241118183206,2025-02-28,oxygen_saturation,False,False,False,False,False
241118183206,2025-04-04,oxygen_saturation,False,False,False,False,False
241118183206,2025-05-02,oxygen_saturation,False,False,False,False,False
241118183206,2025-06-06,oxygen_saturation,False,False,False,False,False
241118183206,2025-07-12,oxygen_saturation,False,False,False,False,False
241118183206,2025-08-02,oxygen_saturation,False,False,False,False,False
241118183206,2025-09-13,oxygen_saturation,False,False,False,False,False
241118183206,2025-10-03,oxygen_saturation,False,False,False,False,False
241118183206,2025-12-05,oxygen_saturation,False,False,False,False,False
241118183206,2026-01-02,oxygen_saturation,False,False,False,False,False
241118183206,2026-01-26,oxygen_saturation,False,False,False,False,False
241118183206,2026-02-28,oxygen_saturation,False,False,False,False,False
241118183308,2025-02-28,oxygen_saturation,False,False,False,False,False
241118183308,2025-04-04,oxygen_saturation,False,False,False,False,False
241118183308,2025-05-02,oxygen_saturation,False,False,False,False,False
241118183308,2025-06-06,oxygen_saturation,False,False,False,False,False
241118183308,2025-07-12,oxygen_saturation,False,False,False,False,False
241118183308,2025-08-02,oxygen_saturation,False,False,False,False,False
241118183308,2025-09-13,oxygen_saturation,False,False,False,False,False
241118183308,2025-10-03,oxygen_saturation,False,False,False,False,False
241118183308,2025-12-05,oxygen_saturation,False,False,False,False,False
241118183308,2026-01-02,oxygen_saturation,False,False,False,False,False
241118183308,2026-01-30,oxygen_saturation,False,False,False,False,False
241118183404,2025-02-28,oxygen_saturation,False,False,False,False,False
241118183404,2025-04-04,oxygen_saturation,False,False,False,False,False
241118183404,2025-05-03,oxygen_saturation,False,False,False,False,False
241118183404,2025-06-06,oxygen_saturation,False,False,False,False,False
241118183404,2025-07-12,oxygen_saturation,False,False,False,False,False
241118183404,2025-08-02,oxygen_saturation,False,False,False,False,False
241118183404,2025-09-13,oxygen_saturation,False,False,False,False,False
241118183404,2025-10-03,oxygen_saturation,False,False,False,False,False
241118183404,2025-12-05,oxygen_saturation,False,False,False,False,False
241118183404,2026-01-02,oxygen_saturation,False,False,False,False,False
241118183404,2026-01-30,oxygen_saturation,False,False,False,False,False
241118183501,2025-02-28,oxygen_saturation,False,False,False,False,False
241118183501,2025-04-04,oxygen_saturation,False,False,False,False,False
241118183501,2025-05-02,oxygen_saturation,False,False,False,False,False
241118183501,2025-06-06,oxygen_saturation,False,False,False,False,False
241118183501,2025-10-03,oxygen_saturation,False,False,False,False,False
241118183501,2025-12-05,oxygen_saturation,False,False,False,False,False
241118183501,2026-01-02,oxygen_saturation,False,False,False,False,False
241118183501,2026-01-30,oxygen_saturation,False,False,False,False,False
241118183629,2025-02-28,oxygen_saturation,False,False,False,False,False
241118183629,2025-04-04,oxygen_saturation,False,False,False,False,False
241118183629,2025-05-02,oxygen_saturation,False,False,False,False,False
241118183629,2025-06-06,oxygen_saturation,False,False,False,False,False
241118183629,2025-10-03,oxygen_saturation,False,False,False,False,False
241118183629,2026-01-30,oxygen_saturation,False,False,False,False,False
241118183629,2026-03-06,oxygen_saturation,False,False,False,False,False
251204213047,2026-02-28,oxygen_saturation,False,False,False,False,False
251221144813,2025-02-16,oxygen_saturation,False,False,False,False,False
251221144813,2025-06-16,oxygen_saturation,False,False,False,False,False
251221144813,2025-08-21,oxygen_saturation,False,False,False,False,False
251221144813,2025-11-23,oxygen_saturation,False,False,False,False,False
251221145854,2025-02-16,oxygen_saturation,False,False,False,False,False
251221145854,2025-06-16,oxygen_saturation,False,False,False,False,False
251221145854,2025-08-21,oxygen_saturation,False,False,False,False,False
251221145854,2025-11-23,oxygen_saturation,False,False,False,False,False
251221150008,2025-02-16,oxygen_saturation,False,False,False,False,False
251221150008,2025-06-16,oxygen_saturation,False,False,False,False,False
251221150232,2025-02-16,oxygen_saturation,False,False,False,False,False
251221150232,2025-06-16,oxygen_saturation,False,False,False,False,False
251221150232,2025-08-21,oxygen_saturation,False,False,False,False,False
251221150232,2025-11-23,oxygen_saturation,False,False,False,False,False
251221150343,2025-02-16,oxygen_saturation,False,False,False,False,False
251221150343,2025-06-16,oxygen_saturation,False,False,False,False,False
251221150343,2025-08-21,oxygen_saturation,False,False,False,False,False
251221150343,2025-11-23,oxygen_saturation,False,False,False,False,False
251221150501,2025-02-16,oxygen_saturation,False,False,False,False,False
251221150501,2025-06-16,oxygen_saturation,False,False,False,False,False
251221150501,2025-08-21,oxygen_saturation,False,False,False,False,False
251221150501,2025-11-23,oxygen_saturation,False,False,False,False,False
251221150928,2025-02-16,oxygen_saturation,False,False,False,False,False
251221150928,2025-06-16,oxygen_saturation,False,False,False,False,False
251221150928,2025-08-21,oxygen_saturation,False,False,False,False,False
251221150928,2025-11-23,oxygen_saturation,False,False,False,False,False
251221151218,2025-02-16,oxygen_saturation,False,False,False,False,False
251221151218,2025-06-16,oxygen_saturation,False,False,False,False,False
251221153641,2025-09-07,oxygen_saturation,False,False,False,False,False
251221153821,2025-09-07,oxygen_saturation,False,False,False,False,False
251221153909,2025-09-07,oxygen_saturation,False,False,False,False,False
251221154015,2025-09-07,oxygen_saturation,False,False,False,False,False
251221154202,2025-09-07,oxygen_saturation,False,False,False,False,False
5303305,2025-01-21,oxygen_saturation,False,False,False,False,False
5303305,2025-04-15,oxygen_saturation,False,False,False,False,False
5303305,2025-05-27,oxygen_saturation,False,False,False,False,False
5303305,2025-06-30,oxygen_saturation,False,False,False,False,False
5303305,2025-07-28,oxygen_saturation,False,False,False,False,False
5303305,2025-08-19,oxygen_saturation,False,False,False,False,False
5303305,2025-09-19,oxygen_saturation,False,False,False,False,False
5303305,2025-10-19,oxygen_saturation,False,False,False,False,False
5303305,2025-11-24,oxygen_saturation,False,False,False,False,False
5303305,2025-12-12,oxygen_saturation,False,False,False,False,False
5303305,2026-01-24,oxygen_saturation,False,False,False,False,False
5303305,2026-02-24,oxygen_saturation,False,False,False,False,False
5303305,2026-03-29,oxygen_saturation,False,False,False,False,False
5303306,2025-02-02,oxygen_saturation,False,False,False,False,False
5303306,2025-03-02,oxygen_saturation,False,False,False,False,False
5303306,2025-04-06,oxygen_saturation,False,False,False,False,False
5303306,2025-05-04,oxygen_saturation,False,False,False,False,False
5303306,2025-06-01,oxygen_saturation,False,False,False,False,False
5303306,2025-07-06,oxygen_saturation,False,False,False,False,False
5303306,2025-08-03,oxygen_saturation,False,False,False,False,False
5303306,2025-09-07,oxygen_saturation,False,False,False,False,False
5303306,2025-10-05,oxygen_saturation,False,False,False,False,False
5303306,2025-11-02,oxygen_saturation,False,False,False,False,False
5303306,2025-12-06,oxygen_saturation,False,False,False,False,False
5303306,2026-01-04,oxygen_saturation,False,False,False,False,False
5303306,2026-02-01,oxygen_saturation,False,False,False,False,False
5303306,2026-03-01,oxygen_saturation,False,False,False,False,False
5303308,2025-01-11,oxygen_saturation,False,False,False,False,False
5303308,2025-02-08,oxygen_saturation,False,False,False,False,False
5303308,2025-03-08,oxygen_saturation,False,False,False,False,False
5303308,2025-04-12,oxygen_saturation,False,False,False,False,False
5303308,2025-05-10,oxygen_saturation,False,False,False,False,False
5303308,2025-06-15,oxygen_saturation,False,False,False,False,False
5303308,2025-07-19,oxygen_saturation,False,False,False,False,False
5303308,2025-08-16,oxygen_saturation,False,False,False,False,False
5303308,2025-09-19,oxygen_saturation,False,False,False,False,False
5303308,2025-10-11,oxygen_saturation,False,False,False,False,False
5303308,2025-11-09,oxygen_saturation,False,False,False,False,False
5303309,2025-01-11,oxygen_saturation,False,False,False,False,False
5303309,2025-04-12,oxygen_saturation,False,False,False,False,False
5303309,2025-07-19,oxygen_saturation,False,False,False,False,False
5303309,2025-09-19,oxygen_saturation,False,False,False,False,False
53033100,2025-01-29,oxygen_saturation,False,False,False,False,False
53033100,2025-03-03,oxygen_saturation,False,False,False,False,False
53033100,2025-04-15,oxygen_saturation,False,False,False,False,False
53033100,2025-04-16,oxygen_saturation,False,False,False,False,False
53033100,2025-05-04,oxygen_saturation,False,False,False,False,False
53033100,2025-06-07,oxygen_saturation,False,False,False,False,False
53033100,2025-07-14,oxygen_saturation,False,False,False,False,False
53033100,2025-08-13,oxygen_saturation,False,False,False,False,False
53033100,2025-09-09,oxygen_saturation,False,False,False,False,False
53033100,2025-10-16,oxygen_saturation,False,False,False,False,False
53033100,2025-12-20,oxygen_saturation,False,False,False,False,False
53033100,2026-03-22,oxygen_saturation,False,False,False,False,False
53033101,2025-01-09,oxygen_saturation,False,False,False,False,False
53033101,2025-02-11,oxygen_saturation,False,False,False,False,False
53033101,2025-03-06,oxygen_saturation,False,False,False,False,False
53033101,2025-04-09,oxygen_saturation,False,False,False,False,False
53033101,2025-05-09,oxygen_saturation,False,False,False,False,False
53033101,2025-06-20,oxygen_saturation,False,False,False,False,False
53033101,2025-07-25,oxygen_saturation,False,False,False,False,False
53033101,2025-08-29,oxygen_saturation,False,False,False,False,False
53033101,2025-09-20,oxygen_saturation,False,False,False,False,False
53033101,2025-10-10,oxygen_saturation,False,False,False,False,False
53033101,2025-11-14,oxygen_saturation,False,False,False,False,False
53033101,2025-12-19,oxygen_saturation,False,False,False,False,False
53033101,2026-01-09,oxygen_saturation,False,False,False,False,False
53033101,2026-02-06,oxygen_saturation,False,False,False,False,False
53033101,2026-03-14,oxygen_saturation,False,False,False,False,False
53033102,2025-01-31,oxygen_saturation,False,False,False,False,False
53033102,2025-02-28,oxygen_saturation,False,False,False,False,False
53033102,2025-04-04,oxygen_saturation,False,False,False,False,False
53033102,2025-04-29,oxygen_saturation,False,False,False,False,False
53033102,2026-03-26,oxygen_saturation,False,False,False,False,False
53033103,2025-01-31,oxygen_saturation,False,False,False,False,False
53033103,2025-02-28,oxygen_saturation,False,False,False,False,False
53033103,2025-04-04,oxygen_saturation,False,False,False,False,False
53033103,2025-04-29,oxygen_saturation,False,False,False,False,False
53033103,2026-02-18,oxygen_saturation,False,False,False,False,False
53033103,2026-03-26,oxygen_saturation,False,False,False,False,False
53033104,2025-05-04,oxygen_saturation,False,False,False,False,False
53033104,2025-06-07,oxygen_saturation,False,False,False,False,False
53033104,2025-07-11,oxygen_saturation,False,False,False,False,False
53033104,2025-08-13,oxygen_saturation,False,False,False,False,False
53033104,2025-08-19,oxygen_saturation,False,False,False,False,False
53033104,2025-09-17,oxygen_saturation,False,False,False,False,False
53033104,2025-10-14,oxygen_saturation,False,False,False,False,False
53033105,2025-01-19,oxygen_saturation,False,False,False,False,False
53033105,2025-03-22,oxygen_saturation,False,False,False,False,False
53033105,2025-04-15,oxygen_saturation,False,False,False,False,False
53033105,2025-05-21,oxygen_saturation,False,False,False,False,False
53033105,2025-06-11,oxygen_saturation,False,False,False,False,False
53033105,2025-07-15,oxygen_saturation,False,False,False,False,False
53033105,2025-08-19,oxygen_saturation,False,False,False,False,False
53033105,2025-09-17,oxygen_saturation,False,False,False,False,False
53033105,2025-10-22,oxygen_saturation,False,False,False,False,False
53033105,2025-11-18,oxygen_saturation,False,False,False,False,False
53033105,2025-12-16,oxygen_saturation,False,False,False,False,False
53033105,2026-01-27,oxygen_saturation,False,False,False,False,False
53033105,2026-03-21,oxygen_saturation,False,False,False,False,False
5303318,2025-01-11,oxygen_saturation,False,False,False,False,False
5303318,2025-02-08,oxygen_saturation,False,False,False,False,False
5303318,2025-03-08,oxygen_saturation,False,False,False,False,False
5303318,2025-04-12,oxygen_saturation,False,False,False,False,False
5303318,2025-05-10,oxygen_saturation,False,False,False,False,False
5303318,2025-06-15,oxygen_saturation,False,False,False,False,False
5303318,2025-07-19,oxygen_saturation,False,False,False,False,False
5303318,2025-08-16,oxygen_saturation,False,False,False,False,False
5303318,2025-09-19,oxygen_saturation,False,False,False,False,False
5303318,2025-10-11,oxygen_saturation,False,False,False,False,False
5303318,2025-11-08,oxygen_saturation,False,False,False,False,False
5303319,2025-01-11,oxygen_saturation,False,False,False,False,False
5303319,2025-04-12,oxygen_saturation,False,False,False,False,False
5303319,2025-07-19,oxygen_saturation,False,False,False,False,False
5303319,2025-09-19,oxygen_saturation,False,False,False,False,False
5303320,2025-02-04,oxygen_saturation,False,False,False,False,False
5303320,2025-03-02,oxygen_saturation,False,False,False,False,False
5303320,2025-04-06,oxygen_saturation,False,False,False,False,False
5303320,2025-05-04,oxygen_saturation,False,False,False,False,False
5303320,2025-06-01,oxygen_saturation,False,False,False,False,False
5303320,2025-07-06,oxygen_saturation,False,False,False,False,False
5303320,2025-08-03,oxygen_saturation,False,False,False,False,False
5303320,2025-09-07,oxygen_saturation,False,False,False,False,False
5303320,2025-10-05,oxygen_saturation,False,False,False,False,False
5303320,2025-11-02,oxygen_saturation,False,False,False,False,False
5303320,2025-12-06,oxygen_saturation,False,False,False,False,False
5303320,2026-01-05,oxygen_saturation,False,False,False,False,False
5303320,2026-02-02,oxygen_saturation,False,False,False,False,False
5303320,2026-03-02,oxygen_saturation,False,False,False,False,False
5303321,2025-01-30,oxygen_saturation,False,False,False,False,False
5303321,2025-03-19,oxygen_saturation,False,False,False,False,False
5303321,2025-04-18,oxygen_saturation,False,False,False,False,False
5303321,2025-05-20,oxygen_saturation,False,False,False,False,False
5303321,2025-06-21,oxygen_saturation,False,False,False,False,False
5303321,2025-07-24,oxygen_saturation,False,False,False,False,False
5303321,2025-08-25,oxygen_saturation,False,False,False,False,False
5303321,2025-09-24,oxygen_saturation,False,False,False,False,False
5303321,2025-10-27,oxygen_saturation,False,False,False,False,False
5303321,2025-11-27,oxygen_saturation,False,False,False,False,False
5303321,2025-12-29,oxygen_saturation,False,False,False,False,False
5303321,2026-01-28,oxygen_saturation,False,False,False,False,False
5303321,2026-02-23,oxygen_saturation,False,False,False,False,False
5303321,2026-03-27,oxygen_saturation,False,False,False,False,False
5303322,2026-01-17,oxygen_saturation,False,False,False,False,False
5303322,2026-02-22,oxygen_saturation,False,False,False,False,False
5303335,2025-01-26,oxygen_saturation,False,False,False,False,False
5303335,2025-03-09,oxygen_saturation,False,False,False,False,False
5303335,2025-04-12,oxygen_saturation,False,False,False,False,False
5303335,2025-05-24,oxygen_saturation,False,False,False,False,False
5303335,2025-07-12,oxygen_saturation,False,False,False,False,False
5303346,2025-01-02,oxygen_saturation,False,False,False,False,False
5303346,2025-01-21,oxygen_saturation,False,False,False,False,False
5303346,2025-02-02,oxygen_saturation,False,False,False,False,False
5303346,2025-02-18,oxygen_saturation,False,False,False,False,False
5303346,2025-03-02,oxygen_saturation,False,False,False,False,False
5303346,2025-03-25,oxygen_saturation,False,False,False,False,False
5303346,2025-05-05,oxygen_saturation,False,False,False,False,False
5303346,2025-05-14,oxygen_saturation,False,False,False,False,False
5303346,2025-05-20,oxygen_saturation,False,False,False,False,False
5303346,2025-08-03,oxygen_saturation,False,False,False,False,False
5303346,2025-08-27,oxygen_saturation,False,False,False,False,False
5303346,2025-10-15,oxygen_saturation,False,False,False,False,False
5303346,2025-10-25,oxygen_saturation,False,False,False,False,False
5303346,2025-11-19,oxygen_saturation,False,False,False,False,False
5303346,2026-01-04,oxygen_saturation,False,False,False,False,False
5303354,2025-01-15,oxygen_saturation,False,False,False,False,False
5303354,2025-02-20,oxygen_saturation,False,False,False,False,False
5303354,2025-03-20,oxygen_saturation,False,False,False,False,False
5303354,2025-04-19,oxygen_saturation,False,False,False,False,False
5303354,2025-05-21,oxygen_saturation,False,False,False,False,False
5303354,2025-06-18,oxygen_saturation,False,False,False,False,False
5303354,2025-07-17,oxygen_saturation,False,False,False,False,False
5303354,2025-08-20,oxygen_saturation,False,False,False,False,False
5303354,2025-10-15,oxygen_saturation,False,False,False,False,False
5303354,2025-11-19,oxygen_saturation,False,False,False,False,False
5303354,2026-01-22,oxygen_saturation,False,False,False,False,False
5303354,2026-02-18,oxygen_saturation,False,False,False,False,False
5303354,2026-03-18,oxygen_saturation,False,False,False,False,False
5303360,2025-01-23,oxygen_saturation,False,False,False,False,False
5303360,2025-02-27,oxygen_saturation,False,False,False,False,False
5303360,2025-03-20,oxygen_saturation,False,False,False,False,False
5303360,2025-04-26,oxygen_saturation,False,False,False,False,False
5303360,2025-05-19,oxygen_saturation,False,False,False,False,False
5303360,2025-07-29,oxygen_saturation,False,False,False,False,False
5303360,2025-08-14,oxygen_saturation,False,False,False,False,False
5303360,2025-09-30,oxygen_saturation,False,False,False,False,False
5303360,2025-10-14,oxygen_saturation,False,False,False,False,False
5303360,2025-11-24,oxygen_saturation,False,False,False,False,False
5303360,2026-01-20,oxygen_saturation,False,False,False,False,False
5303361,2025-01-23,oxygen_saturation,False,False,False,False,False
5303361,2025-02-27,oxygen_saturation,False,False,False,False,False
5303361,2025-03-20,oxygen_saturation,False,False,False,False,False
5303361,2025-04-26,oxygen_saturation,False,False,False,False,False
5303361,2025-05-19,oxygen_saturation,False,False,False,False,False
5303361,2025-07-29,oxygen_saturation,False,False,False,False,False
5303361,2025-08-14,oxygen_saturation,False,False,False,False,False
5303361,2025-09-30,oxygen_saturation,False,False,False,False,False
5303361,2025-10-14,oxygen_saturation,False,False,False,False,False
5303361,2025-11-24,oxygen_saturation,False,False,False,False,False
5303361,2026-01-20,oxygen_saturation,False,False,False,False,False
5303371,2025-01-15,oxygen_saturation,False,False,False,False,False
5303371,2025-02-28,oxygen_saturation,False,False,False,False,False
5303371,2025-03-17,oxygen_saturation,False,False,False,False,False
5303371,2025-04-17,oxygen_saturation,False,False,False,False,False
5303371,2025-04-28,oxygen_saturation,False,False,False,False,False
5303371,2025-05-15,oxygen_saturation,False,False,False,False,False
5303371,2025-06-23,oxygen_saturation,False,False,False,False,False
5303371,2025-07-21,oxygen_saturation,False,False,False,False,False
5303371,2025-08-29,oxygen_saturation,False,False,False,False,False
5303371,2025-10-13,oxygen_saturation,False,False,False,False,False
5303371,2026-02-05,oxygen_saturation,False,False,False,False,False
5303382,2025-01-08,oxygen_saturation,False,False,False,False,False
5303382,2025-02-12,oxygen_saturation,False,False,False,False,False
5303383,2025-01-23,oxygen_saturation,False,False,False,False,False
5303383,2025-02-27,oxygen_saturation,False,False,False,False,False
5303383,2025-03-20,oxygen_saturation,False,False,False,False,False
5303383,2025-04-26,oxygen_saturation,False,False,False,False,False
5303383,2025-05-19,oxygen_saturation,False,False,False,False,False
5303383,2025-07-29,oxygen_saturation,False,False,False,False,False
5303383,2025-08-14,oxygen_saturation,False,False,False,False,False
5303383,2025-09-30,oxygen_saturation,False,False,False,False,False
5303383,2025-10-14,oxygen_saturation,False,False,False,False,False
5303383,2025-11-24,oxygen_saturation,False,False,False,False,False
5303383,2026-01-20,oxygen_saturation,False,False,False,False,False
5303384,2025-01-24,oxygen_saturation,False,False,False,False,False
5303384,2025-02-27,oxygen_saturation,False,False,False,False,False
5303384,2025-03-20,oxygen_saturation,False,False,False,False,False
5303384,2025-04-26,oxygen_saturation,False,False,False,False,False
5303384,2025-05-19,oxygen_saturation,False,False,False,False,False
5303384,2025-07-29,oxygen_saturation,False,False,False,False,False
5303384,2025-08-14,oxygen_saturation,False,False,False,False,False
5303384,2025-09-30,oxygen_saturation,False,False,False,False,False
5303384,2025-10-14,oxygen_saturation,False,False,False,False,False
5303384,2025-11-24,oxygen_saturation,False,False,False,False,False
5303384,2026-01-20,oxygen_saturation,False,False,False,False,False
5303386,2025-01-30,oxygen_saturation,False,False,False,False,False
5303386,2025-03-09,oxygen_saturation,False,False,False,False,False
5303386,2025-04-16,oxygen_saturation,False,False,False,False,False
5303386,2025-05-06,oxygen_saturation,False,False,False,False,False
5303387,2025-01-29,oxygen_saturation,True,False,False,False,False
5303387,2025-02-28,oxygen_saturation,True,False,False,False,False
5303387,2025-05-03,oxygen_saturation,True,False,False,False,False
5303387,2025-06-03,oxygen_saturation,True,False,False,False,False
5303387,2025-06-25,oxygen_saturation,True,False,False,False,False
5303387,2025-07-30,oxygen_saturation,True,False,False,False,False
5303387,2025-10-29,oxygen_saturation,True,False,False,False,False
5303387,2026-01-28,oxygen_saturation,True,False,False,False,False
5303387,2026-02-27,oxygen_saturation,True,False,False,False,False
5303391,2025-01-04,oxygen_saturation,True,False,False,False,False
5303391,2025-02-08,oxygen_saturation,True,False,False,False,False
5303391,2025-03-01,oxygen_saturation,True,False,False,False,False
5303391,2025-03-29,oxygen_saturation,True,False,False,False,False
5303391,2025-04-24,oxygen_saturation,True,False,False,False,False
5303391,2025-06-07,oxygen_saturation,True,False,False,False,False
5303391,2025-06-20,oxygen_saturation,True,False,False,False,False
5303391,2025-07-18,oxygen_saturation,True,False,False,False,False
5303391,2025-08-03,oxygen_saturation,True,False,False,False,False
5303391,2025-08-12,oxygen_saturation,True,False,False,False,False
5303391,2025-09-11,oxygen_saturation,True,False,False,False,False
5303391,2025-10-04,oxygen_saturation,True,False,False,False,False
5303391,2025-10-12,oxygen_saturation,True,False,False,False,False
5303391,2025-11-08,oxygen_saturation,True,False,False,False,False
5303391,2025-12-04,oxygen_saturation,True,False,False,False,False
5303391,2026-01-04,oxygen_saturation,True,False,False,False,False
5303391,2026-01-29,oxygen_saturation,True,False,False,False,False
5303391,2026-02-26,oxygen_saturation,True,False,False,False,False
5303391,2026-03-14,oxygen_saturation,True,False,False,False,False
5303391,2026-03-29,oxygen_saturation,True,False,False,False,False
5303392,2025-01-01,oxygen_saturation,True,False,False,False,False
5303392,2025-01-17,oxygen_saturation,True,False,False,False,False
5303392,2025-02-02,oxygen_saturation,True,False,False,False,False
5303392,2025-02-13,oxygen_saturation,True,False,False,False,False
5303392,2025-03-13,oxygen_saturation,True,False,False,False,False
5303392,2025-03-29,oxygen_saturation,True,False,False,False,False
5303392,2025-04-11,oxygen_saturation,True,False,False,False,False
5303392,2025-05-09,oxygen_saturation,True,False,False,False,False
5303392,2025-05-29,oxygen_saturation,True,False,False,False,False
5303392,2025-06-06,oxygen_saturation,True,False,False,False,False
5303392,2025-06-23,oxygen_saturation,True,False,False,False,False
5303392,2025-07-03,oxygen_saturation,True,False,False,False,False
5303392,2025-07-17,oxygen_saturation,True,False,False,False,False
5303392,2025-08-02,oxygen_saturation,True,False,False,False,False
5303392,2025-08-17,oxygen_saturation,True,False,False,False,False
5303392,2025-08-30,oxygen_saturation,True,False,False,False,False
5303392,2025-09-24,oxygen_saturation,True,False,False,False,False
5303392,2025-10-23,oxygen_saturation,True,False,False,False,False
5303392,2025-11-21,oxygen_saturation,True,False,False,False,False
5303392,2026-01-04,oxygen_saturation,True,False,False,False,False
5303392,2026-01-16,oxygen_saturation,True,False,False,False,False
5303392,2026-02-06,oxygen_saturation,True,False,False,False,False
5303392,2026-02-14,oxygen_saturation,True,False,False,False,False
5303392,2026-03-11,oxygen_saturation,True,False,False,False,False
5303392,2026-03-26,oxygen_saturation,True,False,False,False,False
5303392,2026-04-01,oxygen_saturation,True,False,False,False,False
5303392,2026-04-11,oxygen_saturation,True,False,False,False,False
5303393,2025-01-03,oxygen_saturation,True,False,False,False,False
5303393,2025-01-17,oxygen_saturation,True,False,False,False,False
5303393,2025-01-19,oxygen_saturation,True,False,False,False,False
5303393,2025-01-30,oxygen_saturation,True,False,False,False,False
5303393,2025-02-13,oxygen_saturation,True,False,False,False,False
5303393,2025-02-17,oxygen_saturation,True,False,False,False,False
5303393,2025-03-02,oxygen_saturation,True,False,False,False,False
5303393,2025-03-28,oxygen_saturation,True,False,False,False,False
5303393,2025-04-11,oxygen_saturation,True,False,False,False,False
5303393,2025-04-26,oxygen_saturation,True,False,False,False,False
5303393,2025-05-11,oxygen_saturation,True,False,False,False,False
5303393,2025-05-22,oxygen_saturation,True,False,False,False,False
5303393,2025-06-07,oxygen_saturation,True,False,False,False,False
5303393,2025-06-20,oxygen_saturation,True,False,False,False,False
5303393,2025-07-04,oxygen_saturation,True,False,False,False,False
5303393,2025-07-17,oxygen_saturation,True,False,False,False,False
5303393,2025-08-02,oxygen_saturation,True,False,False,False,False
5303393,2025-08-16,oxygen_saturation,True,False,False,False,False
5303393,2025-09-13,oxygen_saturation,True,False,False,False,False
5303393,2025-11-23,oxygen_saturation,True,False,False,False,False
5303393,2025-12-06,oxygen_saturation,True,False,False,False,False
5303393,2026-01-03,oxygen_saturation,True,False,False,False,False
5303393,2026-01-17,oxygen_saturation,True,False,False,False,False
5303393,2026-01-31,oxygen_saturation,True,False,False,False,False
5303393,2026-02-25,oxygen_saturation,True,False,False,False,False
5303393,2026-04-10,oxygen_saturation,True,False,False,False,False
5303394,2025-01-04,oxygen_saturation,True,False,False,False,False
5303394,2025-02-01,oxygen_saturation,True,False,False,False,False
5303394,2025-03-02,oxygen_saturation,True,False,False,False,False
5303394,2025-03-26,oxygen_saturation,True,False,False,False,False
5303394,2025-04-24,oxygen_saturation,True,False,False,False,False
5303394,2025-05-24,oxygen_saturation,True,False,False,False,False
5303394,2025-06-13,oxygen_saturation,True,False,False,False,False
5303394,2025-06-21,oxygen_saturation,True,False,False,False,False
5303394,2025-07-08,oxygen_saturation,True,False,False,False,False
5303394,2025-07-18,oxygen_saturation,True,False,False,False,False
5303394,2025-08-10,oxygen_saturation,True,False,False,False,False
5303394,2025-08-29,oxygen_saturation,True,False,False,False,False
5303394,2025-09-02,oxygen_saturation,True,False,False,False,False
5303394,2025-09-14,oxygen_saturation,True,False,False,False,False
5303394,2025-10-03,oxygen_saturation,True,False,False,False,False
5303394,2025-10-12,oxygen_saturation,True,False,False,False,False
5303394,2025-11-23,oxygen_saturation,True,False,False,False,False
5303394,2025-11-28,oxygen_saturation,True,False,False,False,False
5303394,2025-12-07,oxygen_saturation,True,False,False,False,False
5303394,2025-12-27,oxygen_saturation,True,False,False,False,False
5303394,2026-01-04,oxygen_saturation,True,False,False,False,False
5303394,2026-01-17,oxygen_saturation,True,False,False,False,False
5303394,2026-02-11,oxygen_saturation,True,False,False,False,False
5303394,2026-03-02,oxygen_saturation,True,False,False,False,False
5303394,2026-03-14,oxygen_saturation,True,False,False,False,False
5303394,2026-03-28,oxygen_saturation,True,False,False,False,False
5303395,2025-01-24,oxygen_saturation,True,False,False,False,False
5303395,2025-02-20,oxygen_saturation,True,False,False,False,False
5303395,2025-03-20,oxygen_saturation,True,False,False,False,False
5303395,2025-05-04,oxygen_saturation,True,False,False,False,False
5303395,2025-07-11,oxygen_saturation,True,False,False,False,False
5303395,2025-08-13,oxygen_saturation,True,False,False,False,False
5303395,2025-08-24,oxygen_saturation,True,False,False,False,False
5303395,2025-09-04,oxygen_saturation,True,False,False,False,False
5303395,2025-09-16,oxygen_saturation,True,False,False,False,False
5303395,2025-09-21,oxygen_saturation,True,False,False,False,False
5303395,2025-10-03,oxygen_saturation,True,False,False,False,False
5303395,2025-10-18,oxygen_saturation,True,False,False,False,False
5303395,2025-11-15,oxygen_saturation,True,False,False,False,False
5303395,2025-11-26,oxygen_saturation,True,False,False,False,False
5303395,2025-12-27,oxygen_saturation,True,False,False,False,False
5303395,2026-02-07,oxygen_saturation,True,False,False,False,False
5303395,2026-02-22,oxygen_saturation,True,False,False,False,False
5303395,2026-03-07,oxygen_saturation,True,False,False,False,False
5303396,2025-01-12,oxygen_saturation,True,False,False,False,False
5303396,2025-02-08,oxygen_saturation,True,False,False,False,False
5303396,2025-04-19,oxygen_saturation,True,False,False,False,False
5303396,2025-05-13,oxygen_saturation,True,False,False,False,False
5303396,2025-06-07,oxygen_saturation,True,False,False,False,False
5303396,2025-07-13,oxygen_saturation,True,False,False,False,False
5303396,2025-10-30,oxygen_saturation,True,False,False,False,False
5303396,2025-11-30,oxygen_saturation,True,False,False,False,False
5303396,2025-12-31,oxygen_saturation,True,False,False,False,False
5303396,2026-01-26,oxygen_saturation,True,False,False,False,False
5303396,2026-02-06,oxygen_saturation,True,False,False,False,False
5303396,2026-03-01,oxygen_saturation,True,False,False,False,False
5303396,2026-03-08,oxygen_saturation,True,False,False,False,False
5303396,2026-03-22,oxygen_saturation,True,False,False,False,False
5303396,2026-04-05,oxygen_saturation,True,False,False,False,False
5303397,2025-01-12,oxygen_saturation,True,False,False,False,False
5303397,2025-01-23,oxygen_saturation,True,False,False,False,False
5303397,2025-02-09,oxygen_saturation,True,False,False,False,False
5303397,2025-02-20,oxygen_saturation,True,False,False,False,False
5303397,2025-03-09,oxygen_saturation,True,False,False,False,False
5303397,2025-04-06,oxygen_saturation,True,False,False,False,False
5303397,2025-04-18,oxygen_saturation,True,False,False,False,False
5303397,2025-05-04,oxygen_saturation,True,False,False,False,False
5303397,2025-05-10,oxygen_saturation,True,False,False,False,False
5303397,2025-06-01,oxygen_saturation,True,False,False,False,False
5303397,2025-06-15,oxygen_saturation,True,False,False,False,False
5303397,2025-06-29,oxygen_saturation,True,False,False,False,False
5303397,2025-07-11,oxygen_saturation,True,False,False,False,False
5303397,2025-07-26,oxygen_saturation,True,False,False,False,False
5303397,2025-08-06,oxygen_saturation,True,False,False,False,False
5303397,2025-09-21,oxygen_saturation,True,False,False,False,False
5303397,2025-11-15,oxygen_saturation,True,False,False,False,False
5303397,2025-11-28,oxygen_saturation,True,False,False,False,False
5303397,2025-12-14,oxygen_saturation,True,False,False,False,False
5303397,2026-01-10,oxygen_saturation,True,False,False,False,False
5303397,2026-01-11,oxygen_saturation,True,False,False,False,False
5303397,2026-02-07,oxygen_saturation,True,False,False,False,False
5303397,2026-03-07,oxygen_saturation,True,False,False,False,False
5303398,2025-01-11,oxygen_saturation,True,False,False,False,False
5303398,2025-01-26,oxygen_saturation,True,False,False,False,False
5303398,2025-02-15,oxygen_saturation,True,False,False,False,False
5303398,2025-02-23,oxygen_saturation,True,False,False,False,False
5303398,2025-03-08,oxygen_saturation,True,False,False,False,False
5303398,2025-04-05,oxygen_saturation,True,False,False,False,False
5303398,2025-05-04,oxygen_saturation,True,False,False,False,False
5303398,2025-06-01,oxygen_saturation,True,False,False,False,False
5303398,2025-06-29,oxygen_saturation,True,False,False,False,False
5303398,2025-07-25,oxygen_saturation,True,False,False,False,False
5303398,2025-09-21,oxygen_saturation,True,False,False,False,False
5303398,2025-10-08,oxygen_saturation,True,False,False,False,False
5303398,2025-10-19,oxygen_saturation,True,False,False,False,False
5303398,2025-11-16,oxygen_saturation,True,False,False,False,False
5303398,2025-12-13,oxygen_saturation,True,False,False,False,False
5303398,2026-01-10,oxygen_saturation,True,False,False,False,False
5303398,2026-02-08,oxygen_saturation,True,False,False,False,False
5303398,2026-02-22,oxygen_saturation,True,False,False,False,False
5303398,2026-03-09,oxygen_saturation,True,False,False,False,False
5303398,2026-03-22,oxygen_saturation,True,False,False,False,False
5306101,2025-01-30,oxygen_saturation,False,False,False,False,False
5306101,2025-02-23,oxygen_saturation,False,False,False,False,False
5306101,2025-03-30,oxygen_saturation,False,False,False,False,False
5306101,2025-05-17,oxygen_saturation,False,False,False,False,False
5306101,2025-06-28,oxygen_saturation,False,False,False,False,False
5306101,2025-07-21,oxygen_saturation,False,False,False,False,False
5306101,2025-09-06,oxygen_saturation,False,False,False,False,False
5306103,2025-01-30,oxygen_saturation,False,False,False,False,False
5306103,2025-03-19,oxygen_saturation,False,False,False,False,False
5306103,2025-04-17,oxygen_saturation,False,False,False,False,False
5306103,2025-05-20,oxygen_saturation,False,False,False,False,False
5306103,2025-06-22,oxygen_saturation,False,False,False,False,False
5306103,2025-07-24,oxygen_saturation,False,False,False,False,False
5306103,2025-08-25,oxygen_saturation,False,False,False,False,False
5306103,2025-09-24,oxygen_saturation,False,False,False,False,False
5306103,2025-10-27,oxygen_saturation,False,False,False,False,False
5306103,2025-11-27,oxygen_saturation,False,False,False,False,False
5306103,2025-12-29,oxygen_saturation,False,False,False,False,False
5306103,2026-01-28,oxygen_saturation,False,False,False,False,False
5306103,2026-02-23,oxygen_saturation,False,False,False,False,False
5306103,2026-03-27,oxygen_saturation,False,False,False,False,False
241118180336,2025-03-01,ph,False,False,False,False,False
241118180336,2025-04-05,ph,False,False,False,False,False
241118180336,2025-05-03,ph,False,False,False,False,False
241118180336,2025-06-07,ph,False,False,False,False,False
241118180336,2025-10-04,ph,False,False,False,False,False
241118180336,2026-01-03,ph,False,False,False,False,False
241118180336,2026-01-31,ph,False,False,False,False,False
241118180336,2026-03-07,ph,False,False,False,False,False
241118181240,2025-03-01,ph,False,False,False,False,False
241118181240,2025-04-05,ph,False,False,False,False,False
241118181240,2025-05-03,ph,False,False,False,False,False
241118181240,2025-06-07,ph,False,False,False,False,False
241118181240,2025-10-03,ph,False,False,False,False,False
241118181240,2026-01-03,ph,False,False,False,False,False
241118181240,2026-01-31,ph,False,False,False,False,False
241118181240,2026-03-07,ph,False,False,False,False,False
241118181609,2025-03-01,ph,False,False,False,False,False
241118181609,2025-04-05,ph,False,False,False,False,False
241118181609,2025-05-03,ph,False,False,False,False,False
241118181609,2025-06-07,ph,False,False,False,False,False
241118181609,2025-07-12,ph,False,False,False,False,False
241118181609,2025-08-02,ph,False,False,False,False,False
241118181609,2025-09-13,ph,False,False,False,False,False
241118181609,2025-10-03,ph,False,False,False,False,False
241118181609,2026-01-03,ph,False,False,False,False,False
241118181609,2026-01-31,ph,False,False,False,False,False
241118181609,2026-03-07,ph,False,False,False,False,False
241118181741,2025-02-01,ph,False,False,False,False,False
241118181741,2025-03-01,ph,False,False,False,False,False
241118181741,2025-04-05,ph,False,False,False,False,False
241118181741,2025-05-03,ph,False,False,False,False,False
241118181741,2025-06-07,ph,False,False,False,False,False
241118181741,2025-10-03,ph,False,False,False,False,False
241118181741,2026-01-03,ph,False,False,False,False,False
241118181741,2026-01-31,ph,False,False,False,False,False
241118181741,2026-03-07,ph,False,False,False,False,False
241118181852,2025-03-01,ph,False,False,False,False,False
241118181852,2025-04-05,ph,False,False,False,False,False
241118181852,2025-05-03,ph,False,False,False,False,False
241118181852,2025-06-07,ph,False,False,False,False,False
241118181852,2025-10-03,ph,False,False,False,False,False
241118182046,2025-03-02,ph,False,False,False,False,False
241118182046,2025-04-06,ph,False,False,False,False,False
241118182046,2025-05-04,ph,False,False,False,False,False
241118182150,2025-03-02,ph,False,False,False,False,False
241118182150,2025-04-06,ph,False,False,False,False,False
241118182150,2025-05-04,ph,False,False,False,False,False
241118182150,2025-06-12,ph,False,False,False,False,False
241118182150,2025-07-12,ph,False,False,False,False,False
241118182150,2025-08-02,ph,False,False,False,False,False
241118182150,2025-09-13,ph,False,False,False,False,False
241118182150,2025-10-03,ph,False,False,False,False,False
241118182150,2026-01-04,ph,False,False,False,False,False
241118182245,2025-03-02,ph,False,False,False,False,False
241118182245,2025-04-06,ph,False,False,False,False,False
241118182245,2025-05-04,ph,False,False,False,False,False
241118182245,2025-06-12,ph,False,False,False,False,False
241118182245,2025-10-04,ph,False,False,False,False,False
241118182245,2026-01-04,ph,False,False,False,False,False
241118182245,2026-02-19,ph,False,False,False,False,False
241118182407,2025-03-02,ph,False,False,False,False,False
241118182407,2025-04-06,ph,False,False,False,False,False
241118182407,2025-05-04,ph,False,False,False,False,False
241118182407,2025-06-13,ph,False,False,False,False,False
241118182407,2025-10-03,ph,False,False,False,False,False
241118182407,2026-01-04,ph,False,False,False,False,False
241118182407,2026-02-19,ph,False,False,False,False,False
241118182520,2025-03-02,ph,False,False,False,False,False
241118182520,2025-04-06,ph,False,False,False,False,False
241118182520,2025-05-04,ph,False,False,False,False,False
241118182520,2025-06-12,ph,False,False,False,False,False
241118182520,2025-10-03,ph,False,False,False,False,False
241118182520,2026-01-04,ph,False,False,False,False,False
241118182520,2026-02-19,ph,False,False,False,False,False
241118182616,2025-02-28,ph,False,False,False,False,False
241118182616,2025-04-04,ph,False,False,False,False,False
241118182616,2025-05-02,ph,False,False,False,False,False
241118182616,2025-06-06,ph,False,False,False,False,False
241118182616,2025-07-12,ph,False,False,False,False,False
241118182616,2025-08-02,ph,False,False,False,False,False
241118182616,2025-09-13,ph,False,False,False,False,False
241118182616,2025-10-03,ph,False,False,False,False,False
241118182616,2026-01-30,ph,False,False,False,False,False
241118182616,2026-03-06,ph,False,False,False,False,False
241118183206,2025-02-28,ph,False,False,False,False,False
241118183206,2025-04-04,ph,False,False,False,False,False
241118183206,2025-05-02,ph,False,False,False,False,False
241118183206,2025-06-06,ph,False,False,False,False,False
241118183206,2025-07-12,ph,False,False,False,False,False
241118183206,2025-08-02,ph,False,False,False,False,False
241118183206,2025-10-03,ph,False,False,False,False,False
241118183206,2025-12-05,ph,False,False,False,False,False
241118183206,2026-01-02,ph,False,False,False,False,False
241118183206,2026-01-26,ph,False,False,False,False,False
241118183206,2026-02-28,ph,False,False,False,False,False
241118183206,2026-03-06,ph,False,False,False,False,False
241118183308,2025-02-28,ph,False,False,False,False,False
241118183308,2025-04-04,ph,False,False,False,False,False
241118183308,2025-05-02,ph,False,False,False,False,False
241118183308,2025-06-06,ph,False,False,False,False,False
241118183308,2025-07-12,ph,False,False,False,False,False
241118183308,2025-08-02,ph,False,False,False,False,False
241118183308,2025-09-13,ph,False,False,False,False,False
241118183308,2025-10-03,ph,False,False,False,False,False
241118183308,2025-12-05,ph,False,False,False,False,False
241118183308,2026-01-02,ph,False,False,False,False,False
241118183308,2026-01-30,ph,False,False,False,False,False
241118183308,2026-03-06,ph,False,False,False,False,False
241118183404,2025-02-28,ph,False,False,False,False,False
241118183404,2025-04-04,ph,False,False,False,False,False
241118183404,2025-05-03,ph,False,False,False,False,False
241118183404,2025-06-06,ph,False,False,False,False,False
241118183404,2025-07-12,ph,False,False,False,False,False
241118183404,2025-08-02,ph,False,False,False,False,False
241118183404,2025-09-13,ph,False,False,False,False,False
241118183404,2025-10-03,ph,False,False,False,False,False
241118183404,2025-12-05,ph,False,False,False,False,False
241118183404,2026-01-02,ph,False,False,False,False,False
241118183404,2026-01-30,ph,False,False,False,False,False
241118183404,2026-03-06,ph,False,False,False,False,False
241118183501,2025-02-28,ph,False,False,False,False,False
241118183501,2025-04-04,ph,False,False,False,False,False
241118183501,2025-05-02,ph,False,False,False,False,False
241118183501,2025-06-06,ph,False,False,False,False,False
241118183501,2025-10-03,ph,False,False,False,False,False
241118183501,2025-12-05,ph,False,False,False,False,False
241118183501,2026-01-02,ph,False,False,False,False,False
241118183501,2026-01-30,ph,False,False,False,False,False
241118183501,2026-03-06,ph,False,False,False,False,False
241118183629,2025-02-28,ph,False,False,False,False,False
241118183629,2025-04-04,ph,False,False,False,False,False
241118183629,2025-05-02,ph,False,False,False,False,False
241118183629,2025-06-06,ph,False,False,False,False,False
241118183629,2025-10-03,ph,False,False,False,False,False
241118183629,2026-01-30,ph,False,False,False,False,False
241118183629,2026-03-06,ph,False,False,False,False,False
251204213047,2026-02-28,ph,False,False,False,False,False
251204213047,2026-03-06,ph,False,False,False,False,False
251221144813,2025-02-16,ph,False,False,False,False,False
251221144813,2025-06-16,ph,False,False,False,False,False
251221144813,2025-08-21,ph,False,False,False,False,False
251221144813,2025-11-23,ph,False,False,False,False,False
251221145854,2025-02-16,ph,False,False,False,False,False
251221145854,2025-06-16,ph,False,False,False,False,False
251221145854,2025-08-21,ph,False,False,False,False,False
251221145854,2025-11-23,ph,False,False,False,False,False
251221150008,2025-02-16,ph,False,False,False,False,False
251221150008,2025-06-16,ph,False,False,False,False,False
251221150232,2025-02-16,ph,False,False,False,False,False
251221150232,2025-06-16,ph,False,False,False,False,False
251221150232,2025-08-21,ph,False,False,False,False,False
251221150232,2025-11-23,ph,False,False,False,False,False
251221150343,2025-02-16,ph,False,False,False,False,False
251221150343,2025-06-16,ph,False,False,False,False,False
251221150343,2025-08-21,ph,False,False,False,False,False
251221150343,2025-11-23,ph,False,False,False,False,False
251221150501,2025-02-16,ph,False,False,False,False,False
251221150501,2025-06-16,ph,False,False,False,False,False
251221150501,2025-08-21,ph,False,False,False,False,False
251221150501,2025-11-23,ph,False,False,False,False,False
251221150928,2025-02-16,ph,False,False,False,False,False
251221150928,2025-06-16,ph,False,False,False,False,False
251221150928,2025-08-21,ph,False,False,False,False,False
251221150928,2025-11-23,ph,False,False,False,False,False
251221151218,2025-02-16,ph,False,False,False,False,False
251221151218,2025-06-16,ph,False,False,False,False,False
251221153641,2025-09-07,ph,False,False,False,False,False
251221153821,2025-09-07,ph,False,False,False,False,False
251221153909,2025-09-07,ph,False,False,False,False,False
251221154015,2025-09-07,ph,False,False,False,False,False
251221154202,2025-09-07,ph,False,False,False,False,False
5303305,2025-01-21,ph,False,False,False,False,False
5303305,2025-04-15,ph,False,False,False,False,False
5303305,2025-05-27,ph,False,False,False,False,False
5303305,2025-06-30,ph,False,False,False,False,False
5303305,2025-07-28,ph,False,False,False,False,False
5303305,2025-08-19,ph,False,False,False,False,False
5303305,2025-09-19,ph,False,False,False,False,False
5303305,2025-10-19,ph,False,False,False,False,False
5303305,2025-11-24,ph,False,False,False,False,False
5303305,2025-12-12,ph,False,False,False,False,False
5303305,2026-01-24,ph,False,False,False,False,False
5303305,2026-02-24,ph,False,False,False,False,False
5303305,2026-03-29,ph,False,False,False,False,False
5303306,2025-02-02,ph,False,False,False,False,False
5303306,2025-03-02,ph,False,False,False,False,False
5303306,2025-04-06,ph,False,False,False,False,False
5303306,2025-05-04,ph,False,False,False,False,False
5303306,2025-06-01,ph,False,False,False,False,False
5303306,2025-07-06,ph,False,False,False,False,False
5303306,2025-08-03,ph,False,False,False,False,False
5303306,2025-09-07,ph,False,False,False,False,False
5303306,2025-10-05,ph,False,False,False,False,False
5303306,2025-11-02,ph,False,False,False,False,False
5303306,2025-12-06,ph,False,False,False,False,False
5303306,2026-01-04,ph,False,False,False,False,False
5303306,2026-02-01,ph,False,False,False,False,False
5303306,2026-03-01,ph,False,False,False,False,False
5303308,2025-01-11,ph,False,False,False,False,False
5303308,2025-02-08,ph,False,False,False,False,False
5303308,2025-03-08,ph,False,False,False,False,False
5303308,2025-04-12,ph,False,False,False,False,False
5303308,2025-05-10,ph,False,False,False,False,False
5303308,2025-06-15,ph,False,False,False,False,False
5303308,2025-07-19,ph,False,False,False,False,False
5303308,2025-08-16,ph,False,False,False,False,False
5303308,2025-09-19,ph,False,False,False,False,False
5303308,2025-10-11,ph,False,False,False,False,False
5303308,2025-11-09,ph,False,False,False,False,False
5303309,2025-01-11,ph,False,False,False,False,False
5303309,2025-04-12,ph,False,False,False,False,False
5303309,2025-07-19,ph,False,False,False,False,False
5303309,2025-09-19,ph,False,False,False,False,False
53033100,2025-01-29,ph,False,False,False,False,False
53033100,2025-03-03,ph,False,False,False,False,False
53033100,2025-04-15,ph,False,False,False,False,False
53033100,2025-04-16,ph,False,False,False,False,False
53033100,2025-05-04,ph,False,False,False,False,False
53033100,2025-06-07,ph,False,False,False,False,False
53033100,2025-07-14,ph,False,False,False,False,False
53033100,2025-08-13,ph,False,False,False,False,False
53033100,2025-09-09,ph,False,False,False,False,False
53033100,2025-12-20,ph,False,False,False,False,False
53033100,2026-03-22,ph,False,False,False,False,False
53033101,2025-01-09,ph,False,False,False,False,False
53033101,2025-02-11,ph,False,False,False,False,False
53033101,2025-03-06,ph,False,False,False,False,False
53033101,2025-04-09,ph,False,False,False,False,False
53033101,2025-05-09,ph,False,False,False,False,False
53033101,2025-06-20,ph,False,False,False,False,False
53033101,2025-07-25,ph,False,False,False,False,False
53033101,2025-08-29,ph,False,False,False,False,False
53033101,2025-09-20,ph,False,False,False,False,False
53033101,2025-10-10,ph,False,False,False,False,False
53033101,2025-11-14,ph,False,False,False,False,False
53033101,2025-12-19,ph,False,False,False,False,False
53033101,2026-01-09,ph,False,False,False,False,False
53033101,2026-02-06,ph,False,False,False,False,False
53033101,2026-03-14,ph,False,False,False,False,False
53033102,2025-01-31,ph,False,False,False,False,False
53033102,2025-02-28,ph,False,False,False,False,False
53033102,2025-04-04,ph,False,False,False,False,False
53033102,2025-04-29,ph,False,False,False,False,False
53033102,2026-03-26,ph,False,False,False,False,False
53033103,2025-01-31,ph,False,False,False,False,False
53033103,2025-02-28,ph,False,False,False,False,False
53033103,2025-04-04,ph,False,False,False,False,False
53033103,2025-04-29,ph,False,False,False,False,False
53033103,2026-02-18,ph,False,False,False,False,False
53033103,2026-03-26,ph,False,False,False,False,False
53033104,2025-03-02,ph,False,False,False,False,False
53033104,2025-04-01,ph,False,False,False,False,False
53033104,2025-05-04,ph,False,False,False,False,False
53033104,2025-06-07,ph,False,False,False,False,False
53033104,2025-07-11,ph,False,False,False,False,False
53033104,2025-08-13,ph,False,False,False,False,False
53033104,2025-08-19,ph,False,False,False,False,False
53033104,2025-09-17,ph,False,False,False,False,False
53033104,2025-10-14,ph,False,False,False,False,False
53033104,2026-01-30,ph,False,False,False,False,False
53033105,2025-01-19,ph,False,False,False,False,False
53033105,2025-02-22,ph,False,False,False,False,False
53033105,2025-03-22,ph,False,False,False,False,False
53033105,2025-04-15,ph,False,False,False,False,False
53033105,2025-05-21,ph,False,False,False,False,False
53033105,2025-06-11,ph,False,False,False,False,False
53033105,2025-07-15,ph,False,False,False,False,False
53033105,2025-08-19,ph,False,False,False,False,False
53033105,2025-09-17,ph,False,False,False,False,False
53033105,2025-10-22,ph,False,False,False,False,False
53033105,2025-11-18,ph,False,False,False,False,False
53033105,2025-12-16,ph,False,False,False,False,False
53033105,2026-01-27,ph,False,False,False,False,False
53033105,2026-03-21,ph,False,False,False,False,False
5303318,2025-01-11,ph,False,False,False,False,False
5303318,2025-02-08,ph,False,False,False,False,False
5303318,2025-03-08,ph,False,False,False,False,False
5303318,2025-04-12,ph,False,False,False,False,False
5303318,2025-05-10,ph,False,False,False,False,False
5303318,2025-06-15,ph,False,False,False,False,False
5303318,2025-07-19,ph,False,False,False,False,False
5303318,2025-08-16,ph,False,False,False,False,False
5303318,2025-09-19,ph,False,False,False,False,False
5303318,2025-10-11,ph,False,False,False,False,False
5303318,2025-11-08,ph,False,False,False,False,False
5303319,2025-01-11,ph,False,False,False,False,False
5303319,2025-04-12,ph,False,False,False,False,False
5303319,2025-07-19,ph,False,False,False,False,False
5303319,2025-09-19,ph,False,False,False,False,False
5303320,2025-02-04,ph,False,False,False,False,False
5303320,2025-03-02,ph,False,False,False,False,False
5303320,2025-04-06,ph,False,False,False,False,False
5303320,2025-05-04,ph,False,False,False,False,False
5303320,2025-06-01,ph,False,False,False,False,False
5303320,2025-07-06,ph,False,False,False,False,False
5303320,2025-08-03,ph,False,False,False,False,False
5303320,2025-09-07,ph,False,False,False,False,False
5303320,2025-10-05,ph,False,False,False,False,False
5303320,2025-11-02,ph,False,False,False,False,False
5303320,2025-12-06,ph,False,False,False,False,False
5303320,2026-01-05,ph,False,False,False,False,False
5303320,2026-02-02,ph,False,False,False,False,False
5303320,2026-03-02,ph,False,False,False,False,False
5303321,2025-01-30,ph,False,False,False,False,False
5303321,2025-03-19,ph,False,False,False,False,False
5303321,2025-04-18,ph,False,False,False,False,False
5303321,2025-05-20,ph,False,False,False,False,False
5303321,2025-06-21,ph,False,False,False,False,False
5303321,2025-07-24,ph,False,False,False,False,False
5303321,2025-08-25,ph,False,False,False,False,False
5303321,2025-09-24,ph,False,False,False,False,False
5303321,2025-10-27,ph,False,False,False,False,False
5303321,2025-11-27,ph,False,False,False,False,False
5303321,2025-12-29,ph,False,False,False,False,False
5303321,2026-01-28,ph,False,False,False,False,False
5303321,2026-02-23,ph,False,False,False,False,False
5303321,2026-03-27,ph,False,False,False,False,False
5303322,2026-01-17,ph,False,False,False,False,False
5303322,2026-02-22,ph,False,False,False,False,False
5303335,2025-01-26,ph,False,False,False,False,False
5303335,2025-03-09,ph,False,False,False,False,False
5303335,2025-04-12,ph,False,False,False,False,False
5303335,2025-05-24,ph,False,False,False,False,False
5303335,2025-07-12,ph,False,False,False,False,False
5303346,2025-01-02,ph,False,False,False,False,False
5303346,2025-01-21,ph,False,False,False,False,False
5303346,2025-02-02,ph,False,False,False,False,False
5303346,2025-02-18,ph,False,False,False,False,False
5303346,2025-03-02,ph,False,False,False,False,False
5303346,2025-03-25,ph,False,False,False,False,False
5303346,2025-05-05,ph,False,False,False,False,False
5303346,2025-05-14,ph,False,False,False,False,False
5303346,2025-05-20,ph,False,False,False,False,False
5303346,2025-08-03,ph,False,False,False,False,False
5303346,2025-08-27,ph,False,False,False,False,False
5303346,2025-10-15,ph,False,False,False,False,False
5303346,2025-10-25,ph,False,False,False,False,False
5303346,2025-11-19,ph,False,False,False,False,False
5303346,2026-01-04,ph,False,False,False,False,False
5303354,2025-01-15,ph,False,False,False,False,False
5303354,2025-02-20,ph,False,False,False,False,False
5303354,2025-03-20,ph,False,False,False,False,False
5303354,2025-04-19,ph,False,False,False,False,False
5303354,2025-05-21,ph,False,False,False,False,False
5303354,2025-06-18,ph,False,False,False,False,False
5303354,2025-07-17,ph,False,False,False,False,False
5303354,2025-08-20,ph,False,False,False,False,False
5303354,2025-10-15,ph,False,False,False,False,False
5303354,2025-11-19,ph,False,False,False,False,False
5303354,2026-01-22,ph,False,False,False,False,False
5303354,2026-02-18,ph,False,False,False,False,False
5303354,2026-03-18,ph,False,False,False,False,False
5303360,2025-01-23,ph,False,False,False,False,False
5303360,2025-02-27,ph,False,False,False,False,False
5303360,2025-03-20,ph,False,False,False,False,False
5303360,2025-04-26,ph,False,False,False,False,False
5303360,2025-05-19,ph,False,False,False,False,False
5303360,2025-07-29,ph,False,False,False,False,False
5303360,2025-08-14,ph,False,False,False,False,False
5303360,2025-09-30,ph,False,False,False,False,False
5303360,2025-10-14,ph,False,False,False,False,False
5303360,2025-11-24,ph,False,False,False,False,False
5303360,2026-01-20,ph,False,False,False,False,False
5303361,2025-01-23,ph,False,False,False,False,False
5303361,2025-02-27,ph,False,False,False,False,False
5303361,2025-03-20,ph,False,False,False,False,False
5303361,2025-04-26,ph,False,False,False,False,False
5303361,2025-05-19,ph,False,False,False,False,False
5303361,2025-07-29,ph,False,False,False,False,False
5303361,2025-08-14,ph,False,False,False,False,False
5303361,2025-09-30,ph,False,False,False,False,False
5303361,2025-10-14,ph,False,False,False,False,False
5303361,2025-11-24,ph,False,False,False,False,False
5303361,2026-01-20,ph,False,False,False,False,False
5303371,2025-01-15,ph,False,False,False,False,False
5303371,2025-02-28,ph,False,False,False,False,False
5303371,2025-03-17,ph,False,False,False,False,False
5303371,2025-04-17,ph,False,False,False,False,False
5303371,2025-04-28,ph,False,False,False,False,False
5303371,2025-05-15,ph,False,False,False,False,False
5303371,2025-06-23,ph,False,False,False,False,False
5303371,2025-07-21,ph,False,False,False,False,False
5303371,2025-08-29,ph,False,False,False,False,False
5303371,2025-10-13,ph,False,False,False,False,False
5303371,2026-02-05,ph,False,False,False,False,False
5303382,2025-01-08,ph,False,False,False,False,False
5303382,2025-02-12,ph,False,False,False,False,False
5303383,2025-01-23,ph,False,False,False,False,False
5303383,2025-02-27,ph,False,False,False,False,False
5303383,2025-03-20,ph,False,False,False,False,False
5303383,2025-04-26,ph,False,False,False,False,False
5303383,2025-05-19,ph,False,False,False,False,False
5303383,2025-07-29,ph,False,False,False,False,False
5303383,2025-08-14,ph,False,False,False,False,False
5303383,2025-09-30,ph,False,False,False,False,False
5303383,2025-10-14,ph,False,False,False,False,False
5303383,2025-11-24,ph,False,False,False,False,False
5303383,2026-01-20,ph,False,False,False,False,False
5303384,2025-01-24,ph,False,False,False,False,False
5303384,2025-02-27,ph,False,False,False,False,False
5303384,2025-03-20,ph,False,False,False,False,False
5303384,2025-04-26,ph,False,False,False,False,False
5303384,2025-05-19,ph,False,False,False,False,False
5303384,2025-07-29,ph,False,False,False,False,False
5303384,2025-08-14,ph,False,False,False,False,False
5303384,2025-09-30,ph,False,False,False,False,False
5303384,2025-10-14,ph,False,False,False,False,False
5303384,2025-11-24,ph,False,False,False,False,False
5303384,2026-01-20,ph,False,False,False,False,False
5303386,2025-01-30,ph,False,False,False,False,False
5303386,2025-03-09,ph,False,False,False,False,False
5303386,2025-04-16,ph,False,False,False,False,False
5303386,2025-05-06,ph,False,False,False,False,False
5303387,2025-01-29,ph,True,False,False,False,False
5303387,2025-02-28,ph,True,False,False,False,False
5303387,2025-05-03,ph,True,False,False,False,False
5303387,2025-06-03,ph,True,False,False,False,False
5303387,2025-06-25,ph,True,False,False,False,False
5303387,2025-07-30,ph,True,False,False,False,False
5303387,2025-10-29,ph,True,False,False,False,False
5303387,2026-01-28,ph,True,False,False,False,False
5303387,2026-02-27,ph,True,False,False,False,False
5303391,2025-01-04,ph,True,False,False,False,False
5303391,2025-02-08,ph,True,False,False,False,False
5303391,2025-03-01,ph,True,False,False,False,False
5303391,2025-03-29,ph,True,False,False,False,False
5303391,2025-04-24,ph,True,False,False,False,False
5303391,2025-05-24,ph,True,False,False,False,False
5303391,2025-06-07,ph,True,False,False,False,False
5303391,2025-06-20,ph,True,False,False,False,False
5303391,2025-07-18,ph,True,False,False,False,False
5303391,2025-08-03,ph,True,False,False,False,False
5303391,2025-08-12,ph,True,False,False,False,False
5303391,2025-08-27,ph,True,False,False,False,False
5303391,2025-09-11,ph,True,False,False,False,False
5303391,2025-10-04,ph,True,False,False,False,False
5303391,2025-10-12,ph,True,False,False,False,False
5303391,2025-11-08,ph,True,False,False,False,False
5303391,2025-12-04,ph,True,False,False,False,False
5303391,2026-01-04,ph,True,False,False,False,False
5303391,2026-01-29,ph,True,False,False,False,False
5303391,2026-02-26,ph,True,False,False,False,False
5303391,2026-03-14,ph,True,False,False,False,False
5303391,2026-03-29,ph,True,False,False,False,False
5303392,2025-01-01,ph,True,False,False,False,False
5303392,2025-01-17,ph,True,False,False,False,False
5303392,2025-02-02,ph,True,False,False,False,False
5303392,2025-02-13,ph,True,False,False,False,False
5303392,2025-03-13,ph,True,False,False,False,False
5303392,2025-03-29,ph,True,False,False,False,False
5303392,2025-04-11,ph,True,False,False,False,False
5303392,2025-05-09,ph,True,False,False,False,False
5303392,2025-05-29,ph,True,False,False,False,False
5303392,2025-06-06,ph,True,False,False,False,False
5303392,2025-06-23,ph,True,False,False,False,False
5303392,2025-07-03,ph,True,False,False,False,False
5303392,2025-07-17,ph,True,False,False,False,False
5303392,2025-08-02,ph,True,False,False,False,False
5303392,2025-08-17,ph,True,False,False,False,False
5303392,2025-08-30,ph,True,False,False,False,False
5303392,2025-09-24,ph,True,False,False,False,False
5303392,2025-10-23,ph,True,False,False,False,False
5303392,2025-11-21,ph,True,False,False,False,False
5303392,2026-01-04,ph,True,False,False,False,False
5303392,2026-01-16,ph,True,False,False,False,False
5303392,2026-02-06,ph,True,False,False,False,False
5303392,2026-02-14,ph,True,False,False,False,False
5303392,2026-03-11,ph,True,False,False,False,False
5303392,2026-03-26,ph,True,False,False,False,False
5303392,2026-04-01,ph,True,False,False,False,False
5303392,2026-04-11,ph,True,False,False,False,False
5303393,2025-01-03,ph,True,False,False,False,False
5303393,2025-01-17,ph,True,False,False,False,False
5303393,2025-01-19,ph,True,False,False,False,False
5303393,2025-01-30,ph,True,False,False,False,False
5303393,2025-02-13,ph,True,False,False,False,False
5303393,2025-02-17,ph,True,False,False,False,False
5303393,2025-03-02,ph,True,False,False,False,False
5303393,2025-03-13,ph,True,False,False,False,False
5303393,2025-03-28,ph,True,False,False,False,False
5303393,2025-04-11,ph,True,False,False,False,False
5303393,2025-04-26,ph,True,False,False,False,False
5303393,2025-05-11,ph,True,False,False,False,False
5303393,2025-05-22,ph,True,False,False,False,False
5303393,2025-05-26,ph,True,False,False,False,False
5303393,2025-06-07,ph,True,False,False,False,False
5303393,2025-06-20,ph,True,False,False,False,False
5303393,2025-07-04,ph,True,False,False,False,False
5303393,2025-07-17,ph,True,False,False,False,False
5303393,2025-08-02,ph,True,False,False,False,False
5303393,2025-08-16,ph,True,False,False,False,False
5303393,2025-09-13,ph,True,False,False,False,False
5303393,2025-11-23,ph,True,False,False,False,False
5303393,2025-12-06,ph,True,False,False,False,False
5303393,2026-01-03,ph,True,False,False,False,False
5303393,2026-01-17,ph,True,False,False,False,False
5303393,2026-01-31,ph,True,False,False,False,False
5303393,2026-02-25,ph,True,False,False,False,False
5303393,2026-04-10,ph,True,False,False,False,False
5303394,2025-01-04,ph,True,False,False,False,False
5303394,2025-02-01,ph,True,False,False,False,False
5303394,2025-03-02,ph,True,False,False,False,False
5303394,2025-03-26,ph,True,False,False,False,False
5303394,2025-04-24,ph,True,False,False,False,False
5303394,2025-05-24,ph,True,False,False,False,False
5303394,2025-06-13,ph,True,False,False,False,False
5303394,2025-06-21,ph,True,False,False,False,False
5303394,2025-07-08,ph,True,False,False,False,False
5303394,2025-07-18,ph,True,False,False,False,False
5303394,2025-08-10,ph,True,False,False,False,False
5303394,2025-08-29,ph,True,False,False,False,False
5303394,2025-09-02,ph,True,False,False,False,False
5303394,2025-09-14,ph,True,False,False,False,False
5303394,2025-10-03,ph,True,False,False,False,False
5303394,2025-10-12,ph,True,False,False,False,False
5303394,2025-11-23,ph,True,False,False,False,False
5303394,2025-11-28,ph,True,False,False,False,False
5303394,2025-12-07,ph,True,False,False,False,False
5303394,2025-12-27,ph,True,False,False,False,False
5303394,2026-01-04,ph,True,False,False,False,False
5303394,2026-01-17,ph,True,False,False,False,False
5303394,2026-02-11,ph,True,False,False,False,False
5303394,2026-03-02,ph,True,False,False,False,False
5303394,2026-03-14,ph,True,False,False,False,False
5303394,2026-03-28,ph,True,False,False,False,False
5303395,2025-01-24,ph,True,False,False,False,False
5303395,2025-02-20,ph,True,False,False,False,False
5303395,2025-03-20,ph,True,False,False,False,False
5303395,2025-04-18,ph,True,False,False,False,False
5303395,2025-05-04,ph,True,False,False,False,False
5303395,2025-05-31,ph,True,False,False,False,False
5303395,2025-06-14,ph,True,False,False,False,False
5303395,2025-06-29,ph,True,False,False,False,False
5303395,2025-07-11,ph,True,False,False,False,False
5303395,2025-08-13,ph,True,False,False,False,False
5303395,2025-08-24,ph,True,False,False,False,False
5303395,2025-09-04,ph,True,False,False,False,False
5303395,2025-09-16,ph,True,False,False,False,False
5303395,2025-09-21,ph,True,False,False,False,False
5303395,2025-10-03,ph,True,False,False,False,False
5303395,2025-10-18,ph,True,False,False,False,False
5303395,2025-11-15,ph,True,False,False,False,False
5303395,2025-11-26,ph,True,False,False,False,False
5303395,2025-12-14,ph,True,False,False,False,False
5303395,2025-12-27,ph,True,False,False,False,False
5303395,2026-02-07,ph,True,False,False,False,False
5303395,2026-02-22,ph,True,False,False,False,False
5303395,2026-03-07,ph,True,False,False,False,False
5303396,2025-01-12,ph,True,False,False,False,False
5303396,2025-02-08,ph,True,False,False,False,False
5303396,2025-04-19,ph,True,False,False,False,False
5303396,2025-05-13,ph,True,False,False,False,False
5303396,2025-06-07,ph,True,False,False,False,False
5303396,2025-07-13,ph,True,False,False,False,False
5303396,2025-08-13,ph,True,False,False,False,False
5303396,2025-10-30,ph,True,False,False,False,False
5303396,2025-11-30,ph,True,False,False,False,False
5303396,2025-12-31,ph,True,False,False,False,False
5303396,2026-01-26,ph,True,False,False,False,False
5303396,2026-02-06,ph,True,False,False,False,False
5303396,2026-03-01,ph,True,False,False,False,False
5303396,2026-03-08,ph,True,False,False,False,False
5303396,2026-03-22,ph,True,False,False,False,False
5303396,2026-04-05,ph,True,False,False,False,False
5303397,2025-01-12,ph,True,False,False,False,False
5303397,2025-01-23,ph,True,False,False,False,False
5303397,2025-02-09,ph,True,False,False,False,False
5303397,2025-02-20,ph,True,False,False,False,False
5303397,2025-03-09,ph,True,False,False,False,False
5303397,2025-03-18,ph,True,False,False,False,False
5303397,2025-04-06,ph,True,False,False,False,False
5303397,2025-04-18,ph,True,False,False,False,False
5303397,2025-05-04,ph,True,False,False,False,False
5303397,2025-05-10,ph,True,False,False,False,False
5303397,2025-06-01,ph,True,False,False,False,False
5303397,2025-06-15,ph,True,False,False,False,False
5303397,2025-06-29,ph,True,False,False,False,False
5303397,2025-07-11,ph,True,False,False,False,False
5303397,2025-07-26,ph,True,False,False,False,False
5303397,2025-08-06,ph,True,False,False,False,False
5303397,2025-08-24,ph,True,False,False,False,False
5303397,2025-09-21,ph,True,False,False,False,False
5303397,2025-11-15,ph,True,False,False,False,False
5303397,2025-11-28,ph,True,False,False,False,False
5303397,2025-12-14,ph,True,False,False,False,False
5303397,2026-01-10,ph,True,False,False,False,False
5303397,2026-01-11,ph,True,False,False,False,False
5303397,2026-01-24,ph,True,False,False,False,False
5303397,2026-02-07,ph,True,False,False,False,False
5303397,2026-03-07,ph,True,False,False,False,False
5303398,2025-01-11,ph,True,False,False,False,False
5303398,2025-01-26,ph,True,False,False,False,False
5303398,2025-02-15,ph,True,False,False,False,False
5303398,2025-02-23,ph,True,False,False,False,False
5303398,2025-03-08,ph,True,False,False,False,False
5303398,2025-04-05,ph,True,False,False,False,False
5303398,2025-05-04,ph,True,False,False,False,False
5303398,2025-06-01,ph,True,False,False,False,False
5303398,2025-06-29,ph,True,False,False,False,False
5303398,2025-07-25,ph,True,False,False,False,False
5303398,2025-09-21,ph,True,False,False,False,False
5303398,2025-10-08,ph,True,False,False,False,False
5303398,2025-10-19,ph,True,False,False,False,False
5303398,2025-11-16,ph,True,False,False,False,False
5303398,2025-12-13,ph,True,False,False,False,False
5303398,2026-01-10,ph,True,False,False,False,False
5303398,2026-02-08,ph,True,False,False,False,False
5303398,2026-02-22,ph,True,False,False,False,False
5303398,2026-03-09,ph,True,False,False,False,False
5303398,2026-03-22,ph,True,False,False,False,False
5306101,2025-01-30,ph,False,False,False,False,False
5306101,2025-02-23,ph,False,False,False,False,False
5306101,2025-03-30,ph,False,False,False,False,False
5306101,2025-05-17,ph,False,False,False,False,False
5306101,2025-06-28,ph,False,False,False,False,False
5306101,2025-07-21,ph,False,False,False,False,False
5306101,2025-09-06,ph,False,False,False,False,False
5306103,2025-01-30,ph,False,False,False,False,False
5306103,2025-03-19,ph,False,False,False,False,False
5306103,2025-04-17,ph,False,False,False,False,False
5306103,2025-05-20,ph,False,False,False,False,False
5306103,2025-06-22,ph,False,False,False,False,False
5306103,2025-07-24,ph,False,False,False,False,False
5306103,2025-08-25,ph,False,False,False,False,False
5306103,2025-09-24,ph,False,False,False,False,False
5306103,2025-10-27,ph,False,False,False,False,False
5306103,2025-11-27,ph,False,False,False,False,False
5306103,2025-12-29,ph,False,False,False,False,False
5306103,2026-01-28,ph,False,False,False,False,False
5306103,2026-02-23,ph,False,False,False,False,False
5306103,2026-03-27,ph,False,False,False,False,False
241118180336,2025-03-01,conductivity,False,False,False,False,False
241118180336,2025-04-05,conductivity,False,False,False,False,False
241118180336,2025-05-03,conductivity,False,False,False,False,False
241118180336,2025-06-07,conductivity,False,False,False,False,False
241118180336,2025-10-04,conductivity,False,False,False,False,False
241118180336,2026-01-03,conductivity,False,False,False,False,False
241118180336,2026-01-31,conductivity,False,False,False,False,False
241118180336,2026-03-07,conductivity,False,False,False,False,False
241118181240,2025-03-01,conductivity,False,False,False,False,False
241118181240,2025-04-05,conductivity,False,False,False,False,False
241118181240,2025-05-03,conductivity,False,False,False,False,False
241118181240,2025-06-07,conductivity,False,False,False,False,False
241118181240,2025-10-03,conductivity,False,False,False,False,False
241118181240,2026-01-03,conductivity,False,False,False,False,False
241118181240,2026-01-31,conductivity,False,False,False,False,False
241118181240,2026-03-07,conductivity,False,False,False,False,False
241118181609,2025-03-01,conductivity,False,False,False,False,False
241118181609,2025-04-05,conductivity,False,False,False,False,False
241118181609,2025-05-03,conductivity,False,False,False,False,False
241118181609,2025-06-07,conductivity,False,False,False,False,False
241118181609,2025-07-12,conductivity,False,False,False,False,False
241118181609,2025-08-02,conductivity,False,False,False,False,False
241118181609,2025-09-13,conductivity,False,False,False,False,False
241118181609,2025-10-03,conductivity,False,False,False,False,False
241118181609,2026-01-03,conductivity,False,False,False,False,False
241118181609,2026-01-31,conductivity,False,False,False,False,False
241118181609,2026-03-07,conductivity,False,False,False,False,False
241118181741,2025-02-01,conductivity,False,False,False,False,False
241118181741,2025-03-01,conductivity,False,False,False,False,False
241118181741,2025-04-05,conductivity,False,False,False,False,False
241118181741,2025-05-03,conductivity,False,False,False,False,False
241118181741,2025-06-07,conductivity,False,False,False,False,False
241118181741,2025-10-03,conductivity,False,False,False,False,False
241118181741,2026-01-03,conductivity,False,False,False,False,False
241118181741,2026-01-31,conductivity,False,False,False,False,False
241118181741,2026-03-07,conductivity,False,False,False,False,False
241118181852,2025-03-01,conductivity,False,False,False,False,False
241118181852,2025-04-05,conductivity,False,False,False,False,False
241118181852,2025-05-03,conductivity,False,False,False,False,False
241118181852,2025-06-07,conductivity,False,False,False,False,False
241118181852,2025-10-03,conductivity,False,False,False,False,False
241118182046,2025-03-02,conductivity,False,False,False,False,False
241118182046,2025-04-06,conductivity,False,False,False,False,False
241118182046,2025-05-04,conductivity,False,False,False,False,False
241118182150,2025-03-02,conductivity,False,False,False,False,False
241118182150,2025-04-06,conductivity,False,False,False,False,False
241118182150,2025-05-04,conductivity,False,False,False,False,False
241118182150,2025-06-12,conductivity,False,False,False,False,False
241118182150,2025-07-12,conductivity,False,False,False,False,False
241118182150,2025-08-02,conductivity,False,False,False,False,False
241118182150,2025-09-13,conductivity,False,False,False,False,False
241118182150,2025-10-03,conductivity,False,False,False,False,False
241118182150,2026-01-04,conductivity,False,False,False,False,False
241118182245,2025-04-06,conductivity,False,False,False,False,False
241118182245,2025-05-04,conductivity,False,False,False,False,False
241118182245,2025-06-12,conductivity,False,False,False,False,False
241118182245,2025-10-04,conductivity,False,False,False,False,False
241118182245,2026-01-04,conductivity,False,False,False,False,False
241118182407,2025-04-06,conductivity,False,False,False,False,False
241118182407,2025-05-04,conductivity,False,False,False,False,False
241118182407,2025-06-13,conductivity,False,False,False,False,False
241118182407,2025-10-03,conductivity,False,False,False,False,False
241118182407,2026-01-04,conductivity,False,False,False,False,False
241118182520,2025-03-02,conductivity,False,False,False,False,False
241118182520,2025-04-06,conductivity,False,False,False,False,False
241118182520,2025-05-04,conductivity,False,False,False,False,False
241118182520,2025-06-12,conductivity,False,False,False,False,False
241118182520,2025-10-03,conductivity,False,False,False,False,False
241118182520,2026-01-04,conductivity,False,False,False,False,False
241118182616,2025-02-28,conductivity,False,False,False,False,False
241118182616,2025-04-04,conductivity,False,False,False,False,False
241118182616,2025-05-02,conductivity,False,False,False,False,False
241118182616,2025-06-06,conductivity,False,False,False,False,False
241118182616,2025-07-12,conductivity,False,False,False,False,False
241118182616,2025-08-02,conductivity,False,False,False,False,False
241118182616,2025-09-13,conductivity,False,False,False,False,False
241118182616,2025-10-03,conductivity,False,False,False,False,False
241118182616,2026-01-30,conductivity,False,False,False,False,False
241118183206,2025-02-28,conductivity,False,False,False,False,False
241118183206,2025-04-04,conductivity,False,False,False,False,False
241118183206,2025-05-02,conductivity,False,False,False,False,False
241118183206,2025-06-06,conductivity,False,False,False,False,False
241118183206,2025-07-12,conductivity,False,False,False,False,False
241118183206,2025-08-02,conductivity,False,False,False,False,False
241118183206,2025-09-13,conductivity,False,False,False,False,False
241118183206,2025-10-03,conductivity,False,False,False,False,False
241118183206,2025-12-05,conductivity,False,False,False,False,False
241118183206,2026-01-02,conductivity,False,False,False,False,False
241118183206,2026-01-26,conductivity,False,False,False,False,False
241118183206,2026-02-28,conductivity,False,False,False,False,False
241118183206,2026-03-06,conductivity,False,False,False,False,False
241118183308,2025-02-28,conductivity,False,False,False,False,False
241118183308,2025-04-04,conductivity,False,False,False,False,False
241118183308,2025-05-02,conductivity,False,False,False,False,False
241118183308,2025-06-06,conductivity,False,False,False,False,False
241118183308,2025-07-12,conductivity,False,False,False,False,False
241118183308,2025-08-02,conductivity,False,False,False,False,False
241118183308,2025-09-13,conductivity,False,False,False,False,False
241118183308,2025-10-03,conductivity,False,False,False,False,False
241118183308,2025-12-05,conductivity,False,False,False,False,False
241118183308,2026-01-02,conductivity,False,False,False,False,False
241118183308,2026-01-30,conductivity,False,False,False,False,False
241118183308,2026-03-06,conductivity,False,False,False,False,False
241118183404,2025-02-28,conductivity,False,False,False,False,False
241118183404,2025-04-04,conductivity,False,False,False,False,False
241118183404,2025-05-03,conductivity,False,False,False,False,False
241118183404,2025-06-06,conductivity,False,False,False,False,False
241118183404,2025-07-12,conductivity,False,False,False,False,False
241118183404,2025-08-02,conductivity,False,False,False,False,False
241118183404,2025-09-13,conductivity,False,False,False,False,False
241118183404,2025-10-03,conductivity,False,False,False,False,False
241118183404,2025-12-05,conductivity,False,False,False,False,False
241118183404,2026-01-02,conductivity,False,False,False,False,False
241118183404,2026-01-30,conductivity,False,False,False,False,False
241118183404,2026-03-06,conductivity,False,False,False,False,False
241118183501,2025-02-28,conductivity,False,False,False,False,False
241118183501,2025-04-04,conductivity,False,False,False,False,False
241118183501,2025-05-02,conductivity,False,False,False,False,False
241118183501,2025-06-06,conductivity,False,False,False,False,False
241118183501,2025-10-03,conductivity,False,False,False,False,False
241118183501,2025-12-05,conductivity,False,False,False,False,False
241118183501,2026-01-02,conductivity,False,False,False,False,False
241118183501,2026-01-30,conductivity,False,False,False,False,False
241118183501,2026-03-06,conductivity,False,False,False,False,False
241118183629,2025-02-28,conductivity,False,False,False,False,False
241118183629,2025-04-04,conductivity,False,False,False,False,False
241118183629,2025-05-02,conductivity,False,False,False,False,False
241118183629,2025-06-06,conductivity,False,False,False,False,False
241118183629,2025-10-03,conductivity,False,False,False,False,False
241118183629,2026-01-30,conductivity,False,False,False,False,False
241118183629,2026-03-06,conductivity,False,False,False,False,False
251204213047,2026-02-28,conductivity,False,False,False,False,False
251204213047,2026-03-06,conductivity,False,False,False,False,False
251221144813,2025-02-16,conductivity,False,False,False,False,False
251221144813,2025-06-16,conductivity,False,False,False,False,False
251221144813,2025-08-21,conductivity,False,False,False,False,False
251221144813,2025-11-23,conductivity,False,False,False,False,False
251221145854,2025-02-16,conductivity,False,False,False,False,False
251221145854,2025-06-16,conductivity,False,False,False,False,False
251221145854,2025-08-21,conductivity,False,False,False,False,False
251221145854,2025-11-23,conductivity,False,False,False,False,False
251221150008,2025-02-16,conductivity,False,False,False,False,False
251221150008,2025-06-16,conductivity,False,False,False,False,False
251221150232,2025-02-16,conductivity,False,False,False,False,False
251221150232,2025-06-16,conductivity,False,False,False,False,False
251221150232,2025-08-21,conductivity,False,False,False,False,False
251221150232,2025-11-23,conductivity,False,False,False,False,False
251221150343,2025-02-16,conductivity,False,False,False,False,False
251221150343,2025-06-16,conductivity,False,False,False,False,False
251221150343,2025-08-21,conductivity,False,False,False,False,False
251221150343,2025-11-23,conductivity,False,False,False,False,False
251221150501,2025-02-16,conductivity,False,False,False,False,False
251221150501,2025-06-16,conductivity,False,False,False,False,False
251221150501,2025-08-21,conductivity,False,False,False,False,False
251221150501,2025-11-23,conductivity,False,False,False,False,False
251221150928,2025-02-16,conductivity,False,False,False,False,False
251221150928,2025-06-16,conductivity,False,False,False,False,False
251221150928,2025-08-21,conductivity,False,False,False,False,False
251221150928,2025-11-23,conductivity,False,False,False,False,False
251221151218,2025-02-16,conductivity,False,False,False,False,False
251221151218,2025-06-16,conductivity,False,False,False,False,False
251221153641,2025-09-07,conductivity,False,False,False,False,False
251221153821,2025-09-07,conductivity,False,False,False,False,False
251221153909,2025-09-07,conductivity,False,False,False,False,False
251221154015,2025-09-07,conductivity,False,False,False,False,False
251221154202,2025-09-07,conductivity,False,False,False,False,False
5303305,2025-01-21,conductivity,False,False,False,False,False
5303305,2025-04-15,conductivity,False,False,False,False,False
5303305,2025-05-27,conductivity,False,False,False,False,False
5303305,2025-06-30,conductivity,False,False,False,False,False
5303305,2025-07-28,conductivity,False,False,False,False,False
5303305,2025-08-19,conductivity,False,False,False,False,False
5303305,2025-09-19,conductivity,False,False,False,False,False
5303305,2025-10-19,conductivity,False,False,False,False,False
5303305,2025-11-24,conductivity,False,False,False,False,False
5303305,2025-12-12,conductivity,False,False,False,False,False
5303305,2026-01-24,conductivity,False,False,False,False,False
5303305,2026-02-24,conductivity,False,False,False,False,False
5303306,2025-02-02,conductivity,False,False,False,False,False
5303306,2025-03-02,conductivity,False,False,False,False,False
5303306,2025-04-06,conductivity,False,False,False,False,False
5303306,2025-05-04,conductivity,False,False,False,False,False
5303306,2025-06-01,conductivity,False,False,False,False,False
5303306,2025-07-06,conductivity,False,False,False,False,False
5303306,2025-08-03,conductivity,False,False,False,False,False
5303306,2025-09-07,conductivity,False,False,False,False,False
5303306,2025-10-05,conductivity,False,False,False,False,False
5303306,2025-11-02,conductivity,False,False,False,False,False
5303306,2026-01-04,conductivity,False,False,False,False,False
5303306,2026-02-01,conductivity,False,False,False,False,False
5303306,2026-03-01,conductivity,False,False,False,False,False
5303308,2025-01-11,conductivity,False,False,False,False,False
5303308,2025-02-08,conductivity,False,False,False,False,False
5303308,2025-03-08,conductivity,False,False,False,False,False
5303308,2025-04-12,conductivity,False,False,False,False,False
5303308,2025-05-10,conductivity,False,False,False,False,False
5303308,2025-06-15,conductivity,False,False,False,False,False
5303308,2025-07-19,conductivity,False,False,False,False,False
5303308,2025-08-16,conductivity,False,False,False,False,False
5303308,2025-09-19,conductivity,False,False,False,False,False
5303308,2025-10-11,conductivity,False,False,False,False,False
5303308,2025-11-09,conductivity,False,False,False,False,False
5303309,2025-01-11,conductivity,False,False,False,False,False
5303309,2025-04-12,conductivity,False,False,False,False,False
5303309,2025-07-19,conductivity,False,False,False,False,False
5303309,2025-09-19,conductivity,False,False,False,False,False
53033100,2025-01-29,conductivity,False,False,False,False,False
53033100,2025-03-03,conductivity,False,False,False,False,False
53033100,2025-04-15,conductivity,False,False,False,False,False
53033100,2025-04-16,conductivity,False,False,False,False,False
53033100,2025-05-04,conductivity,False,False,False,False,False
53033100,2025-06-07,conductivity,False,False,False,False,False
53033100,2025-07-14,conductivity,False,False,False,False,False
53033100,2025-08-13,conductivity,False,False,False,False,False
53033100,2025-09-09,conductivity,False,False,False,False,False
53033101,2025-01-09,conductivity,False,False,False,False,False
53033101,2025-03-06,conductivity,False,False,False,False,False
53033101,2025-04-09,conductivity,False,False,False,False,False
53033101,2025-05-09,conductivity,False,False,False,False,False
53033101,2025-06-20,conductivity,False,False,False,False,False
53033101,2025-07-25,conductivity,False,False,False,False,False
53033101,2025-08-29,conductivity,False,False,False,False,False
53033101,2025-09-20,conductivity,False,False,False,False,False
53033101,2025-10-10,conductivity,False,False,False,False,False
53033101,2025-11-14,conductivity,False,False,False,False,False
53033101,2025-12-19,conductivity,False,False,False,False,False
53033101,2026-01-09,conductivity,False,False,False,False,False
53033101,2026-02-06,conductivity,False,False,False,False,False
53033101,2026-03-14,conductivity,False,False,False,False,False
53033102,2025-02-28,conductivity,False,False,False,False,False
53033102,2025-04-04,conductivity,False,False,False,False,False
53033102,2025-04-29,conductivity,False,False,False,False,False
53033102,2026-03-26,conductivity,False,False,False,False,False
53033103,2025-04-04,conductivity,False,False,False,False,False
53033103,2025-04-29,conductivity,False,False,False,False,False
53033103,2026-02-18,conductivity,False,False,False,False,False
53033103,2026-03-26,conductivity,False,False,False,False,False
53033104,2025-05-04,conductivity,False,False,False,False,False
53033104,2025-06-07,conductivity,False,False,False,False,False
53033104,2025-07-11,conductivity,False,False,False,False,False
53033104,2025-08-13,conductivity,False,False,False,False,False
53033104,2025-08-19,conductivity,False,False,False,False,False
53033104,2025-09-17,conductivity,False,False,False,False,False
53033105,2025-01-19,conductivity,False,False,False,False,False
53033105,2025-02-22,conductivity,False,False,False,False,False
53033105,2025-03-22,conductivity,False,False,False,False,False
53033105,2025-04-15,conductivity,False,False,False,False,False
53033105,2025-05-21,conductivity,False,False,False,False,False
53033105,2025-06-11,conductivity,False,False,False,False,False
53033105,2025-07-15,conductivity,False,False,False,False,False
53033105,2025-08-19,conductivity,False,False,False,False,False
53033105,2025-09-17,conductivity,False,False,False,False,False
53033105,2025-10-22,conductivity,False,False,False,False,False
53033105,2025-11-18,conductivity,False,False,False,False,False
53033105,2025-12-16,conductivity,False,False,False,False,False
53033105,2026-01-27,conductivity,False,False,False,False,False
53033105,2026-03-21,conductivity,False,False,False,False,False
5303318,2025-01-11,conductivity,False,False,False,False,False
5303318,2025-02-08,conductivity,False,False,False,False,False
5303318,2025-03-08,conductivity,False,False,False,False,False
5303318,2025-05-10,conductivity,False,False,False,False,False
5303318,2025-06-15,conductivity,False,False,False,False,False
5303318,2025-07-19,conductivity,False,False,False,False,False
5303318,2025-08-16,conductivity,False,False,False,False,False
5303318,2025-09-19,conductivity,False,False,False,False,False
5303318,2025-10-11,conductivity,False,False,False,False,False
5303318,2025-11-08,conductivity,False,False,False,False,False
5303319,2025-01-11,conductivity,False,False,False,False,False
5303319,2025-09-19,conductivity,False,False,False,False,False
5303320,2025-02-04,conductivity,False,False,False,False,False
5303320,2025-03-02,conductivity,False,False,False,False,False
5303320,2025-04-06,conductivity,False,False,False,False,False
5303320,2025-05-04,conductivity,False,False,False,False,False
5303320,2025-06-01,conductivity,False,False,False,False,False
5303320,2025-07-06,conductivity,False,False,False,False,False
5303320,2025-08-03,conductivity,False,False,False,False,False
5303320,2025-09-07,conductivity,False,False,False,False,False
5303320,2025-10-05,conductivity,False,False,False,False,False
5303320,2025-11-02,conductivity,False,False,False,False,False
5303320,2025-12-06,conductivity,False,False,False,False,False
5303320,2026-01-05,conductivity,False,False,False,False,False
5303320,2026-02-02,conductivity,False,False,False,False,False
5303320,2026-03-02,conductivity,False,False,False,False,False
5303321,2025-01-30,conductivity,False,False,False,False,False
5303321,2025-03-19,conductivity,False,False,False,False,False
5303321,2025-04-18,conductivity,False,False,False,False,False
5303321,2025-05-20,conductivity,False,False,False,False,False
5303321,2025-06-21,conductivity,False,False,False,False,False
5303321,2025-07-24,conductivity,False,False,False,False,False
5303321,2025-08-25,conductivity,False,False,False,False,False
5303321,2025-09-24,conductivity,False,False,False,False,False
5303321,2025-10-27,conductivity,False,False,False,False,False
5303321,2025-11-27,conductivity,False,False,False,False,False
5303321,2025-12-29,conductivity,False,False,False,False,False
5303321,2026-01-28,conductivity,False,False,False,False,False
5303321,2026-02-23,conductivity,False,False,False,False,False
5303321,2026-03-27,conductivity,False,False,False,False,False
5303322,2026-01-17,conductivity,False,False,False,False,False
5303322,2026-02-22,conductivity,False,False,False,False,False
5303335,2025-01-26,conductivity,False,False,False,False,False
5303335,2025-03-09,conductivity,False,False,False,False,False
5303335,2025-04-12,conductivity,False,False,False,False,False
5303360,2025-01-23,conductivity,False,False,False,False,False
5303360,2025-02-27,conductivity,False,False,False,False,False
5303360,2025-03-20,conductivity,False,False,False,False,False
5303360,2025-04-26,conductivity,False,False,False,False,False
5303360,2025-05-19,conductivity,False,False,False,False,False
5303360,2025-07-29,conductivity,False,False,False,False,False
5303360,2025-08-14,conductivity,False,False,False,False,False
5303360,2025-09-30,conductivity,False,False,False,False,False
5303360,2025-10-14,conductivity,False,False,False,False,False
5303360,2025-11-24,conductivity,False,False,False,False,False
5303360,2026-01-20,conductivity,False,False,False,False,False
5303361,2025-01-23,conductivity,False,False,False,False,False
5303361,2025-02-27,conductivity,False,False,False,False,False
5303361,2025-03-20,conductivity,False,False,False,False,False
5303361,2025-04-26,conductivity,False,False,False,False,False
5303361,2025-05-19,conductivity,False,False,False,False,False
5303361,2025-07-29,conductivity,False,False,False,False,False
5303361,2025-08-14,conductivity,False,False,False,False,False
5303361,2025-09-30,conductivity,False,False,False,False,False
5303361,2025-10-14,conductivity,False,False,False,False,False
5303361,2025-11-24,conductivity,False,False,False,False,False
5303361,2026-01-20,conductivity,False,False,False,False,False
5303371,2025-01-15,conductivity,False,False,False,False,False
5303371,2025-02-28,conductivity,False,False,False,False,False
5303371,2025-03-17,conductivity,False,False,False,False,False
5303371,2025-04-17,conductivity,False,False,False,False,False
5303371,2025-04-28,conductivity,False,False,False,False,False
5303371,2025-05-15,conductivity,False,False,False,False,False
5303371,2025-06-23,conductivity,False,False,False,False,False
5303371,2025-07-21,conductivity,False,False,False,False,False
5303371,2025-08-29,conductivity,False,False,False,False,False
5303371,2025-10-13,conductivity,False,False,False,False,False
5303371,2026-02-05,conductivity,False,False,False,False,False
5303383,2025-01-23,conductivity,False,False,False,False,False
5303383,2025-02-27,conductivity,False,False,False,False,False
5303383,2025-03-20,conductivity,False,False,False,False,False
5303383,2025-04-26,conductivity,False,False,False,False,False
5303383,2025-05-19,conductivity,False,False,False,False,False
5303383,2025-07-29,conductivity,False,False,False,False,False
5303383,2025-08-14,conductivity,False,False,False,False,False
5303383,2025-09-30,conductivity,False,False,False,False,False
5303383,2025-10-14,conductivity,False,False,False,False,False
5303383,2025-11-24,conductivity,False,False,False,False,False
5303383,2026-01-20,conductivity,False,False,False,False,False
5303384,2025-01-24,conductivity,False,False,False,False,False
5303384,2025-02-27,conductivity,False,False,False,False,False
5303384,2025-03-20,conductivity,False,False,False,False,False
5303384,2025-04-26,conductivity,False,False,False,False,False
5303384,2025-05-19,conductivity,False,False,False,False,False
5303384,2025-07-29,conductivity,False,False,False,False,False
5303384,2025-08-14,conductivity,False,False,False,False,False
5303384,2025-09-30,conductivity,False,False,False,False,False
5303384,2025-10-14,conductivity,False,False,False,False,False
5303384,2025-11-24,conductivity,False,False,False,False,False
5303384,2026-01-20,conductivity,False,False,False,False,False
5303386,2025-01-30,conductivity,False,False,False,False,False
5303386,2025-03-09,conductivity,False,False,False,False,False
5303386,2025-04-16,conductivity,False,False,False,False,False
5303386,2025-05-06,conductivity,False,False,False,False,False
5303387,2025-06-03,conductivity,True,False,False,False,False
5303387,2025-06-25,conductivity,True,False,False,False,False
5303387,2025-07-30,conductivity,True,False,False,False,False
5303391,2025-01-04,conductivity,True,False,False,False,False
5303391,2025-02-08,conductivity,True,False,False,False,False
5303391,2025-03-01,conductivity,True,False,False,False,False
5303391,2025-03-29,conductivity,True,False,False,False,False
5303391,2025-04-24,conductivity,True,False,False,False,False
5303391,2025-05-24,conductivity,True,False,False,False,False
5303391,2025-06-07,conductivity,True,False,False,False,False
5303391,2025-06-20,conductivity,True,False,False,False,False
5303391,2025-07-18,conductivity,True,False,False,False,False
5303391,2025-08-03,conductivity,True,False,False,False,False
5303391,2025-08-12,conductivity,True,False,False,False,False
5303391,2025-08-27,conductivity,True,False,False,False,False
5303391,2025-09-11,conductivity,True,False,False,False,False
5303391,2025-10-04,conductivity,True,False,False,False,False
5303391,2025-10-12,conductivity,True,False,False,False,False
5303391,2025-11-08,conductivity,True,False,False,False,False
5303391,2025-12-04,conductivity,True,False,False,False,False
5303391,2026-01-04,conductivity,True,False,False,False,False
5303391,2026-01-29,conductivity,True,False,False,False,False
5303391,2026-02-26,conductivity,True,False,False,False,False
5303391,2026-03-14,conductivity,True,False,False,False,False
5303391,2026-03-29,conductivity,True,False,False,False,False
5303392,2025-01-01,conductivity,True,False,False,False,False
5303392,2025-02-02,conductivity,True,False,False,False,False
5303392,2025-02-13,conductivity,True,False,False,False,False
5303392,2025-03-13,conductivity,True,False,False,False,False
5303392,2025-03-29,conductivity,True,False,False,False,False
5303392,2025-04-11,conductivity,True,False,False,False,False
5303392,2025-05-09,conductivity,True,False,False,False,False
5303392,2025-05-29,conductivity,True,False,False,False,False
5303392,2025-06-06,conductivity,True,False,False,False,False
5303392,2025-06-23,conductivity,True,False,False,False,False
5303392,2025-07-03,conductivity,True,False,False,False,False
5303392,2025-07-17,conductivity,True,False,False,False,False
5303392,2025-08-02,conductivity,True,False,False,False,False
5303392,2025-08-17,conductivity,True,False,False,False,False
5303392,2025-08-30,conductivity,True,False,False,False,False
5303392,2025-09-24,conductivity,True,False,False,False,False
5303392,2025-10-23,conductivity,True,False,False,False,False
5303392,2025-11-21,conductivity,True,False,False,False,False
5303392,2026-01-04,conductivity,True,False,False,False,False
5303392,2026-01-16,conductivity,True,False,False,False,False
5303392,2026-02-06,conductivity,True,False,False,False,False
5303392,2026-02-14,conductivity,True,False,False,False,False
5303392,2026-03-11,conductivity,True,False,False,False,False
5303392,2026-04-11,conductivity,True,False,False,False,False
5303393,2025-01-17,conductivity,True,False,False,False,False
5303393,2025-01-19,conductivity,True,False,False,False,False
5303393,2025-02-13,conductivity,True,False,False,False,False
5303393,2025-03-13,conductivity,True,False,False,False,False
5303393,2025-04-11,conductivity,True,False,False,False,False
5303393,2025-05-11,conductivity,True,False,False,False,False
5303393,2025-05-22,conductivity,True,False,False,False,False
5303393,2025-06-07,conductivity,True,False,False,False,False
5303393,2025-07-04,conductivity,True,False,False,False,False
5303393,2025-08-02,conductivity,True,False,False,False,False
5303393,2025-11-23,conductivity,True,False,False,False,False
5303393,2026-01-17,conductivity,True,False,False,False,False
5303393,2026-04-10,conductivity,True,False,False,False,False
5303394,2025-03-26,conductivity,True,False,False,False,False
5303394,2025-04-24,conductivity,True,False,False,False,False
5303394,2025-05-24,conductivity,True,False,False,False,False
5303394,2025-06-13,conductivity,True,False,False,False,False
5303394,2025-06-21,conductivity,True,False,False,False,False
5303394,2025-07-08,conductivity,True,False,False,False,False
5303394,2025-07-18,conductivity,True,False,False,False,False
5303394,2025-08-10,conductivity,True,False,False,False,False
5303394,2025-08-29,conductivity,True,False,False,False,False
5303394,2025-09-02,conductivity,True,False,False,False,False
5303394,2025-09-14,conductivity,True,False,False,False,False
5303394,2025-10-03,conductivity,True,False,False,False,False
5303394,2025-10-12,conductivity,True,False,False,False,False
5303394,2025-11-28,conductivity,True,False,False,False,False
5303394,2025-12-07,conductivity,True,False,False,False,False
5303394,2025-12-27,conductivity,True,False,False,False,False
5303394,2026-01-04,conductivity,True,False,False,False,False
5303394,2026-01-17,conductivity,True,False,False,False,False
5303394,2026-02-11,conductivity,True,False,False,False,False
5303394,2026-03-02,conductivity,True,False,False,False,False
5303394,2026-03-14,conductivity,True,False,False,False,False
5303394,2026-03-28,conductivity,True,False,False,False,False
5303395,2025-02-20,conductivity,True,False,False,False,False
5303395,2025-03-20,conductivity,True,False,False,False,False
5303395,2025-04-18,conductivity,True,False,False,False,False
5303395,2025-05-31,conductivity,True,False,False,False,False
5303395,2025-06-14,conductivity,True,False,False,False,False
5303395,2025-06-29,conductivity,True,False,False,False,False
5303395,2025-07-11,conductivity,True,False,False,False,False
5303395,2025-08-13,conductivity,True,False,False,False,False
5303395,2025-08-24,conductivity,True,False,False,False,False
5303395,2025-09-04,conductivity,True,False,False,False,False
5303395,2025-09-16,conductivity,True,False,False,False,False
5303395,2025-09-21,conductivity,True,False,False,False,False
5303395,2025-10-03,conductivity,True,False,False,False,False
5303395,2025-11-26,conductivity,True,False,False,False,False
5303395,2025-12-14,conductivity,True,False,False,False,False
5303395,2025-12-27,conductivity,True,False,False,False,False
5303395,2026-02-07,conductivity,True,False,False,False,False
5303395,2026-02-22,conductivity,True,False,False,False,False
5303395,2026-03-07,conductivity,True,False,False,False,False
5303396,2025-02-08,conductivity,True,False,False,False,False
5303396,2025-04-19,conductivity,True,False,False,False,False
5303396,2025-05-13,conductivity,True,False,False,False,False
5303396,2025-06-07,conductivity,True,False,False,False,False
5303396,2025-07-13,conductivity,True,False,False,False,False
5303396,2025-08-13,conductivity,True,False,False,False,False
5303396,2025-10-30,conductivity,True,False,False,False,False
5303396,2025-11-30,conductivity,True,False,False,False,False
5303396,2025-12-31,conductivity,True,False,False,False,False
5303396,2026-01-26,conductivity,True,False,False,False,False
5303396,2026-02-06,conductivity,True,False,False,False,False
5303396,2026-03-01,conductivity,True,False,False,False,False
5303396,2026-03-22,conductivity,True,False,False,False,False
5303397,2025-01-23,conductivity,True,False,False,False,False
5303397,2025-02-09,conductivity,True,False,False,False,False
5303397,2025-02-20,conductivity,True,False,False,False,False
5303397,2025-03-09,conductivity,True,False,False,False,False
5303397,2025-03-18,conductivity,True,False,False,False,False
5303397,2025-04-06,conductivity,True,False,False,False,False
5303397,2025-04-18,conductivity,True,False,False,False,False
5303397,2025-05-04,conductivity,True,False,False,False,False
5303397,2025-05-10,conductivity,True,False,False,False,False
5303397,2025-06-01,conductivity,True,False,False,False,False
5303397,2025-06-15,conductivity,True,False,False,False,False
5303397,2025-06-29,conductivity,True,False,False,False,False
5303397,2025-07-11,conductivity,True,False,False,False,False
5303397,2025-07-26,conductivity,True,False,False,False,False
5303397,2025-08-06,conductivity,True,False,False,False,False
5303397,2025-08-24,conductivity,True,False,False,False,False
5303397,2025-09-21,conductivity,True,False,False,False,False
5303397,2025-11-15,conductivity,True,False,False,False,False
5303397,2025-11-28,conductivity,True,False,False,False,False
5303397,2025-12-14,conductivity,True,False,False,False,False
5303397,2026-01-10,conductivity,True,False,False,False,False
5303397,2026-01-11,conductivity,True,False,False,False,False
5303397,2026-01-24,conductivity,True,False,False,False,False
5303397,2026-02-07,conductivity,True,False,False,False,False
5303397,2026-03-07,conductivity,True,False,False,False,False
5306101,2025-01-30,conductivity,False,False,False,False,False
5306101,2025-02-23,conductivity,False,False,False,False,False
5306101,2025-03-30,conductivity,False,False,False,False,False
5306101,2025-05-17,conductivity,False,False,False,False,False
5306101,2025-06-28,conductivity,False,False,False,False,False
5306101,2025-07-21,conductivity,False,False,False,False,False
5306101,2025-09-06,conductivity,False,False,False,False,False
5306103,2025-01-30,conductivity,False,False,False,False,False
5306103,2025-03-19,conductivity,False,False,False,False,False
5306103,2025-04-17,conductivity,False,False,False,False,False
5306103,2025-05-20,conductivity,False,False,False,False,False
5306103,2025-06-22,conductivity,False,False,False,False,False
5306103,2025-07-24,conductivity,False,False,False,False,False
5306103,2025-08-25,conductivity,False,False,False,False,False
5306103,2025-09-24,conductivity,False,False,False,False,False
5306103,2025-10-27,conductivity,False,False,False,False,False
5306103,2025-11-27,conductivity,False,False,False,False,False
5306103,2025-12-29,conductivity,False,False,False,False,False
5306103,2026-01-28,conductivity,False,False,False,False,False
5306103,2026-02-23,conductivity,False,False,False,False,False
5306103,2026-03-27,conductivity,False,False,False,False,False
241118180336,2025-03-01,nitrate,False,False,False,False,False
241118180336,2025-04-05,nitrate,False,False,False,False,False
241118180336,2025-05-03,nitrate,False,False,False,False,False
241118180336,2025-06-07,nitrate,False,False,False,False,False
241118180336,2025-10-04,nitrate,False,False,False,False,False
241118180336,2026-01-03,nitrate,False,False,False,False,False
241118180336,2026-01-31,nitrate,False,False,False,False,False
241118180336,2026-03-07,nitrate,False,False,False,False,False
241118181240,2025-03-01,nitrate,False,False,False,False,False
241118181240,2025-04-05,nitrate,False,False,False,False,False
241118181240,2025-05-03,nitrate,False,False,False,False,False
241118181240,2025-06-07,nitrate,False,False,False,False,False
241118181240,2025-10-03,nitrate,False,False,False,False,False
241118181240,2026-01-03,nitrate,False,False,False,False,False
241118181240,2026-01-31,nitrate,False,False,False,False,False
241118181240,2026-03-07,nitrate,False,False,False,False,False
241118181609,2025-03-01,nitrate,False,False,False,False,False
241118181609,2025-04-05,nitrate,False,False,False,False,False
241118181609,2025-05-03,nitrate,False,False,False,False,False
241118181609,2025-06-07,nitrate,False,False,False,False,False
241118181609,2025-07-12,nitrate,False,False,False,False,False
241118181609,2025-08-02,nitrate,False,False,False,False,False
241118181609,2025-09-13,nitrate,False,False,False,False,False
241118181609,2025-10-03,nitrate,False,False,False,False,False
241118181609,2026-01-03,nitrate,False,False,False,False,False
241118181609,2026-01-31,nitrate,False,False,False,False,False
241118181609,2026-03-07,nitrate,False,False,False,False,False
241118181741,2025-02-01,nitrate,False,False,False,False,False
241118181741,2025-03-01,nitrate,False,False,False,False,False
241118181741,2025-04-05,nitrate,False,False,False,False,False
241118181741,2025-05-03,nitrate,False,False,False,False,False
241118181741,2025-06-07,nitrate,False,False,False,False,False
241118181741,2025-10-03,nitrate,False,False,False,False,False
241118181741,2026-01-03,nitrate,False,False,False,False,False
241118181741,2026-01-31,nitrate,False,False,False,False,False
241118181741,2026-03-07,nitrate,False,False,False,False,False
241118181852,2025-03-01,nitrate,False,False,False,False,False
241118181852,2025-04-05,nitrate,False,False,False,False,False
241118181852,2025-05-03,nitrate,False,False,False,False,False
241118181852,2025-06-07,nitrate,False,False,False,False,False
241118181852,2025-10-03,nitrate,False,False,False,False,False
241118182046,2025-03-02,nitrate,False,False,False,False,False
241118182046,2025-04-06,nitrate,False,False,False,False,False
241118182046,2025-05-04,nitrate,False,False,False,False,False
241118182150,2025-03-02,nitrate,False,False,False,False,False
241118182150,2025-04-06,nitrate,False,False,False,False,False
241118182150,2025-05-04,nitrate,False,False,False,False,False
241118182150,2025-06-12,nitrate,False,False,False,False,False
241118182150,2025-07-12,nitrate,False,False,False,False,False
241118182150,2025-08-02,nitrate,False,False,False,False,False
241118182150,2025-09-13,nitrate,False,False,False,False,False
241118182150,2025-10-03,nitrate,False,False,False,False,False
241118182150,2026-01-04,nitrate,False,False,False,False,False
241118182245,2025-03-02,nitrate,False,False,False,False,False
241118182245,2025-04-06,nitrate,False,False,False,False,False
241118182245,2025-05-04,nitrate,False,False,False,False,False
241118182245,2025-06-12,nitrate,False,False,False,False,False
241118182245,2025-10-04,nitrate,False,False,False,False,False
241118182245,2026-01-04,nitrate,False,False,False,False,False
241118182245,2026-02-19,nitrate,False,False,False,False,False
241118182407,2025-03-02,nitrate,False,False,False,False,False
241118182407,2025-04-06,nitrate,False,False,False,False,False
241118182407,2025-05-04,nitrate,False,False,False,False,False
241118182407,2025-06-13,nitrate,False,False,False,False,False
241118182407,2025-10-03,nitrate,False,False,False,False,False
241118182407,2026-01-04,nitrate,False,False,False,False,False
241118182407,2026-02-19,nitrate,False,False,False,False,False
241118182520,2025-03-02,nitrate,False,False,False,False,False
241118182520,2025-04-06,nitrate,False,False,False,False,False
241118182520,2025-05-04,nitrate,False,False,False,False,False
241118182520,2025-06-12,nitrate,False,False,False,False,False
241118182520,2025-10-03,nitrate,False,False,False,False,False
241118182520,2026-01-04,nitrate,False,False,False,False,False
241118182520,2026-02-19,nitrate,False,False,False,False,False
241118182616,2025-02-28,nitrate,False,False,False,False,False
241118182616,2025-04-04,nitrate,False,False,False,False,False
241118182616,2025-05-02,nitrate,False,False,False,False,False
241118182616,2025-06-06,nitrate,False,False,False,False,False
241118182616,2025-07-12,nitrate,False,False,False,False,False
241118182616,2025-08-02,nitrate,False,False,False,False,False
241118182616,2025-10-03,nitrate,False,False,False,False,False
241118182616,2026-01-30,nitrate,False,False,False,False,False
241118182616,2026-03-06,nitrate,False,False,False,False,False
241118183206,2025-02-28,nitrate,False,False,False,False,False
241118183206,2025-04-04,nitrate,False,False,False,False,False
241118183206,2025-05-02,nitrate,False,False,False,False,False
241118183206,2025-06-06,nitrate,False,False,False,False,False
241118183206,2025-07-12,nitrate,False,False,False,False,False
241118183206,2025-08-02,nitrate,False,False,False,False,False
241118183206,2025-10-03,nitrate,False,False,False,False,False
241118183206,2025-12-05,nitrate,False,False,False,False,False
241118183206,2026-01-02,nitrate,False,False,False,False,False
241118183206,2026-01-26,nitrate,False,False,False,False,False
241118183206,2026-03-06,nitrate,False,False,False,False,False
241118183308,2025-02-28,nitrate,False,False,False,False,False
241118183308,2025-04-04,nitrate,False,False,False,False,False
241118183308,2025-05-02,nitrate,False,False,False,False,False
241118183308,2025-06-06,nitrate,False,False,False,False,False
241118183308,2025-07-12,nitrate,False,False,False,False,False
241118183308,2025-08-02,nitrate,False,False,False,False,False
241118183308,2025-10-03,nitrate,False,False,False,False,False
241118183308,2025-12-05,nitrate,False,False,False,False,False
241118183308,2026-01-02,nitrate,False,False,False,False,False
241118183308,2026-03-06,nitrate,False,False,False,False,False
241118183404,2025-02-28,nitrate,False,False,False,False,False
241118183404,2025-04-04,nitrate,False,False,False,False,False
241118183404,2025-05-03,nitrate,False,False,False,False,False
241118183404,2025-06-06,nitrate,False,False,False,False,False
241118183404,2025-07-12,nitrate,False,False,False,False,False
241118183404,2025-08-02,nitrate,False,False,False,False,False
241118183404,2025-10-03,nitrate,False,False,False,False,False
241118183404,2025-12-05,nitrate,False,False,False,False,False
241118183404,2026-01-02,nitrate,False,False,False,False,False
241118183404,2026-03-06,nitrate,False,False,False,False,False
241118183501,2025-02-28,nitrate,False,False,False,False,False
241118183501,2025-04-04,nitrate,False,False,False,False,False
241118183501,2025-05-02,nitrate,False,False,False,False,False
241118183501,2025-06-06,nitrate,False,False,False,False,False
241118183501,2025-10-03,nitrate,False,False,False,False,False
241118183501,2025-12-05,nitrate,False,False,False,False,False
241118183501,2026-01-02,nitrate,False,False,False,False,False
241118183501,2026-01-30,nitrate,False,False,False,False,False
241118183501,2026-03-06,nitrate,False,False,False,False,False
241118183629,2025-02-28,nitrate,False,False,False,False,False
241118183629,2025-04-04,nitrate,False,False,False,False,False
241118183629,2025-05-02,nitrate,False,False,False,False,False
241118183629,2025-06-06,nitrate,False,False,False,False,False
241118183629,2025-10-03,nitrate,False,False,False,False,False
241118183629,2026-01-30,nitrate,False,False,False,False,False
241118183629,2026-03-06,nitrate,False,False,False,False,False
251204213047,2026-03-06,nitrate,False,False,False,False,False
5303308,2025-02-08,nitrate,False,False,False,False,False
5303308,2025-03-08,nitrate,False,False,False,False,False
5303308,2025-04-12,nitrate,False,False,False,False,False
5303308,2025-05-10,nitrate,False,False,False,False,False
5303308,2025-06-15,nitrate,False,False,False,False,False
5303308,2025-07-19,nitrate,False,False,False,False,False
5303308,2025-08-16,nitrate,False,False,False,False,False
5303308,2025-09-19,nitrate,False,False,False,False,False
5303308,2025-10-11,nitrate,False,False,False,False,False
5303308,2025-11-09,nitrate,False,False,False,False,False
5303309,2025-07-19,nitrate,False,False,False,False,False
5303309,2025-09-19,nitrate,False,False,False,False,False
5303318,2025-02-08,nitrate,False,False,False,False,False
5303318,2025-03-08,nitrate,False,False,False,False,False
5303318,2025-04-12,nitrate,False,False,False,False,False
5303318,2025-05-10,nitrate,False,False,False,False,False
5303318,2025-06-15,nitrate,False,False,False,False,False
5303318,2025-07-19,nitrate,False,False,False,False,False
5303318,2025-08-16,nitrate,False,False,False,False,False
5303318,2025-09-19,nitrate,False,False,False,False,False
5303318,2025-10-11,nitrate,False,False,False,False,False
5303318,2025-11-08,nitrate,False,False,False,False,False
5303319,2025-07-19,nitrate,False,False,False,False,False
5303319,2025-09-19,nitrate,False,False,False,False,False
5303346,2025-01-02,nitrate,False,False,False,False,False
5303346,2025-01-21,nitrate,False,False,False,False,False
5303346,2025-02-02,nitrate,False,False,False,False,False
5303346,2025-02-18,nitrate,False,False,False,False,False
5303346,2025-03-02,nitrate,False,False,False,False,False
5303346,2025-03-25,nitrate,False,False,False,False,False
5303346,2025-05-05,nitrate,False,False,False,False,False
5303346,2025-05-14,nitrate,False,False,False,False,False
5303346,2025-05-20,nitrate,False,False,False,False,False
5303346,2025-08-03,nitrate,False,False,False,False,False
5303346,2025-08-27,nitrate,False,False,False,False,False
5303346,2025-10-25,nitrate,False,False,False,False,False
5303346,2025-11-19,nitrate,False,False,False,False,False
5303346,2026-01-04,nitrate,False,False,False,False,False
5303371,2025-01-15,nitrate,False,False,False,False,False
5303371,2025-02-28,nitrate,False,False,False,False,False
5303371,2025-03-17,nitrate,False,False,False,False,False
5303371,2025-04-17,nitrate,False,False,False,False,False
5303371,2025-04-28,nitrate,False,False,False,False,False
5303371,2025-05-15,nitrate,False,False,False,False,False
5303371,2025-06-23,nitrate,False,False,False,False,False
5303371,2025-07-21,nitrate,False,False,False,False,False
5303371,2025-08-29,nitrate,False,False,False,False,False
5303371,2025-10-13,nitrate,False,False,False,False,False
5303371,2026-02-05,nitrate,False,False,False,False,False
5306101,2025-01-30,nitrate,False,False,False,False,False
5306101,2025-02-23,nitrate,False,False,False,False,False
5306101,2025-03-30,nitrate,False,False,False,False,False
5306101,2025-05-17,nitrate,False,False,False,False,False
5306101,2025-06-28,nitrate,False,False,False,False,False
5306101,2025-07-21,nitrate,False,False,False,False,False
5306101,2025-09-06,nitrate,False,False,False,False,False
241118180336,2025-03-01,turbidity_reported,False,False,False,False,False
241118180336,2025-04-05,turbidity_reported,False,False,False,False,False
241118180336,2025-05-03,turbidity_reported,False,False,False,False,False
241118180336,2025-06-07,turbidity_reported,False,False,False,False,False
241118180336,2025-10-04,turbidity_reported,False,False,False,False,False
241118180336,2026-01-03,turbidity_reported,False,False,False,False,False
241118180336,2026-01-31,turbidity_reported,False,False,False,False,False
241118180336,2026-03-07,turbidity_reported,False,False,False,True,False
241118181240,2025-03-01,turbidity_reported,False,False,False,False,False
241118181240,2025-04-05,turbidity_reported,False,False,False,False,False
241118181240,2025-05-03,turbidity_reported,False,False,False,False,False
241118181240,2025-06-07,turbidity_reported,False,False,False,False,False
241118181240,2025-10-03,turbidity_reported,False,False,False,False,False
241118181240,2026-01-03,turbidity_reported,False,False,False,False,False
241118181240,2026-01-31,turbidity_reported,False,False,False,False,False
241118181240,2026-03-07,turbidity_reported,False,False,False,True,False
241118181609,2025-03-01,turbidity_reported,False,False,False,False,False
241118181609,2025-04-05,turbidity_reported,False,False,False,False,False
241118181609,2025-05-03,turbidity_reported,False,False,False,False,False
241118181609,2025-07-12,turbidity_reported,False,False,False,False,False
241118181609,2025-08-02,turbidity_reported,False,False,False,False,False
241118181609,2025-09-13,turbidity_reported,False,False,False,False,False
241118181609,2025-10-03,turbidity_reported,False,False,False,False,False
241118181609,2026-01-03,turbidity_reported,False,False,False,False,False
241118181609,2026-01-31,turbidity_reported,False,False,False,False,False
241118181609,2026-03-07,turbidity_reported,False,False,False,True,False
241118181741,2025-02-01,turbidity_reported,False,False,False,False,False
241118181741,2025-03-01,turbidity_reported,False,False,False,False,False
241118181741,2025-04-05,turbidity_reported,False,False,False,False,False
241118181741,2025-05-03,turbidity_reported,False,False,False,False,False
241118181741,2025-06-07,turbidity_reported,False,False,False,False,False
241118181741,2025-10-03,turbidity_reported,False,False,False,False,False
241118181741,2026-01-03,turbidity_reported,False,False,False,False,False
241118181741,2026-01-31,turbidity_reported,False,False,False,False,False
241118181741,2026-03-07,turbidity_reported,False,False,False,True,False
241118181852,2025-03-01,turbidity_reported,False,False,False,False,False
241118181852,2025-04-05,turbidity_reported,False,False,False,False,False
241118181852,2025-05-03,turbidity_reported,False,False,False,False,False
241118181852,2025-06-07,turbidity_reported,False,False,False,False,False
241118181852,2025-10-03,turbidity_reported,False,False,False,False,False
241118182046,2025-03-02,turbidity_reported,False,False,False,False,False
241118182046,2025-04-06,turbidity_reported,False,False,False,False,False
241118182046,2025-05-04,turbidity_reported,False,False,False,False,False
241118182150,2025-03-02,turbidity_reported,False,False,False,False,False
241118182150,2025-04-06,turbidity_reported,False,False,False,False,False
241118182150,2025-05-04,turbidity_reported,False,False,False,False,False
241118182150,2025-06-12,turbidity_reported,False,False,False,False,False
241118182150,2025-07-12,turbidity_reported,False,False,False,False,False
241118182150,2025-08-02,turbidity_reported,False,False,False,False,False
241118182150,2025-09-13,turbidity_reported,False,False,False,False,False
241118182150,2025-10-03,turbidity_reported,False,False,False,False,False
241118182150,2026-01-04,turbidity_reported,False,False,False,False,False
241118182245,2025-03-02,turbidity_reported,False,False,False,False,False
241118182245,2025-04-06,turbidity_reported,False,False,False,False,False
241118182245,2025-05-04,turbidity_reported,False,False,False,False,False
241118182245,2026-01-04,turbidity_reported,False,False,False,False,False
241118182245,2026-02-19,turbidity_reported,False,False,False,False,False
241118182407,2025-03-02,turbidity_reported,False,False,False,False,False
241118182407,2025-04-06,turbidity_reported,False,False,False,False,False
241118182407,2025-05-04,turbidity_reported,False,False,False,False,False
241118182407,2025-06-13,turbidity_reported,False,False,False,False,False
241118182407,2025-10-03,turbidity_reported,False,False,False,False,False
241118182407,2026-01-04,turbidity_reported,False,False,False,False,False
241118182407,2026-02-19,turbidity_reported,False,False,False,False,False
241118182520,2025-03-02,turbidity_reported,False,False,False,False,False
241118182520,2025-04-06,turbidity_reported,False,False,False,False,False
241118182520,2025-05-04,turbidity_reported,False,False,False,False,False
241118182520,2025-06-12,turbidity_reported,False,False,False,False,False
241118182520,2025-10-03,turbidity_reported,False,False,False,False,False
241118182520,2026-01-04,turbidity_reported,False,False,False,False,False
241118182520,2026-02-19,turbidity_reported,False,False,False,False,False
241118182616,2025-02-28,turbidity_reported,False,False,False,False,False
241118182616,2025-04-04,turbidity_reported,False,False,False,False,False
241118182616,2025-05-02,turbidity_reported,False,False,False,False,False
241118182616,2025-06-06,turbidity_reported,False,False,False,False,False
241118182616,2025-07-12,turbidity_reported,False,False,False,False,False
241118182616,2025-08-02,turbidity_reported,False,False,False,False,False
241118182616,2025-09-13,turbidity_reported,False,False,False,False,False
241118182616,2025-10-03,turbidity_reported,False,False,False,False,False
241118182616,2026-01-30,turbidity_reported,False,False,False,False,False
241118182616,2026-03-06,turbidity_reported,False,False,False,True,False
241118183206,2025-02-28,turbidity_reported,False,False,False,False,False
241118183206,2025-04-04,turbidity_reported,False,False,False,False,False
241118183206,2025-05-02,turbidity_reported,False,False,False,False,False
241118183206,2025-06-06,turbidity_reported,False,False,False,False,False
241118183206,2025-07-12,turbidity_reported,False,False,False,False,False
241118183206,2025-08-02,turbidity_reported,False,False,False,False,False
241118183206,2025-09-13,turbidity_reported,False,False,False,False,False
241118183206,2025-10-03,turbidity_reported,False,False,False,False,False
241118183206,2025-12-05,turbidity_reported,False,False,False,False,False
241118183206,2026-01-02,turbidity_reported,False,False,False,False,False
241118183206,2026-01-26,turbidity_reported,False,False,False,False,False
241118183206,2026-02-28,turbidity_reported,False,False,False,False,False
241118183206,2026-03-06,turbidity_reported,False,False,False,True,False
241118183308,2025-02-28,turbidity_reported,False,False,False,False,False
241118183308,2025-04-04,turbidity_reported,False,False,False,False,False
241118183308,2025-05-02,turbidity_reported,False,False,False,False,False
241118183308,2025-06-06,turbidity_reported,False,False,False,False,False
241118183308,2025-07-12,turbidity_reported,False,False,False,False,False
241118183308,2025-08-02,turbidity_reported,False,False,False,False,False
241118183308,2025-09-13,turbidity_reported,False,False,False,False,False
241118183308,2025-10-03,turbidity_reported,False,False,False,False,False
241118183308,2025-12-05,turbidity_reported,False,False,False,True,False
241118183308,2026-01-02,turbidity_reported,False,False,False,False,False
241118183308,2026-01-30,turbidity_reported,False,False,False,False,False
241118183308,2026-03-06,turbidity_reported,False,False,False,True,False
241118183404,2025-02-28,turbidity_reported,False,False,False,False,False
241118183404,2025-04-04,turbidity_reported,False,False,False,False,False
241118183404,2025-05-03,turbidity_reported,False,False,False,False,False
241118183404,2025-06-06,turbidity_reported,False,False,False,False,False
241118183404,2025-07-12,turbidity_reported,False,False,False,False,False
241118183404,2025-08-02,turbidity_reported,False,False,False,False,False
241118183404,2025-09-13,turbidity_reported,False,False,False,False,False
241118183404,2025-10-03,turbidity_reported,False,False,False,False,False
241118183404,2025-12-05,turbidity_reported,False,False,False,False,False
241118183404,2026-01-02,turbidity_reported,False,False,False,False,False
241118183404,2026-01-30,turbidity_reported,False,False,False,False,False
241118183404,2026-03-06,turbidity_reported,False,False,False,True,False
241118183501,2025-02-28,turbidity_reported,False,False,False,False,False
241118183501,2025-04-04,turbidity_reported,False,False,False,False,False
241118183501,2025-05-02,turbidity_reported,False,False,False,False,False
241118183501,2025-06-06,turbidity_reported,False,False,False,False,False
241118183501,2025-10-03,turbidity_reported,False,False,False,False,False
241118183501,2025-12-05,turbidity_reported,False,False,False,False,False
241118183501,2026-01-02,turbidity_reported,False,False,False,False,False
241118183501,2026-01-30,turbidity_reported,False,False,False,False,False
241118183501,2026-03-06,turbidity_reported,False,False,False,True,False
241118183629,2025-02-28,turbidity_reported,False,False,False,False,False
241118183629,2025-04-04,turbidity_reported,False,False,False,False,False
241118183629,2025-05-02,turbidity_reported,False,False,False,False,False
241118183629,2025-06-06,turbidity_reported,False,False,False,False,False
241118183629,2025-10-03,turbidity_reported,False,False,False,False,False
241118183629,2026-01-30,turbidity_reported,False,False,False,False,False
241118183629,2026-03-06,turbidity_reported,False,False,False,True,False
251204213047,2026-02-28,turbidity_reported,False,False,False,False,False
251204213047,2026-03-06,turbidity_reported,False,False,False,True,False
251221144813,2025-02-16,turbidity_reported,False,False,False,True,False
251221144813,2025-06-16,turbidity_reported,False,False,False,True,False
251221144813,2025-08-21,turbidity_reported,False,False,False,True,False
251221144813,2025-11-23,turbidity_reported,False,False,False,True,False
251221145854,2025-02-16,turbidity_reported,False,False,False,True,False
251221145854,2025-06-16,turbidity_reported,False,False,False,True,False
251221145854,2025-08-21,turbidity_reported,False,False,False,True,False
251221145854,2025-11-23,turbidity_reported,False,False,False,True,False
251221150008,2025-02-16,turbidity_reported,False,False,False,True,False
251221150008,2025-06-16,turbidity_reported,False,False,False,True,False
251221150232,2025-02-16,turbidity_reported,False,False,False,True,False
251221150232,2025-06-16,turbidity_reported,False,False,False,True,False
251221150232,2025-08-21,turbidity_reported,False,False,False,True,False
251221150232,2025-11-23,turbidity_reported,False,False,False,True,False
251221150343,2025-02-16,turbidity_reported,False,False,False,True,False
251221150343,2025-06-16,turbidity_reported,False,False,False,True,False
251221150343,2025-08-21,turbidity_reported,False,False,False,True,False
251221150343,2025-11-23,turbidity_reported,False,False,False,True,False
251221150501,2025-02-16,turbidity_reported,False,False,False,True,False
251221150501,2025-06-16,turbidity_reported,False,False,False,True,False
251221150501,2025-08-21,turbidity_reported,False,False,False,True,False
251221150501,2025-11-23,turbidity_reported,False,False,False,True,False
251221150928,2025-02-16,turbidity_reported,False,False,False,True,False
251221150928,2025-06-16,turbidity_reported,False,False,False,True,False
251221150928,2025-08-21,turbidity_reported,False,False,False,True,False
251221150928,2025-11-23,turbidity_reported,False,False,False,True,False
251221151218,2025-02-16,turbidity_reported,False,False,False,True,False
251221151218,2025-06-16,turbidity_reported,False,False,False,True,False
251221153641,2025-09-07,turbidity_reported,False,False,False,True,False
251221153821,2025-09-07,turbidity_reported,False,False,False,True,False
251221153909,2025-09-07,turbidity_reported,False,False,False,True,False
251221154015,2025-09-07,turbidity_reported,False,False,False,True,False
251221154202,2025-09-07,turbidity_reported,False,False,False,True,False
5303305,2025-01-21,turbidity_reported,False,False,False,True,False
5303305,2025-04-15,turbidity_reported,False,False,False,True,False
5303305,2025-05-27,turbidity_reported,False,False,False,True,False
5303308,2025-01-11,turbidity_reported,False,False,False,True,False
5303308,2025-02-08,turbidity_reported,False,False,False,False,False
5303308,2025-03-08,turbidity_reported,False,False,False,False,False
5303308,2025-04-12,turbidity_reported,False,False,False,False,False
5303308,2025-05-10,turbidity_reported,False,False,False,False,False
5303308,2025-06-15,turbidity_reported,False,False,False,False,False
5303308,2025-07-19,turbidity_reported,False,False,False,False,False
5303308,2025-08-16,turbidity_reported,False,False,False,False,False
5303308,2025-09-19,turbidity_reported,False,False,False,False,False
5303308,2025-10-11,turbidity_reported,False,False,False,False,False
5303308,2025-11-09,turbidity_reported,False,False,False,False,False
5303309,2025-01-11,turbidity_reported,False,False,False,True,False
5303309,2025-04-12,turbidity_reported,False,False,False,False,False
5303309,2025-07-19,turbidity_reported,False,False,False,False,False
5303309,2025-09-19,turbidity_reported,False,False,False,False,False
53033104,2025-06-07,turbidity_reported,False,False,False,True,False
53033104,2025-08-19,turbidity_reported,False,False,False,True,False
53033104,2025-09-17,turbidity_reported,False,False,False,True,False
5303318,2025-01-11,turbidity_reported,False,False,False,True,False
5303318,2025-02-08,turbidity_reported,False,False,False,False,False
5303318,2025-03-08,turbidity_reported,False,False,False,False,False
5303318,2025-04-12,turbidity_reported,False,False,False,True,False
5303318,2025-05-10,turbidity_reported,False,False,False,False,False
5303318,2025-06-15,turbidity_reported,False,False,False,False,False
5303318,2025-08-16,turbidity_reported,False,False,False,False,False
5303318,2025-09-19,turbidity_reported,False,False,False,False,False
5303318,2025-10-11,turbidity_reported,False,False,False,False,False
5303318,2025-11-08,turbidity_reported,False,False,False,False,False
5303319,2025-01-11,turbidity_reported,False,False,False,True,False
5303319,2025-04-12,turbidity_reported,False,False,False,True,False
5303321,2025-01-30,turbidity_reported,False,False,False,True,False
5303321,2025-03-19,turbidity_reported,False,False,False,True,False
5303321,2025-04-18,turbidity_reported,False,False,False,True,False
5303321,2025-05-20,turbidity_reported,False,False,False,True,False
5303321,2025-06-21,turbidity_reported,False,False,False,True,False
5303321,2025-07-24,turbidity_reported,False,False,False,True,False
5303321,2025-08-25,turbidity_reported,False,False,False,True,False
5303321,2025-09-24,turbidity_reported,False,False,False,True,False
5303321,2025-10-27,turbidity_reported,False,False,False,True,False
5303321,2025-11-27,turbidity_reported,False,False,False,True,False
5303321,2025-12-29,turbidity_reported,False,False,False,True,False
5303321,2026-01-28,turbidity_reported,False,False,False,True,False
5303321,2026-02-23,turbidity_reported,False,False,False,True,False
5303321,2026-03-27,turbidity_reported,False,False,False,True,False
5303346,2025-01-21,turbidity_reported,False,False,False,True,False
5303346,2025-02-18,turbidity_reported,False,False,False,True,False
5303346,2025-03-25,turbidity_reported,False,False,False,True,False
5303346,2025-05-14,turbidity_reported,False,False,False,True,False
5303346,2025-05-20,turbidity_reported,False,False,False,True,False
5303346,2025-08-27,turbidity_reported,False,False,False,True,False
5303346,2025-10-15,turbidity_reported,False,False,False,True,False
5303346,2025-11-19,turbidity_reported,False,False,False,True,False
5303360,2025-01-23,turbidity_reported,False,False,False,True,False
5303360,2025-02-27,turbidity_reported,False,False,False,True,False
5303360,2025-03-20,turbidity_reported,False,False,False,True,False
5303360,2025-04-26,turbidity_reported,False,False,False,True,False
5303360,2025-05-19,turbidity_reported,False,False,False,True,False
5303360,2025-07-29,turbidity_reported,False,False,False,True,False
5303360,2025-08-14,turbidity_reported,False,False,False,True,False
5303360,2025-09-30,turbidity_reported,False,False,False,True,False
5303360,2025-10-14,turbidity_reported,False,False,False,True,False
5303360,2025-11-24,turbidity_reported,False,False,False,True,False
5303360,2026-01-20,turbidity_reported,False,False,False,True,False
5303361,2025-01-23,turbidity_reported,False,False,False,True,False
5303361,2025-02-27,turbidity_reported,False,False,False,True,False
5303361,2025-03-20,turbidity_reported,False,False,False,True,False
5303361,2025-04-26,turbidity_reported,False,False,False,True,False
5303361,2025-05-19,turbidity_reported,False,False,False,True,False
5303361,2025-07-29,turbidity_reported,False,False,False,True,False
5303361,2025-08-14,turbidity_reported,False,False,False,True,False
5303361,2025-09-30,turbidity_reported,False,False,False,True,False
5303361,2025-10-14,turbidity_reported,False,False,False,True,False
5303361,2025-11-24,turbidity_reported,False,False,False,True,False
5303361,2026-01-20,turbidity_reported,False,False,False,True,False
5303371,2025-01-15,turbidity_reported,False,False,False,True,False
5303371,2025-02-28,turbidity_reported,False,False,False,True,False
5303371,2025-03-17,turbidity_reported,False,False,False,True,False
5303371,2025-04-17,turbidity_reported,False,False,False,True,False
5303371,2025-04-28,turbidity_reported,False,False,False,True,False
5303371,2025-05-15,turbidity_reported,False,False,False,True,False
5303371,2025-06-23,turbidity_reported,False,False,False,True,False
5303371,2025-07-21,turbidity_reported,False,False,False,True,False
5303371,2025-08-29,turbidity_reported,False,False,False,True,False
5303371,2025-10-13,turbidity_reported,False,False,False,True,False
5303371,2026-02-05,turbidity_reported,False,False,False,True,False
5303383,2025-01-23,turbidity_reported,False,False,False,True,False
5303383,2025-02-27,turbidity_reported,False,False,False,True,False
5303383,2025-03-20,turbidity_reported,False,False,False,True,False
5303383,2025-04-26,turbidity_reported,False,False,False,True,False
5303383,2025-05-19,turbidity_reported,False,False,False,True,False
5303383,2025-07-29,turbidity_reported,False,False,False,True,False
5303383,2025-08-14,turbidity_reported,False,False,False,True,False
5303383,2025-09-30,turbidity_reported,False,False,False,True,False
5303383,2025-10-14,turbidity_reported,False,False,False,True,False
5303383,2025-11-24,turbidity_reported,False,False,False,True,False
5303383,2026-01-20,turbidity_reported,False,False,False,True,False
5303384,2025-01-24,turbidity_reported,False,False,False,True,False
5303384,2025-02-27,turbidity_reported,False,False,False,True,False
5303384,2025-03-20,turbidity_reported,False,False,False,True,False
5303384,2025-04-26,turbidity_reported,False,False,False,True,False
5303384,2025-05-19,turbidity_reported,False,False,False,True,False
5303384,2025-07-29,turbidity_reported,False,False,False,True,False
5303384,2025-08-14,turbidity_reported,False,False,False,True,False
5303384,2025-09-30,turbidity_reported,False,False,False,True,False
5303384,2025-10-14,turbidity_reported,False,False,False,True,False
5303384,2025-11-24,turbidity_reported,False,False,False,True,False
5303384,2026-01-20,turbidity_reported,False,False,False,True,False
5303391,2025-10-12,turbidity_reported,True,False,False,True,False
5303391,2026-01-04,turbidity_reported,True,False,False,True,False
5303392,2026-01-04,turbidity_reported,True,False,False,True,False
5303392,2026-01-16,turbidity_reported,True,False,False,True,False
5303392,2026-04-11,turbidity_reported,True,False,False,True,False
5303394,2025-10-03,turbidity_reported,True,False,False,True,False
5303394,2025-11-28,turbidity_reported,True,False,False,True,False
5303394,2025-12-27,turbidity_reported,True,False,False,True,False
5303394,2026-01-17,turbidity_reported,True,False,False,True,False
5303394,2026-02-11,turbidity_reported,True,False,False,True,False
5306101,2025-01-30,turbidity_reported,False,False,False,True,False
5306101,2025-02-23,turbidity_reported,False,False,False,True,False
5306101,2025-03-30,turbidity_reported,False,False,False,True,False
5306101,2025-05-17,turbidity_reported,False,False,False,True,False
5306101,2025-06-28,turbidity_reported,False,False,False,True,False
5306101,2025-07-21,turbidity_reported,False,False,False,True,False
5306101,2025-09-06,turbidity_reported,False,False,False,True,False
5306103,2025-01-30,turbidity_reported,False,False,False,True,False
5306103,2025-03-19,turbidity_reported,False,False,False,True,False
5306103,2025-04-17,turbidity_reported,False,False,False,True,False
5306103,2025-05-20,turbidity_reported,False,False,False,True,False
5306103,2025-06-22,turbidity_reported,False,False,False,True,False
5306103,2025-07-24,turbidity_reported,False,False,False,True,False
5306103,2025-08-25,turbidity_reported,False,False,False,True,False
5306103,2025-09-24,turbidity_reported,False,False,False,True,False
5306103,2025-10-27,turbidity_reported,False,False,False,True,False
5306103,2025-11-27,turbidity_reported,False,False,False,True,False
5306103,2025-12-29,turbidity_reported,False,False,False,True,False
5306103,2026-01-28,turbidity_reported,False,False,False,True,False
5306103,2026-02-23,turbidity_reported,False,False,False,True,False
5306103,2026-03-27,turbidity_reported,False,False,False,True,False
5303305,2025-01-21,turbidity_legacy,False,False,False,False,False
5303305,2025-04-15,turbidity_legacy,False,False,False,False,False
5303305,2025-05-27,turbidity_legacy,False,False,False,False,False
5303305,2025-06-30,turbidity_legacy,False,False,False,False,False
5303305,2025-07-28,turbidity_legacy,False,False,False,False,False
5303305,2025-08-19,turbidity_legacy,False,False,False,False,False
5303305,2025-09-19,turbidity_legacy,False,False,False,False,False
5303305,2025-10-19,turbidity_legacy,False,False,False,False,False
5303305,2025-11-24,turbidity_legacy,False,False,False,False,False
5303305,2025-12-12,turbidity_legacy,False,False,False,False,False
5303305,2026-01-24,turbidity_legacy,False,False,False,False,False
5303305,2026-02-24,turbidity_legacy,False,False,False,False,False
5303305,2026-03-29,turbidity_legacy,False,False,False,False,False
5303306,2025-02-02,turbidity_legacy,False,False,False,False,False
5303306,2025-03-02,turbidity_legacy,False,False,False,False,False
5303306,2025-04-06,turbidity_legacy,False,False,False,False,False
5303306,2025-05-04,turbidity_legacy,False,False,False,False,False
5303306,2025-06-01,turbidity_legacy,False,False,False,False,False
5303306,2025-07-06,turbidity_legacy,False,False,False,False,False
5303306,2025-08-03,turbidity_legacy,False,False,False,False,False
5303306,2025-09-07,turbidity_legacy,False,False,False,False,False
5303306,2025-10-05,turbidity_legacy,False,False,False,False,False
5303306,2025-11-02,turbidity_legacy,False,False,False,False,False
5303306,2025-12-06,turbidity_legacy,False,False,False,False,False
5303306,2026-01-04,turbidity_legacy,False,False,False,False,False
5303306,2026-02-01,turbidity_legacy,False,False,False,False,False
5303306,2026-03-01,turbidity_legacy,False,False,False,False,False
53033100,2025-01-29,turbidity_legacy,False,False,False,False,False
53033100,2025-03-03,turbidity_legacy,False,False,False,False,False
53033100,2025-04-15,turbidity_legacy,False,False,False,False,False
53033100,2025-04-16,turbidity_legacy,False,False,False,False,False
53033100,2025-05-04,turbidity_legacy,False,False,False,False,False
53033100,2025-06-07,turbidity_legacy,False,False,False,False,False
53033100,2025-07-14,turbidity_legacy,False,False,False,False,False
53033100,2025-08-13,turbidity_legacy,False,False,False,False,False
53033100,2025-09-09,turbidity_legacy,False,False,False,False,False
53033100,2025-10-16,turbidity_legacy,False,False,False,False,False
53033100,2025-12-20,turbidity_legacy,False,False,False,False,False
53033100,2026-03-22,turbidity_legacy,False,False,False,False,False
53033101,2025-01-09,turbidity_legacy,False,False,False,False,False
53033101,2025-02-11,turbidity_legacy,False,False,False,False,False
53033101,2025-03-06,turbidity_legacy,False,False,False,False,False
53033101,2025-04-09,turbidity_legacy,False,False,False,False,False
53033101,2025-05-09,turbidity_legacy,False,False,False,False,False
53033101,2025-06-20,turbidity_legacy,False,False,False,False,False
53033101,2025-07-25,turbidity_legacy,False,False,False,False,False
53033101,2025-08-29,turbidity_legacy,False,False,False,False,False
53033101,2025-09-20,turbidity_legacy,False,False,False,False,False
53033101,2025-10-10,turbidity_legacy,False,False,False,False,False
53033101,2025-11-14,turbidity_legacy,False,False,False,False,False
53033101,2025-12-19,turbidity_legacy,False,False,False,False,False
53033101,2026-01-09,turbidity_legacy,False,False,False,False,False
53033101,2026-02-06,turbidity_legacy,False,False,False,False,False
53033101,2026-03-14,turbidity_legacy,False,False,False,False,False
53033102,2025-01-31,turbidity_legacy,False,False,False,False,False
53033102,2025-02-28,turbidity_legacy,False,False,False,False,False
53033102,2025-04-04,turbidity_legacy,False,False,False,False,False
53033102,2025-04-29,turbidity_legacy,False,False,False,False,False
53033102,2026-03-26,turbidity_legacy,False,False,False,False,False
53033103,2025-01-31,turbidity_legacy,False,False,False,False,False
53033103,2025-02-28,turbidity_legacy,False,False,False,False,False
53033103,2025-04-04,turbidity_legacy,False,False,False,False,False
53033103,2025-04-29,turbidity_legacy,False,False,False,False,False
53033103,2026-02-18,turbidity_legacy,False,False,False,False,False
53033103,2026-03-26,turbidity_legacy,False,False,False,False,False
53033104,2025-04-01,turbidity_legacy,False,False,False,False,False
53033104,2025-05-04,turbidity_legacy,False,False,False,False,False
53033104,2025-06-07,turbidity_legacy,False,False,False,False,False
53033104,2025-07-11,turbidity_legacy,False,False,False,False,False
53033104,2025-08-13,turbidity_legacy,False,False,False,False,False
53033104,2025-08-19,turbidity_legacy,False,False,False,False,False
53033104,2025-09-17,turbidity_legacy,False,False,False,False,False
53033104,2025-10-14,turbidity_legacy,False,False,False,False,False
53033104,2026-01-30,turbidity_legacy,False,False,False,False,False
53033105,2025-02-22,turbidity_legacy,False,False,False,False,False
53033105,2025-03-22,turbidity_legacy,False,False,False,False,False
53033105,2025-04-15,turbidity_legacy,False,False,False,False,False
53033105,2025-05-21,turbidity_legacy,False,False,False,False,False
53033105,2025-06-11,turbidity_legacy,False,False,False,False,False
53033105,2025-07-15,turbidity_legacy,False,False,False,False,False
53033105,2025-08-19,turbidity_legacy,False,False,False,False,False
53033105,2025-09-17,turbidity_legacy,False,False,False,False,False
53033105,2025-10-22,turbidity_legacy,False,False,False,False,False
53033105,2025-11-18,turbidity_legacy,False,False,False,False,False
53033105,2025-12-16,turbidity_legacy,False,False,False,False,False
53033105,2026-01-27,turbidity_legacy,False,False,False,False,False
53033105,2026-03-21,turbidity_legacy,False,False,False,False,False
5303320,2025-02-04,turbidity_legacy,False,False,False,False,False
5303320,2025-03-02,turbidity_legacy,False,False,False,False,False
5303320,2025-04-06,turbidity_legacy,False,False,False,False,False
5303320,2025-05-04,turbidity_legacy,False,False,False,False,False
5303320,2025-06-01,turbidity_legacy,False,False,False,False,False
5303320,2025-07-06,turbidity_legacy,False,False,False,False,False
5303320,2025-08-03,turbidity_legacy,False,False,False,False,False
5303320,2025-09-07,turbidity_legacy,False,False,False,False,False
5303320,2025-10-05,turbidity_legacy,False,False,False,False,False
5303320,2025-11-02,turbidity_legacy,False,False,False,False,False
5303320,2025-12-06,turbidity_legacy,False,False,False,False,False
5303320,2026-01-05,turbidity_legacy,False,False,False,False,False
5303320,2026-02-02,turbidity_legacy,False,False,False,False,False
5303320,2026-03-02,turbidity_legacy,False,False,False,False,False
5303321,2025-01-30,turbidity_legacy,False,False,False,False,False
5303321,2025-03-19,turbidity_legacy,False,False,False,False,False
5303321,2025-04-18,turbidity_legacy,False,False,False,False,False
5303321,2025-05-20,turbidity_legacy,False,False,False,False,False
5303321,2025-06-21,turbidity_legacy,False,False,False,False,False
5303321,2025-07-24,turbidity_legacy,False,False,False,False,False
5303321,2025-08-25,turbidity_legacy,False,False,False,False,False
5303321,2025-09-24,turbidity_legacy,False,False,False,False,False
5303321,2025-11-27,turbidity_legacy,False,False,False,False,False
5303321,2025-12-29,turbidity_legacy,False,False,False,False,False
5303321,2026-01-28,turbidity_legacy,False,False,False,False,False
5303321,2026-02-23,turbidity_legacy,False,False,False,False,False
5303321,2026-03-27,turbidity_legacy,False,False,False,False,False
5303322,2026-01-17,turbidity_legacy,False,False,False,False,False
5303322,2026-02-22,turbidity_legacy,False,False,False,False,False
5303335,2025-01-26,turbidity_legacy,False,False,False,False,False
5303335,2025-03-09,turbidity_legacy,False,False,False,False,False
5303335,2025-05-24,turbidity_legacy,False,False,False,False,False
5303335,2025-07-12,turbidity_legacy,False,False,False,False,False
5303346,2025-01-02,turbidity_legacy,False,False,False,False,False
5303346,2025-01-21,turbidity_legacy,False,False,False,False,False
5303346,2025-02-02,turbidity_legacy,False,False,False,False,False
5303346,2025-02-18,turbidity_legacy,False,False,False,False,False
5303346,2025-03-02,turbidity_legacy,False,False,False,False,False
5303346,2025-03-25,turbidity_legacy,False,False,False,False,False
5303346,2025-05-05,turbidity_legacy,False,False,False,False,False
5303346,2025-05-14,turbidity_legacy,False,False,False,False,False
5303346,2025-05-20,turbidity_legacy,False,False,False,False,False
5303346,2025-08-27,turbidity_legacy,False,False,False,False,False
5303346,2025-10-15,turbidity_legacy,False,False,False,False,False
5303346,2025-10-25,turbidity_legacy,False,False,False,False,False
5303346,2025-11-19,turbidity_legacy,False,False,False,False,False
5303346,2026-01-04,turbidity_legacy,False,False,False,False,False
5303354,2025-01-15,turbidity_legacy,False,False,False,False,False
5303354,2025-02-20,turbidity_legacy,False,False,False,False,False
5303354,2025-03-20,turbidity_legacy,False,False,False,False,False
5303354,2025-04-19,turbidity_legacy,False,False,False,False,False
5303354,2025-05-21,turbidity_legacy,False,False,False,False,False
5303354,2025-07-17,turbidity_legacy,False,False,False,False,False
5303354,2025-08-20,turbidity_legacy,False,False,False,False,False
5303354,2025-10-15,turbidity_legacy,False,False,False,False,False
5303354,2025-11-19,turbidity_legacy,False,False,False,False,False
5303354,2026-01-22,turbidity_legacy,False,False,False,False,False
5303354,2026-03-18,turbidity_legacy,False,False,False,False,False
5303360,2025-01-23,turbidity_legacy,False,False,False,False,False
5303360,2025-02-27,turbidity_legacy,False,False,False,False,False
5303360,2025-04-26,turbidity_legacy,False,False,False,False,False
5303360,2025-05-19,turbidity_legacy,False,False,False,False,False
5303360,2025-07-29,turbidity_legacy,False,False,False,False,False
5303360,2025-08-14,turbidity_legacy,False,False,False,False,False
5303360,2025-09-30,turbidity_legacy,False,False,False,False,False
5303360,2025-11-24,turbidity_legacy,False,False,False,False,False
5303360,2026-01-20,turbidity_legacy,False,False,False,False,False
5303361,2025-01-23,turbidity_legacy,False,False,False,False,False
5303361,2025-02-27,turbidity_legacy,False,False,False,False,False
5303361,2025-03-20,turbidity_legacy,False,False,False,False,False
5303361,2025-04-26,turbidity_legacy,False,False,False,False,False
5303361,2025-05-19,turbidity_legacy,False,False,False,False,False
5303361,2025-07-29,turbidity_legacy,False,False,False,False,False
5303361,2025-08-14,turbidity_legacy,False,False,False,False,False
5303361,2025-09-30,turbidity_legacy,False,False,False,False,False
5303361,2025-10-14,turbidity_legacy,False,False,False,False,False
5303361,2025-11-24,turbidity_legacy,False,False,False,False,False
5303361,2026-01-20,turbidity_legacy,False,False,False,False,False
5303371,2025-01-15,turbidity_legacy,False,False,False,False,False
5303371,2025-02-28,turbidity_legacy,False,False,False,False,False
5303371,2025-03-17,turbidity_legacy,False,False,False,False,False
5303371,2025-04-17,turbidity_legacy,False,False,False,False,False
5303371,2025-04-28,turbidity_legacy,False,False,False,False,False
5303371,2025-05-15,turbidity_legacy,False,False,False,False,False
5303371,2025-06-23,turbidity_legacy,False,False,False,False,False
5303371,2025-07-21,turbidity_legacy,False,False,False,False,False
5303371,2025-08-29,turbidity_legacy,False,False,False,False,False
5303371,2025-10-13,turbidity_legacy,False,False,False,False,False
5303371,2026-02-05,turbidity_legacy,False,False,False,False,False
5303382,2025-01-08,turbidity_legacy,False,False,False,False,False
5303382,2025-02-12,turbidity_legacy,False,False,False,False,False
5303383,2025-01-23,turbidity_legacy,False,False,False,False,False
5303383,2025-02-27,turbidity_legacy,False,False,False,False,False
5303383,2025-03-20,turbidity_legacy,False,False,False,False,False
5303383,2025-04-26,turbidity_legacy,False,False,False,False,False
5303383,2025-05-19,turbidity_legacy,False,False,False,False,False
5303383,2025-07-29,turbidity_legacy,False,False,False,False,False
5303383,2025-08-14,turbidity_legacy,False,False,False,False,False
5303383,2025-09-30,turbidity_legacy,False,False,False,False,False
5303383,2025-10-14,turbidity_legacy,False,False,False,False,False
5303383,2025-11-24,turbidity_legacy,False,False,False,False,False
5303383,2026-01-20,turbidity_legacy,False,False,False,False,False
5303384,2025-01-24,turbidity_legacy,False,False,False,False,False
5303384,2025-02-27,turbidity_legacy,False,False,False,False,False
5303384,2025-03-20,turbidity_legacy,False,False,False,False,False
5303384,2025-04-26,turbidity_legacy,False,False,False,False,False
5303384,2025-05-19,turbidity_legacy,False,False,False,False,False
5303384,2025-07-29,turbidity_legacy,False,False,False,False,False
5303384,2025-08-14,turbidity_legacy,False,False,False,False,False
5303384,2025-09-30,turbidity_legacy,False,False,False,False,False
5303384,2025-10-14,turbidity_legacy,False,False,False,False,False
5303384,2025-11-24,turbidity_legacy,False,False,False,False,False
5303384,2026-01-20,turbidity_legacy,False,False,False,False,False
5303386,2025-01-30,turbidity_legacy,False,False,False,False,False
5303386,2025-04-16,turbidity_legacy,False,False,False,False,False
5303386,2025-05-06,turbidity_legacy,False,False,False,False,False
5303387,2025-06-03,turbidity_legacy,True,False,False,False,False
5303387,2025-06-25,turbidity_legacy,True,False,False,False,False
5303387,2025-07-30,turbidity_legacy,True,False,False,False,False
5303387,2025-10-29,turbidity_legacy,True,False,False,False,False
5303387,2026-01-28,turbidity_legacy,True,False,False,False,False
5303387,2026-02-27,turbidity_legacy,True,False,False,False,False
5303391,2025-01-04,turbidity_legacy,True,False,False,False,False
5303391,2025-02-08,turbidity_legacy,True,False,False,False,False
5303391,2025-03-01,turbidity_legacy,True,False,False,False,False
5303391,2025-03-29,turbidity_legacy,True,False,False,False,False
5303391,2025-04-24,turbidity_legacy,True,False,False,False,False
5303391,2025-06-07,turbidity_legacy,True,False,False,False,False
5303391,2025-06-20,turbidity_legacy,True,False,False,False,False
5303391,2025-07-18,turbidity_legacy,True,False,False,False,False
5303391,2025-08-03,turbidity_legacy,True,False,False,False,False
5303391,2025-08-12,turbidity_legacy,True,False,False,False,False
5303391,2025-08-27,turbidity_legacy,True,False,False,False,False
5303391,2025-09-11,turbidity_legacy,True,False,False,False,False
5303391,2025-10-04,turbidity_legacy,True,False,False,False,False
5303391,2025-10-12,turbidity_legacy,True,False,False,False,False
5303391,2025-11-08,turbidity_legacy,True,False,False,False,False
5303391,2025-12-04,turbidity_legacy,True,False,False,False,False
5303391,2026-01-04,turbidity_legacy,True,False,False,False,False
5303391,2026-01-29,turbidity_legacy,True,False,False,False,False
5303391,2026-02-26,turbidity_legacy,True,False,False,False,False
5303391,2026-03-14,turbidity_legacy,True,False,False,False,False
5303391,2026-03-29,turbidity_legacy,True,False,False,False,False
5303392,2025-01-01,turbidity_legacy,True,False,False,False,False
5303392,2025-01-17,turbidity_legacy,True,False,False,False,False
5303392,2025-02-02,turbidity_legacy,True,False,False,False,False
5303392,2025-02-13,turbidity_legacy,True,False,False,False,False
5303392,2025-03-13,turbidity_legacy,True,False,False,False,False
5303392,2025-03-29,turbidity_legacy,True,False,False,False,False
5303392,2025-04-11,turbidity_legacy,True,False,False,False,False
5303392,2025-05-09,turbidity_legacy,True,False,False,False,False
5303392,2025-06-06,turbidity_legacy,True,False,False,False,False
5303392,2025-06-23,turbidity_legacy,True,False,False,False,False
5303392,2025-07-03,turbidity_legacy,True,False,False,False,False
5303392,2025-07-17,turbidity_legacy,True,False,False,False,False
5303392,2025-08-02,turbidity_legacy,True,False,False,False,False
5303392,2025-08-17,turbidity_legacy,True,False,False,False,False
5303392,2025-08-30,turbidity_legacy,True,False,False,False,False
5303392,2025-09-24,turbidity_legacy,True,False,False,False,False
5303392,2025-10-23,turbidity_legacy,True,False,False,False,False
5303392,2025-11-21,turbidity_legacy,True,False,False,False,False
5303392,2026-01-04,turbidity_legacy,True,False,False,False,False
5303392,2026-01-16,turbidity_legacy,True,False,False,False,False
5303392,2026-02-06,turbidity_legacy,True,False,False,False,False
5303392,2026-02-14,turbidity_legacy,True,False,False,False,False
5303392,2026-03-11,turbidity_legacy,True,False,False,False,False
5303392,2026-03-26,turbidity_legacy,True,False,False,False,False
5303392,2026-04-01,turbidity_legacy,True,False,False,False,False
5303392,2026-04-11,turbidity_legacy,True,False,False,False,False
5303393,2025-01-03,turbidity_legacy,True,False,False,False,False
5303393,2025-01-17,turbidity_legacy,True,False,False,False,False
5303393,2025-01-19,turbidity_legacy,True,False,False,False,False
5303393,2025-01-30,turbidity_legacy,True,False,False,False,False
5303393,2025-02-13,turbidity_legacy,True,False,False,False,False
5303393,2025-02-17,turbidity_legacy,True,False,False,False,False
5303393,2025-03-02,turbidity_legacy,True,False,False,False,False
5303393,2025-03-13,turbidity_legacy,True,False,False,False,False
5303393,2025-03-28,turbidity_legacy,True,False,False,False,False
5303393,2025-04-11,turbidity_legacy,True,False,False,False,False
5303393,2025-04-26,turbidity_legacy,True,False,False,False,False
5303393,2025-05-11,turbidity_legacy,True,False,False,False,False
5303393,2025-05-22,turbidity_legacy,True,False,False,False,False
5303393,2025-05-26,turbidity_legacy,True,False,False,False,False
5303393,2025-06-07,turbidity_legacy,True,False,False,False,False
5303393,2025-06-20,turbidity_legacy,True,False,False,False,False
5303393,2025-07-04,turbidity_legacy,True,False,False,False,False
5303393,2025-07-17,turbidity_legacy,True,False,False,False,False
5303393,2025-08-02,turbidity_legacy,True,False,False,False,False
5303393,2025-08-16,turbidity_legacy,True,False,False,False,False
5303393,2025-09-13,turbidity_legacy,True,False,False,False,False
5303393,2025-11-23,turbidity_legacy,True,False,False,False,False
5303393,2025-12-06,turbidity_legacy,True,False,False,False,False
5303393,2026-01-03,turbidity_legacy,True,False,False,False,False
5303393,2026-01-17,turbidity_legacy,True,False,False,False,False
5303393,2026-01-31,turbidity_legacy,True,False,False,False,False
5303393,2026-02-25,turbidity_legacy,True,False,False,False,False
5303393,2026-04-10,turbidity_legacy,True,False,False,False,False
5303394,2025-01-04,turbidity_legacy,True,False,False,False,False
5303394,2025-02-01,turbidity_legacy,True,False,False,False,False
5303394,2025-03-02,turbidity_legacy,True,False,False,False,False
5303394,2025-03-26,turbidity_legacy,True,False,False,False,False
5303394,2025-04-24,turbidity_legacy,True,False,False,False,False
5303394,2025-05-24,turbidity_legacy,True,False,False,False,False
5303394,2025-06-13,turbidity_legacy,True,False,False,False,False
5303394,2025-06-21,turbidity_legacy,True,False,False,False,False
5303394,2025-07-08,turbidity_legacy,True,False,False,False,False
5303394,2025-07-18,turbidity_legacy,True,False,False,False,False
5303394,2025-08-10,turbidity_legacy,True,False,False,False,False
5303394,2025-08-29,turbidity_legacy,True,False,False,False,False
5303394,2025-09-02,turbidity_legacy,True,False,False,False,False
5303394,2025-09-14,turbidity_legacy,True,False,False,False,False
5303394,2025-10-03,turbidity_legacy,True,False,False,False,False
5303394,2025-10-12,turbidity_legacy,True,False,False,False,False
5303394,2025-11-23,turbidity_legacy,True,False,False,False,False
5303394,2025-11-28,turbidity_legacy,True,False,False,False,False
5303394,2025-12-07,turbidity_legacy,True,False,False,False,False
5303394,2025-12-27,turbidity_legacy,True,False,False,False,False
5303394,2026-01-04,turbidity_legacy,True,False,False,False,False
5303394,2026-01-17,turbidity_legacy,True,False,False,False,False
5303394,2026-02-11,turbidity_legacy,True,False,False,False,False
5303394,2026-03-02,turbidity_legacy,True,False,False,False,False
5303394,2026-03-14,turbidity_legacy,True,False,False,False,False
5303394,2026-03-28,turbidity_legacy,True,False,False,False,False
5303395,2025-01-24,turbidity_legacy,True,False,False,False,False
5303395,2025-02-20,turbidity_legacy,True,False,False,False,False
5303395,2025-03-20,turbidity_legacy,True,False,False,False,False
5303395,2025-04-18,turbidity_legacy,True,False,False,False,False
5303395,2025-05-04,turbidity_legacy,True,False,False,False,False
5303395,2025-05-31,turbidity_legacy,True,False,False,False,False
5303395,2025-06-14,turbidity_legacy,True,False,False,False,False
5303395,2025-06-29,turbidity_legacy,True,False,False,False,False
5303395,2025-07-11,turbidity_legacy,True,False,False,False,False
5303395,2025-08-13,turbidity_legacy,True,False,False,False,False
5303395,2025-08-24,turbidity_legacy,True,False,False,False,False
5303395,2025-09-04,turbidity_legacy,True,False,False,False,False
5303395,2025-09-16,turbidity_legacy,True,False,False,False,False
5303395,2025-09-21,turbidity_legacy,True,False,False,False,False
5303395,2025-10-03,turbidity_legacy,True,False,False,False,False
5303395,2025-10-18,turbidity_legacy,True,False,False,False,False
5303395,2025-11-15,turbidity_legacy,True,False,False,False,False
5303395,2025-11-26,turbidity_legacy,True,False,False,False,False
5303395,2025-12-14,turbidity_legacy,True,False,False,False,False
5303395,2025-12-27,turbidity_legacy,True,False,False,False,False
5303395,2026-02-07,turbidity_legacy,True,False,False,False,False
5303395,2026-02-22,turbidity_legacy,True,False,False,False,False
5303395,2026-03-07,turbidity_legacy,True,False,False,False,False
5303396,2025-01-12,turbidity_legacy,True,False,False,False,False
5303396,2025-02-08,turbidity_legacy,True,False,False,False,False
5303396,2025-05-13,turbidity_legacy,True,False,False,False,False
5303396,2025-06-07,turbidity_legacy,True,False,False,False,False
5303396,2025-07-13,turbidity_legacy,True,False,False,False,False
5303396,2025-08-13,turbidity_legacy,True,False,False,False,False
5303396,2025-10-30,turbidity_legacy,True,False,False,False,False
5303396,2025-11-30,turbidity_legacy,True,False,False,False,False
5303396,2025-12-31,turbidity_legacy,True,False,False,False,False
5303396,2026-01-26,turbidity_legacy,True,False,False,False,False
5303396,2026-02-06,turbidity_legacy,True,False,False,False,False
5303396,2026-03-01,turbidity_legacy,True,False,False,False,False
5303396,2026-03-08,turbidity_legacy,True,False,False,False,False
5303396,2026-03-22,turbidity_legacy,True,False,False,False,False
5303396,2026-04-05,turbidity_legacy,True,False,False,False,False
5303397,2025-01-12,turbidity_legacy,True,False,False,False,False
5303397,2025-01-23,turbidity_legacy,True,False,False,False,False
5303397,2025-02-09,turbidity_legacy,True,False,False,False,False
5303397,2025-02-20,turbidity_legacy,True,False,False,False,False
5303397,2025-03-09,turbidity_legacy,True,False,False,False,False
5303397,2025-03-18,turbidity_legacy,True,False,False,False,False
5303397,2025-04-06,turbidity_legacy,True,False,False,False,False
5303397,2025-04-18,turbidity_legacy,True,False,False,False,False
5303397,2025-05-04,turbidity_legacy,True,False,False,False,False
5303397,2025-05-10,turbidity_legacy,True,False,False,False,False
5303397,2025-06-01,turbidity_legacy,True,False,False,False,False
5303397,2025-06-15,turbidity_legacy,True,False,False,False,False
5303397,2025-06-29,turbidity_legacy,True,False,False,False,False
5303397,2025-07-11,turbidity_legacy,True,False,False,False,False
5303397,2025-07-26,turbidity_legacy,True,False,False,False,False
5303397,2025-08-06,turbidity_legacy,True,False,False,False,False
5303397,2025-08-24,turbidity_legacy,True,False,False,False,False
5303397,2025-09-21,turbidity_legacy,True,False,False,False,False
5303397,2025-11-15,turbidity_legacy,True,False,False,False,False
5303397,2025-11-28,turbidity_legacy,True,False,False,False,False
5303397,2025-12-14,turbidity_legacy,True,False,False,False,False
5303397,2026-01-10,turbidity_legacy,True,False,False,False,False
5303397,2026-01-11,turbidity_legacy,True,False,False,False,False
5303397,2026-01-24,turbidity_legacy,True,False,False,False,False
5303397,2026-02-07,turbidity_legacy,True,False,False,False,False
5303397,2026-03-07,turbidity_legacy,True,False,False,False,False
5303398,2025-01-11,turbidity_legacy,True,False,False,False,False
5303398,2025-02-15,turbidity_legacy,True,False,False,False,False
5303398,2025-02-23,turbidity_legacy,True,False,False,False,False
5303398,2025-03-08,turbidity_legacy,True,False,False,False,False
5303398,2025-04-05,turbidity_legacy,True,False,False,False,False
5303398,2025-05-04,turbidity_legacy,True,False,False,False,False
5303398,2025-06-01,turbidity_legacy,True,False,False,False,False
5303398,2025-06-29,turbidity_legacy,True,False,False,False,False
5303398,2025-07-25,turbidity_legacy,True,False,False,False,False
5303398,2025-09-21,turbidity_legacy,True,False,False,False,False
5303398,2025-10-08,turbidity_legacy,True,False,False,False,False
5303398,2025-10-19,turbidity_legacy,True,False,False,False,False
5303398,2025-11-16,turbidity_legacy,True,False,False,False,False
5303398,2025-12-13,turbidity_legacy,True,False,False,False,False
5303398,2026-01-10,turbidity_legacy,True,False,False,False,False
5303398,2026-02-08,turbidity_legacy,True,False,False,False,False
5303398,2026-02-22,turbidity_legacy,True,False,False,False,False
5303398,2026-03-09,turbidity_legacy,True,False,False,False,False
5303398,2026-03-22,turbidity_legacy,True,False,False,False,False
5306101,2025-01-30,turbidity_legacy,False,False,False,False,False
5306101,2025-02-23,turbidity_legacy,False,False,False,False,False
5306101,2025-03-30,turbidity_legacy,False,False,False,False,False
5306101,2025-05-17,turbidity_legacy,False,False,False,False,False
5306101,2025-06-28,turbidity_legacy,False,False,False,False,False
5306101,2025-07-21,turbidity_legacy,False,False,False,False,False
5306101,2025-09-06,turbidity_legacy,False,False,False,False,False
5306103,2025-01-30,turbidity_legacy,False,False,False,False,False
5306103,2025-03-19,turbidity_legacy,False,False,False,False,False
5306103,2025-05-20,turbidity_legacy,False,False,False,False,False
5306103,2025-07-24,turbidity_legacy,False,False,False,False,False
5306103,2025-08-25,turbidity_legacy,False,False,False,False,False
5306103,2025-09-24,turbidity_legacy,False,False,False,False,False
5306103,2025-10-27,turbidity_legacy,False,False,False,False,False
5306103,2025-11-27,turbidity_legacy,False,False,False,False,False
5306103,2025-12-29,turbidity_legacy,False,False,False,False,False
5306103,2026-01-28,turbidity_legacy,False,False,False,False,False
5306103,2026-02-23,turbidity_legacy,False,False,False,False,False
5306103,2026-03-27,turbidity_legacy,False,False,False,False,False
5303305,2025-01-21,alkalinity,False,False,False,False,True
5303305,2025-04-15,alkalinity,False,False,False,False,True
5303305,2025-05-27,alkalinity,False,False,False,False,True
5303305,2025-06-30,alkalinity,False,False,False,False,True
5303305,2025-07-28,alkalinity,False,False,False,False,True
5303305,2025-08-19,alkalinity,False,False,False,False,True
5303305,2025-09-19,alkalinity,False,False,False,False,True
5303305,2025-10-19,alkalinity,False,False,False,False,True
5303305,2025-11-24,alkalinity,False,False,False,False,True
5303305,2025-12-12,alkalinity,False,False,False,False,True
5303305,2026-01-24,alkalinity,False,False,False,False,True
5303305,2026-02-24,alkalinity,False,False,False,False,True
5303305,2026-03-29,alkalinity,False,False,False,False,True
5303306,2025-02-02,alkalinity,False,False,False,False,True
5303306,2025-03-02,alkalinity,False,False,False,False,True
5303306,2025-04-06,alkalinity,False,False,False,False,True
5303306,2025-05-04,alkalinity,False,False,False,False,True
5303306,2025-06-01,alkalinity,False,False,False,False,True
5303306,2025-07-06,alkalinity,False,False,False,False,True
5303306,2025-08-03,alkalinity,False,False,False,False,True
5303306,2025-09-07,alkalinity,False,False,False,False,True
5303306,2025-10-05,alkalinity,False,False,False,False,True
5303306,2025-11-02,alkalinity,False,False,False,False,True
5303306,2025-12-06,alkalinity,False,False,False,False,True
5303306,2026-01-04,alkalinity,False,False,False,False,True
5303306,2026-02-01,alkalinity,False,False,False,False,True
5303306,2026-03-01,alkalinity,False,False,False,False,True
5303308,2025-03-08,alkalinity,False,False,False,False,True
5303308,2025-04-12,alkalinity,False,False,False,False,True
5303308,2025-05-10,alkalinity,False,False,False,False,True
5303308,2025-08-16,alkalinity,False,False,False,False,True
5303308,2025-10-11,alkalinity,False,False,False,False,True
5303309,2025-01-11,alkalinity,False,False,False,False,True
5303309,2025-04-12,alkalinity,False,False,False,False,True
53033100,2025-01-29,alkalinity,False,False,False,False,True
53033100,2025-03-03,alkalinity,False,False,False,False,True
53033100,2025-04-15,alkalinity,False,False,False,False,True
53033100,2025-04-16,alkalinity,False,False,False,False,True
53033100,2025-05-04,alkalinity,False,False,False,False,True
53033100,2025-06-07,alkalinity,False,False,False,False,True
53033100,2025-07-14,alkalinity,False,False,False,False,True
53033100,2025-08-13,alkalinity,False,False,False,False,True
53033100,2025-09-09,alkalinity,False,False,False,False,True
53033100,2025-10-16,alkalinity,False,False,False,False,True
53033100,2025-12-20,alkalinity,False,False,False,False,True
53033100,2026-03-22,alkalinity,False,False,False,False,True
53033101,2025-01-09,alkalinity,False,False,False,False,True
53033101,2025-02-11,alkalinity,False,False,False,False,True
53033101,2025-03-06,alkalinity,False,False,False,False,True
53033101,2025-04-09,alkalinity,False,False,False,False,True
53033101,2025-05-09,alkalinity,False,False,False,False,True
53033101,2025-06-20,alkalinity,False,False,False,False,True
53033101,2025-07-25,alkalinity,False,False,False,False,True
53033101,2025-08-29,alkalinity,False,False,False,False,True
53033101,2025-09-20,alkalinity,False,False,False,False,True
53033101,2025-10-10,alkalinity,False,False,False,False,True
53033101,2025-11-14,alkalinity,False,False,False,False,True
53033101,2025-12-19,alkalinity,False,False,False,False,True
53033101,2026-01-09,alkalinity,False,False,False,False,True
53033101,2026-02-06,alkalinity,False,False,False,False,True
53033101,2026-03-14,alkalinity,False,False,False,False,True
53033102,2025-01-31,alkalinity,False,False,False,False,True
53033102,2025-02-28,alkalinity,False,False,False,False,True
53033102,2025-04-04,alkalinity,False,False,False,False,True
53033102,2025-04-29,alkalinity,False,False,False,False,True
53033102,2026-03-26,alkalinity,False,False,False,False,True
53033103,2025-01-31,alkalinity,False,False,False,False,True
53033103,2025-02-28,alkalinity,False,False,False,False,True
53033103,2025-04-04,alkalinity,False,False,False,False,True
53033103,2025-04-29,alkalinity,False,False,False,False,True
53033103,2026-02-18,alkalinity,False,False,False,False,True
53033103,2026-03-26,alkalinity,False,False,False,False,True
53033104,2025-03-02,alkalinity,False,False,False,False,True
53033104,2025-04-01,alkalinity,False,False,False,False,True
53033104,2025-05-04,alkalinity,False,False,False,False,True
53033104,2025-06-07,alkalinity,False,False,False,False,True
53033104,2025-07-11,alkalinity,False,False,False,False,True
53033104,2025-08-13,alkalinity,False,False,False,False,True
53033104,2025-08-19,alkalinity,False,False,False,False,True
53033104,2025-09-17,alkalinity,False,False,False,False,True
53033104,2025-10-14,alkalinity,False,False,False,False,True
53033104,2026-01-30,alkalinity,False,False,False,False,True
53033105,2025-02-22,alkalinity,False,False,False,False,True
53033105,2025-03-22,alkalinity,False,False,False,False,True
53033105,2025-04-15,alkalinity,False,False,False,False,True
53033105,2025-05-21,alkalinity,False,False,False,False,True
53033105,2025-06-11,alkalinity,False,False,False,False,True
53033105,2025-07-15,alkalinity,False,False,False,False,True
53033105,2025-08-19,alkalinity,False,False,False,False,True
53033105,2025-09-17,alkalinity,False,False,False,False,True
53033105,2025-10-22,alkalinity,False,False,False,False,True
53033105,2025-11-18,alkalinity,False,False,False,False,True
53033105,2025-12-16,alkalinity,False,False,False,False,True
53033105,2026-01-27,alkalinity,False,False,False,False,True
53033105,2026-03-21,alkalinity,False,False,False,False,True
5303318,2025-01-11,alkalinity,False,False,False,False,True
5303318,2025-03-08,alkalinity,False,False,False,False,True
5303318,2025-04-12,alkalinity,False,False,False,False,True
5303318,2025-05-10,alkalinity,False,False,False,False,True
5303318,2025-07-19,alkalinity,False,False,False,False,True
5303318,2025-08-16,alkalinity,False,False,False,False,True
5303318,2025-10-11,alkalinity,False,False,False,False,True
5303318,2025-11-08,alkalinity,False,False,False,False,True
5303319,2025-01-11,alkalinity,False,False,False,False,True
5303319,2025-04-12,alkalinity,False,False,False,False,True
5303319,2025-07-19,alkalinity,False,False,False,False,True
5303320,2025-02-04,alkalinity,False,False,False,False,True
5303320,2025-03-02,alkalinity,False,False,False,False,True
5303320,2025-04-06,alkalinity,False,False,False,False,True
5303320,2025-05-04,alkalinity,False,False,False,False,True
5303320,2025-06-01,alkalinity,False,False,False,False,True
5303320,2025-07-06,alkalinity,False,False,False,False,True
5303320,2025-08-03,alkalinity,False,False,False,False,True
5303320,2025-09-07,alkalinity,False,False,False,False,True
5303320,2025-10-05,alkalinity,False,False,False,False,True
5303320,2025-11-02,alkalinity,False,False,False,False,True
5303320,2025-12-06,alkalinity,False,False,False,False,True
5303320,2026-01-05,alkalinity,False,False,False,False,True
5303320,2026-02-02,alkalinity,False,False,False,False,True
5303320,2026-03-02,alkalinity,False,False,False,False,True
5303321,2025-01-30,alkalinity,False,False,False,False,True
5303321,2025-03-19,alkalinity,False,False,False,False,True
5303321,2025-04-18,alkalinity,False,False,False,False,True
5303321,2025-05-20,alkalinity,False,False,False,False,True
5303321,2025-06-21,alkalinity,False,False,False,False,True
5303321,2025-07-24,alkalinity,False,False,False,False,True
5303321,2025-08-25,alkalinity,False,False,False,False,True
5303321,2025-09-24,alkalinity,False,False,False,False,True
5303321,2025-10-27,alkalinity,False,False,False,False,True
5303321,2025-11-27,alkalinity,False,False,False,False,True
5303321,2025-12-29,alkalinity,False,False,False,False,True
5303321,2026-01-28,alkalinity,False,False,False,False,True
5303321,2026-02-23,alkalinity,False,False,False,False,True
5303321,2026-03-27,alkalinity,False,False,False,False,True
5303322,2026-01-17,alkalinity,False,False,False,False,True
5303322,2026-02-22,alkalinity,False,False,False,False,True
5303335,2025-01-26,alkalinity,False,False,False,False,True
5303335,2025-03-09,alkalinity,False,False,False,False,True
5303335,2025-04-12,alkalinity,False,False,False,False,True
5303335,2025-05-24,alkalinity,False,False,False,False,True
5303335,2025-07-12,alkalinity,False,False,False,False,True
5303346,2025-01-02,alkalinity,False,False,False,False,False
5303346,2025-01-21,alkalinity,False,False,False,False,False
5303346,2025-02-02,alkalinity,False,False,False,False,False
5303346,2025-02-18,alkalinity,False,False,False,False,False
5303346,2025-03-02,alkalinity,False,False,False,False,True
5303346,2025-03-25,alkalinity,False,False,False,False,True
5303346,2025-05-05,alkalinity,False,False,False,False,True
5303346,2025-05-14,alkalinity,False,False,False,False,True
5303346,2025-05-20,alkalinity,False,False,False,False,True
5303346,2025-08-03,alkalinity,False,False,False,False,True
5303346,2025-08-27,alkalinity,False,False,False,False,True
5303346,2025-10-25,alkalinity,False,False,False,False,True
5303346,2025-11-19,alkalinity,False,False,False,False,True
5303346,2026-01-04,alkalinity,False,False,False,False,True
5303354,2025-01-15,alkalinity,False,False,False,False,True
5303354,2025-02-20,alkalinity,False,False,False,False,True
5303354,2025-03-20,alkalinity,False,False,False,False,True
5303354,2025-04-19,alkalinity,False,False,False,False,True
5303354,2025-05-21,alkalinity,False,False,False,False,True
5303354,2025-06-18,alkalinity,False,False,False,False,True
5303354,2025-07-17,alkalinity,False,False,False,False,True
5303354,2025-08-20,alkalinity,False,False,False,False,True
5303354,2025-10-15,alkalinity,False,False,False,False,True
5303354,2025-11-19,alkalinity,False,False,False,False,True
5303354,2026-01-22,alkalinity,False,False,False,False,True
5303354,2026-02-18,alkalinity,False,False,False,False,True
5303354,2026-03-18,alkalinity,False,False,False,False,True
5303360,2025-01-23,alkalinity,False,False,False,False,True
5303360,2025-02-27,alkalinity,False,False,False,False,True
5303360,2025-03-20,alkalinity,False,False,False,False,True
5303360,2025-04-26,alkalinity,False,False,False,False,True
5303360,2025-05-19,alkalinity,False,False,False,False,True
5303360,2025-07-29,alkalinity,False,False,False,False,True
5303360,2025-08-14,alkalinity,False,False,False,False,True
5303360,2025-09-30,alkalinity,False,False,False,False,True
5303360,2025-10-14,alkalinity,False,False,False,False,True
5303360,2025-11-24,alkalinity,False,False,False,False,True
5303360,2026-01-20,alkalinity,False,False,False,False,True
5303361,2025-01-23,alkalinity,False,False,False,False,True
5303361,2025-02-27,alkalinity,False,False,False,False,True
5303361,2025-03-20,alkalinity,False,False,False,False,True
5303361,2025-04-26,alkalinity,False,False,False,False,True
5303361,2025-05-19,alkalinity,False,False,False,False,True
5303361,2025-07-29,alkalinity,False,False,False,False,True
5303361,2025-08-14,alkalinity,False,False,False,False,True
5303361,2025-09-30,alkalinity,False,False,False,False,True
5303361,2025-10-14,alkalinity,False,False,False,False,True
5303361,2025-11-24,alkalinity,False,False,False,False,True
5303361,2026-01-20,alkalinity,False,False,False,False,True
5303371,2025-01-15,alkalinity,False,False,False,False,True
5303371,2025-02-28,alkalinity,False,False,False,False,True
5303371,2025-03-17,alkalinity,False,False,False,False,True
5303371,2025-04-17,alkalinity,False,False,False,False,True
5303371,2025-04-28,alkalinity,False,False,False,False,True
5303371,2025-05-15,alkalinity,False,False,False,False,True
5303371,2025-06-23,alkalinity,False,False,False,False,True
5303371,2025-07-21,alkalinity,False,False,False,False,True
5303371,2025-08-29,alkalinity,False,False,False,False,True
5303371,2025-10-13,alkalinity,False,False,False,False,True
5303371,2026-02-05,alkalinity,False,False,False,False,True
5303382,2025-01-08,alkalinity,False,False,False,False,True
5303382,2025-02-12,alkalinity,False,False,False,False,True
5303383,2025-01-23,alkalinity,False,False,False,False,True
5303383,2025-02-27,alkalinity,False,False,False,False,True
5303383,2025-03-20,alkalinity,False,False,False,False,True
5303383,2025-04-26,alkalinity,False,False,False,False,True
5303383,2025-05-19,alkalinity,False,False,False,False,True
5303383,2025-07-29,alkalinity,False,False,False,False,True
5303383,2025-08-14,alkalinity,False,False,False,False,True
5303383,2025-09-30,alkalinity,False,False,False,False,True
5303383,2025-10-14,alkalinity,False,False,False,False,True
5303383,2025-11-24,alkalinity,False,False,False,False,True
5303383,2026-01-20,alkalinity,False,False,False,False,True
5303384,2025-01-24,alkalinity,False,False,False,False,True
5303384,2025-02-27,alkalinity,False,False,False,False,True
5303384,2025-03-20,alkalinity,False,False,False,False,True
5303384,2025-04-26,alkalinity,False,False,False,False,True
5303384,2025-05-19,alkalinity,False,False,False,False,True
5303384,2025-07-29,alkalinity,False,False,False,False,True
5303384,2025-08-14,alkalinity,False,False,False,False,True
5303384,2025-09-30,alkalinity,False,False,False,False,True
5303384,2025-10-14,alkalinity,False,False,False,False,True
5303384,2025-11-24,alkalinity,False,False,False,False,True
5303384,2026-01-20,alkalinity,False,False,False,False,True
5303386,2025-01-30,alkalinity,False,False,False,False,True
5303386,2025-03-09,alkalinity,False,False,False,False,True
5303386,2025-04-16,alkalinity,False,False,False,False,True
5303386,2025-05-06,alkalinity,False,False,False,False,True
5303387,2025-01-29,alkalinity,True,False,False,False,True
5303387,2025-02-28,alkalinity,True,False,False,False,True
5303387,2025-05-03,alkalinity,True,False,False,False,True
5303387,2025-06-03,alkalinity,True,False,False,False,True
5303387,2025-06-25,alkalinity,True,False,False,False,True
5303387,2025-07-30,alkalinity,True,False,False,False,True
5303387,2025-10-29,alkalinity,True,False,False,False,True
5303387,2026-01-28,alkalinity,True,False,False,False,True
5303387,2026-02-27,alkalinity,True,False,False,False,True
5303391,2025-01-04,alkalinity,True,False,False,False,True
5303391,2025-02-08,alkalinity,True,False,False,False,True
5303391,2025-03-01,alkalinity,True,False,False,False,True
5303391,2025-03-29,alkalinity,True,False,False,False,True
5303391,2025-04-24,alkalinity,True,False,False,False,True
5303391,2025-05-24,alkalinity,True,False,False,False,True
5303391,2025-06-07,alkalinity,True,False,False,False,True
5303391,2025-06-20,alkalinity,True,False,False,False,True
5303391,2025-07-18,alkalinity,True,False,False,False,True
5303391,2025-08-03,alkalinity,True,False,False,False,True
5303391,2025-08-12,alkalinity,True,False,False,False,True
5303391,2025-08-27,alkalinity,True,False,False,False,True
5303391,2025-09-11,alkalinity,True,False,False,False,True
5303391,2025-10-04,alkalinity,True,False,False,False,True
5303391,2025-10-12,alkalinity,True,False,False,False,True
5303391,2025-11-08,alkalinity,True,False,False,False,True
5303391,2025-12-04,alkalinity,True,False,False,False,True
5303391,2026-01-29,alkalinity,True,False,False,False,True
5303391,2026-03-14,alkalinity,True,False,False,False,True
5303391,2026-03-29,alkalinity,True,False,False,False,True
5303392,2025-01-01,alkalinity,True,False,False,False,True
5303392,2025-01-17,alkalinity,True,False,False,False,True
5303392,2025-02-02,alkalinity,True,False,False,False,True
5303392,2025-02-13,alkalinity,True,False,False,False,True
5303392,2025-03-13,alkalinity,True,False,False,False,True
5303392,2025-03-29,alkalinity,True,False,False,False,True
5303392,2025-04-11,alkalinity,True,False,False,False,True
5303392,2025-05-09,alkalinity,True,False,False,False,True
5303392,2025-05-29,alkalinity,True,False,False,False,True
5303392,2025-06-06,alkalinity,True,False,False,False,True
5303392,2025-06-23,alkalinity,True,False,False,False,True
5303392,2025-07-03,alkalinity,True,False,False,False,True
5303392,2025-07-17,alkalinity,True,False,False,False,True
5303392,2025-08-02,alkalinity,True,False,False,False,True
5303392,2025-08-17,alkalinity,True,False,False,False,True
5303392,2025-08-30,alkalinity,True,False,False,False,True
5303392,2025-09-24,alkalinity,True,False,False,False,True
5303392,2025-10-23,alkalinity,True,False,False,False,True
5303392,2025-11-21,alkalinity,True,False,False,False,True
5303392,2026-01-04,alkalinity,True,False,False,False,True
5303392,2026-01-16,alkalinity,True,False,False,False,True
5303392,2026-02-06,alkalinity,True,False,False,False,True
5303392,2026-02-14,alkalinity,True,False,False,False,True
5303392,2026-03-11,alkalinity,True,False,False,False,True
5303392,2026-03-26,alkalinity,True,False,False,False,True
5303392,2026-04-11,alkalinity,True,False,False,False,True
5303393,2025-01-03,alkalinity,True,False,False,False,True
5303393,2025-01-17,alkalinity,True,False,False,False,True
5303393,2025-01-19,alkalinity,True,False,False,False,True
5303393,2025-01-30,alkalinity,True,False,False,False,True
5303393,2025-02-13,alkalinity,True,False,False,False,True
5303393,2025-02-17,alkalinity,True,False,False,False,True
5303393,2025-03-02,alkalinity,True,False,False,False,True
5303393,2025-03-13,alkalinity,True,False,False,False,True
5303393,2025-03-28,alkalinity,True,False,False,False,True
5303393,2025-04-11,alkalinity,True,False,False,False,True
5303393,2025-04-26,alkalinity,True,False,False,False,True
5303393,2025-05-11,alkalinity,True,False,False,False,True
5303393,2025-05-22,alkalinity,True,False,False,False,True
5303393,2025-05-26,alkalinity,True,False,False,False,True
5303393,2025-06-07,alkalinity,True,False,False,False,True
5303393,2025-07-04,alkalinity,True,False,False,False,True
5303393,2025-07-17,alkalinity,True,False,False,False,True
5303393,2025-08-02,alkalinity,True,False,False,False,True
5303393,2025-08-16,alkalinity,True,False,False,False,True
5303393,2025-09-13,alkalinity,True,False,False,False,True
5303393,2025-11-23,alkalinity,True,False,False,False,True
5303393,2025-12-06,alkalinity,True,False,False,False,True
5303393,2026-01-03,alkalinity,True,False,False,False,True
5303393,2026-01-17,alkalinity,True,False,False,False,True
5303393,2026-01-31,alkalinity,True,False,False,False,True
5303393,2026-02-25,alkalinity,True,False,False,False,True
5303393,2026-04-10,alkalinity,True,False,False,False,True
5303394,2025-01-04,alkalinity,True,False,False,False,True
5303394,2025-02-01,alkalinity,True,False,False,False,True
5303394,2025-03-02,alkalinity,True,False,False,False,True
5303394,2025-03-26,alkalinity,True,False,False,False,True
5303394,2025-04-24,alkalinity,True,False,False,False,True
5303394,2025-05-24,alkalinity,True,False,False,False,True
5303394,2025-06-13,alkalinity,True,False,False,False,True
5303394,2025-06-21,alkalinity,True,False,False,False,True
5303394,2025-07-18,alkalinity,True,False,False,False,True
5303394,2025-08-29,alkalinity,True,False,False,False,True
5303394,2025-09-02,alkalinity,True,False,False,False,True
5303394,2025-09-14,alkalinity,True,False,False,False,True
5303394,2025-10-03,alkalinity,True,False,False,False,True
5303394,2025-10-12,alkalinity,True,False,False,False,True
5303394,2025-11-23,alkalinity,True,False,False,False,True
5303394,2025-11-28,alkalinity,True,False,False,False,True
5303394,2025-12-07,alkalinity,True,False,False,False,True
5303394,2025-12-27,alkalinity,True,False,False,False,True
5303394,2026-01-04,alkalinity,True,False,False,False,True
5303394,2026-02-11,alkalinity,True,False,False,False,True
5303394,2026-03-02,alkalinity,True,False,False,False,True
5303394,2026-03-14,alkalinity,True,False,False,False,True
5303394,2026-03-28,alkalinity,True,False,False,False,True
5303395,2025-01-24,alkalinity,True,False,False,False,True
5303395,2025-02-20,alkalinity,True,False,False,False,True
5303395,2025-03-20,alkalinity,True,False,False,False,True
5303395,2025-04-18,alkalinity,True,False,False,False,True
5303395,2025-05-04,alkalinity,True,False,False,False,True
5303395,2025-05-31,alkalinity,True,False,False,False,True
5303395,2025-06-14,alkalinity,True,False,False,False,True
5303395,2025-06-29,alkalinity,True,False,False,False,True
5303395,2025-07-11,alkalinity,True,False,False,False,True
5303395,2025-08-13,alkalinity,True,False,False,False,True
5303395,2025-08-24,alkalinity,True,False,False,False,True
5303395,2025-09-04,alkalinity,True,False,False,False,True
5303395,2025-09-16,alkalinity,True,False,False,False,True
5303395,2025-09-21,alkalinity,True,False,False,False,True
5303395,2025-10-03,alkalinity,True,False,False,False,True
5303395,2025-10-18,alkalinity,True,False,False,False,True
5303395,2025-11-15,alkalinity,True,False,False,False,True
5303395,2025-11-26,alkalinity,True,False,False,False,True
5303395,2025-12-14,alkalinity,True,False,False,False,True
5303395,2025-12-27,alkalinity,True,False,False,False,True
5303395,2026-02-07,alkalinity,True,False,False,False,True
5303395,2026-03-07,alkalinity,True,False,False,False,True
5303396,2025-01-12,alkalinity,True,False,False,False,True
5303396,2025-02-08,alkalinity,True,False,False,False,True
5303396,2025-04-19,alkalinity,True,False,False,False,True
5303396,2025-05-13,alkalinity,True,False,False,False,True
5303396,2025-06-07,alkalinity,True,False,False,False,True
5303396,2025-07-13,alkalinity,True,False,False,False,True
5303396,2025-08-13,alkalinity,True,False,False,False,True
5303396,2025-10-30,alkalinity,True,False,False,False,True
5303396,2025-11-30,alkalinity,True,False,False,False,True
5303396,2025-12-31,alkalinity,True,False,False,False,True
5303396,2026-01-26,alkalinity,True,False,False,False,True
5303396,2026-02-06,alkalinity,True,False,False,False,True
5303396,2026-03-01,alkalinity,True,False,False,False,True
5303396,2026-03-08,alkalinity,True,False,False,False,True
5303396,2026-03-22,alkalinity,True,False,False,False,True
5303397,2025-01-12,alkalinity,True,False,False,False,True
5303397,2025-01-23,alkalinity,True,False,False,False,True
5303397,2025-02-09,alkalinity,True,False,False,False,True
5303397,2025-02-20,alkalinity,True,False,False,False,True
5303397,2025-03-09,alkalinity,True,False,False,False,True
5303397,2025-03-18,alkalinity,True,False,False,False,True
5303397,2025-04-06,alkalinity,True,False,False,False,True
5303397,2025-04-18,alkalinity,True,False,False,False,True
5303397,2025-05-04,alkalinity,True,False,False,False,True
5303397,2025-05-10,alkalinity,True,False,False,False,True
5303397,2025-06-01,alkalinity,True,False,False,False,True
5303397,2025-06-15,alkalinity,True,False,False,False,True
5303397,2025-07-11,alkalinity,True,False,False,False,True
5303397,2025-07-26,alkalinity,True,False,False,False,True
5303397,2025-08-06,alkalinity,True,False,False,False,True
5303397,2025-08-24,alkalinity,True,False,False,False,True
5303397,2025-09-21,alkalinity,True,False,False,False,True
5303397,2025-11-15,alkalinity,True,False,False,False,True
5303397,2025-11-28,alkalinity,True,False,False,False,True
5303397,2025-12-14,alkalinity,True,False,False,False,True
5303397,2026-01-10,alkalinity,True,False,False,False,True
5303397,2026-01-11,alkalinity,True,False,False,False,True
5303397,2026-01-24,alkalinity,True,False,False,False,True
5303397,2026-02-07,alkalinity,True,False,False,False,True
5303397,2026-03-07,alkalinity,True,False,False,False,True
5303398,2025-01-11,alkalinity,True,False,False,False,True
5303398,2025-01-26,alkalinity,True,False,False,False,True
5303398,2025-02-15,alkalinity,True,False,False,False,True
5303398,2025-02-23,alkalinity,True,False,False,False,True
5303398,2025-03-08,alkalinity,True,False,False,False,True
5303398,2025-04-05,alkalinity,True,False,False,False,True
5303398,2025-05-04,alkalinity,True,False,False,False,True
5303398,2025-06-01,alkalinity,True,False,False,False,True
5303398,2025-06-29,alkalinity,True,False,False,False,True
5303398,2025-07-25,alkalinity,True,False,False,False,True
5303398,2025-09-21,alkalinity,True,False,False,False,True
5303398,2025-10-08,alkalinity,True,False,False,False,True
5303398,2025-10-19,alkalinity,True,False,False,False,True
5303398,2025-11-16,alkalinity,True,False,False,False,True
5303398,2025-12-13,alkalinity,True,False,False,False,True
5303398,2026-01-10,alkalinity,True,False,False,False,True
5303398,2026-03-09,alkalinity,True,False,False,False,True
5303398,2026-03-22,alkalinity,True,False,False,False,True
5306101,2025-01-30,alkalinity,False,False,False,False,True
5306101,2025-02-23,alkalinity,False,False,False,False,True
5306101,2025-03-30,alkalinity,False,False,False,False,True
5306101,2025-05-17,alkalinity,False,False,False,False,True
5306101,2025-06-28,alkalinity,False,False,False,False,True
5306101,2025-07-21,alkalinity,False,False,False,False,True
5306101,2025-09-06,alkalinity,False,False,False,False,True
5306103,2025-01-30,alkalinity,False,False,False,False,True
5306103,2025-03-19,alkalinity,False,False,False,False,True
5306103,2025-04-17,alkalinity,False,False,False,False,True
5306103,2025-05-20,alkalinity,False,False,False,False,True
5306103,2025-06-22,alkalinity,False,False,False,False,True
5306103,2025-07-24,alkalinity,False,False,False,False,True
5306103,2025-08-25,alkalinity,False,False,False,False,True
5306103,2025-09-24,alkalinity,False,False,False,False,True
5306103,2025-10-27,alkalinity,False,False,False,False,True
5306103,2025-11-27,alkalinity,False,False,False,False,True
5306103,2025-12-29,alkalinity,False,False,False,False,True
5306103,2026-01-28,alkalinity,False,False,False,False,True
5306103,2026-02-23,alkalinity,False,False,False,False,True
5306103,2026-03-27,alkalinity,False,False,False,False,True
5303305,2025-01-21,hardness,False,False,False,False,True
5303305,2025-04-15,hardness,False,False,False,False,True
5303305,2025-05-27,hardness,False,False,False,False,True
5303305,2025-06-30,hardness,False,False,False,False,True
5303305,2025-07-28,hardness,False,False,False,False,True
5303305,2025-08-19,hardness,False,False,False,False,True
5303305,2025-09-19,hardness,False,False,False,False,True
5303305,2025-10-19,hardness,False,False,False,False,True
5303305,2025-11-24,hardness,False,False,False,False,True
5303305,2025-12-12,hardness,False,False,False,False,True
5303305,2026-01-24,hardness,False,False,False,False,True
5303305,2026-02-24,hardness,False,False,False,False,True
5303305,2026-03-29,hardness,False,False,False,False,True
5303306,2025-02-02,hardness,False,False,False,False,True
5303306,2025-03-02,hardness,False,False,False,False,True
5303306,2025-04-06,hardness,False,False,False,False,True
5303306,2025-05-04,hardness,False,False,False,False,True
5303306,2025-06-01,hardness,False,False,False,False,True
5303306,2025-07-06,hardness,False,False,False,False,True
5303306,2025-08-03,hardness,False,False,False,False,True
5303306,2025-09-07,hardness,False,False,False,False,True
5303306,2025-10-05,hardness,False,False,False,False,True
5303306,2025-11-02,hardness,False,False,False,False,True
5303306,2025-12-06,hardness,False,False,False,False,True
5303306,2026-01-04,hardness,False,False,False,False,True
5303306,2026-02-01,hardness,False,False,False,False,True
5303306,2026-03-01,hardness,False,False,False,False,True
5303308,2025-01-11,hardness,False,False,False,False,True
5303308,2025-03-08,hardness,False,False,False,False,True
5303308,2025-04-12,hardness,False,False,False,False,True
5303308,2025-05-10,hardness,False,False,False,False,True
5303308,2025-08-16,hardness,False,False,False,False,True
5303308,2025-10-11,hardness,False,False,False,False,True
5303308,2025-11-09,hardness,False,False,False,False,True
5303309,2025-01-11,hardness,False,False,False,False,True
5303309,2025-04-12,hardness,False,False,False,False,True
53033100,2025-01-29,hardness,False,False,False,False,True
53033100,2025-03-03,hardness,False,False,False,False,True
53033100,2025-04-15,hardness,False,False,False,False,True
53033100,2025-04-16,hardness,False,False,False,False,True
53033100,2025-05-04,hardness,False,False,False,False,True
53033100,2025-06-07,hardness,False,False,False,False,True
53033100,2025-07-14,hardness,False,False,False,False,True
53033100,2025-09-09,hardness,False,False,False,False,True
53033100,2025-10-16,hardness,False,False,False,False,True
53033100,2025-12-20,hardness,False,False,False,False,True
53033100,2026-03-22,hardness,False,False,False,False,True
53033101,2025-01-09,hardness,False,False,False,False,True
53033101,2025-02-11,hardness,False,False,False,False,True
53033101,2025-03-06,hardness,False,False,False,False,True
53033101,2025-04-09,hardness,False,False,False,False,True
53033101,2025-05-09,hardness,False,False,False,False,True
53033101,2025-06-20,hardness,False,False,False,False,True
53033101,2025-07-25,hardness,False,False,False,False,True
53033101,2025-08-29,hardness,False,False,False,False,True
53033101,2025-09-20,hardness,False,False,False,False,True
53033101,2025-10-10,hardness,False,False,False,False,True
53033101,2025-11-14,hardness,False,False,False,False,True
53033101,2025-12-19,hardness,False,False,False,False,True
53033101,2026-01-09,hardness,False,False,False,False,True
53033101,2026-02-06,hardness,False,False,False,False,True
53033101,2026-03-14,hardness,False,False,False,False,True
53033102,2025-01-31,hardness,False,False,False,False,True
53033102,2025-02-28,hardness,False,False,False,False,True
53033102,2025-04-04,hardness,False,False,False,False,True
53033102,2025-04-29,hardness,False,False,False,False,True
53033102,2026-03-26,hardness,False,False,False,False,True
53033103,2025-01-31,hardness,False,False,False,False,True
53033103,2025-02-28,hardness,False,False,False,False,True
53033103,2025-04-04,hardness,False,False,False,False,True
53033103,2025-04-29,hardness,False,False,False,False,True
53033103,2026-02-18,hardness,False,False,False,False,True
53033103,2026-03-26,hardness,False,False,False,False,True
53033104,2025-03-02,hardness,False,False,False,False,True
53033104,2025-05-04,hardness,False,False,False,False,True
53033104,2025-06-07,hardness,False,False,False,False,True
53033104,2025-07-11,hardness,False,False,False,False,True
53033104,2025-09-17,hardness,False,False,False,False,True
53033104,2025-10-14,hardness,False,False,False,False,True
53033105,2025-01-19,hardness,False,False,False,False,True
53033105,2025-02-22,hardness,False,False,False,False,True
53033105,2025-03-22,hardness,False,False,False,False,True
53033105,2025-04-15,hardness,False,False,False,False,True
53033105,2025-05-21,hardness,False,False,False,False,True
53033105,2025-06-11,hardness,False,False,False,False,True
53033105,2025-07-15,hardness,False,False,False,False,True
53033105,2025-08-19,hardness,False,False,False,False,True
53033105,2025-09-17,hardness,False,False,False,False,True
53033105,2025-10-22,hardness,False,False,False,False,True
53033105,2025-11-18,hardness,False,False,False,False,True
53033105,2025-12-16,hardness,False,False,False,False,True
53033105,2026-01-27,hardness,False,False,False,False,True
53033105,2026-03-21,hardness,False,False,False,False,True
5303318,2025-01-11,hardness,False,False,False,False,True
5303318,2025-03-08,hardness,False,False,False,False,True
5303318,2025-04-12,hardness,False,False,False,False,True
5303318,2025-05-10,hardness,False,False,False,False,True
5303318,2025-07-19,hardness,False,False,False,False,True
5303318,2025-08-16,hardness,False,False,False,False,True
5303318,2025-10-11,hardness,False,False,False,False,True
5303318,2025-11-08,hardness,False,False,False,False,True
5303319,2025-01-11,hardness,False,False,False,False,True
5303319,2025-04-12,hardness,False,False,False,False,True
5303319,2025-07-19,hardness,False,False,False,False,True
5303320,2025-02-04,hardness,False,False,False,False,True
5303320,2025-03-02,hardness,False,False,False,False,True
5303320,2025-04-06,hardness,False,False,False,False,True
5303320,2025-05-04,hardness,False,False,False,False,True
5303320,2025-06-01,hardness,False,False,False,False,True
5303320,2025-07-06,hardness,False,False,False,False,True
5303320,2025-08-03,hardness,False,False,False,False,True
5303320,2025-09-07,hardness,False,False,False,False,True
5303320,2025-10-05,hardness,False,False,False,False,True
5303320,2025-11-02,hardness,False,False,False,False,True
5303320,2025-12-06,hardness,False,False,False,False,True
5303320,2026-01-05,hardness,False,False,False,False,True
5303320,2026-02-02,hardness,False,False,False,False,True
5303320,2026-03-02,hardness,False,False,False,False,True
5303321,2025-01-30,hardness,False,False,False,False,True
5303321,2025-03-19,hardness,False,False,False,False,True
5303321,2025-04-18,hardness,False,False,False,False,True
5303321,2025-05-20,hardness,False,False,False,False,True
5303321,2025-06-21,hardness,False,False,False,False,True
5303321,2025-07-24,hardness,False,False,False,False,True
5303321,2025-08-25,hardness,False,False,False,False,True
5303321,2025-09-24,hardness,False,False,False,False,True
5303321,2025-10-27,hardness,False,False,False,False,True
5303321,2025-11-27,hardness,False,False,False,False,True
5303321,2025-12-29,hardness,False,False,False,False,True
5303321,2026-01-28,hardness,False,False,False,False,True
5303321,2026-02-23,hardness,False,False,False,False,True
5303321,2026-03-27,hardness,False,False,False,False,True
5303322,2026-01-17,hardness,False,False,False,False,True
5303322,2026-02-22,hardness,False,False,False,False,True
5303335,2025-01-26,hardness,False,False,False,False,True
5303335,2025-03-09,hardness,False,False,False,False,True
5303335,2025-04-12,hardness,False,False,False,False,True
5303335,2025-05-24,hardness,False,False,False,False,True
5303335,2025-07-12,hardness,False,False,False,False,True
5303346,2025-01-02,hardness,False,False,False,False,False
5303346,2025-01-21,hardness,False,False,False,False,False
5303346,2025-02-02,hardness,False,False,False,False,False
5303346,2025-02-18,hardness,False,False,False,False,False
5303346,2025-03-02,hardness,False,False,False,False,True
5303346,2025-03-25,hardness,False,False,False,False,True
5303346,2025-05-05,hardness,False,False,False,False,True
5303346,2025-05-14,hardness,False,False,False,False,True
5303346,2025-05-20,hardness,False,False,False,False,True
5303346,2025-08-03,hardness,False,False,False,False,True
5303346,2025-08-27,hardness,False,False,False,False,True
5303346,2025-10-15,hardness,False,False,False,False,True
5303346,2025-10-25,hardness,False,False,False,False,True
5303346,2025-11-19,hardness,False,False,False,False,True
5303346,2026-01-04,hardness,False,False,False,False,True
5303354,2025-01-15,hardness,False,False,False,False,True
5303354,2025-02-20,hardness,False,False,False,False,True
5303354,2025-03-20,hardness,False,False,False,False,True
5303354,2025-04-19,hardness,False,False,False,False,True
5303354,2025-05-21,hardness,False,False,False,False,True
5303354,2025-06-18,hardness,False,False,False,False,True
5303354,2025-07-17,hardness,False,False,False,False,True
5303354,2025-08-20,hardness,False,False,False,False,True
5303354,2025-10-15,hardness,False,False,False,False,True
5303354,2025-11-19,hardness,False,False,False,False,True
5303354,2026-01-22,hardness,False,False,False,False,True
5303354,2026-02-18,hardness,False,False,False,False,True
5303354,2026-03-18,hardness,False,False,False,False,True
5303360,2025-01-23,hardness,False,False,False,False,True
5303360,2025-02-27,hardness,False,False,False,False,True
5303360,2025-03-20,hardness,False,False,False,False,True
5303360,2025-04-26,hardness,False,False,False,False,True
5303360,2025-05-19,hardness,False,False,False,False,True
5303360,2025-07-29,hardness,False,False,False,False,True
5303360,2025-08-14,hardness,False,False,False,False,True
5303360,2025-09-30,hardness,False,False,False,False,True
5303360,2025-10-14,hardness,False,False,False,False,True
5303360,2025-11-24,hardness,False,False,False,False,True
5303360,2026-01-20,hardness,False,False,False,False,True
5303361,2025-01-23,hardness,False,False,False,False,True
5303361,2025-02-27,hardness,False,False,False,False,True
5303361,2025-03-20,hardness,False,False,False,False,True
5303361,2025-04-26,hardness,False,False,False,False,True
5303361,2025-05-19,hardness,False,False,False,False,True
5303361,2025-07-29,hardness,False,False,False,False,True
5303361,2025-08-14,hardness,False,False,False,False,True
5303361,2025-09-30,hardness,False,False,False,False,True
5303361,2025-10-14,hardness,False,False,False,False,True
5303361,2025-11-24,hardness,False,False,False,False,True
5303361,2026-01-20,hardness,False,False,False,False,True
5303371,2025-01-15,hardness,False,False,False,False,True
5303371,2025-02-28,hardness,False,False,False,False,True
5303371,2025-03-17,hardness,False,False,False,False,True
5303371,2025-04-17,hardness,False,False,False,False,True
5303371,2025-04-28,hardness,False,False,False,False,True
5303371,2025-05-15,hardness,False,False,False,False,True
5303371,2025-06-23,hardness,False,False,False,False,True
5303371,2025-07-21,hardness,False,False,False,False,True
5303371,2025-08-29,hardness,False,False,False,False,True
5303371,2025-10-13,hardness,False,False,False,False,True
5303371,2026-02-05,hardness,False,False,False,False,True
5303382,2025-01-08,hardness,False,False,False,False,True
5303382,2025-02-12,hardness,False,False,False,False,True
5303383,2025-01-23,hardness,False,False,False,False,True
5303383,2025-02-27,hardness,False,False,False,False,True
5303383,2025-03-20,hardness,False,False,False,False,True
5303383,2025-04-26,hardness,False,False,False,False,True
5303383,2025-05-19,hardness,False,False,False,False,True
5303383,2025-07-29,hardness,False,False,False,False,True
5303383,2025-08-14,hardness,False,False,False,False,True
5303383,2025-09-30,hardness,False,False,False,False,True
5303383,2025-10-14,hardness,False,False,False,False,True
5303383,2025-11-24,hardness,False,False,False,False,True
5303383,2026-01-20,hardness,False,False,False,False,True
5303384,2025-01-24,hardness,False,False,False,False,True
5303384,2025-02-27,hardness,False,False,False,False,True
5303384,2025-03-20,hardness,False,False,False,False,True
5303384,2025-04-26,hardness,False,False,False,False,True
5303384,2025-05-19,hardness,False,False,False,False,True
5303384,2025-07-29,hardness,False,False,False,False,True
5303384,2025-08-14,hardness,False,False,False,False,True
5303384,2025-09-30,hardness,False,False,False,False,True
5303384,2025-10-14,hardness,False,False,False,False,True
5303384,2025-11-24,hardness,False,False,False,False,True
5303384,2026-01-20,hardness,False,False,False,False,True
5303386,2025-01-30,hardness,False,False,False,False,True
5303386,2025-03-09,hardness,False,False,False,False,True
5303386,2025-04-16,hardness,False,False,False,False,True
5303386,2025-05-06,hardness,False,False,False,False,True
5303387,2025-01-29,hardness,True,False,False,False,True
5303387,2025-02-28,hardness,True,False,False,False,True
5303387,2025-05-03,hardness,True,False,False,False,True
5303387,2025-06-03,hardness,True,False,False,False,True
5303387,2025-06-25,hardness,True,False,False,False,True
5303387,2025-07-30,hardness,True,False,False,False,True
5303387,2025-10-29,hardness,True,False,False,False,True
5303387,2026-01-28,hardness,True,False,False,False,True
5303387,2026-02-27,hardness,True,False,False,False,True
5303391,2025-01-04,hardness,True,False,False,False,True
5303391,2025-02-08,hardness,True,False,False,False,True
5303391,2025-03-29,hardness,True,False,False,False,True
5303391,2025-04-24,hardness,True,False,False,False,True
5303391,2025-05-24,hardness,True,False,False,False,True
5303391,2025-06-07,hardness,True,False,False,False,True
5303391,2025-06-20,hardness,True,False,False,False,True
5303391,2025-07-18,hardness,True,False,False,False,True
5303391,2025-08-03,hardness,True,False,False,False,True
5303391,2025-08-12,hardness,True,False,False,False,True
5303391,2025-09-11,hardness,True,False,False,False,True
5303391,2025-10-04,hardness,True,False,False,False,True
5303391,2025-10-12,hardness,True,False,False,False,True
5303391,2025-11-08,hardness,True,False,False,False,True
5303391,2025-12-04,hardness,True,False,False,False,True
5303391,2026-01-04,hardness,True,False,False,False,True
5303391,2026-01-29,hardness,True,False,False,False,True
5303391,2026-03-14,hardness,True,False,False,False,True
5303391,2026-03-29,hardness,True,False,False,False,True
5303392,2025-01-01,hardness,True,False,False,False,True
5303392,2025-01-17,hardness,True,False,False,False,True
5303392,2025-02-02,hardness,True,False,False,False,True
5303392,2025-02-13,hardness,True,False,False,False,True
5303392,2025-03-13,hardness,True,False,False,False,True
5303392,2025-03-29,hardness,True,False,False,False,True
5303392,2025-04-11,hardness,True,False,False,False,True
5303392,2025-05-09,hardness,True,False,False,False,True
5303392,2025-05-29,hardness,True,False,False,False,True
5303392,2025-06-06,hardness,True,False,False,False,True
5303392,2025-06-23,hardness,True,False,False,False,True
5303392,2025-07-03,hardness,True,False,False,False,True
5303392,2025-08-02,hardness,True,False,False,False,True
5303392,2025-08-17,hardness,True,False,False,False,True
5303392,2025-08-30,hardness,True,False,False,False,True
5303392,2025-09-24,hardness,True,False,False,False,True
5303392,2025-10-23,hardness,True,False,False,False,True
5303392,2025-11-21,hardness,True,False,False,False,True
5303392,2026-01-16,hardness,True,False,False,False,True
5303392,2026-02-06,hardness,True,False,False,False,True
5303392,2026-02-14,hardness,True,False,False,False,True
5303392,2026-03-11,hardness,True,False,False,False,True
5303392,2026-04-01,hardness,True,False,False,False,True
5303392,2026-04-11,hardness,True,False,False,False,True
5303393,2025-01-03,hardness,True,False,False,False,True
5303393,2025-01-17,hardness,True,False,False,False,True
5303393,2025-01-19,hardness,True,False,False,False,True
5303393,2025-01-30,hardness,True,False,False,False,True
5303393,2025-02-13,hardness,True,False,False,False,True
5303393,2025-02-17,hardness,True,False,False,False,True
5303393,2025-03-02,hardness,True,False,False,False,True
5303393,2025-04-11,hardness,True,False,False,False,True
5303393,2025-04-26,hardness,True,False,False,False,True
5303393,2025-05-11,hardness,True,False,False,False,True
5303393,2025-05-22,hardness,True,False,False,False,True
5303393,2025-05-26,hardness,True,False,False,False,True
5303393,2025-06-07,hardness,True,False,False,False,True
5303393,2025-06-20,hardness,True,False,False,False,True
5303393,2025-07-04,hardness,True,False,False,False,True
5303393,2025-07-17,hardness,True,False,False,False,True
5303393,2025-08-02,hardness,True,False,False,False,True
5303393,2025-08-16,hardness,True,False,False,False,True
5303393,2025-09-13,hardness,True,False,False,False,True
5303393,2025-11-23,hardness,True,False,False,False,True
5303393,2025-12-06,hardness,True,False,False,False,True
5303393,2026-01-03,hardness,True,False,False,False,True
5303393,2026-01-17,hardness,True,False,False,False,True
5303393,2026-01-31,hardness,True,False,False,False,True
5303393,2026-02-25,hardness,True,False,False,False,True
5303394,2025-01-04,hardness,True,False,False,False,True
5303394,2025-02-01,hardness,True,False,False,False,True
5303394,2025-03-02,hardness,True,False,False,False,True
5303394,2025-03-26,hardness,True,False,False,False,True
5303394,2025-04-24,hardness,True,False,False,False,True
5303394,2025-05-24,hardness,True,False,False,False,True
5303394,2025-06-13,hardness,True,False,False,False,True
5303394,2025-06-21,hardness,True,False,False,False,True
5303394,2025-07-18,hardness,True,False,False,False,True
5303394,2025-08-10,hardness,True,False,False,False,True
5303394,2025-08-29,hardness,True,False,False,False,True
5303394,2025-09-02,hardness,True,False,False,False,True
5303394,2025-09-14,hardness,True,False,False,False,True
5303394,2025-10-03,hardness,True,False,False,False,True
5303394,2025-11-23,hardness,True,False,False,False,True
5303394,2025-11-28,hardness,True,False,False,False,True
5303394,2025-12-07,hardness,True,False,False,False,True
5303394,2025-12-27,hardness,True,False,False,False,True
5303394,2026-01-04,hardness,True,False,False,False,True
5303394,2026-01-17,hardness,True,False,False,False,True
5303394,2026-02-11,hardness,True,False,False,False,True
5303394,2026-03-02,hardness,True,False,False,False,True
5303394,2026-03-14,hardness,True,False,False,False,True
5303395,2025-01-24,hardness,True,False,False,False,True
5303395,2025-02-20,hardness,True,False,False,False,True
5303395,2025-04-18,hardness,True,False,False,False,True
5303395,2025-05-04,hardness,True,False,False,False,True
5303395,2025-05-31,hardness,True,False,False,False,True
5303395,2025-06-14,hardness,True,False,False,False,True
5303395,2025-06-29,hardness,True,False,False,False,True
5303395,2025-07-11,hardness,True,False,False,False,True
5303395,2025-08-13,hardness,True,False,False,False,True
5303395,2025-08-24,hardness,True,False,False,False,True
5303395,2025-09-04,hardness,True,False,False,False,True
5303395,2025-09-16,hardness,True,False,False,False,True
5303395,2025-09-21,hardness,True,False,False,False,True
5303395,2025-10-03,hardness,True,False,False,False,True
5303395,2025-10-18,hardness,True,False,False,False,True
5303395,2025-11-15,hardness,True,False,False,False,True
5303395,2025-11-26,hardness,True,False,False,False,True
5303395,2025-12-14,hardness,True,False,False,False,True
5303395,2025-12-27,hardness,True,False,False,False,True
5303395,2026-02-07,hardness,True,False,False,False,True
5303395,2026-02-22,hardness,True,False,False,False,True
5303395,2026-03-07,hardness,True,False,False,False,True
5303396,2025-01-12,hardness,True,False,False,False,True
5303396,2025-02-08,hardness,True,False,False,False,True
5303396,2025-04-19,hardness,True,False,False,False,True
5303396,2025-05-13,hardness,True,False,False,False,True
5303396,2025-06-07,hardness,True,False,False,False,True
5303396,2025-07-13,hardness,True,False,False,False,True
5303396,2025-08-13,hardness,True,False,False,False,True
5303396,2025-10-30,hardness,True,False,False,False,True
5303396,2025-11-30,hardness,True,False,False,False,True
5303396,2026-01-26,hardness,True,False,False,False,True
5303396,2026-02-06,hardness,True,False,False,False,True
5303396,2026-03-01,hardness,True,False,False,False,True
5303396,2026-03-08,hardness,True,False,False,False,True
5303396,2026-03-22,hardness,True,False,False,False,True
5303396,2026-04-05,hardness,True,False,False,False,True
5303397,2025-01-12,hardness,True,False,False,False,True
5303397,2025-01-23,hardness,True,False,False,False,True
5303397,2025-02-09,hardness,True,False,False,False,True
5303397,2025-02-20,hardness,True,False,False,False,True
5303397,2025-03-09,hardness,True,False,False,False,True
5303397,2025-04-18,hardness,True,False,False,False,True
5303397,2025-05-04,hardness,True,False,False,False,True
5303397,2025-05-10,hardness,True,False,False,False,True
5303397,2025-06-01,hardness,True,False,False,False,True
5303397,2025-06-15,hardness,True,False,False,False,True
5303397,2025-07-11,hardness,True,False,False,False,True
5303397,2025-07-26,hardness,True,False,False,False,True
5303397,2025-08-06,hardness,True,False,False,False,True
5303397,2025-08-24,hardness,True,False,False,False,True
5303397,2025-09-21,hardness,True,False,False,False,True
5303397,2025-11-15,hardness,True,False,False,False,True
5303397,2025-11-28,hardness,True,False,False,False,True
5303397,2025-12-14,hardness,True,False,False,False,True
5303397,2026-01-10,hardness,True,False,False,False,True
5303397,2026-01-11,hardness,True,False,False,False,True
5303397,2026-01-24,hardness,True,False,False,False,True
5303397,2026-02-07,hardness,True,False,False,False,True
5303397,2026-03-07,hardness,True,False,False,False,True
5303398,2025-01-11,hardness,True,False,False,False,True
5303398,2025-01-26,hardness,True,False,False,False,True
5303398,2025-02-15,hardness,True,False,False,False,True
5303398,2025-02-23,hardness,True,False,False,False,True
5303398,2025-03-08,hardness,True,False,False,False,True
5303398,2025-04-05,hardness,True,False,False,False,True
5303398,2025-05-04,hardness,True,False,False,False,True
5303398,2025-06-01,hardness,True,False,False,False,True
5303398,2025-07-25,hardness,True,False,False,False,True
5303398,2025-09-21,hardness,True,False,False,False,True
5303398,2025-10-08,hardness,True,False,False,False,True
5303398,2025-10-19,hardness,True,False,False,False,True
5303398,2025-11-16,hardness,True,False,False,False,True
5303398,2025-12-13,hardness,True,False,False,False,True
5303398,2026-01-10,hardness,True,False,False,False,True
5303398,2026-02-08,hardness,True,False,False,False,True
5303398,2026-02-22,hardness,True,False,False,False,True
5303398,2026-03-09,hardness,True,False,False,False,True
5303398,2026-03-22,hardness,True,False,False,False,True
5306101,2025-01-30,hardness,False,False,False,False,True
5306101,2025-02-23,hardness,False,False,False,False,True
5306101,2025-03-30,hardness,False,False,False,False,True
5306101,2025-05-17,hardness,False,False,False,False,True
5306101,2025-06-28,hardness,False,False,False,False,True
5306101,2025-07-21,hardness,False,False,False,False,True
5306101,2025-09-06,hardness,False,False,False,False,True
5306103,2025-01-30,hardness,False,False,False,False,True
5306103,2025-03-19,hardness,False,False,False,False,True
5306103,2025-04-17,hardness,False,False,False,False,True
5306103,2025-05-20,hardness,False,False,False,False,True
5306103,2025-06-22,hardness,False,False,False,False,True
5306103,2025-07-24,hardness,False,False,False,False,True
5306103,2025-08-25,hardness,False,False,False,False,True
5306103,2025-09-24,hardness,False,False,False,False,True
5306103,2025-10-27,hardness,False,False,False,False,True
5306103,2025-11-27,hardness,False,False,False,False,True
5306103,2025-12-29,hardness,False,False,False,False,True
5306103,2026-01-28,hardness,False,False,False,False,True
5306103,2026-02-23,hardness,False,False,False,False,True
5306103,2026-03-27,hardness,False,False,False,False,True
251221144813,2025-02-16,salinity,False,False,False,False,False
251221144813,2025-06-16,salinity,False,False,False,False,False
251221144813,2025-08-21,salinity,False,False,False,False,False
251221144813,2025-11-23,salinity,False,False,False,False,False
251221145854,2025-02-16,salinity,False,False,False,False,False
251221145854,2025-06-16,salinity,False,False,False,False,False
251221145854,2025-08-21,salinity,False,False,False,False,False
251221145854,2025-11-23,salinity,False,False,False,False,False
251221150008,2025-02-16,salinity,False,False,False,False,False
251221150008,2025-06-16,salinity,False,False,False,False,False
251221150232,2025-02-16,salinity,False,False,False,False,False
251221150232,2025-06-16,salinity,False,False,False,False,False
251221150232,2025-08-21,salinity,False,False,False,False,False
251221150232,2025-11-23,salinity,False,False,False,False,False
251221150343,2025-02-16,salinity,False,False,False,False,False
251221150343,2025-06-16,salinity,False,False,False,False,False
251221150343,2025-08-21,salinity,False,False,False,False,False
251221150343,2025-11-23,salinity,False,False,False,False,False
251221150501,2025-02-16,salinity,False,False,False,False,False
251221150501,2025-06-16,salinity,False,False,False,False,False
251221150501,2025-08-21,salinity,False,False,False,False,False
251221150501,2025-11-23,salinity,False,False,False,False,False
251221150928,2025-02-16,salinity,False,False,False,False,False
251221150928,2025-06-16,salinity,False,False,False,False,False
251221150928,2025-08-21,salinity,False,False,False,False,False
251221150928,2025-11-23,salinity,False,False,False,False,False
251221151218,2025-02-16,salinity,False,False,False,False,False
251221151218,2025-06-16,salinity,False,False,False,False,False
251221153641,2025-09-07,salinity,False,False,False,False,False
251221153821,2025-09-07,salinity,False,False,False,False,False
251221153909,2025-09-07,salinity,False,False,False,False,False
251221154015,2025-09-07,salinity,False,False,False,False,False
251221154202,2025-09-07,salinity,False,False,False,False,False
